DC_ID,Node1,Node2,EPANET,Diameter,Length,Roughness,Minorloss,Status,Material,Zone,DateMapped,Dia_Inch,Network,Inst_Date,ServiceSta,Remarks,Ext_Overha,Nodel1,Nodel2,Dia_DN,Dia Inch,FID,layer,path
457.807463,,,Y,100,457.807,0,0.1,CLOSED,HDPE,KREKAJ,10.2016,4.00,Distribution Main,2016,Still pending,Pump line,No,,,,,,,
578.267046,,,Y,75,578.267,0,0.1,CLOSED,PVC,KREKAJ,10.2016,3.00,Distribution Main,2016,Still pending,OK,No,,,,,,,
342.000404,,,Y,50,342.000,0,0.1,CLOSED,PVC,KREKAJ,10.2016,2.00,Distribution Main,2016,Still pending,ok,No,,,,,,,
114.394614,,,Y,75,114.395,0,0.1,CLOSED,PVC,KREKAJ,10.2016,3.00,Distribution Main,2016,Still pending,Ok,No,,,,,,,
194.477605,,,Y,50,194.478,0,0.1,CLOSED,PVC,KREKAJ,10.2016,2.00,Distribution Main,2016,Still pending,Ok,No,,,,,,,
123.299881,,,Y,100,123.300,0,0.1,OPEN,PVC,MYT,07.2015,4.00,Distribution Main,2014,In Service,,No,,,,,,,
141.115538,,,Y,32,141.116,0,0.1,OPEN,PVC,MYT,03.2017,1.25,Distribution Main,,In Service,Ok,No,,,,,,,
422.667058,,,Y,32,422.667,0,0.1,OPEN,PVC,MYT,03.2017,1.25,Distribution Main,,In Service,Ok,No,,,,,,,
23.4329962,,,Y,50,23.433,0,0.1,OPEN,PVC,MYT,03.2017,2.00,Distribution Main,,In Service,Ok,No,,,,,,,
127.695942,,,Y,32,127.696,0,0.1,OPEN,PVC,MYT,03.2017,1.25,Distribution Main,,In Service,Ok,No,,,,,,,
136.640697,,,Y,50,136.641,0,0.1,OPEN,PVC,MYT,09.2016,2.00,Distribution Main,09.2016,In Service,,No,,,,,,,
128.132094,,,Y,32,128.132,0,0.1,OPEN,PVC,MYT,03.2017,1.25,Distribution Main,,In Service,Ok,No,,,,,,,
262.644678,,,Y,50,262.645,0,0.1,OPEN,PVC,MYT,03.2017,2.00,Distribution Main,,In Service,Laid by the community,No,,,,,,,
104.852262,,,Y,32,104.852,0,0.1,OPEN,PVC,MYT,03.2017,1.25,Distribution Main,,In Service,Ok,No,,,,,,,
910.393470,,,Y,40,910.393,0,0.1,OPEN,PVC,MYT,03.2017,1.50,Distribution Main,2016,In Service,Serves Wamalanda Kiosk,No,,,,,,,
196.518498,,,Y,100,196.518,0,0.1,OPEN,PVC,MYT,10.2015,4.00,Distribution Main,N/A,In Service,N/A,No,,,,,,,
767.233705,,,Y,100,767.234,0,0.1,OPEN,PVC,MYT,03.2017,4.00,Distribution Main,2014,In Service,LTAP,No,,,,,,,
803.507024,,,Y,100,803.507,0,0.1,OPEN,PVC,MYT,03.2017,4.00,Distribution Main,1978,In Service,Ok,No,,,,,,,
51.9363005,,,Y,300,51.936,0,0.1,OPEN,GI,MIL,2014,12.00,Distribution Main,N/A,In Service,Supplies water for backwash.,No,,,,,,,
11.0704488,,,Y,400,11.070,0,0.1,OPEN,Steel,MIL,2014,16.00,Distribution Main,N/A,In Service,N/A,No,,,,,,,
10.5968711,,,Y,400,10.597,0,0.1,OPEN,Steel,MIL,2014,16.00,Distribution Main,N/A,In Service,N/A,No,,,,,,,
5.03964373,,,Y,400,5.040,0,0.1,OPEN,Steel,MIL,2014,16.00,Distribution Main,N/A,In Service,N/A,No,,,,,,,
6.22172342,,,Y,400,6.222,0,0.1,OPEN,Steel,MIL,2014,16.00,Distribution Main,N/A,In Service,N/A,No,,,,,,,
2137.03724,,,Y,600,2137.037,0,0.1,OPEN,Steel,MIL,2014,24.00,Transmission Main,N/A,In Service,Supplies water to Kibuye.,No,,,,,,,
8.62378809,,,Y,300,8.624,0,0.1,OPEN,Steel,MIL,2014,12.00,Distribution Main,N/A,In Service,N/A,No,,,,,,,
11.0663519,,,Y,300,11.066,0,0.1,OPEN,Steel,MIL,2014,12.00,Distribution Main,N/A,In Service,N/A,No,,,,,,,
14.2936234,,,Y,250,14.294,0,0.1,OPEN,Steel,MIL,2014,10.00,Distribution Main,N/A,In Service,N/A,No,,,,,,,
9.06442204,,,Y,250,9.064,0,0.1,OPEN,Steel,MIL,2014,10.00,Distribution Main,N/A,In Service,N/A,No,,,,,,,
15.9445099,,,Y,225,15.945,0,0.1,OPEN,GI,MIL,2014,9.00,Transmission Main,N/A,In Service,Supplies water to Watson.,No,,,,,,,
70.8563769,,,Y,225,70.856,0,0.1,OPEN,GI,MIL,2014,9.00,Transmission Main,N/A,In Service,Supplies water to Watson.,No,,,,,,,
1.70855416,,,Y,300,1.709,0,0.1,CLOSED,Steel,MIL,2014,12.00,Distribution Main,N/A,In Service,N/A,No,,,,,,,
1.71645885,,,Y,300,1.716,0,0.1,CLOSED,Steel,MIL,2014,12.00,Distribution Main,N/A,In Service,N/A,No,,,,,,,
5.72097528,,,Y,300,5.721,0,0.1,OPEN,Steel,MIL,2014,12.00,Distribution Main,N/A,In Service,N/A,No,,,,,,,
5.63942671,,,Y,300,5.639,0,0.1,OPEN,Steel,MIL,2014,12.00,Distribution Main,N/A,In Service,N/A,No,,,,,,,
1597.32068,,,Y,300,1597.321,0,0.1,OPEN,Steel,CBD,2014,12.00,Transmission Main,2014,In Service,LTAP Lines,No,,,,,,,
527.648182,,,Y,600,527.648,0,0.1,OPEN,Steel,KREKAJ,2014,24.00,Transmission Main,2014,In Service,LTAP Lines,No,,,,,,,
134.370169,,,Y,700,134.370,0,0.1,OPEN,Steel,KREKAJ,2014,28.00,Transmission Main,2014,In Service,LTAP Lines,No,,,,,,,
1484.26187,,,Y,700,1484.262,0,0.1,OPEN,Steel,KREKAJ,2014,28.00,Transmission Main,2014,In Service,LTAP Lines,No,,,,,,,
96.8117789,,,Y,100,96.812,0,0.1,OPEN,Steel,KREKAJ,2014,4.00,Distribution Main,2014,In Service,LTAP Lines,No,,,,,,,
24.7764618,,,Y,250,24.776,0,0.1,OPEN,Steel,CBD,2014,10.00,Distribution Main,2014,In Service,LTAP Lines,No,,,,,,,
126.429723,,,Y,350,126.430,0,0.1,OPEN,Steel,CBD,2014,14.00,Distribution Main,2014,In Service,LTAP Lines,No,,,,,,,
116.291340,,,Y,100,116.291,0,0.1,OPEN,Steel,CBD,2014,4.00,Distribution Main,2014,In Service,LTAP Lines-sleeve,No,,,,,,,
99.9693886,,,Y,200,99.969,0,0.1,OPEN,Steel,CBD,2014,8.00,Distribution Main,2014,In Service,LTAP Lines,No,,,,,,,
15.5669174,,,Y,150,15.567,0,0.1,OPEN,PVC,KREKAJ,2014,6.00,Distribution Main,06.2014,In Service,LTAP Extension lines,No,,,,,,,
104.579301,,,Y,50,104.579,0,0.1,OPEN,PVC,KREKAJ,2014,2.00,Distribution Main,06.2014,In Service,LTAP Extension lines,No,,,,,,,
230.282346,,,Y,50,230.282,0,0.1,OPEN,PVC,KREKAJ,2014,2.00,Distribution Main,06.2014,In Service,LTAP Extension lines,No,,,,,,,
231.296332,,,Y,50,231.296,0,0.1,OPEN,PVC,KREKAJ,2014,2.00,Distribution Main,06.2014,In Service,LTAP Extension lines,No,,,,,,,
316.268520,,,Y,100,316.269,0,0.1,OPEN,PVC,KREKAJ,2014,4.00,Distribution Main,2014,In Service,LTAP Lines,No,,,,,,,
1469.22218,,,Y,100,1469.222,0,0.1,OPEN,PVC,CBD,2014,4.00,Distribution Main,2014,In Service,LTAP Lines,No,,,,,,,
410.738310,,,Y,150,410.738,0,0.1,OPEN,PVC,CBD,2014,6.00,Distribution Main,N/A,In Service,N/A,No,,,,,,,
137.839727,,,Y,100,137.840,0,0.1,OPEN,PVC,MYT,2014,4.00,Distribution Main,2014,In Service,LTAP Lines,No,,,,,,,
170.768107,,,Y,100,170.768,0,0.1,OPEN,GI,CBD,2014,4.00,Distribution Main,N/A,In Service,N/A,No,,,,,,,
262.914259,,,Y,150,262.914,0,0.1,OPEN,AC,CBD,2014,6.00,Distribution Main,N/A,In Service,N/A,No,,,,,,,
264.571473,,,Y,75,264.571,0,0.1,OPEN,GI,CBD,2014,3.00,Distribution Main,N/A,In Service,N/A,No,,,,,,,
478.753744,,,Y,100,478.754,0,0.1,OPEN,GI,CBD,2014,4.00,Distribution Main,N/A,In Service,N/A,No,,,,,,,
712.480569,,,Y,50,712.481,0,0.1,OPEN,GI,CBD,2014,2.00,Distribution Main,N/A,In Service,N/A,No,,,,,,,
0.75726696,,,Y,125,0.757,0,0.1,OPEN,GI,CBD,2014,5.00,Distribution Main,N/A,In Service,N/A,No,,,,,,,
74.5479957,,,Y,50,74.548,0,0.1,OPEN,GI,CBD,2014,2.00,Distribution Main,N/A,In Service,N/A,No,,,,,,,
307.768503,,,Y,75,307.769,0,0.1,OPEN,GI,CBD,2014,3.00,Distribution Main,N/A,In Service,N/A,No,,,,,,,
114.049496,,,Y,50,114.049,0,0.1,OPEN,PVC,CBD,2014,2.00,Distribution Main,N/A,In Service,N/A,No,,,,,,,
326.527149,,,Y,50,326.527,0,0.1,OPEN,PVC,CBD,2014,2.00,Distribution Main,N/A,In Service,N/A,No,,,,,,,
414.266128,,,Y,75,414.266,0,0.1,OPEN,GI,CBD,2014,3.00,Distribution Main,N/A,In Service,N/A,No,,,,,,,
320.031742,,,Y,75,320.032,0,0.1,OPEN,GI,CBD,2014,3.00,Distribution Main,N/A,In Service,N/A,No,,,,,,,
433.020698,,,Y,250,433.021,0,0.1,OPEN,PVC,CBD,2014,10.00,Distribution Main,N/A,In Service,N/A,No,,,,,,,
1099.53670,,,Y,150,1099.537,0,0.1,OPEN,AC,KREKAJ,2014,6.00,Distribution Main,N/A,In Service,N/A,No,,,,,,,
174.391674,,,Y,75,174.392,0,0.1,OPEN,AC,CBD,2014,3.00,Distribution Main,N/A,In Service,N/A,No,,,,,,,
182.181534,,,Y,75,182.182,0,0.1,OPEN,GI,CBD,2014,3.00,Distribution Main,N/A,In Service,N/A,No,,,,,,,
155.895564,,,Y,100,155.896,0,0.1,OPEN,PVC,CBD,2014,4.00,Distribution Main,N/A,In Service,N/A,No,,,,,,,
1068.69621,,,Y,50,1068.696,0,0.1,OPEN,GI,CBD,2014,2.00,Distribution Main,N/A,In Service,N/A,No,,,,,,,
0.83765080,,,Y,150,0.838,0,0.1,OPEN,GI,CBD,2014,6.00,Distribution Main,N/A,In Service,N/A,No,,,,,,,
75.5308828,,,Y,150,75.531,0,0.1,OPEN,GI,CBD,2014,6.00,Distribution Main,N/A,In Service,N/A,No,,,,,,,
443.508801,,,Y,50,443.509,0,0.1,OPEN,PVC,KREKAJ,2014,2.00,Distribution Main,N/A,In Service,N/A,No,,,,,,,
585.599050,,,Y,40,585.599,0,0.1,OPEN,PVC,KREKAJ,2014,1.50,Distribution Main,N/A,In Service,N/A,No,,,,,,,
221.158231,,,Y,50,221.158,0,0.1,OPEN,PVC,KREKAJ,2014,2.00,Distribution Main,N/A,In Service,N/A,No,,,,,,,
36.4906083,,,Y,40,36.491,0,0.1,OPEN,PVC,KREKAJ,2014,1.50,Distribution Main,N/A,In Service,N/A,No,,,,,,,
990.159762,,,Y,50,990.160,0,0.1,OPEN,PVC,KREKAJ,2014,2.00,Distribution Main,N/A,In Service,N/A,No,,,,,,,
137.677265,,,Y,50,137.677,0,0.1,OPEN,PVC,KREKAJ,2014,2.00,Distribution Main,N/A,In Service,N/A,No,,,,,,,
120.720130,,,Y,50,120.720,0,0.1,OPEN,PVC,KREKAJ,2014,2.00,Distribution Main,N/A,In Service,N/A,No,,,,,,,
302.146443,,,Y,150,302.146,0,0.1,OPEN,AC,KREKAJ,2014,6.00,Distribution Main,N/A,In Service,N/A,No,,,,,,,
482.843009,,,Y,100,482.843,0,0.1,OPEN,PVC,KREKAJ,2014,4.00,Distribution Main,N/A,In Service,N/A,No,,,,,,,
309.732733,,,Y,75,309.733,0,0.1,OPEN,PVC,KREKAJ,2014,3.00,Distribution Main,N/A,In Service,N/A,No,,,,,,,
167.820746,,,Y,75,167.821,0,0.1,OPEN,PVC,KREKAJ,2014,3.00,Distribution Main,N/A,In Service,N/A,No,,,,,,,
121.798079,,,Y,100,121.798,0,0.1,OPEN,PVC,KREKAJ,2014,4.00,Distribution Main,N/A,In Service,N/A,No,,,,,,,
252.035930,,,Y,100,252.036,0,0.1,OPEN,PVC,KREKAJ,2014,4.00,Distribution Main,N/A,In Service,N/A,No,,,,,,,
230.316882,,,Y,100,230.317,0,0.1,OPEN,PVC,KREKAJ,2014,4.00,Distribution Main,N/A,In Service,N/A,No,,,,,,,
287.012847,,,Y,100,287.013,0,0.1,OPEN,PVC,KREKAJ,2014,4.00,Distribution Main,N/A,In Service,N/A,No,,,,,,,
4.04698598,,,Y,75,0.000,0,0.1,OPEN,PVC,KREKAJ,2014,3.00,Distribution Main,N/A,In Service,N/A,No,,,,,,,
67.9793019,,,Y,100,67.979,0,0.1,OPEN,PVC,KREKAJ,2014,4.00,Distribution Main,N/A,In Service,N/A,No,,,,,,,
7.36577284,,,Y,150,7.366,0,0.1,OPEN,GI,KREKAJ,2014,6.00,Distribution Main,N/A,In Service,Off takes at MYT3. Not sure where pipe changes mat,No,,,,,,,
639.744853,,,Y,200,639.745,0,0.1,OPEN,PVC,KREKAJ,2014,8.00,Distribution Main,N/A,In Service,N/A,No,,,,,,,
155.484252,,,Y,50,155.484,0,0.1,OPEN,PVC,KREKAJ,2014,2.00,Distribution Main,N/A,In Service,N/A,No,,,,,,,
61.2970273,,,Y,75,61.297,0,0.1,OPEN,GI,KREKAJ,2014,3.00,Distribution Main,N/A,In Service,N/A,No,,,,,,,
134.614996,,,Y,75,134.615,0,0.1,OPEN,GI,KREKAJ,2014,3.00,Distribution Main,N/A,In Service,N/A,No,,,,,,,
101.510658,,,Y,75,101.511,0,0.1,OPEN,GI,KREKAJ,2014,3.00,Distribution Main,N/A,In Service,N/A,No,,,,,,,
127.340735,,,Y,75,127.341,0,0.1,OPEN,GI,KREKAJ,2014,3.00,Distribution Main,N/A,In Service,N/A,No,,,,,,,
126.721812,,,Y,75,126.722,0,0.1,OPEN,GI,KREKAJ,2014,3.00,Distribution Main,N/A,In Service,N/A,No,,,,,,,
122.673668,,,Y,75,122.674,0,0.1,OPEN,GI,KREKAJ,2014,3.00,Distribution Main,N/A,In Service,N/A,No,,,,,,,
69.0596949,,,Y,75,69.060,0,0.1,OPEN,GI,KREKAJ,2014,3.00,Distribution Main,N/A,In Service,N/A,No,,,,,,,
97.4095040,,,Y,75,97.410,0,0.1,OPEN,GI,KREKAJ,2014,3.00,Distribution Main,N/A,In Service,N/A,No,,,,,,,
90.1363984,,,Y,75,90.136,0,0.1,OPEN,GI,KREKAJ,2014,3.00,Distribution Main,N/A,In Service,N/A,No,,,,,,,
82.6403083,,,Y,75,82.640,0,0.1,OPEN,GI,KREKAJ,2014,3.00,Distribution Main,N/A,In Service,N/A,No,,,,,,,
317.544531,,,Y,50,317.545,0,0.1,OPEN,PVC,KREKAJ,2014,2.00,Distribution Main,02.2014,In Service,Lolwe DMA,No,,,,,,,
231.526381,,,Y,50,231.526,0,0.1,OPEN,PVC,KREKAJ,2014,2.00,Distribution Main,02.2014,In Service,Lolwe DMA,No,,,,,,,
101.749647,,,Y,50,101.750,0,0.1,OPEN,PVC,KREKAJ,2014,2.00,Distribution Main,02.2014,In Service,Lolwe DMA,No,,,,,,,
198.992403,,,Y,50,198.992,0,0.1,OPEN,PVC,KREKAJ,2014,2.00,Distribution Main,02.2014,In Service,Lolwe DMA,No,,,,,,,
592.369802,,,Y,50,592.370,0,0.1,OPEN,PVC,KREKAJ,2014,2.00,Distribution Main,02.2014,In Service,Lolwe DMA,No,,,,,,,
70.6963544,,,Y,100,70.696,0,0.1,OPEN,PVC,KREKAJ,2014,4.00,Distribution Main,02.2014,In Service,Lolwe DMA,No,,,,,,,
126.620416,,,Y,75,126.620,0,0.1,OPEN,PVC,KREKAJ,2014,3.00,Distribution Main,N/A,In Service,N/A,No,,,,,,,
135.837732,,,Y,50,135.838,0,0.1,OPEN,PVC,KREKAJ,2014,2.00,Distribution Main,N/A,In Service,N/A,No,,,,,,,
283.059173,,,Y,50,283.059,0,0.1,OPEN,PVC,KREKAJ,2014,2.00,Distribution Main,02.2014,In Service,N/A,No,,,,,,,
395.442371,,,Y,40,395.442,0,0.1,OPEN,PVC,MIL,2014,1.50,Distribution Main,N/A,In Service,N/A,No,,,,,,,
389.075459,,,Y,75,389.075,0,0.1,OPEN,GI,MIL,2014,3.00,Distribution Main,N/A,In Service,N/A,No,,,,,,,
156.754393,,,Y,75,156.754,0,0.1,OPEN,GI,MIL,2014,3.00,Distribution Main,N/A,In Service,N/A,No,,,,,,,
486.559563,,,Y,100,486.560,0,0.1,OPEN,GI,MIL,2014,4.00,Distribution Main,N/A,In Service,N/A,No,,,,,,,
304.690199,,,Y,100,304.690,0,0.1,OPEN,GI,MIL,2014,4.00,Distribution Main,N/A,In Service,N/A,No,,,,,,,
251.859631,,,Y,150,251.860,0,0.1,OPEN,AC,MIL,2014,6.00,Distribution Main,N/A,In Service,N/A,No,,,,,,,
149.530913,,,Y,50,149.531,0,0.1,OPEN,PVC,MIL,2014,2.00,Distribution Main,N/A,In Service,N/A,No,,,,,,,
23.9850563,,,Y,225,23.985,0,0.1,OPEN,AC,MIL,2014,9.00,Distribution Main,N/A,In Service,N/A,No,,,,,,,
26.7966540,,,N,150,26.797,0,0.1,OPEN,GI,MIL,2014,6.00,Distribution Main,09.2013,In Service,Supplies water to elevated tank.,No,,,,,,,
6.49397256,,,Y,350,6.494,0,0.1,OPEN,GI,MIL,2014,14.00,Distribution Main,N/A,In Service,Supplies water to Kibuye.,No,,,,,,,
175.281371,,,N,225,175.281,0,0.1,OPEN,AC,MIL,2014,9.00,Transmission Main,N/A,In Service,N/A,No,,,,,,,
419.925097,,,N,300,419.925,0,0.1,OPEN,AC,MIL,2014,12.00,Transmission Main,N/A,In Service,N/A,No,,,,,,,
329.152588,,,N,225,329.153,0,0.1,OPEN,AC,MIL,2014,9.00,Transmission Main,N/A,In Service,N/A,No,,,,,,,
148.394846,,,N,500,148.395,0,0.1,OPEN,Steel,MIL,2014,20.00,Transmission Main,2013,In Service,OK,No,,,,,,,
89.7586364,,,N,500,89.759,0,0.1,OPEN,Steel,MIL,2014,20.00,Transmission Main,2013,In Service,OK,No,,,,,,,
174.102493,,,N,500,174.102,0,0.1,OPEN,Steel,MIL,2014,20.00,Transmission Main,2013,In Service,OK,No,,,,,,,
2.47199487,,,N,600,2.472,0,0.1,OPEN,GI,MIL,2014,24.00,Transmission Main,N/A,In Service,N/A,No,,,,,,,
11.6114689,,,N,225,11.611,0,0.1,OPEN,GI,MIL,2014,9.00,Transmission Main,N/A,In Service,N/A,No,,,,,,,
11.5681929,,,N,225,11.568,0,0.1,OPEN,GI,MIL,2014,9.00,Transmission Main,N/A,In Service,N/A,No,,,,,,,
11.4245599,,,N,225,11.425,0,0.1,OPEN,GI,MIL,2014,9.00,Transmission Main,N/A,In Service,N/A,No,,,,,,,
11.7199593,,,N,225,11.720,0,0.1,OPEN,GI,MIL,2014,9.00,Transmission Main,N/A,In Service,N/A,No,,,,,,,
4.25510055,,,N,150,4.255,0,0.1,OPEN,GI,MIL,2014,6.00,Transmission Main,N/A,In Service,N/A,No,,,,,,,
4.14140713,,,N,150,4.141,0,0.1,OPEN,GI,MIL,2014,6.00,Transmission Main,N/A,In Service,N/A,No,,,,,,,
16.5031065,,,N,400,16.503,0,0.1,OPEN,GI,MIL,2014,16.00,Transmission Main,N/A,In Service,N/A,No,,,,,,,
219.554770,,,N,300,219.555,0,0.1,OPEN,AC,MIL,2014,12.00,Transmission Main,N/A,In Service,N/A,No,,,,,,,
88.3911871,,,N,300,88.391,0,0.1,OPEN,AC,MIL,2014,12.00,Transmission Main,N/A,In Service,N/A,No,,,,,,,
175.336871,,,N,300,175.337,0,0.1,OPEN,AC,MIL,2014,12.00,Transmission Main,N/A,In Service,N/A,No,,,,,,,
420.998218,,,N,300,420.998,0,0.1,OPEN,AC,MIL,2014,12.00,Transmission Main,N/A,In Service,N/A,No,,,,,,,
4.16726804,,,N,150,4.167,0,0.1,OPEN,GI,MIL,2014,6.00,Transmission Main,N/A,In Service,N/A,No,,,,,,,
4.01399797,,,N,150,4.014,0,0.1,OPEN,GI,MIL,2014,6.00,Transmission Main,N/A,In Service,N/A,No,,,,,,,
27.8429695,,,N,150,27.843,0,0.1,OPEN,GI,MIL,2014,6.00,Transmission Main,N/A,In Service,N/A,No,,,,,,,
1.97797320,,,N,400,1.978,0,0.1,OPEN,GI,MIL,2014,16.00,Transmission Main,N/A,In Service,N/A,No,,,,,,,
14.9009305,,,N,400,14.901,0,0.1,OPEN,GI,MIL,2014,16.00,Transmission Main,N/A,Out of service,Intake,No,,,,,,,
14.8319644,,,N,400,14.832,0,0.1,OPEN,GI,MIL,2014,16.00,Transmission Main,N/A,In Service,Intake,No,,,,,,,
14.8045508,,,N,400,14.805,0,0.1,OPEN,GI,MIL,2014,16.00,Transmission Main,N/A,In Service,Intake,No,,,,,,,
14.5790510,,,N,400,14.579,0,0.1,OPEN,GI,MIL,2014,16.00,Transmission Main,N/A,In Service,Intake,No,,,,,,,
14.8728652,,,N,400,14.873,0,0.1,OPEN,GI,MIL,2014,16.00,Transmission Main,N/A,In Service,Intake,No,,,,,,,
15.0770055,,,N,400,15.077,0,0.1,OPEN,GI,MIL,2014,16.00,Transmission Main,N/A,In Service,N/A,No,,,,,,,
19.5295373,,,N,400,19.530,0,0.1,OPEN,GI,MIL,2014,16.00,Transmission Main,N/A,In Service,N/A,No,,,,,,,
10.4560381,,,N,400,10.456,0,0.1,OPEN,GI,MIL,2014,16.00,Transmission Main,N/A,In Service,N/A,No,,,,,,,
5.12045123,,,N,400,5.120,0,0.1,OPEN,GI,MIL,2014,16.00,Transmission Main,N/A,In Service,N/A,No,,,,,,,
1.34283806,,,Y,150,1.343,0,0.1,CLOSED,GI,MIL,2014,6.00,Distribution Main,N/A,In Service,N/A,No,,,,,,,
2.41297337,,,Y,225,2.413,0,0.1,OPEN,GI,MIL,2014,9.00,Distribution Main,N/A,In Service,N/A,No,,,,,,,
1.48502689,,,Y,150,1.485,0,0.1,OPEN,GI,MIL,2014,6.00,Distribution Main,N/A,In Service,N/A,No,,,,,,,
1.23354473,,,N,150,1.234,0,0.1,CLOSED,GI,MIL,2014,6.00,Distribution Main,N/A,In Service,N/A,No,,,,,,,
1.24133373,,,Y,225,1.241,0,0.1,OPEN,GI,MIL,2014,9.00,Distribution Main,N/A,In Service,Interconnection for water balancing in pipes.,No,,,,,,,
776.189902,,,Y,150,776.190,0,0.1,OPEN,PVC,MIL,2014,6.00,Distribution Main,N/A,In Service,N/A,No,,,,,,,
1.86707253,,,Y,150,1.867,0,0.1,OPEN,GI,MIL,2014,6.00,Distribution Main,N/A,In Service,Interconnection pipe at junction.,No,,,,,,,
2.04013536,,,Y,225,2.040,0,0.1,OPEN,AC,MIL,2014,9.00,Distribution Main,N/A,In Service,When bursts occurs PVC is used in repair.,No,,,,,,,
312.459158,,,Y,100,312.459,0,0.1,OPEN,PVC,MIL,2014,4.00,Distribution Main,N/A,In Service,N/A,No,,,,,,,
624.122255,,,Y,50,624.122,0,0.1,OPEN,PVC,MIL,2014,2.00,Distribution Main,N/A,In Service,N/A,No,,,,,,,
399.165202,,,Y,50,399.165,0,0.1,OPEN,PVC,MIL,2014,2.00,Distribution Main,N/A,In Service,N/A,No,,,,,,,
264.682808,,,Y,75,264.683,0,0.1,OPEN,GI,MIL,2014,3.00,Distribution Main,N/A,In Service,N/A,No,,,,,,,
186.980397,,,Y,75,186.980,0,0.1,OPEN,AC,MIL,2014,3.00,Distribution Main,N/A,In Service,N/A,No,,,,,,,
18.7375343,,,Y,200,18.738,0,0.1,OPEN,GI,MIL,2014,8.00,Distribution Main,N/A,In Service,N/A,No,,,,,,,
46.1842698,,,Y,225,46.184,0,0.1,OPEN,AC,MIL,2014,9.00,Distribution Main,N/A,In Service,N/A,No,,,,,,,
25.3397818,,,N,225,25.340,0,0.1,OPEN,Steel,MIL,2014,9.00,Distribution Main,N/A,In Service,N/A,No,,,,,,,
16.3055095,,,N,225,16.306,0,0.1,OPEN,Steel,MIL,2014,9.00,Distribution Main,N/A,In Service,N/A,No,,,,,,,
5.30035111,,,Y,150,5.300,0,0.1,OPEN,Steel,MIL,2014,6.00,Distribution Main,N/A,In Service,N/A,No,,,,,,,
4.87675643,,,Y,150,4.877,0,0.1,OPEN,Steel,MIL,2014,6.00,Distribution Main,N/A,In Service,N/A,No,,,,,,,
5.44465875,,,Y,150,5.445,0,0.1,OPEN,Steel,MIL,2014,6.00,Distribution Main,N/A,In Service,N/A,No,,,,,,,
6.79975733,,,N,150,6.800,0,0.1,OPEN,Steel,MIL,2014,6.00,Distribution Main,N/A,In Service,N/A,No,,,,,,,
213.191502,,,Y,75,213.192,0,0.1,OPEN,GI,ME,2014,3.00,Distribution Main,N/A,In Service,To verify the point of material change.,Yes,,,,,,,
170.440470,,,Y,100,170.440,0,0.1,OPEN,PVC,ME,2014,4.00,Distribution Main,N/A,In Service,N/A,No,,,,,,,
167.768122,,,Y,150,167.768,0,0.1,OPEN,PVC,ME,2014,6.00,Distribution Main,N/A,In Service,N/A,No,,,,,,,
1348.39446,,,Y,100,1348.394,0,0.1,OPEN,PVC,CBD,2014,4.00,Distribution Main,N/A,In Service,N/A,No,,,,,,,
6.79909908,,,Y,100,6.799,0,0.1,OPEN,GI,CBD,2014,4.00,Distribution Main,N/A,In Service,N/A,No,,,,,,,
883.561494,,,Y,225,883.561,0,0.1,OPEN,PVC,CBD,2014,9.00,Distribution Main,N/A,In Service,N/A,No,,,,,,,
217.774703,,,Y,100,217.775,0,0.1,OPEN,GI,CBD,2014,4.00,Distribution Main,N/A,In Service,N/A,No,,,,,,,
154.410375,,,Y,100,154.410,0,0.1,OPEN,GI,CBD,2014,4.00,Distribution Main,N/A,In Service,N/A,No,,,,,,,
217.314938,,,Y,32,217.315,0,0.1,OPEN,GI,MYT,2014,1.25,Service Line,N/A,In Service,N/A,No,,,,,,,
72.1081212,,,Y,32,72.108,0,0.1,OPEN,GI,MYT,2014,1.25,Service Line,N/A,In Service,N/A,No,,,,,,,
73.3721394,,,Y,32,73.372,0,0.1,OPEN,GI,MYT,2014,1.25,Service Line,N/A,In Service,N/A,No,,,,,,,
10.9774244,,,Y,32,10.977,0,0.1,OPEN,GI,MYT,2014,1.25,Service Line,N/A,In Service,N/A,No,,,,,,,
44.4097975,,,Y,32,44.410,0,0.1,OPEN,GI,MYT,2014,1.25,Service Line,N/A,In Service,N/A,No,,,,,,,
51.2848154,,,Y,32,51.285,0,0.1,OPEN,GI,MYT,2014,1.25,Service Line,N/A,In Service,N/A,No,,,,,,,
49.0612606,,,Y,40,49.061,0,0.1,OPEN,GI,MYT,2014,1.50,Distribution Main,N/A,In Service,N/A,No,,,,,,,
83.2191375,,,Y,32,83.219,0,0.1,OPEN,GI,MYT,2014,1.25,Service Line,N/A,In Service,N/A,No,,,,,,,
47.2757783,,,Y,32,47.276,0,0.1,OPEN,GI,MYT,2014,1.25,Service Line,N/A,In Service,N/A,No,,,,,,,
386.749196,,,Y,100,386.749,0,0.1,OPEN,PVC,MYT,2014,4.00,Distribution Main,N/A,In Service,Off take from 8 inch line,No,,,,,,,
255.269042,,,Y,40,255.269,0,0.1,OPEN,PVC,MYT,2014,1.50,Distribution Main,N/A,In Service,N/A,No,,,,,,,
40.5784623,,,Y,100,40.578,0,0.1,OPEN,PVC,MYT,2014,4.00,Distribution Main,N/A,In Service,N/A,No,,,,,,,
134.770014,,,Y,100,134.770,0,0.1,OPEN,PVC,MYT,2014,4.00,Distribution Main,N/A,In Service,new off take from 8 inch line,No,,,,,,,
103.493546,,,Y,100,103.494,0,0.1,OPEN,PVC,MYT,2014,4.00,Distribution Main,N/A,In Service,Off take from 8 inch line,No,,,,,,,
129.147630,,,Y,100,129.148,0,0.1,OPEN,PVC,MYT,2014,4.00,Distribution Main,N/A,In Service,Off take from 8 inch line,No,,,,,,,
364.612298,,,Y,100,364.612,0,0.1,OPEN,PVC,MYT,2014,4.00,Distribution Main,N/A,In Service,Off take from 8 inch line,No,,,,,,,
558.996931,,,Y,100,558.997,0,0.1,OPEN,PVC,MYT,2014,4.00,Distribution Main,N/A,In Service,Off take from 8 inch line,No,,,,,,,
396.115518,,,Y,100,396.116,0,0.1,OPEN,PVC,MYT,2014,4.00,Distribution Main,N/A,In Service,Off take to Catholic. Yet to be completed.,No,,,,,,,
89.0201977,,,Y,75,89.020,0,0.1,OPEN,PVC,MYT,2014,3.00,Distribution Main,N/A,In Service,N/A,No,,,,,,,
101.672598,,,Y,75,101.673,0,0.1,OPEN,HDPE,MYT,21.12.2020,3.00,Distribution Main,2019,In Service,N/A,No,,,,,,,
5.74818653,,,Y,100,5.748,0,0.1,OPEN,PVC,MYT,2014,4.00,Distribution Main,N/A,In Service,Off take from Corner Maji,No,,,,,,,
258.071207,,,Y,100,258.071,0,0.1,OPEN,PVC,MYT,2014,4.00,Distribution Main,N/A,In Service,Off take from Callbox to Meta Meta Kiosk.,No,,,,,,,
14.3109998,,,Y,50,14.311,0,0.1,OPEN,PVC,MYT,2014,2.00,Distribution Main,N/A,In Service,N/A,No,,,,,,,
96.3541951,,,Y,100,96.354,0,0.1,OPEN,PVC,MYT,2014,4.00,Service Line,N/A,In Service,N/A,No,,,,,,,
23.7878554,,,Y,50,23.788,0,0.1,OPEN,PVC,MYT,2014,2.00,Distribution Main,N/A,In Service,Off take from Callbox to Meta Meta Kiosk.,No,,,,,,,
432.209855,,,Y,75,432.210,0,0.1,OPEN,PVC,MYT,2014,3.00,Distribution Main,01.2012,In Service,Managed by DMM,No,,,,,,,
29.0070244,,,Y,50,29.007,0,0.1,OPEN,PVC,MYT,2014,2.00,Distribution Main,01.2012,In Service,Managed by DMM,No,,,,,,,
538.393728,,,Y,50,538.394,0,0.1,OPEN,PVC,MYT,2014,2.00,Distribution Main,01.2012,In Service,Managed by DMM,No,,,,,,,
407.388948,,,Y,40,407.389,0,0.1,OPEN,PVC,MYT,2014,1.50,Distribution Main,01.2012,In Service,Managed by DMM,No,,,,,,,
344.377248,,,Y,40,344.377,0,0.1,OPEN,GI,MYT,2014,1.50,Distribution Main,01.2012,In Service,Managed by DMM,No,,,,,,,
40.8923839,,,Y,40,40.892,0,0.1,OPEN,GI,MYT,2014,1.50,Distribution Main,01.2012,In Service,Managed by DMM,No,,,,,,,
2.38437316,,,Y,200,2.384,0,0.1,OPEN,PVC,MYT,2014,8.00,Distribution Main,N/A,In Service,Off take of 8 inch towards Kona Lejo. Dead end at,No,,,,,,,
85.6464118,,,Y,200,85.646,0,0.1,OPEN,PVC,MYT,2014,8.00,Distribution Main,N/A,In Service,N/A,No,,,,,,,
4.54494730,,,Y,200,4.545,0,0.1,OPEN,PVC,MYT,2014,8.00,Distribution Main,N/A,In Service,N/A,No,,,,,,,
392.220434,,,Y,200,392.220,0,0.1,OPEN,PVC,MYT,2014,8.00,Distribution Main,N/A,In Service,From Kibuye,No,,,,,,,
7.78909126,,,Y,50,7.789,0,0.1,OPEN,PVC,MYT,2014,2.00,Distribution Main,N/A,In Service,N/A,No,,,,,,,
99.2711362,,,Y,25,99.271,0,0.1,OPEN,PVC,MYT,2014,1.00,Service Line,N/A,In Service,N/A,No,,,,,,,
76.1486911,,,Y,50,76.149,0,0.1,OPEN,PVC,MYT,2014,2.00,Distribution Main,N/A,In Service,N/A,No,,,,,,,
87.9419237,,,Y,20,87.942,0,0.1,OPEN,PVC,MYT,2014,0.75,Service Line,N/A,In Service,N/A,No,,,,,,,
13.5056225,,,Y,25,13.506,0,0.1,OPEN,PVC,MYT,2014,1.00,Service Line,N/A,In Service,N/A,No,,,,,,,
84.6829489,,,Y,25,84.683,0,0.1,OPEN,PVC,MYT,2014,1.00,Service Line,N/A,In Service,N/A,No,,,,,,,
74.5757935,,,Y,25,74.576,0,0.1,OPEN,PVC,MYT,2014,1.00,Service Line,N/A,In Service,N/A,No,,,,,,,
74.8505512,,,Y,25,74.851,0,0.1,OPEN,PVC,MYT,2014,1.00,Service Line,N/A,In Service,N/A,No,,,,,,,
48.9139199,,,Y,25,48.914,0,0.1,OPEN,PVC,MYT,2014,1.00,Service Line,N/A,In Service,N/A,No,,,,,,,
50.9786336,,,Y,25,50.979,0,0.1,OPEN,PVC,MYT,2014,1.00,Service Line,N/A,In Service,N/A,No,,,,,,,
56.3347033,,,Y,25,56.335,0,0.1,OPEN,PVC,MYT,2014,1.00,Service Line,N/A,In Service,N/A,No,,,,,,,
12.9430924,,,Y,20,12.943,0,0.1,OPEN,PVC,MYT,2014,0.75,Service Line,N/A,In Service,N/A,No,,,,,,,
10.8492663,,,Y,40,10.849,0,0.1,OPEN,PVC,ME,2014,1.50,Distribution Main,N/A,In Service,N/A,No,,,,,,,
27.1983811,,,Y,25,27.198,0,0.1,OPEN,PVC,ME,2014,1.00,Service Line,N/A,In Service,N/A,No,,,,,,,
24.8103943,,,Y,25,24.810,0,0.1,OPEN,PVC,ME,2014,1.00,Service Line,N/A,In Service,N/A,No,,,,,,,
233.173429,,,Y,25,233.173,0,0.1,OPEN,PVC,ME,2014,1.00,Service Line,N/A,In Service,N/A,No,,,,,,,
76.9953246,,,Y,25,76.995,0,0.1,OPEN,PVC,ME,2014,1.00,Service Line,N/A,In Service,N/A,No,,,,,,,
56.2733394,,,Y,25,56.273,0,0.1,OPEN,PVC,ME,2014,1.00,Service Line,N/A,In Service,N/A,No,,,,,,,
81.5779047,,,Y,25,81.578,0,0.1,OPEN,PVC,ME,2014,1.00,Service Line,N/A,In Service,N/A,No,,,,,,,
52.7273491,,,Y,25,52.727,0,0.1,OPEN,PVC,ME,2014,1.00,Service Line,N/A,In Service,N/A,No,,,,,,,
26.7757790,,,Y,25,26.776,0,0.1,OPEN,PVC,ME,2014,1.00,Service Line,N/A,In Service,N/A,No,,,,,,,
156.726070,,,Y,25,156.726,0,0.1,OPEN,PVC,ME,2014,1.00,Service Line,N/A,In Service,N/A,No,,,,,,,
91.9871646,,,Y,25,91.987,0,0.1,OPEN,PVC,ME,2014,1.00,Service Line,N/A,In Service,N/A,No,,,,,,,
1.09891184,,,Y,50,1.099,0,0.1,OPEN,PVC,ME,2014,2.00,Distribution Main,N/A,In Service,N/A,No,,,,,,,
2.02704360,,,Y,50,2.027,0,0.1,OPEN,PVC,ME,2014,2.00,Distribution Main,03.2014,In Service,N/A,No,,,,,,,
232.553377,,,Y,75,232.553,0,0.1,OPEN,PVC,ME,2014,3.00,Distribution Main,04.2014,In Service,N/A,No,,,,,,,
111.875336,,,Y,40,111.875,0,0.1,OPEN,PVC,ME,2014,1.50,Distribution Main,N/A,In Service,N/A,No,,,,,,,
53.3299594,,,Y,20,53.330,0,0.1,OPEN,PVC,ME,2014,0.75,Service Line,N/A,In Service,N/A,No,,,,,,,
26.2308869,,,Y,20,26.231,0,0.1,OPEN,PVC,ME,2014,0.75,Service Line,N/A,In Service,N/A,No,,,,,,,
76.0948095,,,Y,20,76.095,0,0.1,OPEN,PVC,ME,2014,0.75,Service Line,N/A,In Service,N/A,No,,,,,,,
575.687149,,,Y,40,575.687,0,0.1,OPEN,PVC,KREKAJ,2014,1.50,Distribution Main,N/A,In Service,N/A,No,,,,,,,
210.808714,,,Y,25,210.809,0,0.1,OPEN,PVC,KREKAJ,2014,1.00,Service Line,N/A,In Service,N/A,No,,,,,,,
208.938899,,,Y,40,208.939,0,0.1,OPEN,PVC,KREKAJ,2014,1.50,Distribution Main,N/A,In Service,N/A,No,,,,,,,
390.001029,,,Y,25,390.001,0,0.1,OPEN,PVC,KREKAJ,2014,1.00,Service Line,N/A,In Service,N/A,No,,,,,,,
264.962609,,,Y,50,264.963,0,0.1,OPEN,PVC,KREKAJ,2014,2.00,Distribution Main,N/A,In Service,N/A,No,,,,,,,
196.390665,,,Y,50,196.391,0,0.1,OPEN,PVC,MYT,2014,2.00,Distribution Main,N/A,In Service,N/A,No,,,,,,,
181.475515,,,Y,50,181.476,0,0.1,OPEN,PVC,MYT,2014,2.00,Distribution Main,N/A,In Service,N/A,No,,,,,,,
534.407492,,,Y,50,534.407,0,0.1,OPEN,PVC,KREKAJ,2014,2.00,Distribution Main,N/A,In Service,N/A,No,,,,,,,
180.135978,,,Y,50,180.136,0,0.1,OPEN,PVC,MYT,2014,2.00,Distribution Main,N/A,In Service,N/A,No,,,,,,,
119.742139,,,Y,75,119.742,0,0.1,OPEN,PVC,KREKAJ,2014,3.00,Distribution Main,N/A,In Service,N/A,No,,,,,,,
124.802622,,,Y,75,124.803,0,0.1,OPEN,PVC,KREKAJ,2014,3.00,Distribution Main,N/A,In Service,N/A,No,,,,,,,
189.539652,,,Y,75,189.540,0,0.1,OPEN,PVC,KREKAJ,2014,3.00,Distribution Main,N/A,In Service,N/A,No,,,,,,,
1189.23267,,,Y,75,1189.233,0,0.1,OPEN,PVC,KREKAJ,2014,3.00,Distribution Main,N/A,In Service,N/A,No,,,,,,,
192.831983,,,Y,100,192.832,0,0.1,OPEN,PVC,KREKAJ,2014,4.00,Distribution Main,N/A,In Service,N/A,No,,,,,,,
65.4541200,,,Y,150,65.454,0,0.1,OPEN,PVC,KREKAJ,2014,6.00,Distribution Main,N/A,In Service,N/A,No,,,,,,,
238.049821,,,Y,20,238.050,0,0.1,OPEN,PVC,MYT,2014,0.75,Service Line,N/A,In Service,N/A,No,,,,,,,
495.082983,,,Y,40,495.083,0,0.1,OPEN,PVC,KREKAJ,2014,1.50,Distribution Main,N/A,In Service,N/A,No,,,,,,,
172.915800,,,Y,40,172.916,0,0.1,OPEN,PVC,KREKAJ,2014,1.50,Distribution Main,N/A,In Service,N/A,No,,,,,,,
83.3847387,,,Y,32,83.385,0,0.1,OPEN,PVC,MYT,2014,1.25,Service Line,N/A,In Service,N/A,No,,,,,,,
405.074509,,,Y,32,405.075,0,0.1,OPEN,PVC,MYT,2014,1.25,Distribution Main,N/A,In Service,N/A,No,,,,,,,
201.793055,,,Y,32,201.793,0,0.1,OPEN,PVC,KREKAJ,2014,1.25,Service Line,N/A,In Service,N/A,No,,,,,,,
89.9698946,,,Y,32,89.970,0,0.1,OPEN,PVC,KREKAJ,2014,1.25,Service Line,N/A,In Service,N/A,No,,,,,,,
368.362862,,,Y,75,368.363,0,0.1,OPEN,GI,ME,2014,3.00,Distribution Main,N/A,In Service,To be replaced by PVC,No,,,,,,,
303.613138,,,Y,75,303.613,0,0.1,OPEN,GI,ME,2014,3.00,Distribution Main,N/A,In Service,N/A,No,,,,,,,
159.586765,,,Y,75,159.587,0,0.1,OPEN,GI,ME,2014,3.00,Distribution Main,N/A,In Service,N/A,No,,,,,,,
233.884689,,,Y,75,233.885,0,0.1,OPEN,GI,ME,2014,3.00,Distribution Main,N/A,In Service,N/A,No,,,,,,,
606.482655,,,Y,100,606.483,0,0.1,OPEN,PVC,ME,2014,4.00,Distribution Main,N/A,In Service,N/A,No,,,,,,,
29.4440517,,,Y,100,29.444,0,0.1,OPEN,GI,ME,2014,4.00,Distribution Main,N/A,In Service,N/A,No,,,,,,,
30.6153528,,,Y,100,30.615,0,0.1,OPEN,GI,ME,2014,4.00,Distribution Main,N/A,In Service,N/A,No,,,,,,,
302.146135,,,Y,100,302.146,0,0.1,OPEN,PVC,ME,2014,4.00,Distribution Main,N/A,In Service,N/A,No,,,,,,,
135.672988,,,Y,100,135.673,0,0.1,OPEN,PVC,MIL,2014,4.00,Distribution Main,N/A,In Service,N/A,No,,,,,,,
16.3025223,,,Y,75,16.303,0,0.1,OPEN,AC,MIL,2014,3.00,Distribution Main,N/A,In Service,N/A,No,,,,,,,
100.516316,,,Y,75,100.516,0,0.1,OPEN,GI,MIL,2014,3.00,Distribution Main,N/A,In Service,N/A,No,,,,,,,
684.348178,,,Y,75,684.348,0,0.1,OPEN,GI,MIL,2014,3.00,Distribution Main,N/A,In Service,N/A,No,,,,,,,
97.9014237,,,Y,100,97.901,0,0.1,OPEN,PVC,MIL,2014,4.00,Distribution Main,N/A,In Service,N/A,No,,,,,,,
682.543206,,,Y,75,682.543,0,0.1,OPEN,GI,MIL,2014,3.00,Distribution Main,N/A,In Service,N/A,No,,,,,,,
681.468908,,,Y,75,681.469,0,0.1,OPEN,GI,MIL,2014,3.00,Distribution Main,N/A,In Service,N/A,No,,,,,,,
251.347013,,,Y,75,251.347,0,0.1,OPEN,GI,ME,2014,3.00,Distribution Main,N/A,In Service,N/A,No,,,,,,,
58.8944231,,,Y,100,58.894,0,0.1,OPEN,PVC,MIL,2014,4.00,Distribution Main,N/A,In Service,N/A,No,,,,,,,
1.68601936,,,Y,25,1.686,0,0.1,OPEN,PVC,ME,2014,1.00,Service Line,N/A,In Service,N/A,No,,,,,,,
188.867533,,,Y,150,188.868,0,0.1,OPEN,PVC,ME,2014,6.00,Distribution Main,N/A,In Service,N/A,No,,,,,,,
360.053911,,,Y,75,360.054,0,0.1,OPEN,GI,ME,2014,3.00,Distribution Main,N/A,In Service,N/A,No,,,,,,,
82.5362008,,,Y,50,82.536,0,0.1,OPEN,PVC,ME,2014,2.00,Distribution Main,N/A,In Service,N/A,No,,,,,,,
214.613108,,,Y,50,214.613,0,0.1,OPEN,GI,ME,2014,2.00,Distribution Main,N/A,In Service,N/A,No,,,,,,,
338.980596,,,Y,100,338.981,0,0.1,OPEN,PVC,ME,2014,4.00,Distribution Main,N/A,In Service,LTAP Lines,No,,,,,,,
46.2580733,,,Y,75,46.258,0,0.1,OPEN,AC,ME,2014,3.00,Distribution Main,N/A,In Service,N/A,No,,,,,,,
417.757446,,,Y,75,417.757,0,0.1,OPEN,PVC,ME,2014,3.00,Distribution Main,N/A,In Service,N/A,No,,,,,,,
437.921808,,,Y,50,437.922,0,0.1,OPEN,PVC,ME,2014,2.00,Distribution Main,N/A,In Service,N/A,No,,,,,,,
574.539867,,,Y,100,574.540,0,0.1,OPEN,PVC,ME,2014,4.00,Distribution Main,N/A,In Service,LTAP Lines,No,,,,,,,
217.713637,,,Y,100,217.714,0,0.1,OPEN,PVC,ME,2014,4.00,Distribution Main,N/A,In Service,LTAP Lines,No,,,,,,,
728.712729,,,Y,100,728.713,0,0.1,OPEN,PVC,ME,2014,4.00,Distribution Main,N/A,In Service,LTAP Lines,No,,,,,,,
31.3831616,,,Y,50,31.383,0,0.1,OPEN,PVC,ME,2014,2.00,Distribution Main,N/A,In Service,N/A,No,,,,,,,
11.2876124,,,Y,20,11.288,0,0.1,OPEN,PVC,ME,2014,0.75,Service Line,05.2014,In Service,N/A,No,,,,,,,
59.1935264,,,Y,20,59.194,0,0.1,OPEN,PVC,ME,2014,0.75,Service Line,05.2014,In Service,N/A,No,,,,,,,
12.9817485,,,Y,20,12.982,0,0.1,OPEN,PVC,ME,2014,0.75,Service Line,05.2014,In Service,N/A,No,,,,,,,
24.9009854,,,Y,40,24.901,0,0.1,OPEN,PVC,MYT,2014,1.50,Distribution Main,05.2014,In Service,Supplies 'spaghettis',No,,,,,,,
2.02810454,,,Y,20,2.028,0,0.1,OPEN,PVC,ME,2014,0.75,Service Line,05.2014,In Service,N/A,No,,,,,,,
1.75088322,,,Y,25,1.751,0,0.1,OPEN,PVC,ME,2014,1.00,Service Line,05.2014,In Service,N/A,No,,,,,,,
32.6893665,,,Y,25,32.689,0,0.1,OPEN,PVC,ME,2014,1.00,Service Line,05.2014,In Service,N/A,No,,,,,,,
18.7392143,,,Y,25,18.739,0,0.1,OPEN,PVC,ME,2014,1.00,Service Line,05.2014,In Service,N/A,No,,,,,,,
27.8762251,,,Y,20,27.876,0,0.1,OPEN,PVC,ME,2014,0.75,Service Line,N/A,Out of service,N/A,No,,,,,,,
240.687133,,,Y,75,240.687,0,0.1,OPEN,GI,CBD,2014,3.00,Distribution Main,N/A,In Service,N/A,No,,,,,,,
241.655955,,,Y,150,241.656,0,0.1,OPEN,AC,CBD,2014,6.00,Distribution Main,N/A,In Service,N/A,No,,,,,,,
241.275477,,,Y,75,241.275,0,0.1,OPEN,PVC,MIL,2014,3.00,Distribution Main,09.2014,In Service,N/A,No,,,,,,,
65.3933002,,,Y,75,65.393,0,0.1,OPEN,GI,MYT,2014,3.00,Service Line,N/A,In Service,N/A,No,,,,,,,
447.945079,,,Y,250,447.945,0,0.1,OPEN,Steel,CBD,2014,10.00,Distribution Main,2014,In Service,LTAP Lines,No,,,,,,,
36.5481709,,,N,225,36.548,0,0.1,OPEN,GI,MIL,2014,9.00,Transmission Main,N/A,In Service,N/A,No,,,,,,,
34.2038500,,,N,150,34.204,0,0.1,OPEN,GI,MIL,2014,6.00,Transmission Main,N/A,In Service,N/A,No,,,,,,,
31.6367490,,,N,225,31.637,0,0.1,OPEN,GI,MIL,2014,9.00,Transmission Main,N/A,In Service,N/A,No,,,,,,,
29.7911049,,,N,150,29.791,0,0.1,OPEN,GI,MIL,2014,6.00,Transmission Main,N/A,In Service,N/A,No,,,,,,,
273.150650,,,Y,50,273.151,0,0.1,OPEN,PVC,MIL,2014,2.00,Distribution Main,N/A,In Service,N/A,No,,,,,,,
252.508184,,,Y,50,252.508,0,0.1,OPEN,PVC,MIL,2014,2.00,Distribution Main,N/A,In Service,N/A,No,,,,,,,
196.192565,,,Y,50,196.193,0,0.1,OPEN,PVC,MIL,2014,2.00,Distribution Main,N/A,In Service,N/A,No,,,,,,,
257.897771,,,Y,50,257.898,0,0.1,OPEN,PVC,MIL,2014,2.00,Distribution Main,N/A,In Service,N/A,No,,,,,,,
382.843814,,,Y,50,382.844,0,0.1,OPEN,PVC,MIL,2014,2.00,Distribution Main,N/A,In Service,N/A,No,,,,,,,
179.843221,,,Y,100,179.843,0,0.1,OPEN,PVC,KREKAJ,2014,4.00,Distribution Main,N/A,In Service,N/A,No,,,,,,,
17.6683353,,,Y,100,17.668,0,0.1,OPEN,GI,CBD,2014,4.00,Distribution Main,N/A,In Service,N/A,No,,,,,,,
1396.12041,,,Y,100,1395.283,0,0.1,OPEN,PVC,CBD,2014,4.00,Distribution Main,N/A,In Service,N/A,No,,,,,,,
681.924910,,,Y,100,681.925,0,0.1,OPEN,GI,CBD,2014,4.00,Distribution Main,N/A,In Service,N/A,No,,,,,,,
13.4107876,,,Y,400,13.411,0,0.1,OPEN,Steel,CBD,2014,16.00,Transmission Main,2014,In Service,LTAP Lines,No,,,,,,,
7.41485969,,,Y,400,7.415,0,0.1,OPEN,Steel,CBD,2014,16.00,Transmission Main,2014,In Service,LTAP Lines,No,,,,,,,
29.5514047,,,Y,50,29.551,0,0.1,OPEN,PVC,MIL,2014,2.00,Distribution Main,09.2014,In Service,N/A,No,,,,,,,
44.5142780,,,Y,50,44.514,0,0.1,OPEN,PVC,MIL,2014,2.00,Distribution Main,09.2014,In Service,N/A,No,,,,,,,
132.916204,,,Y,75,132.916,0,0.1,OPEN,GI,MIL,2014,3.00,Distribution Main,N/A,In Service,Low pressure,No,,,,,,,
171.463311,,,Y,100,171.463,0,0.1,OPEN,PVC,MIL,2014,4.00,Distribution Main,N/A,In Service,N/A,No,,,,,,,
115.236340,,,Y,40,115.236,0,0.1,OPEN,GI,MYT,2014,1.50,Distribution Main,N/A,In Service,N/A,No,,,,,,,
100.618568,,,Y,50,100.619,0,0.1,OPEN,GI,MYT,2014,2.00,Distribution Main,N/A,In Service,N/A,No,,,,,,,
167.507968,,,Y,50,167.508,0,0.1,OPEN,GI,MYT,2014,2.00,Distribution Main,N/A,In Service,N/A,No,,,,,,,
183.326281,,,Y,50,183.326,0,0.1,OPEN,PVC,CBD,2014,2.00,Distribution Main,2014,In Service,LTAP Extension lines,No,,,,,,,
98.7975400,,,Y,40,98.798,0,0.1,OPEN,PVC,CBD,2014,1.50,Distribution Main,2014,In Service,LTAP Extension lines,No,,,,,,,
3.60232169,,,Y,25,3.602,0,0.1,OPEN,PVC,CBD,2014,1.00,Service Line,08.2014,In Service,LTAP Extension lines,No,,,,,,,
14.8029839,,,Y,20,14.803,0,0.1,OPEN,PVC,CBD,2014,0.75,Service Line,N/A,In Service,LTAP Extension lines,No,,,,,,,
64.6697330,,,Y,40,64.670,0,0.1,OPEN,PVC,CBD,2014,1.50,Distribution Main,2014,In Service,LTAP Extension lines,No,,,,,,,
13.0247024,,,Y,25,13.025,0,0.1,OPEN,PVC,CBD,2014,1.00,Service Line,08.2014,In Service,LTAP Extension lines,No,,,,,,,
64.0018925,,,Y,20,64.002,0,0.1,OPEN,PVC,KREKAJ,2014,0.75,Service Line,08.2014,In Service,LTAP Extension lines,No,,,,,,,
18.3612056,,,Y,25,18.361,0,0.1,OPEN,PVC,CBD,2014,1.00,Service Line,08.2014,In Service,LTAP Extension lines,No,,,,,,,
36.6677181,,,Y,25,36.668,0,0.1,OPEN,PVC,CBD,2014,1.00,Service Line,08.2014,In Service,LTAP Extension lines,No,,,,,,,
23.5950271,,,Y,75,23.595,0,0.1,OPEN,PVC,KREKAJ,2014,3.00,Service Line,2014,In Service,LTAP Extension lines,No,,,,,,,
156.512325,,,Y,100,156.512,0,0.1,OPEN,PVC,KREKAJ,2014,4.00,Distribution Main,2014,In Service,LTAP Extension lines,No,,,,,,,
50.3791747,,,Y,50,50.379,0,0.1,OPEN,PVC,KREKAJ,2014,2.00,Distribution Main,,In Service,LTAP Extension lines,No,,,,,,,
69.8544779,,,Y,100,69.854,0,0.1,OPEN,Steel,CBD,2014,4.00,Distribution Main,N/A,In Service,N/A,No,,,,,,,
185.560208,,,Y,50,185.560,0,0.1,OPEN,PVC,MYT,2014,2.00,Distribution Main,2014,In Service,N/A,No,,,,,,,
156.454157,,,Y,50,156.454,0,0.1,OPEN,PVC,MYT,2014,2.00,Distribution Main,2014,In Service,N/A,No,,,,,,,
103.180966,,,Y,50,103.181,0,0.1,OPEN,PVC,MYT,2014,2.00,Distribution Main,2014,In Service,N/A,No,,,,,,,
6.66144718,,,Y,50,6.661,0,0.1,OPEN,PVC,MYT,2014,2.00,Distribution Main,2014,In Service,N/A,No,,,,,,,
36.4324441,,,Y,50,36.432,0,0.1,OPEN,PVC,MYT,2014,2.00,Distribution Main,2014,In Service,N/A,No,,,,,,,
70.8345679,,,Y,50,70.835,0,0.1,OPEN,PVC,MYT,2014,2.00,Distribution Main,2014,In Service,N/A,No,,,,,,,
99.6626687,,,Y,50,99.663,0,0.1,OPEN,PVC,MYT,2014,2.00,Distribution Main,2014,In Service,N/A,No,,,,,,,
29.1124305,,,Y,50,29.112,0,0.1,OPEN,PVC,MYT,2014,2.00,Distribution Main,2014,In Service,N/A,No,,,,,,,
3.44548426,,,Y,50,3.445,0,0.1,OPEN,PVC,MYT,2014,2.00,Distribution Main,2014,In Service,N/A,No,,,,,,,
6.29037189,,,Y,50,6.290,0,0.1,OPEN,PVC,MYT,2014,2.00,Distribution Main,2014,In Service,N/A,No,,,,,,,
4.47283355,,,Y,50,4.473,0,0.1,OPEN,PVC,MYT,2014,2.00,Distribution Main,2014,In Service,N/A,No,,,,,,,
18.1242620,,,Y,50,18.124,0,0.1,OPEN,PVC,MYT,2014,2.00,Distribution Main,2014,In Service,N/A,No,,,,,,,
22.4663858,,,Y,50,22.466,0,0.1,OPEN,PVC,MYT,2014,2.00,Distribution Main,2014,In Service,N/A,No,,,,,,,
173.157994,,,Y,50,173.158,0,0.1,OPEN,PVC,KREKAJ,07.2015,2.00,Distribution Main,2014,In Service,Pamoja Trust Funded -DMM,No,,,,,,,
62.3731273,,,Y,50,62.373,0,0.1,OPEN,PVC,KREKAJ,2014,2.00,Distribution Main,2014,In Service,Pamoja Trust Funded -DMM,No,,,,,,,
34.0476410,,,Y,40,34.048,0,0.1,OPEN,PVC,KREKAJ,07.2015,1.50,Distribution Main,2014,In Service,Pamoja Trust Funded -DMM,No,,,,,,,
2.06254098,,,Y,50,2.063,0,0.1,OPEN,PVC,KREKAJ,2014,2.00,Distribution Main,2014,In Service,Pamoja Trust Funded -DMM,No,,,,,,,
4.10395380,,,Y,50,4.104,0,0.1,OPEN,PVC,KREKAJ,2014,2.00,Distribution Main,2014,In Service,Pamoja Trust Funded -DMM,No,,,,,,,
65.4975142,,,Y,50,65.498,0,0.1,OPEN,PVC,KREKAJ,2014,2.00,Distribution Main,2014,In Service,Pamoja Trust Funded -DMM,No,,,,,,,
81.7091787,,,Y,50,81.709,0,0.1,OPEN,PVC,KREKAJ,2014,2.00,Distribution Main,2014,In Service,Pamoja Trust Funded -DMM,No,,,,,,,
10.1492452,,,Y,50,10.149,0,0.1,OPEN,PVC,KREKAJ,2014,2.00,Distribution Main,2014,In Service,Pamoja Trust Funded -DMM,No,,,,,,,
50.5555536,,,Y,50,50.556,0,0.1,OPEN,PVC,KREKAJ,2014,2.00,Distribution Main,2014,In Service,Pamoja Trust Funded -DMM,No,,,,,,,
309.073592,,,Y,50,309.074,0,0.1,OPEN,PVC,MIL,2014,2.00,Distribution Main,N/A,In Service,N/A,No,,,,,,,
131.812584,,,Y,150,131.813,0,0.1,OPEN,PVC,KREKAJ,2014,6.00,Distribution Main,06.2014,In Service,LTAP Extension lines,No,,,,,,,
58.9163090,,,Y,32,58.916,0,0.1,OPEN,PVC,KREKAJ,2014,1.25,Service Line,06.2014,In Service,N/A,No,,,,,,,
59.9264409,,,Y,25,59.926,0,0.1,OPEN,PVC,CBD,2014,1.00,Service Line,08.2014,In Service,LTAP Extension lines,No,,,,,,,
614.318073,,,Y,350,614.318,0,0.1,OPEN,Steel,CBD,2014,14.00,Transmission Main,2014,In Service,LTAP Lines,No,,,,,,,
550.918128,,,Y,350,550.918,0,0.1,OPEN,PVC,ME,2014,14.00,Distribution Main,2014,In Service,LTAP Lines,No,,,,,,,
253.089309,,,Y,100,253.089,0,0.1,OPEN,PVC,CBD,2014,4.00,Distribution Main,11.2014,In Service,New Extensions,No,,,,,,,
269.306232,,,Y,25,269.306,0,0.1,OPEN,PVC,KREKAJ,01.2015,1.00,Distribution Main,10.2014,In Service,New Extensions,No,,,,,,,
77.3510923,,,Y,150,77.351,0,0.1,OPEN,PVC,KREKAJ,01.2015,6.00,Distribution Main,10.2014,In Service,New Extensions,No,,,,,,,
431.648384,,,Y,100,431.648,0,0.1,OPEN,PVC,KREKAJ,01.2015,4.00,Distribution Main,12.2014,In Service,New Extensions,No,,,,,,,
204.128640,,,Y,50,204.129,0,0.1,OPEN,PVC,KREKAJ,01.2015,2.00,Distribution Main,01.2015,In Service,New Extensions,No,,,,,,,
83.9473454,,,Y,50,83.947,0,0.1,OPEN,PVC,KREKAJ,01.2015,2.00,Distribution Main,12.2014,In Service,New Extensions,No,,,,,,,
6.77115051,,,Y,50,6.771,0,0.1,OPEN,PVC,CBD,01.2015,2.00,Distribution Main,09.2014,In Service,New Extensions,No,,,,,,,
37.5346565,,,Y,75,37.535,0,0.1,OPEN,HDPE,CBD,20.06.2022,3.00,Distribution Main,2022,In Service,New Extensions,Ovh,,,,,,,
248.074107,,,Y,50,248.074,0,0.1,OPEN,PVC,CBD,01.2015,2.00,Distribution Main,09.2014,In Service,New Extensions,No,,,,,,,
476.825206,,,Y,100,476.825,0,0.1,OPEN,PVC,CBD,01.2015,4.00,Distribution Main,12.2014,In Service,New Extensions,No,,,,,,,
111.622960,,,Y,50,111.623,0,0.1,OPEN,PVC,CBD,01.2015,2.00,Distribution Main,12.2014,In Service,New Extensions,No,,,,,,,
128.533513,,,Y,50,128.534,0,0.1,OPEN,PVC,CBD,01.2015,2.00,Distribution Main,08.2014,In Service,New Extensions,No,,,,,,,
336.154639,,,Y,100,336.155,0,0.1,OPEN,PVC,CBD,01.2015,4.00,Distribution Main,12.2014,In Service,New Extensions,No,,,,,,,
125.114992,,,Y,100,125.115,0,0.1,OPEN,PVC,CBD,01.2015,4.00,Distribution Main,12.2014,In Service,New Extensions,No,,,,,,,
101.414246,,,Y,50,101.414,0,0.1,OPEN,PVC,CBD,01.2015,2.00,Distribution Main,12.2014,In Service,New Extensions,No,,,,,,,
310.600822,,,Y,100,310.601,0,0.1,OPEN,PVC,CBD,01.2015,4.00,Distribution Main,12.2014,In Service,New Extensions,No,,,,,,,
65.2397908,,,Y,75,65.240,0,0.1,OPEN,PVC,CBD,01.2015,3.00,Distribution Main,12.2014,In Service,New Extensions,No,,,,,,,
192.954167,,,Y,50,192.954,0,0.1,OPEN,PVC,CBD,01.2015,2.00,Distribution Main,12.2014,In Service,New Extensions,No,,,,,,,
5.09289662,,,Y,50,5.093,0,0.1,OPEN,PVC,CBD,01.2015,2.00,Distribution Main,12.2014,In Service,New Extensions,No,,,,,,,
145.199995,,,Y,50,145.200,0,0.1,OPEN,PVC,CBD,01.2015,2.00,Distribution Main,12.2014,In Service,New Extensions,No,,,,,,,
43.0116942,,,Y,100,43.012,0,0.1,OPEN,PVC,MYT,02.2015,4.00,Distribution Main,02.2015,In Service,Network renewal,No,,,,,,,
681.585929,,,Y,100,681.586,0,0.1,OPEN,PVC,MIL,02.2015,4.00,Distribution Main,02.2015,In Service,Network renewal,No,,,,,,,
759.461292,,,Y,150,759.461,0,0.1,OPEN,PVC,MIL,2014,6.00,Distribution Main,N/A,In Service,N/A,No,,,,,,,
306.863927,,,Y,150,306.864,0,0.1,OPEN,PVC,MIL,2014,6.00,Distribution Main,N/A,In Service,N/A,No,,,,,,,
165.331562,,,Y,200,165.332,0,0.1,OPEN,PVC,MIL,2014,8.00,Distribution Main,N/A,In Service,N/A,No,,,,,,,
57.1397787,,,Y,200,57.140,0,0.1,OPEN,PVC,MIL,2014,8.00,Distribution Main,N/A,In Service,N/A,No,,,,,,,
16.7121163,,,Y,150,16.712,0,0.1,OPEN,PVC,MIL,2014,6.00,Distribution Main,N/A,In Service,N/A,No,,,,,,,
389.330305,,,Y,200,389.330,0,0.1,OPEN,PVC,MIL,2014,8.00,Distribution Main,N/A,In Service,N/A,No,,,,,,,
690.011262,,,Y,200,690.011,0,0.1,OPEN,PVC,MIL,2014,8.00,Distribution Main,N/A,In Service,N/A,No,,,,,,,
343.234141,,,Y,75,343.234,0,0.1,OPEN,PVC,MIL,02.2015,3.00,Distribution Main,02.2015,In Service,Laid by contractor,No,,,,,,,
100.629224,,,Y,75,100.629,0,0.1,OPEN,PVC,MIL,02.2015,3.00,Distribution Main,02.2015,In Service,Laid by contractor,No,,,,,,,
604.158984,,,Y,50,604.159,0,0.1,OPEN,PVC,CBD,08.2015,2.00,Distribution Main,08.2015,In Service,New extension,No,,,,,,,
454.920053,,,Y,225,454.920,0,0.1,OPEN,AC,CBD,05.2015,9.00,Distribution Main,N/A,In Service,N/A,No,,,,,,,
390.809708,,,Y,100,390.810,0,0.1,OPEN,GI,KREKAJ,03.2015,4.00,Distribution Main,N/A,In Service,N/A,No,,,,,,,
147.597968,,,Y,50,147.598,0,0.1,OPEN,PVC,KREKAJ,03.2015,2.00,Distribution Main,N/A,In Service,N/A,No,,,,,,,
168.035762,,,Y,100,168.036,0,0.1,OPEN,PVC,KREKAJ,03.2015,4.00,Distribution Main,N/A,In Service,N/A,No,,,,,,,
41.8208183,,,Y,50,41.821,0,0.1,OPEN,PVC,KREKAJ,2014,2.00,Distribution Main,N/A,In Service,N/A,No,,,,,,,
8.78929321,,,N,300,8.789,0,0.1,OPEN,GI,MIL,2014,12.00,Distribution Main,N/A,In Service,Supplies water for backwash.,No,,,,,,,
724.407570,,,Y,600,724.408,0,0.1,OPEN,Steel,MIL,2014,24.00,Transmission Main,N/A,In Service,Supplies water to Kibuye.,No,,,,,,,
18.1766122,,,Y,600,18.177,0,0.1,OPEN,Steel,CBD,2014,24.00,Distribution Main,N/A,In Service,N/A,No,,,,,,,
64.0739537,,,Y,600,64.074,0,0.1,OPEN,Steel,CBD,2014,24.00,Transmission Main,N/A,In Service,Supplies water to Kibuye.,No,,,,,,,
9.39296912,,,Y,350,9.393,0,0.1,OPEN,Steel,CBD,2014,14.00,Distribution Main,N/A,In Service,N/A,No,,,,,,,
3.57775283,,,Y,350,3.578,0,0.1,OPEN,Steel,CBD,2014,14.00,Distribution Main,N/A,In Service,N/A,No,,,,,,,
44.9755786,,,Y,600,44.976,0,0.1,OPEN,Steel,CBD,2014,24.00,Distribution Main,N/A,In Service,N/A,No,,,,,,,
11.1328276,,,Y,350,11.133,0,0.1,OPEN,PVC,CBD,2014,14.00,Distribution Main,N/A,In Service,N/A,No,,,,,,,
2.22045637,,,Y,350,2.220,0,0.1,OPEN,PVC,CBD,2014,14.00,Distribution Main,N/A,In Service,N/A,No,,,,,,,
20.3222973,,,Y,150,20.322,0,0.1,OPEN,Steel,CBD,2014,6.00,Distribution Main,N/A,In Service,N/A,No,,,,,,,
11.1515502,,,Y,150,11.152,0,0.1,OPEN,Steel,MIL,2014,6.00,Distribution Main,N/A,In Service,N/A,No,,,,,,,
11.9545728,,,Y,250,11.955,0,0.1,OPEN,Steel,MIL,2014,10.00,Distribution Main,N/A,In Service,N/A,No,,,,,,,
3.08961952,,,Y,150,3.090,0,0.1,CV,Steel,MIL,2014,6.00,Distribution Main,N/A,In Service,N/A,No,,,,,,,
3.45301196,,,Y,150,3.453,0,0.1,CLOSED,Steel,MIL,2014,6.00,Distribution Main,N/A,In Service,N/A,No,,,,,,,
4.90391637,,,Y,220,4.904,0,0.1,CLOSED,Steel,CBD,2014,8.80,Distribution Main,N/A,In Service,Supplies water to Kibuye.,No,,,,,,,
7.53399317,,,Y,220,7.534,0,0.1,OPEN,GI,MIL,2014,8.80,Distribution Main,N/A,In Service,Supplies water to Kibuye.,No,,,,,,,
19.8879107,,,Y,350,19.888,0,0.1,OPEN,PVC,MIL,2014,14.00,Transmission Main,N/A,In Service,Supplies water to Kibuye.,No,,,,,,,
105.983554,,,Y,350,105.984,0,0.1,OPEN,PVC,CBD,2014,14.00,Transmission Main,N/A,In Service,Supplies water to Kibuye.,No,,,,,,,
1657.06981,,,Y,350,1657.070,0,0.1,OPEN,PVC,MIL,2014,14.00,Transmission Main,N/A,In Service,Supplies water to Kibuye.,No,,,,,,,
125.187867,,,Y,350,125.188,0,0.1,OPEN,PVC,CBD,2014,14.00,Transmission Main,N/A,In Service,Supplies water to Kibuye.,No,,,,,,,
1.84788999,,,Y,350,1.848,0,0.1,OPEN,PVC,CBD,2014,14.00,Transmission Main,N/A,In Service,Supplies water to Kibuye.,No,,,,,,,
16.1000752,,,Y,350,16.100,0,0.1,OPEN,PVC,CBD,2014,14.00,Transmission Main,N/A,In Service,Supplies water to Kibuye.,No,,,,,,,
2.78158124,,,Y,350,2.782,0,0.1,OPEN,PVC,CBD,2014,14.00,Transmission Main,N/A,In Service,Supplies water to Kibuye.,No,,,,,,,
59.4613592,,,Y,350,59.461,0,0.1,OPEN,PVC,CBD,2014,14.00,Transmission Main,N/A,In Service,Supplies water to Kibuye.,No,,,,,,,
2.84586023,,,Y,350,2.846,0,0.1,OPEN,PVC,CBD,2014,14.00,Transmission Main,N/A,In Service,Supplies water to Kibuye.,No,,,,,,,
354.888614,,,Y,350,354.889,0,0.1,OPEN,PVC,CBD,2014,14.00,Transmission Main,N/A,In Service,Supplies water to Kibuye.,No,,,,,,,
139.162240,,,Y,350,139.162,0,0.1,OPEN,PVC,CBD,2014,14.00,Transmission Main,N/A,In Service,Supplies water to Kibuye.,No,,,,,,,
755.316946,,,Y,350,755.317,0,0.1,OPEN,PVC,CBD,2014,14.00,Transmission Main,N/A,In Service,Supplies water to Kibuye.,No,,,,,,,
56.7572454,,,Y,150,56.757,0,0.1,OPEN,PVC,ME,2014,6.00,Distribution Main,N/A,In Service,N/A,No,,,,,,,
103.146119,,,Y,100,103.146,0,0.1,OPEN,GI,CBD,2014,4.00,Distribution Main,N/A,In Service,N/A,No,,,,,,,
95.5989373,,,Y,100,95.599,0,0.1,OPEN,GI,CBD,2014,4.00,Distribution Main,N/A,In Service,N/A,No,,,,,,,
28.5389333,,,Y,100,28.539,0,0.1,OPEN,GI,CBD,2014,4.00,Distribution Main,N/A,In Service,N/A,No,,,,,,,
601.094400,,,Y,150,601.094,0,0.1,OPEN,PVC,MIL,2014,6.00,Distribution Main,N/A,In Service,N/A,No,,,,,,,
260.329864,,,Y,150,260.330,0,0.1,OPEN,PVC,MIL,2014,6.00,Distribution Main,N/A,In Service,N/A,No,,,,,,,
100.010767,,,Y,150,100.011,0,0.1,OPEN,PVC,MIL,2014,6.00,Distribution Main,N/A,In Service,N/A,No,,,,,,,
94.8541682,,,Y,100,94.854,0,0.1,OPEN,PVC,MIL,2014,4.00,Distribution Main,N/A,In Service,N/A,No,,,,,,,
36.2037356,,,Y,100,36.204,0,0.1,OPEN,PVC,MIL,2014,4.00,Distribution Main,N/A,In Service,N/A,No,,,,,,,
86.1662307,,,Y,100,86.166,0,0.1,OPEN,PVC,MIL,2014,4.00,Distribution Main,N/A,In Service,N/A,No,,,,,,,
319.990776,,,Y,100,319.991,0,0.1,OPEN,PVC,MIL,2014,4.00,Distribution Main,N/A,In Service,N/A,No,,,,,,,
21.5455856,,,Y,50,21.546,0,0.1,OPEN,PVC,MIL,2014,2.00,Distribution Main,N/A,In Service,N/A,No,,,,,,,
149.977401,,,Y,200,149.977,0,0.1,OPEN,PVC,MIL,2014,8.00,Distribution Main,N/A,In Service,N/A,No,,,,,,,
261.002425,,,Y,200,261.002,0,0.1,OPEN,PVC,MIL,2014,8.00,Distribution Main,N/A,In Service,N/A,No,,,,,,,
315.889614,,,Y,100,315.890,0,0.1,OPEN,GI,ME,2014,4.00,Distribution Main,N/A,In Service,N/A,No,,,,,,,
76.9067149,,,Y,225,76.907,0,0.1,OPEN,AC,MIL,2014,9.00,Transmission Main,N/A,In Service,N/A,No,,,,,,,
18.1295135,,,Y,225,18.130,0,0.1,OPEN,AC,MIL,2014,9.00,Transmission Main,N/A,In Service,N/A,No,,,,,,,
19.8498421,,,Y,225,19.850,0,0.1,OPEN,AC,MIL,2014,9.00,Distribution Main,N/A,In Service,N/A,No,,,,,,,
17.3595211,,,Y,250,17.360,0,0.1,OPEN,GI,MIL,2014,10.00,Distribution Main,2012,In Service,N/A,No,,,,,,,
302.982429,,,Y,225,302.982,0,0.1,OPEN,AC,MIL,2014,9.00,Distribution Main,N/A,In Service,N/A,No,,,,,,,
163.629581,,,Y,75,163.630,0,0.1,OPEN,AC,MIL,2014,3.00,Distribution Main,N/A,In Service,N/A,No,,,,,,,
1.66564680,,,Y,1000,1.666,0,0.1,OPEN,Steel,MIL,2014,40.00,Imaginary Lines,N/A,In Service,Imaginary Lines,No,,,,,,,
6.93750889,,,Y,1000,6.938,0,0.1,OPEN,Steel,CBD,2014,40.00,Imaginary Lines,N/A,In Service,Imaginary Lines,No,,,,,,,
6.69613978,,,Y,1000,6.696,0,0.1,OPEN,Steel,CBD,2014,40.00,Imaginary Lines,N/A,In Service,Imaginary Lines,No,,,,,,,
685.907926,,,Y,75,685.908,0,0.1,OPEN,AC,MIL,2014,3.00,Distribution Main,N/A,In Service,N/A,No,,,,,,,
117.663151,,,Y,75,117.663,0,0.1,OPEN,GI,MIL,2014,3.00,Distribution Main,N/A,In Service,N/A,No,,,,,,,
15.0348945,,,Y,75,15.035,0,0.1,OPEN,GI,MIL,2014,3.00,Distribution Main,N/A,In Service,N/A,No,,,,,,,
1103.76220,,,Y,75,1103.762,0,0.1,OPEN,GI,MIL,2014,3.00,Distribution Main,N/A,In Service,N/A,No,,,,,,,
2.51781987,,,Y,75,2.518,0,0.1,OPEN,GI,MIL,2014,3.00,Distribution Main,N/A,In Service,N/A,No,,,,,,,
117.805016,,,Y,100,117.805,0,0.1,OPEN,PVC,MIL,2014,4.00,Distribution Main,N/A,In Service,N/A,No,,,,,,,
21.4782771,,,Y,100,21.478,0,0.1,OPEN,PVC,MIL,2014,4.00,Distribution Main,N/A,In Service,N/A,No,,,,,,,
293.757523,,,Y,100,293.758,0,0.1,OPEN,PVC,MIL,2014,4.00,Distribution Main,N/A,In Service,N/A,No,,,,,,,
2.27005934,,,Y,100,2.270,0,0.1,OPEN,PVC,MIL,2014,4.00,Distribution Main,N/A,In Service,N/A,No,,,,,,,
15.8363836,,,Y,150,15.836,0,0.1,OPEN,PVC,MIL,2014,6.00,Distribution Main,N/A,In Service,N/A,No,,,,,,,
368.361930,,,Y,150,368.362,0,0.1,OPEN,PVC,MIL,2014,6.00,Distribution Main,N/A,In Service,N/A,No,,,,,,,
58.1176012,,,Y,100,58.118,0,0.1,OPEN,GI,MIL,2014,4.00,Distribution Main,N/A,In Service,N/A,No,,,,,,,
310.466471,,,Y,200,310.466,0,0.1,OPEN,PVC,MIL,2014,8.00,Distribution Main,N/A,In Service,N/A,No,,,,,,,
2.57994918,,,Y,100,2.580,0,0.1,OPEN,GI,ME,2014,4.00,Distribution Main,N/A,In Service,N/A,No,,,,,,,
508.278202,,,Y,100,508.278,0,0.1,OPEN,PVC,ME,2014,4.00,Distribution Main,N/A,In Service,N/A,Yes,,,,,,,
66.2006998,,,Y,100,66.201,0,0.1,OPEN,PVC,ME,2014,4.00,Distribution Main,N/A,In Service,N/A,No,,,,,,,
426.841109,,,Y,50,426.841,0,0.1,OPEN,PVC,ME,2014,2.00,Distribution Main,N/A,In Service,N/A,No,,,,,,,
537.573079,,,Y,100,537.573,0,0.1,OPEN,PVC,ME,2014,,Distribution Main,N/A,In Service,LTAP Lines,No,,,,,,,
95.0830381,,,Y,100,95.083,0,0.1,OPEN,PVC,MYT,2014,4.00,Distribution Main,N/A,In Service,LTAP Lines,No,,,,,,,
247.389580,,,Y,100,247.390,0,0.1,OPEN,PVC,MYT,2014,4.00,Distribution Main,N/A,In Service,LTAP Lines,No,,,,,,,
326.395192,,,Y,100,326.395,0,0.1,OPEN,PVC,ME,2014,4.00,Distribution Main,N/A,In Service,N/A,No,,,,,,,
74.9697770,,,Y,100,74.970,0,0.1,OPEN,PVC,ME,2014,4.00,Distribution Main,N/A,In Service,N/A,No,,,,,,,
83.7806127,,,Y,100,83.781,0,0.1,OPEN,PVC,ME,2014,4.00,Distribution Main,N/A,In Service,N/A,No,,,,,,,
12.6208316,,,Y,100,12.621,0,0.1,OPEN,PVC,ME,2014,4.00,Distribution Main,N/A,In Service,N/A,No,,,,,,,
420.447793,,,Y,150,420.448,0,0.1,OPEN,PVC,MIL,2014,6.00,Distribution Main,N/A,In Service,N/A,No,,,,,,,
575.256213,,,Y,150,575.256,0,0.1,OPEN,PVC,MIL,2014,6.00,Distribution Main,N/A,In Service,N/A,No,,,,,,,
106.692626,,,Y,200,106.693,0,0.1,OPEN,PVC,MIL,2014,8.00,Distribution Main,N/A,In Service,N/A,No,,,,,,,
2210.77530,,,Y,200,2210.775,0,0.1,OPEN,PVC,MIL,2014,8.00,Distribution Main,N/A,In Service,N/A,No,,,,,,,
226.125557,,,Y,100,226.126,0,0.1,OPEN,PVC,MIL,02.2015,4.00,Distribution Main,02.2015,In Service,Network renewal,No,,,,,,,
1165.48212,,,Y,100,1165.482,0,0.1,OPEN,PVC,MIL,02.2015,4.00,Distribution Main,02.2015,In Service,Network renewal,No,,,,,,,
981.453449,,,Y,100,981.453,0,0.1,OPEN,PVC,MIL,2014,4.00,Distribution Main,N/A,In Service,N/A,No,,,,,,,
47.1480504,,,Y,100,47.148,0,0.1,OPEN,PVC,MYT,2014,4.00,Distribution Main,N/A,In Service,N/A,No,,,,,,,
2.87827599,,,Y,225,2.878,0,0.1,OPEN,GI,MIL,2014,9.00,Distribution Main,N/A,In Service,N/A,No,,,,,,,
14.6370082,,,Y,225,14.637,0,0.1,OPEN,AC,MIL,2014,9.00,Distribution Main,N/A,In Service,When bursts occurs PVC is used in repair.,No,,,,,,,
302.414940,,,Y,225,302.415,0,0.1,OPEN,AC,MIL,2014,13.00,Distribution Main,N/A,In Service,When bursts occurs PVC is used in repair.,No,,,,,,,
11.3232411,,,Y,300,11.323,0,0.1,OPEN,Steel,MIL,2014,12.00,Distribution Main,N/A,In Service,N/A,No,,,,,,,
4.87588160,,,Y,150,4.876,0,0.1,OPEN,Steel,MIL,2014,6.00,Distribution Main,N/A,In Service,N/A,No,,,,,,,
1.56950412,,,Y,150,1.570,0,0.1,CLOSED,GI,MIL,2014,6.00,Distribution Main,N/A,In Service,N/A,No,,,,,,,
231.603559,,,Y,225,231.604,0,0.1,OPEN,AC,MIL,2014,9.00,Distribution Main,N/A,In Service,N/A,No,,,,,,,
663.384199,,,Y,225,663.384,0,0.1,OPEN,AC,MIL,2014,9.00,Distribution Main,N/A,In Service,N/A,No,,,,,,,
496.757540,,,Y,75,496.758,0,0.1,OPEN,GI,MIL,2014,3.00,Distribution Main,N/A,In Service,To verify the point of material change.,No,,,,,,,
120.099144,,,Y,50,120.099,0,0.1,OPEN,AC,MIL,2014,2.00,Distribution Main,N/A,In Service,To verify dead end or source.,No,,,,,,,
874.035273,,,Y,75,874.035,0,0.1,OPEN,AC,MIL,2014,3.00,Distribution Main,N/A,In Service,To verify dead end or source.,No,,,,,,,
13.8269720,,,Y,75,13.827,0,0.1,OPEN,AC,MIL,2014,3.00,Distribution Main,N/A,In Service,To verify dead end or source.,No,,,,,,,
141.745750,,,Y,75,141.746,0,0.1,OPEN,GI,MIL,2014,3.00,Distribution Main,N/A,In Service,N/A,No,,,,,,,
215.158433,,,Y,50,215.158,0,0.1,OPEN,PVC,MIL,2014,2.00,Distribution Main,N/A,In Service,N/A,No,,,,,,,
85.3456200,,,Y,75,85.346,0,0.1,OPEN,GI,MIL,2014,3.00,Distribution Main,N/A,In Service,Low pressure,No,,,,,,,
371.426732,,,Y,75,371.427,0,0.1,OPEN,GI,MIL,2014,3.00,Distribution Main,N/A,In Service,Low pressure,No,,,,,,,
137.853296,,,Y,75,137.853,0,0.1,OPEN,PVC,MIL,2014,3.00,Distribution Main,09.2014,In Service,N/A,No,,,,,,,
185.754290,,,Y,75,185.754,0,0.1,OPEN,GI,ME,2014,3.00,Distribution Main,N/A,In Service,N/A,No,,,,,,,
887.415165,,,Y,100,887.415,0,0.1,OPEN,PVC,ME,2014,4.00,Distribution Main,N/A,In Service,LTAP Lines,No,,,,,,,
642.641702,,,Y,75,642.642,0,0.1,OPEN,GI,ME,2014,3.00,Distribution Main,N/A,In Service,N/A,No,,,,,,,
22.5429779,,,Y,75,22.543,0,0.1,OPEN,GI,ME,2014,3.00,Distribution Main,N/A,In Service,N/A,No,,,,,,,
346.280101,,,Y,150,346.280,0,0.1,OPEN,PVC,ME,2014,6.00,Distribution Main,N/A,In Service,N/A,No,,,,,,,
169.508656,,,Y,150,169.509,0,0.1,OPEN,PVC,ME,2014,6.00,Distribution Main,N/A,In Service,N/A,No,,,,,,,
87.9181759,,,Y,75,87.918,0,0.1,OPEN,GI,ME,2014,3.00,Distribution Main,N/A,In Service,N/A,No,,,,,,,
66.6437512,,,Y,150,66.644,0,0.1,OPEN,PVC,ME,2014,6.00,Distribution Main,N/A,In Service,N/A,No,,,,,,,
28.7401748,,,Y,75,28.740,0,0.1,OPEN,GI,CBD,2014,3.00,Distribution Main,N/A,In Service,N/A,No,,,,,,,
53.1298609,,,Y,75,53.130,0,0.1,OPEN,GI,CBD,2014,3.00,Distribution Main,N/A,In Service,N/A,No,,,,,,,
23.9694837,,,Y,75,23.969,0,0.1,OPEN,GI,CBD,2014,3.00,Distribution Main,N/A,In Service,N/A,No,,,,,,,
129.563149,,,Y,100,129.563,0,0.1,OPEN,GI,CBD,2014,4.00,Distribution Main,N/A,In Service,N/A,No,,,,,,,
103.811169,,,Y,100,103.811,0,0.1,OPEN,GI,CBD,2014,4.00,Distribution Main,N/A,In Service,N/A,No,,,,,,,
18.3135653,,,Y,50,18.314,0,0.1,OPEN,GI,ME,2014,2.00,Distribution Main,N/A,In Service,N/A,No,,,,,,,
187.342616,,,Y,75,187.343,0,0.1,OPEN,AC,ME,2014,3.00,Distribution Main,N/A,In Service,N/A,No,,,,,,,
94.1456913,,,Y,75,94.146,0,0.1,OPEN,GI,ME,2014,3.00,Distribution Main,N/A,In Service,N/A,No,,,,,,,
60.5708985,,,Y,75,60.571,0,0.1,OPEN,GI,ME,2014,3.00,Distribution Main,N/A,In Service,N/A,No,,,,,,,
128.816960,,,Y,75,128.817,0,0.1,OPEN,GI,ME,2014,3.00,Distribution Main,N/A,In Service,N/A,No,,,,,,,
386.163689,,,Y,350,386.164,0,0.1,OPEN,PVC,CBD,2014,14.00,Distribution Main,2014,In Service,LTAP Lines,No,,,,,,,
16.7030412,,,Y,350,16.703,0,0.1,OPEN,PVC,ME,2014,14.00,Distribution Main,2014,In Service,LTAP Lines,No,,,,,,,
430.212093,,,Y,200,430.212,0,0.1,OPEN,PVC,MYT,2014,8.00,Distribution Main,N/A,In Service,Off take of 8 inch towards Kona Lejo. Dead end at,No,,,,,,,
9.53507930,,,Y,200,9.535,0,0.1,OPEN,PVC,MYT,2014,8.00,Distribution Main,N/A,In Service,N/A,No,,,,,,,
94.6933484,,,Y,200,94.693,0,0.1,OPEN,PVC,MYT,2014,8.00,Distribution Main,N/A,In Service,N/A,No,,,,,,,
10.8833162,,,Y,200,10.883,0,0.1,OPEN,PVC,MYT,2014,8.00,Distribution Main,N/A,In Service,From Kibuye,No,,,,,,,
296.804973,,,Y,200,296.805,0,0.1,OPEN,PVC,MYT,2014,8.00,Distribution Main,N/A,In Service,From Kibuye,No,,,,,,,
735.666323,,,Y,200,735.666,0,0.1,OPEN,PVC,MYT,2014,8.00,Distribution Main,N/A,In Service,N/A,No,,,,,,,
252.693524,,,Y,200,252.694,0,0.1,OPEN,PVC,MYT,2014,8.00,Distribution Main,N/A,In Service,N/A,No,,,,,,,
4.56898738,,,Y,200,4.569,0,0.1,OPEN,PVC,MYT,2014,8.00,Distribution Main,N/A,In Service,N/A,No,,,,,,,
175.343119,,,Y,200,175.343,0,0.1,OPEN,PVC,MYT,2014,8.00,Distribution Main,N/A,In Service,N/A,No,,,,,,,
275.836259,,,Y,200,275.836,0,0.1,OPEN,PVC,MYT,2014,8.00,Distribution Main,N/A,In Service,N/A,No,,,,,,,
229.529470,,,Y,100,229.529,0,0.1,OPEN,PVC,MYT,2014,4.00,Distribution Main,N/A,In Service,Off take from 8 inch line,No,,,,,,,
237.921055,,,Y,100,237.921,0,0.1,OPEN,PVC,MYT,2014,4.00,Distribution Main,N/A,In Service,N/A,No,,,,,,,
173.394913,,,Y,100,173.395,0,0.1,OPEN,PVC,MYT,2014,4.00,Distribution Main,N/A,In Service,new off take from 8 inch line,No,,,,,,,
251.176569,,,Y,150,251.177,0,0.1,OPEN,PVC,MYT,2014,6.00,Distribution Main,N/A,In Service,Off take from 8 inch line,No,,,,,,,
22.0954961,,,Y,200,22.095,0,0.1,OPEN,PVC,MYT,2014,8.00,Distribution Main,N/A,In Service,N/A,No,,,,,,,
334.424030,,,Y,200,334.424,0,0.1,OPEN,PVC,MYT,2014,8.00,Distribution Main,N/A,In Service,N/A,No,,,,,,,
129.810485,,,Y,200,129.810,0,0.1,OPEN,PVC,MYT,2014,8.00,Distribution Main,N/A,In Service,N/A,No,,,,,,,
94.5024016,,,Y,200,94.502,0,0.1,OPEN,PVC,MYT,2014,8.00,Distribution Main,N/A,In Service,N/A,No,,,,,,,
24.8359097,,,Y,200,24.836,0,0.1,OPEN,PVC,MYT,2014,8.00,Distribution Main,N/A,In Service,N/A,No,,,,,,,
591.860725,,,Y,200,591.861,0,0.1,OPEN,PVC,MYT,2014,8.00,Distribution Main,N/A,In Service,N/A,No,,,,,,,
234.335505,,,Y,200,234.336,0,0.1,OPEN,PVC,MYT,2014,8.00,Distribution Main,N/A,In Service,N/A,No,,,,,,,
108.126196,,,Y,200,108.126,0,0.1,OPEN,PVC,MYT,2014,8.00,Distribution Main,N/A,In Service,N/A,No,,,,,,,
60.2521082,,,Y,200,60.252,0,0.1,OPEN,PVC,MYT,2014,8.00,Distribution Main,N/A,In Service,N/A,No,,,,,,,
842.701195,,,Y,250,842.701,0,0.1,OPEN,PVC,MYT,2014,10.00,Distribution Main,N/A,In Service,N/A,No,,,,,,,
1717.92986,,,Y,600,1717.930,0,0.1,OPEN,Steel,KREKAJ,2014,24.00,Transmission Main,2014,In Service,LTAP Lines,No,,,,,,,
1010.47892,,,Y,350,1010.479,0,0.1,OPEN,Steel,KREKAJ,2014,14.00,Transmission Main,2014,In Service,LTAP Lines,No,,,,,,,
109.603007,,,Y,150,109.603,0,0.1,OPEN,PVC,KREKAJ,2014,6.00,Distribution Main,06.2014,In Service,LTAP Extension lines,No,,,,,,,
58.1440823,,,Y,150,58.144,0,0.1,OPEN,PVC,KREKAJ,2014,6.00,Distribution Main,06.2014,In Service,LTAP Extension lines,No,,,,,,,
53.8762949,,,Y,150,53.876,0,0.1,OPEN,PVC,KREKAJ,2014,6.00,Distribution Main,06.2014,In Service,LTAP Extension lines,No,,,,,,,
105.348496,,,Y,150,105.348,0,0.1,OPEN,AC,KREKAJ,2014,6.00,Distribution Main,N/A,In Service,N/A,No,,,,,,,
740.905968,,,Y,50,740.906,0,0.1,OPEN,PVC,KREKAJ,2014,2.00,Distribution Main,N/A,In Service,N/A,No,,,,,,,
519.912197,,,Y,50,519.912,0,0.1,OPEN,PVC,KREKAJ,2014,2.00,Distribution Main,N/A,In Service,N/A,No,,,,,,,
12.0026011,,,Y,250,12.003,0,0.1,OPEN,PVC,KREKAJ,2014,10.00,Distribution Main,N/A,In Service,N/A,No,,,,,,,
95.0566328,,,Y,32,95.057,0,0.1,OPEN,PVC,KREKAJ,2014,1.25,Service Line,N/A,In Service,N/A,No,,,,,,,
64.1772772,,,Y,40,64.177,0,0.1,OPEN,PVC,KREKAJ,2014,1.50,Distribution Main,N/A,In Service,N/A,No,,,,,,,
368.611492,,,Y,40,368.611,0,0.1,OPEN,PVC,KREKAJ,2014,1.50,Distribution Main,N/A,In Service,N/A,No,,,,,,,
155.235617,,,Y,150,155.236,0,0.1,OPEN,AC,KREKAJ,2014,6.00,Distribution Main,N/A,In Service,N/A,No,,,,,,,
1792.39041,,,Y,150,1792.390,0,0.1,OPEN,AC,KREKAJ,2014,6.00,Distribution Main,N/A,In Service,N/A,No,,,,,,,
283.789083,,,Y,150,283.789,0,0.1,OPEN,AC,KREKAJ,2014,6.00,Distribution Main,N/A,In Service,N/A,No,,,,,,,
176.816673,,,Y,100,176.817,0,0.1,OPEN,PVC,KREKAJ,03.2015,4.00,Distribution Main,N/A,In Service,N/A,No,,,,,,,
39.5225775,,,Y,40,39.523,0,0.1,OPEN,PVC,KREKAJ,04.2015,1.50,Service Line,N/A,In Service,N/A,No,,,,,,,
1038.28738,,,Y,600,1038.287,0,0.1,OPEN,Steel,KREKAJ,2014,24.00,Transmission Main,2014,In Service,LTAP Lines,No,,,,,,,
148.682454,,,Y,50,148.682,0,0.1,OPEN,PVC,KREKAJ,01.2015,2.00,Distribution Main,10.2014,In Service,New Extensions,No,,,,,,,
302.461172,,,Y,50,302.461,0,0.1,OPEN,PVC,KREKAJ,01.2015,2.00,Distribution Main,12.2014,In Service,New Extensions,No,,,,,,,
107.086437,,,Y,700,107.086,0,0.1,OPEN,Steel,KREKAJ,2014,28.00,Transmission Main,2014,In Service,LTAP Lines,No,,,,,,,
436.126928,,,Y,100,436.127,0,0.1,OPEN,Steel,KREKAJ,2014,4.00,Distribution Main,2014,In Service,LTAP Lines,No,,,,,,,
6.23232325,,,Y,100,6.232,0,0.1,OPEN,Steel,KREKAJ,2014,4.00,Distribution Main,2014,In Service,LTAP Lines,No,,,,,,,
17.7003880,,,Y,100,17.700,0,0.1,OPEN,PVC,KREKAJ,2014,4.00,Distribution Main,2014,In Service,LTAP Lines,No,,,,,,,
1646.74130,,,Y,75,1646.741,0,0.1,OPEN,PVC,KREKAJ,2014,3.00,Distribution Main,N/A,In Service,N/A,No,,,,,,,
36.8369345,,,Y,75,36.837,0,0.1,CLOSED,PVC,KREKAJ,2014,3.00,Distribution Main,N/A,In Service,N/A,No,,,,,,,
607.030288,,,Y,50,607.030,0,0.1,OPEN,PVC,KREKAJ,2014,2.00,Distribution Main,N/A,In Service,N/A,No,,,,,,,
84.6967520,,,Y,50,84.697,0,0.1,OPEN,PVC,KREKAJ,2014,2.00,Distribution Main,02.2014,In Service,Lolwe DMA,No,,,,,,,
503.860503,,,Y,50,503.861,0,0.1,OPEN,PVC,KREKAJ,2014,2.00,Distribution Main,02.2014,In Service,Lolwe DMA,No,,,,,,,
238.059184,,,Y,50,238.059,0,0.1,CLOSED,PVC,KREKAJ,2014,2.00,Distribution Main,02.2014,In Service,Lolwe DMA,No,,,,,,,
334.304507,,,Y,100,334.305,0,0.1,OPEN,PVC,KREKAJ,2014,4.00,Distribution Main,02.2014,In Service,Lolwe DMA,No,,,,,,,
212.016667,,,Y,100,212.017,0,0.1,OPEN,PVC,KREKAJ,2014,4.00,Distribution Main,02.2014,In Service,Lolwe DMA,No,,,,,,,
105.185094,,,Y,150,105.185,0,0.1,OPEN,PVC,KREKAJ,2014,6.00,Distribution Main,N/A,In Service,N/A,No,,,,,,,
459.751566,,,Y,150,459.752,0,0.1,OPEN,PVC,KREKAJ,2014,6.00,Distribution Main,N/A,In Service,N/A,No,,,,,,,
501.527809,,,Y,150,501.528,0,0.1,OPEN,PVC,KREKAJ,2014,6.00,Distribution Main,N/A,In Service,N/A,No,,,,,,,
309.366059,,,Y,150,309.366,0,0.1,OPEN,PVC,KREKAJ,2014,6.00,Distribution Main,N/A,In Service,N/A,No,,,,,,,
7.25992295,,,Y,150,7.260,0,0.1,OPEN,PVC,KREKAJ,2014,6.00,Distribution Main,N/A,In Service,N/A,No,,,,,,,
111.154456,,,Y,150,111.154,0,0.1,OPEN,PVC,KREKAJ,2014,6.00,Distribution Main,N/A,In Service,N/A,No,,,,,,,
100.766788,,,Y,150,100.767,0,0.1,OPEN,PVC,KREKAJ,2014,6.00,Distribution Main,N/A,In Service,N/A,No,,,,,,,
2.70558481,,,Y,150,2.706,0,0.1,OPEN,PVC,KREKAJ,2014,6.00,Distribution Main,N/A,In Service,N/A,No,,,,,,,
168.911561,,,Y,150,168.912,0,0.1,OPEN,PVC,KREKAJ,2014,6.00,Distribution Main,N/A,In Service,N/A,No,,,,,,,
148.563833,,,Y,150,148.564,0,0.1,OPEN,PVC,KREKAJ,2014,6.00,Distribution Main,N/A,In Service,N/A,No,,,,,,,
263.972684,,,Y,150,263.973,0,0.1,OPEN,PVC,KREKAJ,2014,6.00,Distribution Main,N/A,In Service,N/A,No,,,,,,,
158.076150,,,Y,150,158.076,0,0.1,OPEN,PVC,KREKAJ,2014,6.00,Distribution Main,N/A,In Service,N/A,No,,,,,,,
63.0781467,,,Y,75,63.078,0,0.1,OPEN,GI,KREKAJ,2014,3.00,Distribution Main,N/A,In Service,N/A,No,,,,,,,
83.3600884,,,Y,75,83.360,0,0.1,OPEN,GI,KREKAJ,2014,3.00,Distribution Main,N/A,In Service,N/A,No,,,,,,,
54.0841177,,,Y,75,54.084,0,0.1,OPEN,GI,KREKAJ,2014,3.00,Distribution Main,N/A,In Service,N/A,No,,,,,,,
69.9069206,,,Y,75,69.907,0,0.1,OPEN,GI,KREKAJ,2014,3.00,Distribution Main,N/A,In Service,N/A,No,,,,,,,
65.7167113,,,Y,75,65.717,0,0.1,OPEN,GI,KREKAJ,2014,3.00,Distribution Main,N/A,In Service,N/A,No,,,,,,,
109.200898,,,Y,75,109.201,0,0.1,OPEN,GI,KREKAJ,2014,3.00,Distribution Main,N/A,In Service,N/A,No,,,,,,,
59.6209666,,,Y,75,59.621,0,0.1,OPEN,GI,KREKAJ,2014,3.00,Distribution Main,N/A,In Service,N/A,No,,,,,,,
63.7136094,,,Y,75,63.714,0,0.1,OPEN,GI,KREKAJ,2014,3.00,Distribution Main,N/A,In Service,N/A,No,,,,,,,
62.9423892,,,Y,75,62.942,0,0.1,OPEN,GI,KREKAJ,2014,3.00,Distribution Main,N/A,In Service,N/A,No,,,,,,,
56.6049158,,,Y,75,56.605,0,0.1,OPEN,GI,KREKAJ,2014,3.00,Distribution Main,N/A,In Service,N/A,No,,,,,,,
80.2601652,,,Y,75,80.260,0,0.1,OPEN,GI,KREKAJ,2014,3.00,Distribution Main,N/A,In Service,N/A,No,,,,,,,
177.153312,,,Y,100,177.153,0,0.1,OPEN,PVC,KREKAJ,2014,4.00,Distribution Main,N/A,In Service,N/A,No,,,,,,,
138.814312,,,Y,100,138.814,0,0.1,OPEN,PVC,KREKAJ,2014,4.00,Distribution Main,N/A,In Service,N/A,No,,,,,,,
41.1900356,,,Y,100,41.190,0,0.1,OPEN,GI,CBD,2014,4.00,Distribution Main,N/A,In Service,N/A,No,,,,,,,
150.961211,,,Y,100,150.961,0,0.1,OPEN,GI,CBD,2014,4.00,Distribution Main,N/A,In Service,N/A,No,,,,,,,
141.175129,,,Y,150,141.175,0,0.1,OPEN,GI,CBD,2014,6.00,Distribution Main,N/A,In Service,N/A,No,,,,,,,
116.472557,,,Y,150,116.473,0,0.1,OPEN,PVC,KREKAJ,2014,6.00,Distribution Main,06.2014,In Service,LTAP Extension lines,No,,,,,,,
76.5788222,,,Y,150,76.579,0,0.1,OPEN,PVC,KREKAJ,2014,6.00,Distribution Main,06.2014,In Service,LTAP Extension lines,No,,,,,,,
394.914816,,,Y,150,394.915,0,0.1,OPEN,PVC,KREKAJ,2014,6.00,Distribution Main,06.2014,In Service,LTAP Extension lines,No,,,,,,,
8.04417845,,,Y,150,8.044,0,0.1,OPEN,PVC,KREKAJ,2014,6.00,Distribution Main,06.2014,In Service,LTAP Extension lines,No,,,,,,,
52.4532252,,,Y,150,52.453,0,0.1,OPEN,PVC,KREKAJ,2014,6.00,Distribution Main,06.2014,In Service,LTAP Extension lines,No,,,,,,,
63.7153676,,,Y,150,63.715,0,0.1,OPEN,PVC,KREKAJ,2014,6.00,Distribution Main,06.2014,In Service,LTAP Extension lines,No,,,,,,,
286.361054,,,Y,75,286.361,0,0.1,OPEN,PVC,KREKAJ,2014,3.00,Distribution Main,06.2014,In Service,LTAP Extension lines,No,,,,,,,
81.5616068,,,Y,150,81.562,0,0.1,OPEN,PVC,KREKAJ,2014,6.00,Distribution Main,06.2014,In Service,LTAP Extension lines,No,,,,,,,
6.92452039,,,Y,100,6.925,0,0.1,OPEN,PVC,KREKAJ,2014,4.00,Distribution Main,2014,In Service,LTAP Extension lines,No,,,,,,,
272.729502,,,Y,50,272.730,0,0.1,OPEN,PVC,KREKAJ,2014,2.00,Distribution Main,2014,In Service,LTAP Extension lines,No,,,,,,,
36.9568531,,,Y,50,36.957,0,0.1,OPEN,PVC,KREKAJ,2014,2.00,Distribution Main,2014,In Service,LTAP Extension lines,No,,,,,,,
140.527890,,,Y,50,140.528,0,0.1,OPEN,PVC,KREKAJ,2014,2.00,Distribution Main,08.2014,In Service,LTAP Extension lines,No,,,,,,,
809.421529,,,Y,350,809.422,0,0.1,OPEN,Steel,KREKAJ,2014,14.00,Transmission Main,2014,In Service,LTAP Lines,No,,,,,,,
323.317556,,,Y,50,323.318,0,0.1,OPEN,PVC,CBD,2014,2.00,Distribution Main,2014,In Service,LTAP Extension lines,No,,,,,,,
3.18729242,,,Y,50,3.187,0,0.1,OPEN,PVC,CBD,2014,2.00,Distribution Main,2014,In Service,LTAP Extension lines,No,,,,,,,
17.8987776,,,Y,40,17.899,0,0.1,OPEN,PVC,CBD,2014,1.50,Distribution Main,2014,In Service,LTAP Extension lines,No,,,,,,,
8.04076152,,,Y,40,8.041,0,0.1,OPEN,PVC,CBD,2014,1.50,Distribution Main,2014,In Service,LTAP Extension lines,No,,,,,,,
332.291801,,,Y,300,332.292,0,0.1,OPEN,Steel,CBD,2014,12.00,Transmission Main,2014,In Service,LTAP Lines,No,,,,,,,
355.853896,,,Y,50,355.854,0,0.1,OPEN,PVC,CBD,01.2015,2.00,Distribution Main,09.2014,In Service,New Extensions,No,,,,,,,
480.507170,,,Y,300,480.507,0,0.1,OPEN,Steel,CBD,2014,12.00,Transmission Main,2014,In Service,LTAP Lines,No,,,,,,,
145.660613,,,Y,300,145.661,0,0.1,OPEN,Steel,CBD,2014,12.00,Transmission Main,2014,In Service,LTAP Lines,No,,,,,,,
413.277231,,,Y,600,413.277,0,0.1,OPEN,Steel,KREKAJ,2014,24.00,Transmission Main,2014,In Service,LTAP Lines,No,,,,,,,
150.071017,,,Y,400,150.071,0,0.1,OPEN,Steel,KREKAJ,2014,16.00,Transmission Main,2014,In Service,LTAP Lines,No,,,,,,,
51.0181800,,,Y,400,51.018,0,0.1,OPEN,Steel,CBD,2014,16.00,Transmission Main,2014,In Service,LTAP Lines,No,,,,,,,
74.3593861,,,Y,400,74.359,0,0.1,OPEN,Steel,CBD,2014,16.00,Transmission Main,2014,In Service,LTAP Lines,No,,,,,,,
7.32455325,,,Y,5000,7.325,0,0.1,OPEN,Steel,CBD,2014,200.0,Imaginary Lines,N/A,In Service,Imaginary Lines,No,,,,,,,
7.05927986,,,Y,5000,7.059,0,0.1,OPEN,Steel,CBD,2014,200.0,Imaginary Lines,N/A,In Service,Imaginary Lines,No,,,,,,,
370.643273,,,Y,200,370.643,0,0.1,OPEN,PVC,KREKAJ,2014,8.00,Distribution Main,N/A,In Service,N/A,No,,,,,,,
233.772754,,,Y,200,233.773,0,0.1,OPEN,PVC,KREKAJ,2014,8.00,Distribution Main,N/A,In Service,N/A,No,,,,,,,
32.0292616,,,Y,75,32.029,0,0.1,OPEN,PVC,KREKAJ,2014,3.00,Distribution Main,N/A,In Service,N/A,No,,,,,,,
38.6065895,,,Y,100,38.607,0,0.1,OPEN,PVC,KREKAJ,2014,4.00,Distribution Main,N/A,In Service,N/A,No,,,,,,,
45.7276717,,,Y,150,45.728,0,0.1,OPEN,PVC,KREKAJ,2014,6.00,Distribution Main,N/A,In Service,N/A,No,,,,,,,
73.1396018,,,Y,150,73.140,0,0.1,OPEN,PVC,KREKAJ,2014,6.00,Distribution Main,N/A,In Service,N/A,No,,,,,,,
905.861792,,,Y,350,905.862,0,0.1,OPEN,Steel,CBD,2014,14.00,Distribution Main,2014,In Service,LTAP Lines,No,,,,,,,
622.097394,,,Y,250,622.097,0,0.1,OPEN,Steel,CBD,2014,10.00,Distribution Main,2014,In Service,LTAP Lines,No,,,,,,,
170.963428,,,Y,250,170.963,0,0.1,OPEN,Steel,CBD,2014,10.00,Distribution Main,2014,In Service,LTAP Lines,No,,,,,,,
227.188161,,,Y,250,227.188,0,0.1,OPEN,Steel,CBD,2014,10.00,Distribution Main,2014,In Service,LTAP Lines,No,,,,,,,
460.456909,,,Y,250,460.457,0,0.1,OPEN,Steel,CBD,2014,10.00,Distribution Main,2014,In Service,LTAP Lines,No,,,,,,,
785.043479,,,Y,250,785.043,0,0.1,OPEN,Steel,CBD,2014,10.00,Distribution Main,2014,In Service,LTAP Lines,No,,,,,,,
848.603347,,,Y,200,848.603,0,0.1,OPEN,Steel,CBD,2014,8.00,Distribution Main,2014,In Service,LTAP Lines,No,,,,,,,
70.4159063,,,Y,200,70.416,0,0.1,OPEN,Steel,CBD,2014,8.00,Distribution Main,2014,In Service,LTAP Lines,No,,,,,,,
121.815641,,,Y,200,121.816,0,0.1,OPEN,Steel,CBD,2014,8.00,Distribution Main,2014,In Service,LTAP Lines,No,,,,,,,
134.628860,,,Y,50,134.629,0,0.1,OPEN,PVC,CBD,01.2015,2.00,Distribution Main,12.2014,In Service,New Extensions,No,,,,,,,
213.487032,,,Y,75,213.487,0,0.1,OPEN,PVC,CBD,01.2015,3.00,Distribution Main,09.2014,In Service,New Extensions,No,,,,,,,
238.226278,,,Y,100,238.226,0,0.1,OPEN,GI,CBD,2014,4.00,Distribution Main,N/A,In Service,N/A,No,,,,,,,
370.357189,,,Y,150,370.357,0,0.1,OPEN,AC,CBD,2014,6.00,Distribution Main,N/A,In Service,N/A,No,,,,,,,
418.872727,,,Y,100,418.873,0,0.1,OPEN,PVC,KREKAJ,2014,4.00,Distribution Main,N/A,In Service,N/A,No,,,,,,,
601.633277,,,Y,100,601.633,0,0.1,OPEN,PVC,KREKAJ,2014,4.00,Distribution Main,N/A,In Service,N/A,No,,,,,,,
382.338763,,,Y,100,382.339,0,0.1,OPEN,PVC,KREKAJ,2014,4.00,Distribution Main,N/A,In Service,N/A,No,,,,,,,
215.345685,,,Y,150,215.346,0,0.1,OPEN,PVC,CBD,2014,6.00,Distribution Main,N/A,In Service,N/A,No,,,,,,,
569.294966,,,N,250,569.295,0,0.1,OPEN,PVC,CBD,2014,10.00,Distribution Main,N/A,In Service,N/A,No,,,,,,,
1452.50910,,,Y,100,1452.509,0,0.1,OPEN,PVC,CBD,2014,4.00,Distribution Main,N/A,In Service,N/A,No,,,,,,,
1366.45954,,,Y,100,1366.460,0,0.1,OPEN,PVC,CBD,2014,4.00,Distribution Main,N/A,In Service,N/A,No,,,,,,,
414.356950,,,Y,100,414.357,0,0.1,OPEN,PVC,CBD,2014,4.00,Distribution Main,N/A,In Service,N/A,No,,,,,,,
10.9296921,,,Y,50,10.930,0,0.1,OPEN,PVC,KREKAJ,2014,2.00,Distribution Main,2014,In Service,Pamoja Trust Funded -DMM,No,,,,,,,
16.8209098,,,Y,50,16.821,0,0.1,OPEN,PVC,KREKAJ,2014,2.00,Distribution Main,2014,In Service,Pamoja Trust Funded -DMM,No,,,,,,,
139.939964,,,Y,50,139.940,0,0.1,OPEN,PVC,KREKAJ,2014,2.00,Distribution Main,N/A,In Service,DMM,No,,,,,,,
260.772784,,,Y,50,260.773,0,0.1,OPEN,PVC,KREKAJ,2014,2.00,Distribution Main,N/A,In Service,DMM,No,,,,,,,
50.1456880,,,Y,50,50.146,0,0.1,OPEN,PVC,KREKAJ,2014,2.00,Distribution Main,N/A,In Service,Pamoja Trust Funded -DMM,No,,,,,,,
22.2946677,,,Y,50,22.295,0,0.1,OPEN,PVC,KREKAJ,2014,2.00,Distribution Main,N/A,In Service,Pamoja Trust Funded -DMM,No,,,,,,,
111.661210,,,Y,50,111.661,0,0.1,OPEN,PVC,KREKAJ,2014,2.00,Distribution Main,N/A,In Service,DMM,No,,,,,,,
65.5764057,,,Y,50,65.576,0,0.1,OPEN,PVC,KREKAJ,2014,2.00,Distribution Main,2014,In Service,Pamoja Trust Funded -DMM,No,,,,,,,
7.30310072,,,Y,50,7.303,0,0.1,OPEN,PVC,KREKAJ,2014,2.00,Distribution Main,2014,In Service,Pamoja Trust Funded -DMM,No,,,,,,,
7.98788605,,,Y,50,7.988,0,0.1,OPEN,PVC,KREKAJ,2014,2.00,Distribution Main,2014,In Service,Pamoja Trust Funded -DMM,No,,,,,,,
138.184564,,,Y,50,138.185,0,0.1,OPEN,PVC,KREKAJ,2014,2.00,Distribution Main,2014,In Service,Pamoja Trust Funded -DMM,No,,,,,,,
146.896547,,,Y,50,146.897,0,0.1,OPEN,PVC,KREKAJ,2014,2.00,Distribution Main,2014,In Service,Pamoja Trust Funded -DMM,No,,,,,,,
17.0086524,,,Y,50,17.009,0,0.1,OPEN,PVC,KREKAJ,2014,2.00,Distribution Main,2014,In Service,Pamoja Trust Funded -DMM,No,,,,,,,
134.211668,,,Y,150,134.212,0,0.1,OPEN,PVC,KREKAJ,2014,6.00,Distribution Main,N/A,In Service,N/A,No,,,,,,,
936.327426,,,Y,600,936.327,0,0.1,OPEN,Steel,KREKAJ,2014,24.00,Transmission Main,2014,In Service,LTAP Lines,No,,,,,,,
789.715160,,,Y,100,789.715,0,0.1,OPEN,PVC,KREKAJ,2014,4.00,Distribution Main,N/A,In Service,N/A,No,,,,,,,
87.5717735,,,Y,100,87.572,0,0.1,OPEN,PVC,KREKAJ,2014,4.00,Distribution Main,N/A,In Service,N/A,No,,,,,,,
327.424689,,,Y,75,327.425,0,0.1,OPEN,PVC,KREKAJ,2014,3.00,Distribution Main,N/A,In Service,N/A,No,,,,,,,
81.6284413,,,Y,75,81.628,0,0.1,OPEN,PVC,KREKAJ,2014,3.00,Distribution Main,N/A,In Service,N/A,No,,,,,,,
130.344408,,,Y,100,130.344,0,0.1,OPEN,PVC,KREKAJ,2014,4.00,Distribution Main,N/A,In Service,N/A,No,,,,,,,
40.3440146,,,Y,150,40.344,0,0.1,OPEN,PVC,KREKAJ,2014,6.00,Distribution Main,N/A,In Service,N/A,No,,,,,,,
269.327258,,,Y,150,269.327,0,0.1,OPEN,PVC,KREKAJ,2014,6.00,Distribution Main,N/A,In Service,N/A,No,,,,,,,
97.1799314,,,Y,150,97.180,0,0.1,OPEN,PVC,KREKAJ,2014,6.00,Distribution Main,N/A,In Service,N/A,No,,,,,,,
43.1648012,,,Y,150,43.165,0,0.1,OPEN,PVC,KREKAJ,2014,6.00,Distribution Main,N/A,In Service,N/A,No,,,,,,,
161.907532,,,Y,150,161.908,0,0.1,OPEN,PVC,KREKAJ,2014,6.00,Distribution Main,N/A,In Service,N/A,No,,,,,,,
69.6291453,,,Y,75,69.629,0,0.1,OPEN,PVC,KREKAJ,2014,3.00,Distribution Main,N/A,In Service,N/A,No,,,,,,,
230.076399,,,Y,100,230.076,0,0.1,OPEN,PVC,KREKAJ,2014,4.00,Distribution Main,N/A,In Service,N/A,No,,,,,,,
349.257176,,,Y,100,349.257,0,0.1,OPEN,PVC,KREKAJ,2014,4.00,Distribution Main,N/A,In Service,N/A,No,,,,,,,
222.579931,,,Y,150,222.580,0,0.1,OPEN,PVC,KREKAJ,2014,6.00,Distribution Main,N/A,In Service,N/A,No,,,,,,,
277.026312,,,Y,150,277.026,0,0.1,OPEN,PVC,KREKAJ,2014,6.00,Distribution Main,N/A,In Service,N/A,No,,,,,,,
547.370195,,,Y,150,547.370,0,0.1,OPEN,PVC,KREKAJ,2014,6.00,Distribution Main,N/A,In Service,N/A,No,,,,,,,
469.156444,,,Y,150,469.156,0,0.1,OPEN,PVC,KREKAJ,2014,6.00,Distribution Main,N/A,In Service,N/A,No,,,,,,,
160.167552,,,Y,75,160.168,0,0.1,OPEN,PVC,MYT,2014,3.00,Distribution Main,N/A,In Service,N/A,No,,,,,,,
27.2689125,,,Y,75,27.269,0,0.1,OPEN,PVC,KREKAJ,2014,3.00,Distribution Main,N/A,In Service,N/A,No,,,,,,,
494.034472,,,Y,50,494.034,0,0.1,OPEN,PVC,MYT,2014,2.00,Distribution Main,N/A,In Service,N/A,No,,,,,,,
44.1769293,,,Y,50,44.177,0,0.1,OPEN,PVC,MYT,2014,2.00,Distribution Main,N/A,In Service,N/A,No,,,,,,,
238.857907,,,Y,50,238.858,0,0.1,OPEN,PVC,MYT,2014,2.00,Distribution Main,N/A,In Service,N/A,No,,,,,,,
1227.28487,,,Y,75,1227.285,0,0.1,OPEN,PVC,KREKAJ,2014,3.00,Distribution Main,N/A,In Service,N/A,No,,,,,,,
4.28614502,,,Y,50,4.286,0,0.1,OPEN,PVC,MYT,2014,2.00,Distribution Main,2014,In Service,N/A,No,,,,,,,
250.696017,,,Y,75,250.696,0,0.1,OPEN,HDPE,MYT,21.12.2020,3.00,Distribution Main,2019,In Service,N/A,No,,,,,,,
29.4984710,,,Y,75,29.498,0,0.1,OPEN,HDPE,MYT,21.12.2020,3.00,Distribution Main,2019,In Service,N/A,No,,,,,,,
130.865174,,,Y,100,130.865,0,0.1,OPEN,PVC,MYT,2014,4.00,Distribution Main,N/A,In Service,off take from Manyatta Primary School.,No,,,,,,,
162.975835,,,Y,100,162.976,0,0.1,OPEN,PVC,MYT,2014,4.00,Distribution Main,N/A,In Service,off take from Manyatta Primary School.,No,,,,,,,
288.600982,,,Y,50,288.601,0,0.1,OPEN,PVC,MYT,2014,2.00,Distribution Main,2014,In Service,N/A,No,,,,,,,
113.298337,,,Y,50,113.298,0,0.1,OPEN,PVC,MYT,2014,2.00,Distribution Main,2014,In Service,N/A,No,,,,,,,
216.385184,,,Y,50,216.385,0,0.1,OPEN,PVC,MYT,2014,2.00,Distribution Main,2014,In Service,N/A,No,,,,,,,
27.6897441,,,Y,50,27.690,0,0.1,OPEN,PVC,MYT,2014,2.00,Distribution Main,2014,In Service,N/A,No,,,,,,,
153.304420,,,Y,75,153.304,0,0.1,OPEN,PVC,MYT,2014,3.00,Distribution Main,01.2012,In Service,Managed by DMM,No,,,,,,,
99.7892009,,,Y,75,99.789,0,0.1,OPEN,PVC,MYT,2014,3.00,Distribution Main,01.2012,In Service,Managed by DMM,No,,,,,,,
50.5043123,,,Y,50,50.504,0,0.1,OPEN,PVC,MYT,2014,2.00,Distribution Main,2014,In Service,N/A,No,,,,,,,
192.631120,,,Y,50,192.631,0,0.1,OPEN,PVC,MYT,2014,2.00,Distribution Main,2014,In Service,N/A,No,,,,,,,
266.724916,,,Y,40,266.725,0,0.1,OPEN,PVC,MYT,2014,1.50,Distribution Main,01.2012,In Service,Managed by DMM,No,,,,,,,
60.0516112,,,Y,50,60.052,0,0.1,OPEN,PVC,MYT,2014,2.00,Distribution Main,01.2012,In Service,Managed by DMM,No,,,,,,,
256.985719,,,Y,350,256.986,0,0.1,OPEN,PVC,MYT,2014,14.00,Distribution Main,2014,In Service,LTAP Lines,No,,,,,,,
39.0518342,,,Y,50,39.052,0,0.1,OPEN,PVC,MYT,2014,2.00,Distribution Main,N/A,In Service,N/A,No,,,,,,,
28.7110136,,,Y,50,28.711,0,0.1,OPEN,PVC,MYT,2014,2.00,Distribution Main,N/A,In Service,N/A,No,,,,,,,
102.114479,,,Y,50,102.114,0,0.1,OPEN,PVC,MYT,2014,2.00,Distribution Main,N/A,In Service,N/A,No,,,,,,,
54.0499920,,,Y,50,54.050,0,0.1,OPEN,PVC,MYT,2014,2.00,Distribution Main,N/A,In Service,N/A,No,,,,,,,
94.7332089,,,Y,25,94.733,0,0.1,OPEN,PVC,MYT,2014,1.00,Service Line,N/A,In Service,N/A,No,,,,,,,
82.6859129,,,Y,25,82.686,0,0.1,OPEN,PVC,MYT,2014,1.00,Service Line,N/A,In Service,N/A,No,,,,,,,
9.90383688,,,Y,25,9.904,0,0.1,OPEN,PVC,MYT,2014,1.00,Service Line,N/A,In Service,N/A,No,,,,,,,
24.0271070,,,Y,25,24.027,0,0.1,OPEN,PVC,MYT,2014,1.00,Service Line,N/A,In Service,N/A,No,,,,,,,
9.70884154,,,Y,25,9.709,0,0.1,OPEN,PVC,MYT,2014,1.00,Service Line,N/A,In Service,N/A,No,,,,,,,
8.18180856,,,Y,25,8.182,0,0.1,OPEN,PVC,MYT,2014,1.00,Service Line,N/A,In Service,N/A,No,,,,,,,
17.3750516,,,Y,25,17.375,0,0.1,OPEN,PVC,MYT,2014,1.00,Service Line,N/A,In Service,N/A,No,,,,,,,
37.6912031,,,Y,50,37.691,0,0.1,OPEN,PVC,ME,2014,2.00,Distribution Main,03.2014,In Service,N/A,No,,,,,,,
24.3337932,,,Y,50,24.334,0,0.1,OPEN,PVC,ME,2014,2.00,Distribution Main,03.2014,In Service,N/A,No,,,,,,,
20.1742863,,,Y,50,20.174,0,0.1,OPEN,PVC,ME,2014,2.00,Distribution Main,03.2014,In Service,N/A,No,,,,,,,
32.3253412,,,Y,50,32.325,0,0.1,OPEN,PVC,ME,2014,2.00,Distribution Main,03.2014,In Service,N/A,No,,,,,,,
24.0289484,,,Y,50,24.029,0,0.1,OPEN,PVC,ME,2014,2.00,Distribution Main,03.2014,In Service,N/A,No,,,,,,,
59.7999941,,,Y,50,59.800,0,0.1,OPEN,PVC,ME,2014,2.00,Distribution Main,03.2014,In Service,N/A,No,,,,,,,
19.0251752,,,Y,40,19.025,0,0.1,OPEN,PVC,ME,2014,1.50,Distribution Main,N/A,In Service,N/A,No,,,,,,,
8.60869087,,,Y,40,8.609,0,0.1,OPEN,PVC,ME,2014,1.50,Distribution Main,N/A,In Service,N/A,No,,,,,,,
3.69772970,,,Y,40,3.698,0,0.1,OPEN,PVC,ME,2014,1.50,Distribution Main,N/A,In Service,N/A,No,,,,,,,
32.3459587,,,Y,40,32.346,0,0.1,OPEN,PVC,ME,2014,1.50,Distribution Main,N/A,In Service,N/A,No,,,,,,,
15.2858485,,,Y,40,15.286,0,0.1,OPEN,PVC,ME,2014,1.50,Distribution Main,N/A,In Service,N/A,No,,,,,,,
37.4053299,,,Y,25,37.405,0,0.1,OPEN,PVC,ME,2014,1.00,Service Line,N/A,In Service,N/A,No,,,,,,,
29.6757366,,,Y,20,29.676,0,0.1,OPEN,PVC,ME,2014,0.75,Service Line,N/A,In Service,N/A,No,,,,,,,
9.93705428,,,Y,25,9.937,0,0.1,OPEN,PVC,ME,2014,1.00,Service Line,05.2014,In Service,N/A,No,,,,,,,
26.5335331,,,Y,25,26.534,0,0.1,OPEN,PVC,ME,2014,1.00,Service Line,N/A,In Service,N/A,No,,,,,,,
11.4712735,,,Y,25,11.471,0,0.1,OPEN,PVC,ME,2014,1.00,Service Line,N/A,In Service,N/A,No,,,,,,,
43.1324352,,,Y,40,43.132,0,0.1,OPEN,GI,ME,2014,1.50,Distribution Main,N/A,In Service,N/A,No,,,,,,,
18.2059270,,,Y,20,18.206,0,0.1,OPEN,PVC,ME,2014,0.75,Service Line,05.2014,In Service,N/A,No,,,,,,,
35.1559109,,,Y,50,35.156,0,0.1,OPEN,PVC,ME,2014,2.00,Distribution Main,N/A,In Service,N/A,No,,,,,,,
33.1684639,,,Y,25,33.168,0,0.1,OPEN,PVC,ME,2014,1.00,Service Line,N/A,In Service,N/A,No,,,,,,,
1236.31611,,,Y,75,1236.316,0,0.1,OPEN,GI,ME,2014,3.00,Distribution Main,N/A,In Service,N/A,No,,,,,,,
435.918518,,,Y,32,435.919,0,0.1,OPEN,GI,MYT,2014,1.25,Service Line,N/A,In Service,N/A,No,,,,,,,
276.205001,,,Y,100,276.205,0,0.1,OPEN,PVC,MYT,2014,4.00,Distribution Main,2014,In Service,LTAP Lines,No,,,,,,,
10.0704364,,,Y,100,10.070,0,0.1,OPEN,PVC,MYT,2014,4.00,Distribution Main,2014,In Service,LTAP Lines,No,,,,,,,
52.0395043,,,Y,32,52.040,0,0.1,OPEN,GI,MYT,2014,1.25,Service Line,N/A,In Service,N/A,No,,,,,,,
87.9149072,,,Y,32,87.915,0,0.1,OPEN,GI,MYT,2014,1.25,Service Line,N/A,In Service,N/A,No,,,,,,,
79.8511878,,,Y,32,79.851,0,0.1,OPEN,GI,MYT,2014,1.25,Service Line,N/A,In Service,N/A,No,,,,,,,
7.64865180,,,Y,32,7.649,0,0.1,OPEN,GI,MYT,2014,1.25,Service Line,N/A,In Service,N/A,No,,,,,,,
29.6522688,,,Y,50,29.652,0,0.1,OPEN,GI,MYT,2014,2.00,Distribution Main,N/A,In Service,N/A,No,,,,,,,
247.044368,,,Y,32,247.044,0,0.1,OPEN,GI,MYT,2014,1.25,Service Line,N/A,In Service,N/A,No,,,,,,,
246.667266,,,Y,32,246.667,0,0.1,OPEN,GI,MYT,2014,1.25,Service Line,N/A,In Service,N/A,No,,,,,,,
246.508407,,,Y,32,246.508,0,0.1,OPEN,GI,MYT,2014,1.25,Service Line,N/A,In Service,N/A,No,,,,,,,
32.8141341,,,Y,32,32.814,0,0.1,OPEN,GI,MYT,2014,1.25,Service Line,N/A,In Service,N/A,No,,,,,,,
120.235353,,,Y,40,120.235,0,0.1,OPEN,GI,MYT,2014,1.50,Distribution Main,N/A,In Service,N/A,No,,,,,,,
50.1588806,,,Y,32,50.159,0,0.1,OPEN,GI,MYT,2014,1.25,Service Line,N/A,In Service,N/A,No,,,,,,,
102.890944,,,Y,100,102.891,0,0.1,OPEN,Steel,CBD,04.2015,4.00,Distribution Main,N/A,In Service,Russia Line,No,,,,,,,
17.1585261,,,Y,100,17.159,0,0.1,CLOSED,Steel,CBD,04.2015,4.00,Distribution Main,N/A,In Service,N/A,No,,,,,,,
4.54330260,,,Y,100,4.543,0,0.1,OPEN,Steel,CBD,04.2015,4.00,Distribution Main,N/A,In Service,N/A,No,,,,,,,
32.8075488,,,Y,100,32.808,0,0.1,OPEN,Steel,CBD,04.2015,4.00,Distribution Main,N/A,In Service,N/A,No,,,,,,,
2.59660646,,,Y,5000,2.597,0,0.1,OPEN,Steel,CBD,2014,200.0,Imaginary Lines,N/A,In Service,Imaginary Lines,No,,,,,,,
4.17163353,,,Y,5000,4.172,0,0.1,OPEN,Steel,CBD,2014,200.0,Imaginary Lines,N/A,In Service,Imaginary Lines,No,,,,,,,
98.3420571,,,Y,250,98.342,0,0.1,OPEN,Steel,CBD,04.2015,10.00,Distribution Main,N/A,In Service,N/A,No,,,,,,,
6.94736267,,,Y,5000,6.947,0,0.1,OPEN,Steel,CBD,2014,200.0,Imaginary Lines,N/A,In Service,Imaginary Lines,No,,,,,,,
4.70895304,,,Y,100,4.709,0,0.1,OPEN,Steel,CBD,2014,4.00,Distribution Main,N/A,In Service,N/A,No,,,,,,,
4.02652371,,,Y,100,4.027,0,0.1,OPEN,Steel,CBD,2014,4.00,Distribution Main,N/A,In Service,N/A,No,,,,,,,
7.52788756,,,Y,100,7.528,0,0.1,CLOSED,Steel,CBD,2014,4.00,Distribution Main,N/A,In Service,N/A,No,,,,,,,
11.7265807,,,Y,100,11.727,0,0.1,CLOSED,Steel,CBD,2014,4.00,Distribution Main,N/A,In Service,N/A,No,,,,,,,
7.71955154,,,Y,100,7.720,0,0.1,CLOSED,Steel,CBD,2014,4.00,Distribution Main,N/A,In Service,N/A,No,,,,,,,
18.8197358,,,Y,600,18.820,0,0.1,OPEN,Steel,CBD,2014,24.00,Distribution Main,N/A,In Service,N/A,No,,,,,,,
2.64070778,,,Y,200,2.641,0,0.1,OPEN,Steel,CBD,2014,8.00,Distribution Main,N/A,In Service,N/A,No,,,,,,,
0.64370778,,,Y,200,0.644,0,0.1,OPEN,Steel,CBD,2014,8.00,Distribution Main,N/A,In Service,N/A,No,,,,,,,
0.99037863,,,Y,200,0.990,0,0.1,OPEN,Steel,CBD,2014,8.00,Distribution Main,N/A,In Service,N/A,No,,,,,,,
4.51649772,,,Y,200,4.516,0,0.1,OPEN,Steel,CBD,2014,8.00,Distribution Main,N/A,In Service,N/A,No,,,,,,,
4.50329242,,,Y,200,4.503,0,0.1,OPEN,Steel,CBD,2014,8.00,Distribution Main,N/A,In Service,N/A,No,,,,,,,
4.48138348,,,Y,200,4.481,0,0.1,OPEN,Steel,CBD,2014,8.00,Distribution Main,N/A,In Service,N/A,No,,,,,,,
4.54215639,,,Y,200,4.542,0,0.1,OPEN,Steel,CBD,2014,8.00,Distribution Main,N/A,In Service,N/A,No,,,,,,,
18.0691031,,,Y,200,18.069,0,0.1,CLOSED,Steel,CBD,2014,8.00,Distribution Main,N/A,In Service,N/A,No,,,,,,,
13.1593137,,,Y,200,13.159,0,0.1,CLOSED,Steel,CBD,2014,8.00,Distribution Main,N/A,In Service,N/A,No,,,,,,,
1.78537819,,,Y,200,1.785,0,0.1,OPEN,Steel,CBD,2014,8.00,Distribution Main,N/A,In Service,N/A,No,,,,,,,
2.07237532,,,Y,200,2.072,0,0.1,OPEN,Steel,CBD,2014,8.00,Distribution Main,N/A,In Service,N/A,No,,,,,,,
11.6817160,,,Y,300,11.682,0,0.1,OPEN,Steel,CBD,2014,12.00,Distribution Main,N/A,In Service,N/A,No,,,,,,,
20.2168947,,,Y,600,20.217,0,0.1,OPEN,Steel,CBD,2014,24.00,Distribution Main,N/A,In Service,N/A,No,,,,,,,
8.63223913,,,Y,200,8.632,0,0.1,OPEN,Steel,CBD,2014,8.00,Distribution Main,N/A,In Service,N/A,No,,,,,,,
2.15595560,,,Y,200,2.156,0,0.1,OPEN,Steel,CBD,2014,8.00,Distribution Main,N/A,In Service,N/A,No,,,,,,,
2.27121851,,,Y,200,2.271,0,0.1,CLOSED,Steel,CBD,2014,8.00,Distribution Main,N/A,In Service,N/A,No,,,,,,,
2.42488464,,,Y,200,2.425,0,0.1,CLOSED,Steel,CBD,2014,8.00,Distribution Main,N/A,In Service,N/A,No,,,,,,,
2.49961015,,,Y,200,2.500,0,0.1,CLOSED,Steel,CBD,2014,8.00,Distribution Main,N/A,In Service,N/A,No,,,,,,,
2.53298414,,,Y,200,2.533,0,0.1,CLOSED,Steel,CBD,2014,8.00,Distribution Main,N/A,In Service,N/A,No,,,,,,,
2.48556173,,,Y,200,2.486,0,0.1,CLOSED,Steel,CBD,2014,8.00,Distribution Main,N/A,In Service,N/A,No,,,,,,,
2.01569824,,,Y,200,2.016,0,0.1,OPEN,Steel,CBD,2014,8.00,Distribution Main,N/A,In Service,N/A,No,,,,,,,
1.93061907,,,Y,200,1.931,0,0.1,OPEN,Steel,CBD,2014,8.00,Distribution Main,N/A,In Service,N/A,No,,,,,,,
1.94387419,,,Y,200,1.944,0,0.1,OPEN,Steel,CBD,2014,8.00,Distribution Main,N/A,In Service,N/A,No,,,,,,,
76.8132978,,,Y,250,76.813,0,0.1,OPEN,Steel,CBD,2014,10.00,Distribution Main,N/A,In Service,N/A,No,,,,,,,
3.54633463,,,Y,300,3.546,0,0.1,OPEN,Steel,CBD,2014,12.00,Distribution Main,N/A,In Service,N/A,No,,,,,,,
26.4807049,,,Y,250,26.481,0,0.1,OPEN,PVC,CBD,2014,10.00,Distribution Main,N/A,In Service,N/A,No,,,,,,,
3.20420643,,,Y,300,3.204,0,0.1,OPEN,Steel,CBD,2014,12.00,Distribution Main,N/A,In Service,N/A,No,,,,,,,
8.04930221,,,Y,350,8.049,0,0.1,OPEN,PVC,CBD,2014,14.00,Distribution Main,2014,In Service,LTAP Lines,No,,,,,,,
14.1481782,,,Y,400,14.148,0,0.1,OPEN,Steel,CBD,2014,16.00,Transmission Main,2014,In Service,LTAP Lines,No,,,,,,,
313.925419,,,Y,250,313.925,0,0.1,OPEN,PVC,CBD,2014,10.00,Distribution Main,N/A,In Service,N/A,No,,,,,,,
21.3714173,,,Y,350,21.371,0,0.1,CLOSED,Steel,CBD,2014,14.00,Distribution Main,N/A,In Service,N/A,No,,,,,,,
1.15993180,,,Y,350,1.160,0,0.1,CLOSED,PVC,CBD,2014,14.00,Transmission Main,N/A,In Service,Supplies water to Kibuye.,No,,,,,,,
35.6588412,,,Y,350,35.659,0,0.1,OPEN,PVC,CBD,2014,14.00,Distribution Main,2014,In Service,LTAP Lines,No,,,,,,,
7.83809065,,,Y,400,7.838,0,0.1,OPEN,Steel,CBD,2014,16.00,Distribution Main,N/A,In Service,N/A,No,,,,,,,
7.82661947,,,Y,400,7.827,0,0.1,OPEN,Steel,CBD,2014,16.00,Distribution Main,N/A,In Service,N/A,No,,,,,,,
10.8379468,,,Y,400,10.838,0,0.1,OPEN,Steel,CBD,2014,16.00,Transmission Main,2014,In Service,LTAP Lines,No,,,,,,,
4.77548835,,,Y,220,4.775,0,0.1,CLOSED,Steel,CBD,2014,8.00,Distribution Main,N/A,In Service,N/A,No,,,,,,,
17.0988653,,,Y,5000,17.099,0,0.1,CLOSED,Steel,CBD,2014,200.0,Imaginary Lines,N/A,In Service,Imaginary Lines,No,,,,,,,
15.8477882,,,Y,5000,15.848,0,0.1,CLOSED,Steel,CBD,2014,200.0,Imaginary Lines,N/A,In Service,Imaginary Lines,No,,,,,,,
75.4328076,,,Y,350,75.433,0,0.1,OPEN,PVC,CBD,2014,14.00,Distribution Main,N/A,In Service,N/A,No,,,,,,,
139.373541,,,Y,150,139.374,0,0.1,OPEN,GI,CBD,2014,6.00,Distribution Main,N/A,In Service,N/A,No,,,,,,,
129.937949,,,Y,150,129.938,0,0.1,OPEN,GI,CBD,2014,6.00,Distribution Main,N/A,In Service,N/A,No,,,,,,,
1047.69928,,,Y,125,1047.699,0,0.1,OPEN,GI,CBD,2014,5.00,Distribution Main,N/A,In Service,N/A,No,,,,,,,
3.68553482,,,Y,200,3.686,0,0.1,OPEN,Steel,CBD,2014,8.00,Distribution Main,N/A,In Service,N/A,No,,,,,,,
353.311989,,,Y,350,353.312,0,0.1,OPEN,PVC,CBD,2014,14.00,Transmission Main,N/A,In Service,Supplies water to Kibuye.,No,,,,,,,
665.941374,,,Y,75,665.941,0,0.1,OPEN,GI,MYT,2014,3.00,Distribution Main,N/A,In Service,N/A,No,,,,,,,
9.71163494,,,Y,220,9.712,0,0.1,OPEN,GI,MIL,2014,8.80,Distribution Main,N/A,In Service,Supplies water to Kibuye.,No,,,,,,,
916.235305,,,Y,400,916.235,0,0.1,OPEN,Steel,CBD,2014,16.00,Transmission Main,2014,In Service,LTAP Lines,No,,,,,,,
432.450442,,,Y,32,432.450,0,0.1,OPEN,GI,ME,2014,1.25,Service Line,N/A,In Service,N/A,No,,,,,,,
375.796657,,,Y,100,375.797,0,0.1,OPEN,PVC,MYT,2014,4.00,Distribution Main,N/A,In Service,Off take from Corner Maji,No,,,,,,,
495.869337,,,Y,700,495.869,0,0.1,OPEN,Steel,KREKAJ,2014,28.00,Transmission Main,2014,In Service,LTAP Lines,No,,,,,,,
2154.51530,,,Y,700,2154.515,0,0.1,OPEN,Steel,KREKAJ,2014,28.00,Transmission Main,2014,In Service,LTAP Lines,No,,,,,,,
612.082089,,,Y,700,612.082,0,0.1,OPEN,Steel,KREKAJ,2014,28.00,Transmission Main,2014,In Service,LTAP Lines,No,,,,,,,
2354.90326,,,Y,600,2354.903,0,0.1,OPEN,Steel,KREKAJ,2014,24.00,Transmission Main,2014,In Service,LTAP Lines,No,,,,,,,
487.692357,,,Y,200,487.692,0,0.1,OPEN,Steel,KREKAJ,2014,8.00,Transmission Main,2014,In Service,LTAP Lines,No,,,,,,,
225.155363,,,Y,100,225.155,0,0.1,OPEN,PVC,KREKAJ,2014,4.00,Distribution Main,N/A,In Service,Mama Leah,No,,,,,,,
116.457420,,,Y,100,116.457,0,0.1,OPEN,PVC,CBD,2014,4.00,Distribution Main,N/A,In Service,N/A,No,,,,,,,
67.6271058,,,Y,32,67.627,0,0.1,OPEN,GI,MYT,2014,1.25,Service Line,N/A,In Service,N/A,No,,,,,,,
52.2011261,,,Y,32,52.201,0,0.1,OPEN,GI,MYT,2014,1.25,Service Line,N/A,In Service,N/A,No,,,,,,,
67.3588861,,,Y,32,67.359,0,0.1,OPEN,GI,MYT,2014,1.25,Service Line,N/A,In Service,N/A,No,,,,,,,
445.240518,,,Y,100,445.241,0,0.1,OPEN,PVC,MYT,2014,4.00,Distribution Main,2014,In Service,LTAP Lines,No,,,,,,,
3593.97462,,,Y,200,3593.975,0,0.1,OPEN,Steel,KREKAJ,2014,8.00,Distribution Main,2014,In Service,LTAP Lines,No,,,,,,,
1134.07099,,,Y,100,1134.071,0,0.1,OPEN,PVC,MYT,2014,4.00,Distribution Main,2014,In Service,LTAP Lines,No,,,,,,,
56.9303218,,,Y,75,56.930,0,0.1,OPEN,PVC,KREKAJ,2014,3.00,Distribution Main,06.2014,In Service,LTAP Extension lines,No,,,,,,,
419.237170,,,Y,225,419.237,0,0.1,OPEN,AC,MIL,2014,9.00,Distribution Main,N/A,In Service,N/A,No,,,,,,,
291.537323,,,Y,75,291.537,0,0.1,OPEN,AC,MIL,2014,3.00,Distribution Main,N/A,In Service,N/A,No,,,,,,,
925.823536,,,Y,150,925.824,0,0.1,OPEN,PVC,CBD,05.2015,6.00,Distribution Main,2013,In Service,Shallow depth,No,,,,,,,
1027.74262,,,Y,100,1027.743,0,0.1,OPEN,PVC,CBD,05.2015,4.00,Distribution Main,2013,In Service,Shallow depth,No,,,,,,,
2106.87114,,,Y,600,2106.871,0,0.1,OPEN,Steel,CBD,2014,24.00,Transmission Main,N/A,In Service,Supplies water to Kibuye.,No,,,,,,,
230.167223,,,Y,600,230.167,0,0.1,OPEN,Steel,ME,2014,24.00,Transmission Main,N/A,In Service,Supplies water to Kibuye.,No,,,,,,,
539.635815,,,Y,100,539.636,0,0.1,OPEN,PVC,MYT,2014,,Distribution Main,N/A,In Service,N/A,No,,,,,,,
299.602072,,,Y,100,299.602,0,0.1,OPEN,PVC,KREKAJ,07.2015,4.00,Distribution Main,N/A,In Service,DMM,No,,,,,,,
3.15502896,,,Y,50,3.155,0,0.1,OPEN,PVC,KREKAJ,07.2015,2.00,Distribution Main,2014,In Service,Pamoja Trust Funded -DMM,No,,,,,,,
13.5948047,,,Y,50,13.595,0,0.1,OPEN,PVC,KREKAJ,07.2015,2.00,Distribution Main,2014,In Service,Pamoja Trust Funded -DMM,No,,,,,,,
160.755923,,,Y,50,160.756,0,0.1,OPEN,PVC,KREKAJ,2014,2.00,Distribution Main,2014,In Service,Pamoja Trust Funded -DMM,No,,,,,,,
62.3462324,,,Y,100,62.346,0,0.1,OPEN,PVC,KREKAJ,07.2015,4.00,Distribution Main,N/A,In Service,Pamoja Trust Funded -DMM,No,,,,,,,
248.757317,,,Y,50,248.757,0,0.1,OPEN,PVC,KREKAJ,2014,2.00,Distribution Main,N/A,In Service,Pamoja Trust Funded -DMM,No,,,,,,,
168.579372,,,Y,40,168.579,0,0.1,OPEN,PVC,KREKAJ,07.2015,1.50,Distribution Main,2014,In Service,DMM,No,,,,,,,
385.940355,,,Y,32,385.940,0,0.1,OPEN,PVC,KREKAJ,07.2015,1.25,Distribution Main,2014,In Service,DMM,No,,,,,,,
199.284826,,,Y,40,199.285,0,0.1,OPEN,PVC,KREKAJ,07.2015,1.50,Distribution Main,2014,In Service,DMM,No,,,,,,,
178.548479,,,Y,40,178.548,0,0.1,OPEN,PVC,KREKAJ,07.2015,1.50,Distribution Main,2014,In Service,DMM,No,,,,,,,
135.492753,,,Y,40,135.493,0,0.1,OPEN,PVC,KREKAJ,07.2015,1.50,Distribution Main,2014,In Service,DMM,No,,,,,,,
103.669607,,,Y,100,103.670,0,0.1,OPEN,GI,CBD,07.2015,4.00,Distribution Main,N/A,In Service,,No,,,,,,,
431.593066,,,Y,75,431.593,0,0.1,OPEN,PVC,CBD,07.2015,3.00,Distribution Main,07.2015,In Service,N/A,No,,,,,,,
1006.88476,,,Y,75,1006.885,0,0.1,OPEN,PVC,CBD,07.2015,3.00,Distribution Main,07.2015,In Service,New connection,No,,,,,,,
48.1365533,,,Y,100,48.137,0,0.1,OPEN,PVC,CBD,07.2015,4.00,Distribution Main,02.2015,In Service,N/A,No,,,,,,,
424.741870,,,Y,50,424.742,0,0.1,OPEN,PVC,CBD,07.2015,2.00,Distribution Main,07.2015,In Service,N/A,No,,,,,,,
26.6962926,,,Y,100,26.696,0,0.1,OPEN,GI,MYT,07.2015,4.00,Distribution Main,N/A,In Service,N/A,No,,,,,,,
271.040309,,,Y,100,271.040,0,0.1,OPEN,PVC,MYT,07.2015,4.00,Distribution Main,N/A,In Service,N/A,No,,,,,,,
127.043377,,,Y,40,127.043,0,0.1,OPEN,PVC,MYT,07.2015,1.50,Distribution Main,N/A,In Service,N/A,No,,,,,,,
251.572354,,,Y,25,251.572,0,0.1,OPEN,PVC,MYT,07.2015,1.00,Distribution Main,07.2016,In Service,N/A,No,,,,,,,
35.2861420,,,Y,50,35.286,0,0.1,OPEN,PVC,MYT,07.2015,2.00,Distribution Main,2012,In Service,N/A,No,,,,,,,
218.485888,,,Y,50,218.486,0,0.1,OPEN,PVC,MYT,07.2015,2.00,Distribution Main,2012,In Service,N/A,No,,,,,,,
193.527058,,,Y,25,193.527,0,0.1,OPEN,PVC,MYT,07.2015,1.00,Distribution Main,N/A,In Service,N/A,No,,,,,,,
91.3570339,,,Y,100,91.357,0,0.1,OPEN,PVC,CBD,07.2015,4.00,Distribution Main,N/A,In Service,,No,,,,,,,
28.6116740,,,Y,100,28.612,0,0.1,OPEN,GI,CBD,07.2015,4.00,Distribution Main,,In Service,,No,,,,,,,
63.6164319,,,Y,50,63.616,0,0.1,OPEN,GI,CBD,07.2015,2.00,Distribution Main,N/A,In Service,,No,,,,,,,
117.047491,,,Y,50,117.047,0,0.1,OPEN,GI,CBD,07.2015,2.00,Distribution Main,N/A,In Service,,No,,,,,,,
126.570551,,,Y,75,126.571,0,0.1,OPEN,GI,CBD,08.2015,3.00,Distribution Main,N/A,In Service,,No,,,,,,,
113.547647,,,Y,75,113.548,0,0.1,OPEN,GI,CBD,07.2015,3.00,Distribution Main,N/A,In Service,,No,,,,,,,
83.5398356,,,Y,75,83.540,0,0.1,OPEN,GI,CBD,07.2015,3.00,Distribution Main,N/A,In Service,,No,,,,,,,
85.1045580,,,Y,75,85.105,0,0.1,OPEN,GI,CBD,07.2015,3.00,Distribution Main,N/A,In Service,,No,,,,,,,
33.8474537,,,Y,75,33.847,0,0.1,OPEN,GI,CBD,07.2015,3.00,Distribution Main,N/A,In Service,,No,,,,,,,
113.835038,,,Y,75,113.835,0,0.1,OPEN,GI,CBD,07.2015,3.00,Distribution Main,N/A,In Service,,No,,,,,,,
114.056421,,,Y,75,114.056,0,0.1,OPEN,GI,CBD,07.2015,3.00,Distribution Main,N/A,In Service,,No,,,,,,,
189.590673,,,Y,50,189.591,0,0.1,OPEN,PVC,CBD,08.2015,2.00,Distribution Main,N/A,In Service,Structures over it,No,,,,,,,
170.903389,,,Y,20,170.903,0,0.1,OPEN,PVC,CBD,08.2015,0.75,Service Line,N/A,In Service,Too small,No,,,,,,,
122.937458,,,Y,25,122.937,0,0.1,OPEN,PVC,CBD,08.2015,1.00,Distribution Main,N/A,In Service,Too Small,No,,,,,,,
194.964267,,,Y,20,194.964,0,0.1,OPEN,PVC,CBD,08.2015,0.75,Service Line,N/A,In Service,,No,,,,,,,
108.143378,,,Y,32,108.143,0,0.1,OPEN,PVC,CBD,08.2015,1.25,Distribution Main,N/A,In Service,,No,,,,,,,
186.905808,,,Y,50,186.906,0,0.1,OPEN,PVC,CBD,08.2015,2.00,Distribution Main,N/A,In Service,,No,,,,,,,
172.933361,,,Y,50,172.933,0,0.1,OPEN,PVC,CBD,08.2015,2.00,Distribution Main,N/A,In Service,,No,,,,,,,
25.3787992,,,Y,75,25.379,0,0.1,OPEN,PVC,CBD,08.2015,3.00,Distribution Main,N/A,In Service,,No,,,,,,,
57.3179799,,,Y,25,57.318,0,0.1,OPEN,PVC,CBD,08.2015,1.00,Service Line,N/A,In Service,,No,,,,,,,
58.8732899,,,Y,25,58.873,0,0.1,OPEN,PVC,CBD,08.2015,1.00,Service Line,N/A,In Service,,No,,,,,,,
58.0462365,,,Y,25,58.046,0,0.1,OPEN,PVC,CBD,08.2015,1.00,Service Line,N/A,In Service,,No,,,,,,,
59.6538330,,,Y,25,59.654,0,0.1,OPEN,PVC,CBD,08.2015,1.00,Service Line,N/A,In Service,,No,,,,,,,
67.5117618,,,Y,25,67.512,0,0.1,OPEN,PVC,CBD,08.2015,1.00,Service Line,N/A,In Service,,No,,,,,,,
67.4831109,,,Y,25,67.483,0,0.1,OPEN,PVC,CBD,08.2015,1.00,Service Line,N/A,In Service,,No,,,,,,,
68.6560257,,,Y,25,68.656,0,0.1,OPEN,PVC,CBD,08.2015,1.00,Service Line,N/A,In Service,,No,,,,,,,
68.8168596,,,Y,25,68.817,0,0.1,OPEN,PVC,CBD,08.2015,1.00,Service Line,N/A,In Service,,No,,,,,,,
45.5426168,,,Y,25,45.543,0,0.1,OPEN,PVC,CBD,08.2015,1.00,Distribution Main,N/A,In Service,,No,,,,,,,
49.1509190,,,Y,75,49.151,0,0.1,OPEN,PVC,MYT,08.2015,3.00,Distribution Main,08.2015,In Service,New extension,No,,,,,,,
387.689402,,,Y,25,387.689,0,0.1,OPEN,PVC,CBD,08.2015,1.00,Distribution Main,N/A,In Service,N/A,No,,,,,,,
40.4576399,,,Y,25,40.458,0,0.1,OPEN,PVC,CBD,08.2015,1.00,Distribution Main,N/A,In Service,,No,,,,,,,
27.6572487,,,Y,20,27.657,0,0.1,OPEN,PVC,CBD,08.2015,0.75,Service Line,N/A,In Service,,No,,,,,,,
70.4659632,,,Y,25,70.466,0,0.1,OPEN,PVC,CBD,08.2015,1.00,Service Line,N/A,In Service,,No,,,,,,,
165.130705,,,Y,20,165.131,0,0.1,OPEN,PVC,CBD,08.2015,0.75,Service Line,N/A,In Service,,No,,,,,,,
197.003838,,,Y,150,197.004,0,0.1,OPEN,GI,ME,08.2015,6.00,Distribution Main,N/A,In Service,,No,,,,,,,
548.307052,,,Y,75,548.307,0,0.1,OPEN,GI,ME,08.2015,3.00,Distribution Main,,In Service,,No,,,,,,,
528.265672,,,Y,75,528.266,0,0.1,OPEN,GI,ME,08.2015,3.00,Distribution Main,N/A,In Service,,No,,,,,,,
217.246163,,,Y,100,217.246,0,0.1,OPEN,PVC,CBD,08.2015,4.00,Distribution Main,N/A,In Service,,No,,,,,,,
124.839644,,,Y,40,124.840,0,0.1,OPEN,PVC,CBD,09.2015,1.50,Distribution Main,09.2015,In Service,,No,,,,,,,
564.608784,,,Y,50,564.609,0,0.1,OPEN,PVC,CBD,09.2015,2.00,Distribution Main,N/A,In Service,,No,,,,,,,
300.956805,,,Y,50,300.957,0,0.1,OPEN,PVC,MIL,10.2015,2.00,Distribution Main,10.2015,In Service,Proposed DW_Pipe Network,No,,,,,,,
87.3511642,,,Y,50,87.351,0,0.1,OPEN,PVC,MIL,10.2015,2.00,Distribution Main,10.2015,In Service,Proposed DW_Pipe Network,No,,,,,,,
300.979302,,,Y,50,300.979,0,0.1,OPEN,PVC,MIL,10.2015,2.00,Distribution Main,10.2015,In Service,Proposed DW_Pipe Network,No,,,,,,,
1147.40606,,,Y,100,1147.406,0,0.1,OPEN,PVC,MIL,10.2015,4.00,Distribution Main,N/A,In Service,New extension,No,,,,,,,
153.836791,,,Y,75,153.837,0,0.1,OPEN,AC,MIL,10.2015,3.00,Distribution Main,N/A,In Service,,No,,,,,,,
392.561349,,,Y,50,392.561,0,0.1,OPEN,PVC,MIL,10.2015,2.00,Distribution Main,N/A,In Service,,No,,,,,,,
167.889824,,,Y,75,167.890,0,0.1,OPEN,GI,MIL,08.2015,3.00,Distribution Main,N/A,In Service,,No,,,,,,,
291.274529,,,Y,32,291.275,0,0.1,OPEN,PVC,MYT,10.2015,1.25,Distribution Main,,In Service,,No,,,,,,,
118.870080,,,Y,40,118.870,0,0.1,OPEN,GI,MYT,10.2015,1.50,Distribution Main,N/A,In Service,,No,,,,,,,
37.7146206,,,N,32,37.715,0,0.1,OPEN,GI,MYT,10.2015,1.25,Distribution Main,N/A,In Service,,No,,,,,,,
15.1536683,,,N,32,15.154,0,0.1,OPEN,PVC,MYT,10.2015,1.25,Distribution Main,N/A,In Service,Boosterline,No,,,,,,,
207.100087,,,Y,50,207.100,0,0.1,OPEN,PVC,ME,10.2015,2.00,Distribution Main,N/A,In Service,,No,,,,,,,
110.347413,,,Y,75,110.347,0,0.1,OPEN,PVC,ME,11.2015,3.00,Distribution Main,11.2015,In Service,To be overhauled to PVC,No,,,,,,,
51.0714930,,,Y,75,51.071,0,0.1,OPEN,PVC,ME,11.2015,3.00,Distribution Main,N/A,In Service,,No,,,,,,,
135.323064,,,Y,65,135.323,0,0.1,OPEN,PVC,CBD,11.2015,2.50,Distribution Main,N/A,In Service,,No,,,,,,,
991.481272,,,Y,20,991.481,0,0.1,OPEN,PVC,CBD,10.2015,0.75,Service Line,09.2015,In Service,,No,,,,,,,
92.0253145,,,Y,75,92.025,0,0.1,OPEN,PVC,KREKAJ,11.2015,3.00,Distribution Main,N/A,In Service,,No,,,,,,,
39.7863815,,,Y,75,39.786,0,0.1,OPEN,PVC,KREKAJ,11.2015,3.00,Distribution Main,,In Service,,No,,,,,,,
196.109916,,,Y,150,196.110,0,0.1,OPEN,PVC,MYT,11.2015,6.00,Distribution Main,N/A,In Service,,No,,,,,,,
302.926701,,,Y,50,302.927,0,0.1,OPEN,PVC,KREKAJ,11.2015,2.00,Distribution Main,N/A,In Service,,No,,,,,,,
855.680286,,,Y,50,855.680,0,0.1,OPEN,PVC,KREKAJ,11.2015,2.00,Distribution Main,N/A,In Service,N/A,No,,,,,,,
22.3093073,,,Y,75,22.309,0,0.1,OPEN,PVC,KREKAJ,11.2015,3.00,Distribution Main,N/A,In Service,N/A,No,,,,,,,
257.713418,,,Y,50,257.713,0,0.1,OPEN,PVC,KREKAJ,11.2015,2.00,Distribution Main,N/A,In Service,N/A,No,,,,,,,
494.668023,,,Y,40,494.668,0,0.1,OPEN,PVC,KREKAJ,11.2015,1.50,Distribution Main,N/A,In Service,,No,,,,,,,
522.236991,,,Y,50,522.237,0,0.1,OPEN,PVC,MYT,11.2015,2.00,Distribution Main,N/A,In Service,N/A,No,,,,,,,
58.9455148,,,Y,75,58.946,0,0.1,OPEN,PVC,MIL,12.2015,3.00,Distribution Main,,In Service,,No,,,,,,,
301.772133,,,Y,50,301.772,0,0.1,OPEN,PVC,MIL,12.2015,2.00,Distribution Main,N/A,In Service,,No,,,,,,,
29.8631031,,,Y,75,29.863,0,0.1,OPEN,PVC,MIL,12.2015,3.00,Distribution Main,N/A,In Service,,No,,,,,,,
20.3165110,,,Y,50,20.317,0,0.1,OPEN,PVC,MIL,12.2015,2.00,Distribution Main,N/A,In Service,,No,,,,,,,
106.286860,,,Y,50,106.287,0,0.1,OPEN,PVC,MIL,12.2015,2.00,Distribution Main,,In Service,,No,,,,,,,
74.0114276,,,Y,50,74.011,0,0.1,OPEN,PVC,MIL,12.2015,2.00,Distribution Main,N/A,In Service,,No,,,,,,,
118.810231,,,Y,50,118.810,0,0.1,OPEN,PVC,MIL,12.2015,2.00,Distribution Main,N/A,In Service,,No,,,,,,,
694.198799,,,Y,100,694.199,0,0.1,OPEN,PVC,MYT,12.2015,4.00,Distribution Main,N/A,In Service,,No,,,,,,,
116.645458,,,Y,75,116.645,0,0.1,OPEN,PVC,ME,01.2016,3.00,Distribution Main,12.2015,In Service,New Extension,No,,,,,,,
1.64021147,,,Y,150,1.640,0,0.1,OPEN,PVC,ME,01.2016,6.00,Distribution Main,N/A,In Service,,No,,,,,,,
603.069393,,,Y,75,603.069,0,0.1,OPEN,PVC,CBD,01.2016,3.00,Distribution Main,N/A,In Service,,No,,,,,,,
40.1791282,,,Y,150,40.179,0,0.1,OPEN,PVC,CBD,01.2016,6.00,Distribution Main,2015,In Service,,No,,,,,,,
467.509807,,,Y,100,467.510,0,0.1,OPEN,PVC,CBD,01.2016,4.00,Distribution Main,2015,In Service,,No,,,,,,,
884.742885,,,Y,100,884.743,0,0.1,OPEN,PVC,CBD,01.2016,4.00,Distribution Main,2015,In Service,,No,,,,,,,
24.3615557,,,Y,100,24.362,0,0.1,OPEN,PVC,MIL,03.2016,4.00,Distribution Main,N/A,In Service,,No,,,,,,,
627.838708,,,Y,75,627.839,0,0.1,OPEN,GI,MIL,2014,3.00,Distribution Main,N/A,In Service,N/A,No,,,,,,,
407.012318,,,Y,75,407.012,0,0.1,OPEN,PVC,MIL,02.2016,3.00,Distribution Main,N/A,In Service,,No,,,,,,,
589.019883,,,Y,75,589.020,0,0.1,OPEN,PVC,MIL,03.2016,3.00,Distribution Main,02.2015,In Service,Line along Tom Mboya,No,,,,,,,
467.320035,,,Y,75,467.320,0,0.1,OPEN,PVC,MIL,03.2016,3.00,Distribution Main,02.2015,In Service,,No,,,,,,,
529.825407,,,Y,100,529.825,0,0.1,OPEN,PVC,MYT,03.2016,4.00,Distribution Main,N/A,In Service,,No,,,,,,,
233.635795,,,Y,100,233.636,0,0.1,OPEN,PVC,MYT,03.2016,4.00,Distribution Main,N/A,In Service,,No,,,,,,,
648.274206,,,Y,75,648.274,0,0.1,OPEN,PVC,KREKAJ,03.2016,3.00,Distribution Main,N/A,In Service,,No,,,,,,,
331.415645,,,Y,75,331.416,0,0.1,OPEN,GI,CBD,03.2016,3.00,Distribution Main,N/A,In Service,,No,,,,,,,
173.929956,,,Y,50,173.930,0,0.1,OPEN,PVC,CBD,11.2015,2.00,Distribution Main,N/A,In Service,,No,,,,,,,
97.6588152,,,Y,50,97.659,0,0.1,OPEN,PVC,KREKAJ,11.2015,2.00,Distribution Main,N/A,In Service,,No,,,,,,,
494.070214,,,Y,100,494.070,0,0.1,OPEN,PVC,MYT,03.2016,4.00,Distribution Main,N/A,In Service,,No,,,,,,,
1215.08619,,,Y,100,1215.086,0,0.1,OPEN,PVC,MYT,12.2015,4.00,Distribution Main,N/A,In Service,,No,,,,,,,
151.573199,,,Y,100,151.573,0,0.1,OPEN,PVC,CBD,03.2016,4.00,Distribution Main,N/A,In Service,,No,,,,,,,
484.386151,,,Y,150,484.386,0,0.1,OPEN,PVC,KREKAJ,2014,6.00,Distribution Main,N/A,In Service,N/A,No,,,,,,,
88.0139161,,,Y,100,88.014,0,0.1,OPEN,PVC,MYT,07.2015,4.00,Distribution Main,N/A,In Service,N/A,No,,,,,,,
51.1953539,,,Y,50,51.195,0,0.1,OPEN,PVC,MYT,07.2015,2.00,Distribution Main,2012,In Service,N/A,No,,,,,,,
1224.81061,,,Y,32,1224.811,0,0.1,OPEN,PVC,MYT,2014,1.25,Distribution Main,N/A,In Service,N/A,No,,,,,,,
226.393880,,,Y,50,226.394,0,0.1,OPEN,PVC,MYT,2014,2.00,Distribution Main,N/A,In Service,N/A,No,,,,,,,
48.3966538,,,Y,75,48.397,0,0.1,OPEN,PVC,ME,11.2015,3.00,Distribution Main,11.2015,In Service,To be overhauled to PVC,No,,,,,,,
240.572394,,,Y,75,240.572,0,0.1,OPEN,PVC,ME,11.2015,3.00,Distribution Main,11.2015,In Service,To be overhauled to PVC,No,,,,,,,
69.8470424,,,Y,75,69.847,0,0.1,OPEN,GI,ME,2014,3.00,Distribution Main,N/A,In Service,N/A,No,,,,,,,
143.447416,,,Y,75,143.447,0,0.1,OPEN,GI,ME,2014,3.00,Distribution Main,N/A,In Service,N/A,No,,,,,,,
255.902751,,,Y,75,255.903,0,0.1,OPEN,GI,ME,2014,3.00,Distribution Main,N/A,In Service,N/A,No,,,,,,,
963.549250,,,Y,350,963.549,0,0.1,OPEN,PVC,ME,2014,14.00,Distribution Main,2014,In Service,LTAP Lines,No,,,,,,,
242.600852,,,Y,150,242.601,0,0.1,OPEN,PVC,ME,01.2016,6.00,Distribution Main,N/A,In Service,,No,,,,,,,
73.5485129,,,Y,75,73.549,0,0.1,OPEN,GI,ME,2014,3.00,Distribution Main,N/A,In Service,N/A,No,,,,,,,
184.523216,,,Y,75,184.523,0,0.1,OPEN,GI,ME,2014,3.00,Distribution Main,N/A,In Service,N/A,No,,,,,,,
118.201815,,,Y,75,118.202,0,0.1,OPEN,GI,ME,2014,3.00,Distribution Main,N/A,In Service,N/A,No,,,,,,,
110.542291,,,Y,75,110.542,0,0.1,OPEN,GI,ME,2014,3.00,Distribution Main,N/A,In Service,N/A,No,,,,,,,
12.3249973,,,Y,75,12.325,0,0.1,OPEN,GI,ME,2014,3.00,Distribution Main,N/A,In Service,N/A,No,,,,,,,
14.5687123,,,Y,75,14.569,0,0.1,OPEN,GI,ME,2014,3.00,Distribution Main,N/A,In Service,N/A,No,,,,,,,
443.407872,,,Y,350,443.408,0,0.1,OPEN,PVC,CBD,2014,14.00,Transmission Main,N/A,In Service,Supplies water to Kibuye.,No,,,,,,,
1413.31760,,,Y,100,1413.318,0,0.1,OPEN,PVC,MIL,02.2016,4.00,Distribution Main,,In Service,,No,,,,,,,
172.342407,,,Y,100,172.342,0,0.1,OPEN,PVC,MIL,02.2016,4.00,Distribution Main,,In Service,,No,,,,,,,
285.929188,,,Y,200,285.929,0,0.1,OPEN,PVC,MIL,2014,8.00,Distribution Main,N/A,In Service,N/A,No,,,,,,,
82.0073667,,,Y,200,82.007,0,0.1,OPEN,PVC,MIL,2014,8.00,Distribution Main,N/A,In Service,N/A,No,,,,,,,
145.794293,,,Y,50,145.794,0,0.1,OPEN,PVC,MIL,12.2015,2.00,Distribution Main,N/A,In Service,,No,,,,,,,
73.0586121,,,Y,75,73.059,0,0.1,OPEN,PVC,MIL,12.2015,3.00,Distribution Main,N/A,In Service,,No,,,,,,,
53.8309184,,,Y,75,53.831,0,0.1,OPEN,PVC,MIL,12.2015,3.00,Distribution Main,N/A,In Service,,No,,,,,,,
7.59240234,,,Y,100,7.592,0,0.1,OPEN,PVC,MIL,2014,4.00,Distribution Main,N/A,In Service,N/A,No,,,,,,,
15.3049925,,,Y,100,15.305,0,0.1,OPEN,PVC,MIL,02.2016,4.00,Distribution Main,,In Service,,No,,,,,,,
439.178577,,,Y,75,439.179,0,0.1,OPEN,GI,MIL,2014,3.00,Distribution Main,N/A,In Service,N/A,No,,,,,,,
127.107191,,,Y,75,127.107,0,0.1,OPEN,AC,MIL,10.2015,3.00,Distribution Main,N/A,In Service,,No,,,,,,,
424.734100,,,Y,350,424.734,0,0.1,OPEN,PVC,MIL,2014,14.00,Transmission Main,N/A,In Service,Supplies water to Kibuye.,No,,,,,,,
123.242268,,,Y,75,123.242,0,0.1,OPEN,PVC,CBD,07.2015,3.00,Distribution Main,07.2015,In Service,N/A,No,,,,,,,
86.9448420,,,Y,50,86.945,0,0.1,OPEN,PVC,KREKAJ,03.2016,2.00,Distribution Main,,In Service,,No,,,,,,,
619.034521,,,Y,50,619.035,0,0.1,OPEN,PVC,CBD,03.2016,2.00,Distribution Main,03.2016,In Service,,No,,,,,,,
31.6785000,,,Y,50,31.679,0,0.1,OPEN,PVC,ME,,2.00,Distribution Main,N/A,In Service,,No,,,,,,,
57.6913934,,,Y,50,57.691,0,0.1,OPEN,PVC,ME,05.2015,2.00,Distribution Main,N/A,In Service,Confirm oftake,No,,,,,,,
45.7938500,,,Y,75,45.794,0,0.1,OPEN,GI,ME,02.2017,3.00,Distribution Main,N/A,In Service,Confirm offtake and route,No,,,,,,,
216.727653,,,Y,40,216.728,0,0.1,OPEN,PVC,MYT,03.2016,1.50,Distribution Main,N/A,In Service,,No,,,,,,,
57.0696535,,,Y,50,57.070,0,0.1,OPEN,PVC,KREKAJ,06.2016,2.00,Distribution Main,N/A,In Service,,No,,,,,,,
155.805367,,,Y,25,155.805,0,0.1,OPEN,PVC,KREKAJ,,1.00,Distribution Main,,In Service,,No,,,,,,,
18.2157133,,,Y,150,18.216,0,0.1,OPEN,AC,CBD,06.2016,6.00,Distribution Main,N/A,In Service,Pipe is corroded,No,,,,,,,
192.786966,,,Y,225,192.787,0,0.1,OPEN,AC,MIL,06.2016,9.00,Distribution Main,,In Service,,No,,,,,,,
56.0058750,,,Y,225,56.006,0,0.1,OPEN,AC,MIL,06.2016,9.00,Distribution Main,N/A,In Service,,No,,,,,,,
221.693396,,,Y,50,221.693,0,0.1,OPEN,PVC,ME,08.2016,2.00,Distribution Main,N/A,In Service,,No,,,,,,,
806.471766,,,Y,75,806.472,0,0.1,OPEN,GI,ME,07.2016,3.00,Distribution Main,N/A,In Service,,No,,,,,,,
601.979099,,,Y,75,601.979,0,0.1,OPEN,PVC,MYT,09.2016,3.00,Distribution Main,09.2016,In Service,,No,,,,,,,
796.859736,,,Y,40,796.860,0,0.1,OPEN,PVC,CBD,,1.50,Distribution Main,,In Service,,No,,,,,,,
281.234779,,,Y,32,281.235,0,0.1,OPEN,PVC,CBD,05.2016,1.25,Distribution Main,06.2016,In Service,,No,,,,,,,
644.007197,,,Y,40,644.007,0,0.1,OPEN,PVC,CBD,06.2016,1.50,Distribution Main,06.2016,In Service,Serves a water kiosk,No,,,,,,,
1452.56097,,,Y,50,1452.561,0,0.1,OPEN,PVC,CBD,07.2016,2.00,Distribution Main,N/A,In Service,,No,,,,,,,
1427.27811,,,Y,40,1427.278,0,0.1,OPEN,PVC,CBD,,1.50,Distribution Main,,In Service,,No,,,,,,,
112.474975,,,Y,20,112.475,0,0.1,OPEN,PVC,MYT,06.2016,0.75,Service Line,,In Service,Line serving water kiosk,No,,,,,,,
310.708899,,,Y,150,310.709,0,0.1,OPEN,PVC,CBD,05.2015,6.00,Distribution Main,2013,In Service,Shallow depth,No,,,,,,,
520.987209,,,Y,20,520.987,0,0.1,OPEN,PVC,KREKAJ,06.2016,0.75,Service Line,,In Service,,No,,,,,,,
8.51498971,,,Y,50,8.515,0,0.1,OPEN,PVC,KREKAJ,06.2016,2.00,Distribution Main,,In Service,,No,,,,,,,
229.152381,,,Y,40,229.152,0,0.1,OPEN,PVC,KREKAJ,06.2016,1.50,Distribution Main,,In Service,,No,,,,,,,
204.635349,,,Y,20,204.635,0,0.1,OPEN,PVC,KREKAJ,06.2016,0.75,Service Line,,In Service,,No,,,,,,,
202.866985,,,Y,25,202.867,0,0.1,OPEN,PVC,KREKAJ,06.2016,1.00,Distribution Main,N/A,In Service,,No,,,,,,,
1731.75636,,,Y,50,1731.756,0,0.1,OPEN,PVC,CBD,09.2015,2.00,Distribution Main,N/A,In Service,N/A,No,,,,,,,
468.523459,,,Y,40,468.523,0,0.1,OPEN,PVC,KREKAJ,07.2016,1.50,Distribution Main,06.2016,In Service,ok,No,,,,,,,
1096.68282,,,Y,40,1096.683,0,0.1,OPEN,PVC,KREKAJ,07.2016,1.50,Distribution Main,06.2016,In Service,OK,No,,,,,,,
46.1771764,,,Y,75,46.177,0,0.1,OPEN,PVC,MYT,07.2016,3.00,Distribution Main,,In Service,,No,,,,,,,
666.556776,,,Y,50,666.557,0,0.1,OPEN,PVC,MYT,07.2016,2.00,Distribution Main,,In Service,,No,,,,,,,
46.1835398,,,Y,32,46.184,0,0.1,OPEN,PVC,MYT,07.2016,1.25,Distribution Main,,In Service,,No,,,,,,,
195.558237,,,Y,40,195.558,0,0.1,OPEN,PVC,KREKAJ,07.2016,1.50,Distribution Main,07.2016,In Service,,No,,,,,,,
551.072363,,,Y,100,551.072,0,0.1,OPEN,HDPE,KREKAJ,08.2016,4.00,Distribution Main,06.2016,In Service,Shallow/Joins Expossed,No,,,,,,,
224.179824,,,Y,32,224.180,0,0.1,OPEN,PVC,KREKAJ,07.2016,1.25,Distribution Main,07.2016,In Service,,No,,,,,,,
18.6291195,,,Y,100,18.629,0,0.1,OPEN,GI,CBD,03.2016,4.00,Service Line,,In Service,Line serving Kenya Pipeline,No,,,,,,,
444.589520,,,Y,25,444.590,0,0.1,OPEN,PVC,KREKAJ,07.2016,1.00,Distribution Main,07.2016,In Service,,No,,,,,,,
5.13000826,,,Y,100,5.130,0,0.1,OPEN,GI,CBD,03.2016,4.00,Service Line,,In Service,Serving Kennya Pipeline,No,,,,,,,
192.603284,,,Y,50,192.603,0,0.1,OPEN,PVC,CBD,03.2016,2.00,Distribution Main,,In Service,,No,,,,,,,
973.289723,,,Y,50,973.290,0,0.1,OPEN,PVC,CBD,03.2016,2.00,Distribution Main,,In Service,,No,,,,,,,
42.4041898,,,Y,20,42.404,0,0.1,OPEN,PVC,CBD,03.2016,0.75,Service Line,,In Service,,No,,,,,,,
10.2694013,,,Y,50,10.269,0,0.1,OPEN,PVC,ME,03.2016,2.00,Distribution Main,03.2016,In Service,Extension and Overhaul of Pembe Tatu Area in Middl,No,,,,,,,
43.2891555,,,Y,50,43.289,0,0.1,OPEN,PVC,ME,03.2016,2.00,Distribution Main,03.2016,In Service,Extension and Overhaul of Pembe Tatu Area in Middl,No,,,,,,,
43.3763406,,,Y,50,43.376,0,0.1,OPEN,PVC,ME,03.2016,2.00,Distribution Main,03.2016,In Service,Extension and Overhaul of Pembe Tatu Area in Middl,No,,,,,,,
41.2538719,,,Y,50,41.254,0,0.1,OPEN,PVC,ME,03.2016,2.00,Distribution Main,03.2016,In Service,Extension and Overhaul of Pembe Tatu Area in Middl,No,,,,,,,
40.8762864,,,Y,50,40.876,0,0.1,OPEN,PVC,ME,03.2016,2.00,Distribution Main,03.2016,In Service,Extension and Overhaul of Pembe Tatu Area in Middl,No,,,,,,,
41.8747548,,,Y,50,41.875,0,0.1,OPEN,PVC,ME,03.2016,2.00,Distribution Main,03.2016,In Service,Extension and Overhaul of Pembe Tatu Area in Middl,No,,,,,,,
41.6225207,,,Y,50,41.623,0,0.1,OPEN,PVC,ME,03.2016,2.00,Distribution Main,03.2016,In Service,Extension and Overhaul of Pembe Tatu Area in Middl,No,,,,,,,
194.047094,,,Y,50,194.047,0,0.1,OPEN,PVC,KREKAJ,03.2016,2.00,Service Line,,In Service,Not standard,No,,,,,,,
242.909208,,,Y,100,242.909,0,0.1,OPEN,PVC,MYT,04.2016,4.00,Distribution Main,,In Service,,No,,,,,,,
1471.79474,,,Y,50,1471.795,0,0.1,OPEN,PVC,MYT,04.2016,2.00,Distribution Main,,In Service,Prone to burst because of poor quality pipe,No,,,,,,,
289.973554,,,Y,75,289.974,0,0.1,OPEN,PVC,MIL,04.2016,3.00,Distribution Main,,In Service,,No,,,,,,,
289.751013,,,Y,25,289.751,0,0.1,OPEN,PVC,MIL,04.2016,1.00,Distribution Main,,In Service,,No,,,,,,,
184.135856,,,Y,20,184.136,0,0.1,OPEN,PVC,MIL,04.2016,0.75,Service Line,,In Service,,No,,,,,,,
19.1136325,,,Y,75,19.114,0,0.1,OPEN,GI,CBD,05.2016,3.00,Distribution Main,,In Service,,No,,,,,,,
184.198671,,,Y,75,184.199,0,0.1,OPEN,GI,CBD,05.2016,3.00,Distribution Main,,In Service,,No,,,,,,,
392.857980,,,Y,75,392.858,0,0.1,OPEN,GI,CBD,05.2016,3.00,Distribution Main,,In Service,,No,,,,,,,
450.917305,,,Y,50,450.917,0,0.1,OPEN,PVC,KREKAJ,05.2016,2.00,Distribution Main,,In Service,,No,,,,,,,
116.636383,,,Y,40,116.636,0,0.1,OPEN,PVC,KREKAJ,05.2016,1.50,Distribution Main,2014,In Service,,No,,,,,,,
713.295566,,,Y,50,713.296,0,0.1,OPEN,PVC,MIL,09.2016,2.00,Distribution Main,,In Service,,No,,,,,,,
195.721068,,,Y,50,195.721,0,0.1,OPEN,HDPE,MYT,09.2016,2.00,Distribution Main,04.2016,In Service,,No,,,,,,,
64.1905827,,,Y,50,64.191,0,0.1,OPEN,HDPE,MYT,09.2016,2.00,Distribution Main,04.2016,In Service,ok,No,,,,,,,
180.636426,,,Y,50,180.636,0,0.1,OPEN,HDPE,MYT,09.2016,2.00,Distribution Main,04.2016,In Service,ok,No,,,,,,,
295.057630,,,Y,50,295.058,0,0.1,OPEN,HDPE,MYT,09.2016,2.00,Distribution Main,04.2016,In Service,ok,No,,,,,,,
288.239895,,,Y,50,288.240,0,0.1,OPEN,HDPE,MYT,09.2016,2.00,Distribution Main,04.2016,In Service,ok,No,,,,,,,
365.891953,,,Y,50,365.892,0,0.1,OPEN,HDPE,MYT,09.2016,2.00,Distribution Main,04.2016,In Service,ok,No,,,,,,,
186.499748,,,Y,75,186.500,0,0.1,OPEN,PVC,CBD,03.2016,3.00,Distribution Main,,In Service,,No,,,,,,,
427.871232,,,Y,75,427.871,0,0.1,OPEN,PVC,CBD,03.2016,3.00,Distribution Main,,In Service,,No,,,,,,,
5.12255671,,,Y,100,5.123,0,0.1,OPEN,GI,CBD,03.2016,4.00,Service Line,,In Service,Line serving Kenya Pipeline,No,,,,,,,
594.140933,,,Y,100,594.141,0,0.1,OPEN,PVC,CBD,2014,4.00,Distribution Main,N/A,In Service,N/A,No,,,,,,,
95.1181225,,,Y,75,95.118,0,0.1,OPEN,GI,CBD,2014,3.00,Distribution Main,,In Service,,No,,,,,,,
194.598689,,,Y,150,194.599,0,0.1,OPEN,AC,CBD,06.2016,6.00,Distribution Main,N/A,In Service,,No,,,,,,,
171.624859,,,N,75,171.625,0,0.1,OPEN,GI,CBD,05.2016,3.00,Distribution Main,N/A,In Service,,No,,,,,,,
79.8124683,,,Y,100,79.812,0,0.1,OPEN,GI,CBD,05.2016,4.00,Distribution Main,N/A,In Service,,No,,,,,,,
206.386193,,,Y,50,138.921,0,0.1,OPEN,PVC,MIL,06.2016,2.00,Distribution Main,N/A,In Service,,No,,,,,,,
247.677394,,,Y,50,247.677,0,0.1,OPEN,PVC,KREKAJ,03.3016,2.00,Distribution Main,N/A,In Service,,No,,,,,,,
949.312530,,,Y,100,949.313,0,0.1,OPEN,GI,CBD,06.2016,4.00,Distribution Main,N/A,In Service,,No,,,,,,,
176.431236,,,Y,50,176.431,0,0.1,OPEN,GI,CBD,06.2016,2.00,Distribution Main,N/A,In Service,,No,,,,,,,
70.1896796,,,Y,15,70.190,0,0.1,OPEN,PVC,KREKAJ,06.2016,0.50,Service Line,N/A,In Service,,No,,,,,,,
575.494349,,,Y,225,575.494,0,0.1,OPEN,AC,MIL,06.2016,9.00,Distribution Main,N/A,In Service,,No,,,,,,,
336.132258,,,Y,75,336.132,0,0.1,OPEN,PVC,MYT,04.2016,3.00,Distribution Main,N/A,In Service,,No,,,,,,,
105.770533,,,Y,100,105.771,0,0.1,OPEN,GI,CBD,2014,4.00,Distribution Main,N/A,In Service,N/A,No,,,,,,,
89.2425581,,,Y,100,89.243,0,0.1,OPEN,GI,CBD,2014,4.00,Distribution Main,N/A,In Service,N/A,No,,,,,,,
471.732876,,,Y,100,471.733,0,0.1,OPEN,PVC,MYT,2014,4.00,Distribution Main,2014,In Service,LTAP Lines,No,,,,,,,
839.701494,,,Y,200,839.701,0,0.1,OPEN,Steel,KREKAJ,2014,8.00,Distribution Main,2014,In Service,LTAP Lines,No,,,,,,,
57.6012475,,,Y,50,57.601,0,0.1,OPEN,PVC,KREKAJ,03.2016,2.00,Distribution Main,,In Service,,No,,,,,,,
1208.97419,,,Y,50,1208.974,0,0.1,OPEN,PVC,KREKAJ,03.2016,2.00,Distribution Main,,In Service,,No,,,,,,,
212.324173,,,Y,75,212.324,0,0.1,OPEN,PVC,KREKAJ,2014,3.00,Distribution Main,N/A,In Service,N/A,No,,,,,,,
480.477304,,,Y,75,480.477,0,0.1,OPEN,PVC,KREKAJ,2014,3.00,Distribution Main,N/A,In Service,N/A,No,,,,,,,
641.621935,,,Y,50,641.622,0,0.1,OPEN,PVC,KREKAJ,06.2016,2.00,Distribution Main,,In Service,,No,,,,,,,
147.284168,,,Y,25,147.284,0,0.1,OPEN,PVC,KREKAJ,2014,1.00,Service Line,N/A,In Service,N/A,No,,,,,,,
21.7992986,,,Y,75,21.799,0,0.1,OPEN,PVC,KREKAJ,11.2015,3.00,Distribution Main,N/A,In Service,N/A,No,,,,,,,
439.084903,,,Y,75,439.085,0,0.1,OPEN,PVC,KREKAJ,11.2015,3.00,Distribution Main,N/A,In Service,N/A,No,,,,,,,
282.492357,,,Y,40,282.492,0,0.1,OPEN,PVC,KREKAJ,05.2016,1.50,Distribution Main,,In Service,,No,,,,,,,
334.129114,,,Y,150,334.129,0,0.1,OPEN,PVC,KREKAJ,2014,6.00,Distribution Main,N/A,In Service,N/A,No,,,,,,,
147.115573,,,Y,200,147.116,0,0.1,OPEN,Steel,KREKAJ,2014,8.00,Distribution Main,2014,In Service,LTAP Lines,No,,,,,,,
810.525644,,,Y,200,810.526,0,0.1,OPEN,Steel,KREKAJ,2014,8.00,Distribution Main,2014,In Service,LTAP Lines,No,,,,,,,
194.470721,,,Y,75,194.471,0,0.1,OPEN,PVC,MYT,07.2016,3.00,Distribution Main,,In Service,,No,,,,,,,
155.038341,,,Y,50,155.038,0,0.1,OPEN,PVC,MYT,2014,2.00,Distribution Main,N/A,In Service,N/A,No,,,,,,,
160.248285,,,Y,150,160.248,0,0.1,OPEN,PVC,MYT,2014,6.00,Distribution Main,N/A,In Service,Off take from 8 inch line,No,,,,,,,
336.185615,,,Y,100,336.186,0,0.1,OPEN,PVC,MYT,04.2016,4.00,Distribution Main,,In Service,,No,,,,,,,
69.6441363,,,Y,50,69.644,0,0.1,OPEN,HDPE,MYT,09.2016,2.00,Distribution Main,04.2016,In Service,,No,,,,,,,
53.8484094,,,Y,75,53.848,0,0.1,OPEN,HDPE,MYT,21.12.2020,3.00,Distribution Main,2019,In Service,N/A,No,,,,,,,
17.6153176,,,Y,50,17.615,0,0.1,OPEN,PVC,MYT,2014,2.00,Distribution Main,2014,In Service,N/A,No,,,,,,,
192.398907,,,Y,100,192.399,0,0.1,OPEN,PVC,MYT,2014,4.00,Distribution Main,N/A,In Service,N/A,No,,,,,,,
107.328564,,,Y,75,107.329,0,0.1,OPEN,PVC,MIL,12.2015,3.00,Distribution Main,,In Service,,No,,,,,,,
4.29268672,,,Y,75,4.293,0,0.1,OPEN,PVC,MIL,04.2016,3.00,Distribution Main,,In Service,,No,,,,,,,
250.471220,,,Y,200,250.471,0,0.1,OPEN,PVC,MIL,2014,8.00,Distribution Main,N/A,In Service,N/A,No,,,,,,,
464.881014,,,Y,250,464.881,0,0.1,OPEN,Steel,CBD,2014,10.00,Distribution Main,2014,In Service,LTAP Lines,No,,,,,,,
217.027325,,,Y,250,217.027,0,0.1,OPEN,Steel,CBD,2014,10.00,Distribution Main,2014,In Service,LTAP Lines,No,,,,,,,
378.980787,,,Y,250,378.981,0,0.1,OPEN,Steel,CBD,2014,10.00,Distribution Main,2014,In Service,LTAP Lines,No,,,,,,,
373.262877,,,Y,250,373.263,0,0.1,OPEN,Steel,CBD,2014,10.00,Distribution Main,2014,In Service,LTAP Lines,No,,,,,,,
304.241284,,,Y,200,304.241,0,0.1,OPEN,Steel,CBD,2014,8.00,Distribution Main,2014,In Service,LTAP Lines,No,,,,,,,
107.369985,,,Y,250,107.370,0,0.1,OPEN,Steel,CBD,2014,10.00,Distribution Main,2014,In Service,LTAP Lines,No,,,,,,,
532.256440,,,Y,250,532.256,0,0.1,OPEN,Steel,CBD,2014,10.00,Distribution Main,2014,In Service,LTAP Lines,No,,,,,,,
52.2623161,,,Y,250,52.262,0,0.1,OPEN,Steel,CBD,2014,10.00,Distribution Main,2014,In Service,LTAP Lines,No,,,,,,,
82.4411054,,,Y,75,82.441,0,0.1,OPEN,HDPE,CBD,20.06.2022,3.00,Distribution Main,04.2022,In Service,Ok,OVH,,,,,,,
503.459477,,,Y,100,503.459,0,0.1,OPEN,PVC,CBD,2014,4.00,Distribution Main,N/A,In Service,N/A,No,,,,,,,
87.3640477,,,Y,150,87.364,0,0.1,OPEN,PVC,CBD,2014,6.00,Distribution Main,N/A,In Service,N/A,No,,,,,,,
622.468111,,,Y,150,622.468,0,0.1,OPEN,PVC,CBD,2014,6.00,Distribution Main,N/A,In Service,N/A,No,,,,,,,
181.000465,,,Y,50,181.000,0,0.1,OPEN,PVC,CBD,2014,2.00,Distribution Main,N/A,In Service,N/A,No,,,,,,,
29.4726730,,,Y,50,29.473,0,0.1,OPEN,PVC,CBD,08.2015,2.00,Distribution Main,N/A,In Service,,No,,,,,,,
182.715427,,,Y,100,182.715,0,0.1,OPEN,PVC,MIL,2014,4.00,Distribution Main,N/A,In Service,N/A,No,,,,,,,
237.190046,,,Y,100,237.190,0,0.1,OPEN,PVC,MIL,02.2015,4.00,Distribution Main,02.2015,In Service,Network renewal,No,,,,,,,
200.025324,,,Y,100,200.025,0,0.1,OPEN,PVC,MIL,02.2015,4.00,Distribution Main,02.2015,In Service,Network renewal,No,,,,,,,
381.938314,,,Y,100,381.938,0,0.1,OPEN,PVC,MIL,02.2015,4.00,Distribution Main,02.2015,In Service,Network renewal,No,,,,,,,
625.659398,,,Y,100,625.659,0,0.1,OPEN,PVC,MIL,02.2015,4.00,Distribution Main,02.2015,In Service,Network renewal,No,,,,,,,
437.398464,,,Y,100,437.398,0,0.1,OPEN,PVC,MIL,02.2015,4.00,Distribution Main,02.2015,In Service,Network renewal,No,,,,,,,
193.886319,,,Y,50,193.886,0,0.1,OPEN,PVC,MIL,10.2015,2.00,Distribution Main,10.2015,In Service,Proposed DW_Pipe Network,No,,,,,,,
266.241516,,,Y,50,266.242,0,0.1,OPEN,PVC,KREKAJ,2014,2.00,Distribution Main,06.2014,In Service,LTAP Extension lines,No,,,,,,,
74.3430907,,,Y,75,74.343,0,0.1,OPEN,PVC,CBD,01.2015,3.00,Distribution Main,12.2014,In Service,New Extensions,No,,,,,,,
195.633207,,,Y,350,195.633,0,0.1,OPEN,PVC,MIL,2014,14.00,Transmission Main,N/A,In Service,Supplies water to Kibuye.,No,,,,,,,
197.661773,,,Y,75,197.662,0,0.1,OPEN,GI,CBD,2014,3.00,Distribution Main,N/A,In Service,N/A,No,,,,,,,
135.321473,,,Y,100,135.321,0,0.1,OPEN,PVC,CBD,07.2015,4.00,Distribution Main,N/A,In Service,,No,,,,,,,
82.5240230,,,Y,75,82.524,0,0.1,OPEN,GI,CBD,07.2015,3.00,Distribution Main,N/A,In Service,,No,,,,,,,
88.9195961,,,Y,75,88.920,0,0.1,OPEN,GI,CBD,07.2015,3.00,Distribution Main,N/A,In Service,,No,,,,,,,
114.140336,,,Y,75,114.140,0,0.1,OPEN,GI,CBD,07.2015,3.00,Distribution Main,N/A,In Service,,No,,,,,,,
135.090778,,,Y,50,135.091,0,0.1,OPEN,GI,CBD,07.2015,2.00,Distribution Main,N/A,In Service,,No,,,,,,,
165.819472,,,Y,50,165.819,0,0.1,OPEN,PVC,CBD,03.2016,2.00,Distribution Main,,In Service,,No,,,,,,,
24.7129117,,,Y,75,24.713,0,0.1,OPEN,PVC,CBD,08.2015,3.00,Distribution Main,N/A,In Service,,No,,,,,,,
50.2268583,,,Y,75,50.227,0,0.1,OPEN,PVC,CBD,08.2015,3.00,Distribution Main,N/A,In Service,,No,,,,,,,
49.9508227,,,Y,75,49.951,0,0.1,OPEN,PVC,CBD,08.2015,3.00,Distribution Main,N/A,In Service,,No,,,,,,,
145.802696,,,Y,50,145.803,0,0.1,OPEN,PVC,CBD,2014,2.00,Distribution Main,N/A,In Service,N/A,No,,,,,,,
52.5871727,,,Y,25,52.587,0,0.1,OPEN,PVC,CBD,08.2015,1.00,Distribution Main,N/A,In Service,Too Small,No,,,,,,,
632.225640,,,Y,125,632.226,0,0.1,OPEN,GI,CBD,2014,5.00,Distribution Main,N/A,In Service,N/A,No,,,,,,,
409.646492,,,Y,100,409.646,0,0.1,OPEN,GI,CBD,2014,4.00,Distribution Main,N/A,In Service,N/A,No,,,,,,,
229.239889,,,Y,100,229.240,0,0.1,OPEN,GI,CBD,2014,4.00,Distribution Main,N/A,In Service,N/A,No,,,,,,,
433.260302,,,Y,350,433.260,0,0.1,OPEN,PVC,CBD,2014,14.00,Transmission Main,N/A,In Service,Supplies water to Kibuye.,No,,,,,,,
26.9426167,,,Y,225,26.943,0,0.1,OPEN,AC,MIL,2014,9.00,Transmission Main,N/A,In Service,N/A,No,,,,,,,
304.158372,,,Y,75,304.158,0,0.1,OPEN,GI,MIL,2014,3.00,Distribution Main,N/A,In Service,To verify the point of material change.,No,,,,,,,
611.639939,,,Y,75,611.640,0,0.1,OPEN,GI,MIL,2014,3.00,Distribution Main,N/A,In Service,N/A,No,,,,,,,
703.448002,,,Y,75,703.448,0,0.1,OPEN,AC,MIL,2014,3.00,Distribution Main,N/A,In Service,N/A,No,,,,,,,
616.076398,,,Y,75,616.076,0,0.1,OPEN,AC,MIL,10.2015,3.00,Distribution Main,N/A,In Service,,No,,,,,,,
249.630367,,,Y,75,249.630,0,0.1,OPEN,GI,MIL,08.2015,3.00,Distribution Main,N/A,In Service,,No,,,,,,,
335.045667,,,Y,75,335.046,0,0.1,OPEN,GI,MIL,08.2015,3.00,Distribution Main,N/A,In Service,,No,,,,,,,
634.203066,,,Y,50,634.203,0,0.1,OPEN,AC,MIL,2014,2.00,Distribution Main,N/A,In Service,To verify dead end or source.,No,,,,,,,
209.049335,,,Y,100,209.049,0,0.1,OPEN,PVC,MIL,02.2016,4.00,Distribution Main,,In Service,,No,,,,,,,
1126.99486,,,Y,100,1126.995,0,0.1,OPEN,PVC,MIL,2014,4.00,Distribution Main,N/A,In Service,N/A,No,,,,,,,
453.345346,,,Y,150,453.345,0,0.1,OPEN,PVC,ME,01.2016,6.00,Distribution Main,N/A,In Service,,No,,,,,,,
737.959909,,,Y,350,737.960,0,0.1,OPEN,PVC,ME,2014,14.00,Distribution Main,2014,In Service,LTAP Lines,No,,,,,,,
7.69991689,,,Y,50,7.700,0,0.1,OPEN,PVC,ME,03.2016,2.00,Distribution Main,03.2016,In Service,Extension and Overhaul of Pembe Tatu Area in Middl,No,,,,,,,
7.02427224,,,Y,50,7.024,0,0.1,OPEN,PVC,ME,03.2016,2.00,Distribution Main,03.2016,In Service,Extension and Overhaul of Pembe Tatu Area in Middl,No,,,,,,,
36.0268580,,,Y,50,36.027,0,0.1,OPEN,PVC,ME,03.2016,2.00,Distribution Main,03.2016,In Service,Extension and Overhaul of Pembe Tatu Area in Middl,No,,,,,,,
7.54165774,,,Y,50,7.542,0,0.1,OPEN,PVC,ME,03.2016,2.00,Distribution Main,03.2016,In Service,Extension and Overhaul of Pembe Tatu Area in Middl,No,,,,,,,
35.1197834,,,Y,50,35.120,0,0.1,OPEN,PVC,ME,03.2016,2.00,Distribution Main,03.2016,In Service,Extension and Overhaul of Pembe Tatu Area in Middl,No,,,,,,,
192.204132,,,Y,75,192.204,0,0.1,OPEN,GI,ME,2014,3.00,Distribution Main,N/A,In Service,N/A,No,,,,,,,
131.841930,,,Y,75,131.842,0,0.1,OPEN,GI,ME,2014,3.00,Distribution Main,N/A,In Service,N/A,No,,,,,,,
318.693825,,,Y,100,318.694,0,0.1,OPEN,PVC,MYT,2014,4.00,Distribution Main,N/A,In Service,N/A,No,,,,,,,
569.214299,,,Y,150,569.214,0,0.1,OPEN,AC,KREKAJ,2014,6.00,Distribution Main,N/A,In Service,N/A,No,,,,,,,
740.734829,,,Y,350,740.735,0,0.1,OPEN,Steel,KREKAJ,2014,14.00,Transmission Main,2014,In Service,LTAP Lines,No,,,,,,,
209.415841,,,Y,50,209.416,0,0.1,OPEN,PVC,KREKAJ,2014,2.00,Distribution Main,N/A,In Service,N/A,No,,,,,,,
21.7784861,,,Y,50,21.778,0,0.1,OPEN,PVC,KREKAJ,2014,2.00,Distribution Main,N/A,In Service,N/A,No,,,,,,,
21.2917747,,,Y,150,21.292,0,0.1,OPEN,PVC,ME,2014,6.00,Distribution Main,N/A,In Service,N/A,No,,,,,,,
95.5948112,,,Y,100,95.595,0,0.1,OPEN,GI,CBD,2014,4.00,Distribution Main,N/A,In Service,N/A,No,,,,,,,
644.304350,,,Y,75,644.304,0,0.1,OPEN,PVC,KREKAJ,2014,3.00,Distribution Main,06.2014,In Service,LTAP Extension lines,No,,,,,,,
1292.67025,,,Y,50,1292.670,0,0.1,OPEN,PVC,KREKAJ,11.2015,,Distribution Main,,In Service,,No,,,,,,,
1427.95324,,,Y,200,1427.953,0,0.1,OPEN,Steel,KREKAJ,2014,8.00,Distribution Main,2014,In Service,LTAP Lines,No,,,,,,,
642.699915,,,Y,50,642.700,0,0.1,OPEN,PVC,KREKAJ,07.2015,2.00,Distribution Main,2014,In Service,Pamoja Trust Funded -DMM,No,,,,,,,
15.3738608,,,Y,700,15.374,0,0.1,OPEN,Steel,KREKAJ,2014,28.00,Transmission Main,2014,In Service,LTAP Lines,No,,,,,,,
413.095838,,,Y,100,413.096,0,0.1,OPEN,GI,CBD,2014,4.00,Distribution Main,N/A,In Service,N/A,No,,,,,,,
994.143873,,,Y,75,994.144,0,0.1,OPEN,GI,CBD,2014,3.00,Distribution Main,N/A,In Service,N/A,No,,,,,,,
113.429793,,,Y,75,113.430,0,0.1,OPEN,GI,MIL,2014,3.00,Distribution Main,N/A,In Service,N/A,No,,,,,,,
232.013050,,,Y,100,232.013,0,0.1,OPEN,GI,ME,02.2017,4.00,Distribution Main,N/A,In Service,"Confirm connection to 6"" PVC",No,,,,,,,
267.855204,,,Y,100,267.855,0,0.1,OPEN,PVC,MIL,02.2017,4.00,Distribution Main,N/A,In Service,,No,,,,,,,
367.385955,,,Y,50,367.386,0,0.1,OPEN,PVC,CBD,02.2017,2.00,Distribution Main,11.2016,In Service,Serves Mayfair,No,,,,,,,
47.8225200,,,Y,50,47.823,0,0.1,OPEN,PVC,ME,02.2017,2.00,Distribution Main,06.2016,In Service,,No,,,,,,,
75.9868557,,,Y,50,75.987,0,0.1,OPEN,PVC,ME,02.2017,2.00,Distribution Main,06.2016,In Service,,No,,,,,,,
71.4343276,,,Y,40,71.434,0,0.1,OPEN,PVC,ME,02.2017,1.50,Distribution Main,2016,In Service,,No,,,,,,,
98.8008367,,,Y,40,98.801,0,0.1,OPEN,PVC,ME,02.2017,1.50,Distribution Main,2016,In Service,,No,,,,,,,
93.2575552,,,Y,40,93.258,0,0.1,OPEN,PVC,ME,02.2017,1.50,Distribution Main,2016,In Service,,No,,,,,,,
2.40762682,,,Y,40,2.408,0,0.1,OPEN,PVC,ME,02.2017,1.50,Distribution Main,2016,In Service,,No,,,,,,,
120.812965,,,Y,40,120.813,0,0.1,OPEN,PVC,ME,02.2017,1.50,Distribution Main,2016,In Service,,No,,,,,,,
741.995971,,,Y,75,741.996,0,0.1,OPEN,GI,CBD,03.2017,3.00,Distribution Main,,In Service,Ok,No,,,,,,,
178.690033,,,Y,75,178.690,0,0.1,OPEN,GI,CBD,03.2017,3.00,Distribution Main,,In Service,Ok,No,,,,,,,
268.838989,,,Y,75,268.839,0,0.1,OPEN,GI,MIL,03.2017,3.00,Distribution Main,N/A,In Service,Serves Sunset,No,,,,,,,
9.00024015,,,Y,50,9.000,0,0.1,OPEN,PVC,MIL,03.2017,2.00,Service Line,N/A,In Service,Serves Sunset Hotel,No,,,,,,,
205.689884,,,Y,32,205.690,0,0.1,OPEN,PVC,KREKAJ,04.2017,1.25,Distribution Main,,In Service,,No,,,,,,,
128.438541,,,Y,40,128.439,0,0.1,OPEN,PVC,KREKAJ,04.2017,1.50,Distribution Main,,In Service,,No,,,,,,,
669.399415,,,Y,150,669.399,0,0.1,OPEN,PVC,KREKAJ,04.2017,6.00,Distribution Main,,In Service,,No,,,,,,,
142.302300,,,Y,32,142.302,0,0.1,OPEN,PVC,KREKAJ,04.2017,1.25,Distribution Main,,In Service,,No,,,,,,,
2.35537329,,,Y,100,2.355,0,0.1,OPEN,GI,CBD,11.2016,4.00,Distribution Main,10.2016,In Service,ok,No,,,,,,,
370.378385,,,Y,100,370.378,0,0.1,OPEN,PVC,CBD,11.2016,4.00,Distribution Main,10.2016,In Service,,No,,,,,,,
1630.74432,,,Y,150,1630.744,0,0.1,OPEN,PVC,CBD,02.2017,6.00,Distribution Main,10.2016,In Service,ok,No,,,,,,,
1015.21527,,,Y,50,1015.215,0,0.1,OPEN,PVC,CBD,,2.00,Distribution Main,,In Service,,No,,,,,,,
497.922609,,,Y,50,497.923,0,0.1,OPEN,PVC,CBD,07.2015,2.00,Distribution Main,07.2015,In Service,N/A,No,,,,,,,
363.022154,,,Y,50,363.022,0,0.1,OPEN,PVC,MYT,01.2017,2.00,Distribution Main,10.2016,In Service,Ok,No,,,,,,,
274.168567,,,Y,40,274.169,0,0.1,OPEN,PVC,CBD,,1.50,Distribution Main,,In Service,,No,,,,,,,
140.320442,,,Y,75,140.320,0,0.1,OPEN,PVC,MYT,01.2017,3.00,Distribution Main,2016,In Service,Ok,No,,,,,,,
1369.13360,,,Y,40,1369.134,0,0.1,OPEN,PVC,MYT,01.2017,1.50,Distribution Main,11.2016,In Service,Suffers low pressures occasionally,No,,,,,,,
377.785413,,,Y,50,377.785,0,0.1,OPEN,HDPE,MYT,01.2017,2.00,Distribution Main,11.2016,In Service,Ok,No,,,,,,,
123.948234,,,Y,75,123.948,0,0.1,OPEN,PVC,CBD,11.2016,3.00,Distribution Main,,In Service,,No,,,,,,,
1572.17492,,,Y,50,1572.175,0,0.1,OPEN,PVC,CBD,01.2017,2.00,Distribution Main,2016,In Service,Ok,No,,,,,,,
527.538793,,,Y,75,527.539,0,0.1,OPEN,PVC,CBD,10.2016,3.00,Distribution Main,10.2016,In Service,,No,,,,,,,
77.9555921,,,Y,50,77.956,0,0.1,OPEN,PVC,MYT,12.2016,2.00,Distribution Main,,In Service,,No,,,,,,,
56.6561684,,,Y,25,56.656,0,0.1,OPEN,PPR,MYT,12.2016,1.00,Service Line,,In Service,Ok,No,,,,,,,
147.513287,,,Y,20,147.513,0,0.1,OPEN,PVC,MYT,12.2016,0.75,Distribution Main,04.2016,In Service,,No,,,,,,,
237.152213,,,Y,25,237.152,0,0.1,OPEN,PVC,MYT,12.2016,1.00,Distribution Main,04.2016,In Service,,No,,,,,,,
362.627856,,,Y,40,362.628,0,0.1,OPEN,HDPE,MYT,12.2016,1.50,Distribution Main,04.2016,In Service,,No,,,,,,,
183.715715,,,Y,32,183.716,0,0.1,OPEN,HDPE,MYT,12.2016,1.25,Distribution Main,04.2016,In Service,,No,,,,,,,
,,,N,100,,0,0.1,OPEN,PVC,CBD,11.2016,4.00,Distribution Main,10.2016,In Service,,No,,,,,,,
,,,N,100,,0,0.1,OPEN,PVC,CBD,11.2016,4.00,Distribution Main,10.2016,In Service,,No,,,,,,,
2332.34484,,,Y,100,2332.345,0,0.1,OPEN,PVC,CBD,11.2016,4.00,Distribution Main,10.2016,In Service,,No,,,,,,,
110.029350,,,Y,100,110.029,0,0.1,OPEN,GI,CBD,11.2016,4.00,Distribution Main,10.2016,In Service,ok,No,,,,,,,
292.838421,,,Y,100,292.838,0,0.1,OPEN,PVC,MYT,07.2015,4.00,Distribution Main,N/A,In Service,N/A,No,,,,,,,
1159.91339,,,Y,100,1159.913,0,0.1,OPEN,PVC,MYT,07.2015,4.00,Distribution Main,2014,In Service,LTAP,No,,,,,,,
102.771298,,,Y,50,102.771,0,0.1,OPEN,PVC,MYT,03.2017,2.00,Distribution Main,,In Service,Ok,No,,,,,,,
1019.44801,,,Y,32,1019.448,0,0.1,OPEN,PVC,MYT,2014,1.25,Distribution Main,N/A,In Service,N/A,No,,,,,,,
219.691968,,,Y,50,219.692,0,0.1,OPEN,PVC,MYT,2014,2.00,Distribution Main,N/A,In Service,N/A,No,,,,,,,
40.2918997,,,Y,50,40.292,0,0.1,OPEN,PVC,MYT,07.2015,2.00,Distribution Main,2012,In Service,N/A,No,,,,,,,
28.6798038,,,Y,50,28.680,0,0.1,OPEN,PVC,MYT,2014,2.00,Distribution Main,N/A,In Service,N/A,No,,,,,,,
96.5104083,,,Y,50,96.510,0,0.1,OPEN,PVC,MYT,2014,2.00,Distribution Main,2014,In Service,N/A,No,,,,,,,
335.594596,,,Y,50,335.595,0,0.1,OPEN,PVC,MYT,2014,2.00,Distribution Main,2014,In Service,N/A,No,,,,,,,
384.532211,,,Y,50,384.532,0,0.1,OPEN,PVC,MYT,12.2016,2.00,Distribution Main,,In Service,,No,,,,,,,
162.125124,,,Y,50,162.125,0,0.1,OPEN,PVC,KREKAJ,03.2015,2.00,Distribution Main,N/A,In Service,N/A,No,,,,,,,
1018.06791,,,Y,32,1018.068,0,0.1,OPEN,PVC,KREKAJ,2014,1.25,Distribution Main,06.2014,In Service,LTAP Extension lines,No,,,,,,,
1225.31577,,,Y,40,1225.316,0,0.1,OPEN,PVC,KREKAJ,02.2017,1.50,Distribution Main,02.2017,In Service,OK,Yes,,,,,,,
85.0503923,,,Y,100,85.050,0,0.1,CLOSED,HDPE,KREKAJ,10.2016,4.00,Distribution Main,2016,Still pending,Pump line,No,,,,,,,
15.9272549,,,Y,100,15.927,0,0.1,CLOSED,HDPE,KREKAJ,10.2016,4.00,Distribution Main,2016,Still pending,Pump line,No,,,,,,,
359.668602,,,Y,100,359.669,0,0.1,CLOSED,HDPE,KREKAJ,10.2016,4.00,Distribution Main,2016,Still pending,Pump line,No,,,,,,,
2668.28165,,,Y,100,2668.282,0,0.1,OPEN,Steel,KREKAJ,2014,4.00,Distribution Main,2014,In Service,LTAP Lines,No,,,,,,,
608.927765,,,Y,40,608.928,0,0.1,OPEN,PVC,MYT,12.2016,1.50,Distribution Main,04.2016,In Service,,No,,,,,,,
84.7380218,,,Y,40,84.738,0,0.1,OPEN,PPR,MYT,04.2016,1.50,Distribution Main,,In Service,,No,,,,,,,
7.03303381,,,Y,100,7.033,0,0.1,OPEN,GI,ME,2014,4.00,Distribution Main,N/A,In Service,N/A,No,,,,,,,
108.530050,,,Y,75,108.530,0,0.1,OPEN,PVC,ME,2014,3.00,Distribution Main,N/A,In Service,N/A,No,,,,,,,
257.062822,,,Y,50,257.063,0,0.1,OPEN,PVC,ME,,2.00,Distribution Main,N/A,In Service,,No,,,,,,,
6.02850158,,,Y,100,6.029,0,0.1,OPEN,PVC,MYT,2014,4.00,Distribution Main,2014,In Service,LTAP Lines,No,,,,,,,
876.994525,,,Y,100,876.995,0,0.1,OPEN,PVC,MYT,2014,4.00,Distribution Main,2014,In Service,LTAP Lines,Yes,,,,,,,
314.188867,,,Y,100,314.189,0,0.1,OPEN,PVC,MYT,2014,4.00,Distribution Main,2014,In Service,LTAP Lines,No,,,,,,,
454.631160,,,Y,100,454.631,0,0.1,OPEN,PVC,MYT,2014,4.00,Distribution Main,2014,In Service,LTAP Lines,No,,,,,,,
81.1188622,,,Y,40,81.119,0,0.1,OPEN,PVC,ME,02.2017,1.50,Distribution Main,2016,In Service,,No,,,,,,,
41.3234737,,,Y,75,41.323,0,0.1,OPEN,GI,ME,2014,3.00,Distribution Main,N/A,In Service,N/A,No,,,,,,,
136.617327,,,Y,50,136.617,0,0.1,OPEN,PVC,ME,02.2017,2.00,Distribution Main,06.2016,In Service,,No,,,,,,,
168.611237,,,Y,75,168.611,0,0.1,OPEN,GI,ME,02.2017,3.00,Distribution Main,N/A,In Service,Confirm offtake and route,No,,,,,,,
233.446128,,,Y,75,233.446,0,0.1,OPEN,GI,ME,2014,3.00,Distribution Main,N/A,In Service,N/A,No,,,,,,,
146.937409,,,Y,32,146.937,0,0.1,OPEN,GI,MYT,2014,1.25,Service Line,N/A,In Service,N/A,No,,,,,,,
64.4917844,,,Y,32,64.492,0,0.1,OPEN,GI,MYT,2014,1.25,Service Line,N/A,In Service,N/A,No,,,,,,,
76.7415890,,,Y,50,76.742,0,0.1,OPEN,PVC,ME,03.2016,2.00,Distribution Main,03.2016,In Service,Extension and Overhaul of Pembe Tatu Area in Middl,No,,,,,,,
80.8018787,,,Y,50,80.802,0,0.1,OPEN,PVC,ME,03.2016,2.00,Distribution Main,03.2016,In Service,Extension and Overhaul of Pembe Tatu Area in Middl,No,,,,,,,
548.928647,,,Y,125,548.929,0,0.1,OPEN,AC,MIL,10.2015,5.00,Distribution Main,N/A,In Service,,No,,,,,,,
973.257679,,,Y,225,973.258,0,0.1,OPEN,AC,MIL,2014,9.00,Distribution Main,N/A,In Service,N/A,No,,,,,,,
1.58622359,,,Y,75,1.586,0,0.1,OPEN,GI,MIL,03.2017,3.00,Distribution Main,N/A,In Service,Serves Sunset,No,,,,,,,
271.340877,,,Y,150,271.341,0,0.1,OPEN,AC,CBD,06.2016,6.00,Distribution Main,N/A,In Service,Pipe is corroded,No,,,,,,,
142.708951,,,Y,225,142.709,0,0.1,OPEN,AC,MIL,06.2016,9.00,Distribution Main,N/A,In Service,,No,,,,,,,
89.3336955,,,Y,75,89.334,0,0.1,OPEN,GI,CBD,03.2016,3.00,Distribution Main,N/A,In Service,,No,,,,,,,
1525.62608,,,Y,150,1525.626,0,0.1,OPEN,GI,CBD,2014,6.00,Distribution Main,N/A,In Service,N/A,No,,,,,,,
12.5589472,,,Y,75,12.559,0,0.1,OPEN,GI,CBD,2014,3.00,Distribution Main,N/A,In Service,N/A,No,,,,,,,
66.0734985,,,Y,75,66.073,0,0.1,OPEN,GI,CBD,2014,3.00,Distribution Main,N/A,In Service,N/A,No,,,,,,,
186.915521,,,Y,150,186.916,0,0.1,OPEN,AC,CBD,06.2016,6.00,Distribution Main,N/A,In Service,,No,,,,,,,
1409.21558,,,Y,150,1409.216,0,0.1,OPEN,GI,CBD,2014,6.00,Distribution Main,N/A,In Service,N/A,No,,,,,,,
206.254016,,,Y,75,206.254,0,0.1,OPEN,GI,CBD,05.2016,3.00,Distribution Main,,In Service,,No,,,,,,,
51.3066649,,,Y,50,51.307,0,0.1,OPEN,PVC,CBD,08.2015,2.00,Distribution Main,N/A,In Service,Structures over it,No,,,,,,,
84.6676944,,,Y,50,84.668,0,0.1,OPEN,PVC,CBD,08.2015,2.00,Distribution Main,N/A,In Service,,No,,,,,,,
2634.27720,,,Y,50,2634.277,0,0.1,OPEN,PVC,MYT,08.2016,2.00,Distribution Main,07.2016,In Service,Has many leakages,No,,,,,,,
427.772004,,,Y,100,427.772,0,0.1,OPEN,HDPE,MYT,2014,,Distribution Main,N/A,In Service,Gate valve at dead end.,No,,,,,,,
112.698057,,,Y,50,112.698,0,0.1,OPEN,PVC,MYT,2014,2.00,Distribution Main,2014,In Service,N/A,No,,,,,,,
58.7709238,,,Y,100,58.771,0,0.1,OPEN,GI,MYT,2014,4.00,Distribution Main,N/A,In Service,Crosses road. Pipe is exposed.,No,,,,,,,
438.258180,,,Y,200,438.258,0,0.1,OPEN,PVC,MYT,2014,8.00,Distribution Main,N/A,In Service,N/A,No,,,,,,,
590.834574,,,Y,150,590.835,0,0.1,OPEN,PVC,ME,2014,6.00,Distribution Main,N/A,In Service,N/A,No,,,,,,,
922.049921,,,Y,100,922.050,0,0.1,OPEN,PVC,MYT,2014,4.00,Distribution Main,2014,In Service,LTAP Lines,No,,,,,,,
52.1913406,,,Y,350,52.191,0,0.1,OPEN,PVC,CBD,2014,14.00,Transmission Main,N/A,In Service,Supplies water to Kibuye.,No,,,,,,,
155.311232,,,Y,40,155.311,0,0.1,OPEN,PVC,KREKAJ,07.2015,1.50,Distribution Main,2014,In Service,Pamoja Trust Funded -DMM,No,,,,,,,
381.901553,,,Y,200,381.902,0,0.1,OPEN,PVC,MYT,2014,8.00,Distribution Main,N/A,In Service,N/A,No,,,,,,,
202.917371,,,Y,100,202.917,0,0.1,OPEN,PVC,MYT,2014,4.00,Distribution Main,N/A,In Service,N/A,No,,,,,,,
868.048567,,,Y,100,868.049,0,0.1,OPEN,PVC,MYT,2014,4.00,Distribution Main,N/A,In Service,N/A,No,,,,,,,
10.7660954,,,Y,75,10.766,0,0.1,OPEN,AC,ME,2014,3.00,Distribution Main,N/A,In Service,N/A,No,,,,,,,
69.3123709,,,Y,75,69.312,0,0.1,OPEN,HDPE,ME,2014,3.00,Distribution Main,N/A,In Service,N/A,No,,,,,,,
105.676657,,,Y,75,105.677,0,0.1,OPEN,PVC,ME,2014,3.00,Distribution Main,N/A,In Service,N/A,No,,,,,,,
793.832822,,,N,250,793.833,0,0.1,OPEN,PVC,CBD,05.2016,10.00,Distribution Main,,In Service,,No,,,,,,,
483.267336,,,N,150,483.267,0,0.1,OPEN,PVC,CBD,2014,6.00,Distribution Main,N/A,In Service,N/A,No,,,,,,,
586.966508,,,N,75,586.967,0,0.1,OPENL,GI,CBD,05.2017,3.00,Distribution Main,N/A,In Service,Serves Lower Railway Estate,No,,,,,,,
12.6832400,,,,250,12.683,0,0.1,OPEN,PVC,CBD,,10.00,,,,,No,,,,,,,
401.223636,,,Y,125,365.240,0,0.1,OPEN,AC,MIL,10.2015,5.00,Distribution Main,N/A,In Service,,No,,,,,,,
106.782979,,,N,75,106.783,0,0.1,OPEN,GI,MIL,06.2017,3.00,Distribution Main,N/A,In Service,,No,,,,,,,
194.931153,,,N,75,194.931,0,0.1,OPEN,GI,MIL,06.2017,3.00,Distribution Main,N/A,In Service,,No,,,,,,,
358.892526,,,Y,225,358.893,0,0.1,OPEN,AC,MIL,2014,9.00,Transmission Main,N/A,In Service,N/A,No,,,,,,,
547.230517,,,N,75,547.231,0,0.1,OPEN,GI,MIL,06.2017,3.00,Distribution Main,N/A,In Service,,No,,,,,,,
88.6831982,,,N,75,88.683,0,0.1,Open,GI,ME,06.2017,3.00,,,,,No,,,,,,,
859.427931,,,N,150,859.428,0,0.1,OPEN,PVC,CBD,06.2017,6.00,Distribution Main,2014,In Service,,No,,,,,,,
1078.07400,,,Y,150,1078.074,0,0.1,OPEN,AC,MIL,2014,6.00,Distribution Main,N/A,In Service,To ground truth,No,,,,,,,
130.765627,,,Y,150,130.766,0,0.1,OPEN,AC,MIL,2014,6.00,Distribution Main,N/A,In Service,N/A,No,,,,,,,
485.562899,,,N,50,485.563,0,0.1,OPEN,PVC,MYT,06.2017,,Distribution Main,06.2017,In Service,Laid by Duncan Ocholla,Yes,,,,,,,
1368.31575,,,Y,100,1368.316,0,0.1,OPEN,PVC,MYT,03.2016,4.00,Distribution Main,N/A,In Service,,No,,,,,,,
185.266362,,,Y,150,185.266,0,0.1,OPEN,AC,MIL,2014,6.00,Distribution Main,N/A,In Service,N/A,No,,,,,,,
306.096464,,,Y,150,306.096,0,0.1,OPEN,AC,MIL,2014,6.00,Distribution Main,N/A,In Service,N/A,No,,,,,,,
845.668082,,,N,50,845.668,0,0.1,OPEN,PVC,MIL,06.2017,2.00,Distribution Main,,In Service,Dead end at county bridge,No,,,,,,,
424.379902,,,N,50,424.380,0,0.1,OPEN,PVC,CBD,,2.00,,,,,No,,,,,,,
691.667410,,,N,32,691.667,0,0.1,OPEN,PVC,KREKAJ,06.2017,1.25,Distribution Main,06.2017,In service,Ok,Yes,,,,,,,
750.756111,,,N,50,750.756,0,0.1,OPEN,PVC,KREKAJ,06.2017,2.00,Distribution Main,2016,In service,Not yet connected to main line,Yes,,,,,,,
316.324905,,,N,75,316.325,0,0.1,OPEN,PVC,KREKAJ,05.2017,3.00,Distribution Main,05.2017,In service,Ok,Yes,,,,,,,
119.049251,,,N,50,119.049,0,0.1,OPEN,PVC,KREKAJ,05.2017,2.00,Distribution Main,05.2017,In service,Ok,Yes,,,,,,,
42.6331901,,,,40,42.633,0,0.1,OPEN,PVC,KREKAJ,05.2017,1.50,Distribution Main,05.2017,In service,Ok,Yes,,,,,,,
260.144896,,,N,75,260.145,0,0.1,OPEN,PVC,KREKAJ,06.2017,3.00,Distribution Main,06.2017,In service,Ok,Yes,,,,,,,
223.798573,,,N,50,223.799,0,0.1,OPEN,PVC,KREKAJ,06.2017,2.00,Distribution Main,06.2017,In service,Ok,Yes,,,,,,,
214.638388,,,N,25,214.638,0,0.1,OPEN,PVC,KREKAJ,06.2017,1.00,Service Line,06.2017,In Service,Laid by Kiptoo,Yes,,,,,,,
20.8531770,,,N,75,20.853,0,0.1,OPEN,GI,CBD,07.2017,3.00,Distribution Main,2010,In Service,,No,,,,,,,
71.6777534,,,N,50,71.678,0,0.1,OPEN,PVC,CBD,07.2017,2.00,Distribution Main,2010,In Service,,No,,,,,,,
157.305134,,,N,40,157.305,0,0.1,OPEN,PVC,CBD,07.2017,1.50,Distribution Main,2010,In Service,,No,,,,,,,
38.3005957,,,N,40,38.301,0,0.1,OPEN,PVC,CBD,07.2017,1.50,Distribution Main,2010,In Service,,No,,,,,,,
160.711651,,,N,40,160.712,0,0.1,OPEN,PVC,CBD,07.2017,1.50,Distribution Main,2010,In Service,,No,,,,,,,
506.610315,,,N,75,506.610,0,0.1,OPEN,PVC,MYT,07.2017,3.00,Distribution Main,06.2017,In Service,Laid by Lawrence,Yes,,,,,,,
256.480216,,,N,50,256.480,0,0.1,OPEN,PVC,MIL,05.2017,2.00,Distribution Main,04.2017,In Service,,Yes,,,,,,,
173.232383,,,N,25,173.232,0,0.1,OPEN,PVC,KREKAJ,07.2017,1.00,Service Line,,In Service,,No,,,,,,,
644.223906,,,N,20,644.224,0,0.1,OPEN,PVC,KREKAJ,07.2017,0.75,Service Line,06.2017,In Service,,Yes,,,,,,,
528.288287,,,N,75,528.288,0,0.1,OPEN,PVC,CBD,06.2017,3.00,Distribution Main,,In Service,,Yes,,,,,,,
315.065778,,,Y,150,315.066,0,0.1,OPEN,PVC,ME,01.2016,6.00,Distribution Main,N/A,In Service,,Yes,,,,,,,
272.672320,,,Y,150,272.672,0,0.1,OPEN,PVC,ME,01.2016,6.00,Distribution Main,N/A,In Service,,No,,,,,,,
114.566597,,,N,40,114.567,0,0.1,OPEN,PVC,ME,07.2019,1.50,Distribution Main,2019,In Service,OD50 WSUP PROJECT,Yes,,,,,,,
164.170661,,,N,40,164.171,0,0.1,OPEN,PVC,ME,07.2019,1.50,Distribution Main,2019,In Service,OD50 WSUP PROJECT,,,,,,,,
234.935547,,,N,40,234.936,0,0.1,OPEN,PVC,ME,07.2019,1.50,Distribution Main,2019,In Service,OD50 WSUP PROJECT,,,,,,,,
98.1538076,,,N,40,98.154,0,0.1,OPEN,PVC,ME,07.2019,1.50,Distribution Main,2019,In Service,OD50 WSUP PROJECT,,,,,,,,
89.6405619,,,N,40,89.641,0,0.1,OPEN,PVC,ME,07.2019,1.50,Distribution Main,2019,In Service,OD50 WSUP PROJECT,,,,,,,,
428.079737,,,N,75,428.080,0,0.1,OPEN,PVC,CBD,07.2017,3.00,Distribution Main,06.2017,In Service,,Yes,,,,,,,
63.6127530,,,N,75,63.613,0,0.1,OPEN,PVC,CBD,07.2017,3.00,Distribution Main,06. 2017,In Service,,Yes,,,,,,,
255.858595,,,Y,100,255.859,0,0.1,OPEN,PVC,ME,2014,,Distribution Main,N/A,In Service,N/A,No,,,,,,,
394.162935,,,N,25,394.163,0,0.1,OPEN,PVC,CBD,,1.00,,,,,No,,,,,,,
603.987078,,,N,100,603.987,0,0.1,OPEN,PVC,MIL,08.2017,4.00,Distribution Main,N/A,In Service,Ok,,,,,,,,
15.9636777,,,Y,75,15.964,0,0.1,OPEN,GI,MIL,2014,3.00,Distribution Main,N/A,In Service,N/A,No,,,,,,,
127.851697,,,Y,125,127.852,0,0.1,OPEN,AC,MIL,10.2015,5.00,Distribution Main,N/A,In Service,,No,,,,,,,
244.384682,,,N,75,244.385,0,0.1,OPEN,GI,MIL,08.2017,3.00,Distribution Main,,In Service,,,,,,,,,
258.220371,,,Y,75,258.220,0,0.1,OPEN,GI,MIL,03.2017,3.00,Distribution Main,N/A,In Service,Serves Sunset,No,,,,,,,
354.590902,,,N,150,354.591,0,0.1,OPEN,PVC,MIL,08.2017,6.00,Distribution Main,,In Service,Ok,,,,,,,,
1768.89075,,,,50,1768.891,0,0.1,OPEN,PVC,MYT,28.07.2022,2.00,Distribution Main,08.2017,In service,Ok,,,,,,,,
311.078462,,,,50,311.078,0,0.1,OPEN,PVC,KREKAJ,09.2017,2.00,Distribution Main,,In service,Ok,,,,,,,,
236.906947,,,,50,236.907,0,0.1,OPEN,PVC,KREKAJ,09.2017,2.00,Distribution Main,OCT/2017,In service,Ok,Yes,,,,,,,
516.159992,,,,40,516.160,0,0.1,OPEN,PVC,MYT,11/2017,4.00,Distribution Main,,In service,Ok,,,,,,,,
616.517313,,,,25,616.517,0,0.1,OPEN,PPR,MYT,11/2017,,Service Line,,In service,Ok,,,,,,,,
573.707932,,,,50,573.708,0,0.1,OPEN,PVC,KRE,12/2017,2.00,Distribution Main,,In service,Ok,,,,,,,,
259.509550,,,,40,259.510,0,0.1,OPEN,PVC,KRE,12/2017,1.50,Distribution Main,,In service,Ok,,,,,,,,
571.646898,,,,50,571.647,0,0.1,OPEN,PVC,MIL,01/2018,2.00,Distribution Main,,In service,Ok,,,,,,,,
783.049598,,,,75,783.050,0,0.1,OPEN,PVC,KRE,01/2018,3.00,Distribution Main,,In service,Ok,,,,,,,,
336.577159,,,,40,336.577,0,0.1,OPEN,PVC,KRE,01/2018,1.50,Distribution Main,,In service,Ok,,,,,,,,
393.408259,,,Y,50,393.408,0,0.1,OPEN,PVC,KREKAJ,2014,2.00,Distribution Main,06.2014,In Service,LTAP Extension lines,No,,,,,,,
354.022381,,,,32,354.022,0,0.1,OPEN,PVC,KRE,01/2018,1.25,Distribution Main,,In service,Ok,,,,,,,,
99.1125926,,,,20,99.113,0,0.1,,pvc,,,,,,,,,,,,,,,
704.313949,,,,32,704.314,0,0.1,OPEN,PVC,CBD,01/2018,1.25,Distribution Main,2017,In service,OK,,,,,,,,
795.444205,,,,25,795.444,0,0.1,OPEN,PVC,CBD,01/2018,1.00,Distribution Main,2017,|In service,Ok,,,,,,,,
207.387512,,,,25,207.388,0,0.1,OPEN,PVC,CBD,01/2018,1.00,Distribution Main,2017,In service,Ok,,,,,,,,
455.640099,,,N,25,455.640,0,0.1,OPEN,PVC,CBD,,1.00,,,,,No,,,,,,,
55.2546412,,,,75,55.255,0,0.1,OPEN,PVC,MYT,02.2018,3.00,Distribution Main,12.2017,In service,Ok,,,,,,,,
1645.59484,,,,75,1645.595,0,0.1,OPEN,PVC,MYT,02.2018,3.00,Distribution Main,12.2017,In service,Ok,,,,,,,,
132.101189,,,,50,132.101,0,0.1,OPEN,PVC,MYT,02.2018,2.00,Distribution Main,12/2017,In service,Ok,,,,,,,,
322.433178,,,,100,322.433,0,0.1,OPEN,PVC,KREKAJ,03.2018,4.00,Distribution Main,,In service,Ok,,,,,,,,
64.7225103,,,,32,64.723,0,0.1,OPEN,PVC,CBD,03.2018,1.25,Distribution Main,,In service,Ok,,,,,,,,
345.329137,,,Y,40,345.329,0,0.1,OPEN,PVC,CBD,04.2018,1.50,Distribution Main,,In service,Ok,,,,,,,,
73.7794341,,,Y,50,73.779,0,0.1,OPEN,PVC,MIL,04.2018,2.00,Distribution Main,,In service,Ok,,,,,,,,
125.949020,,,Y,50,125.949,0,0.1,OPEN,PVC,MIL,04.2018,2.00,Distribution Main,,In service,OK,,,,,,,,
832.138304,,,Y,75,832.138,0,0.1,OPEN,GI,MIL,04.2018,2.00,Distribution Main,,In service,Ok,,,,,,,,
136.378776,,,,50,136.379,0,0.1,OPEN,PVC,MIL,05.2019,2.00,Distribution Main,,,,,,,,,,,
81.7908770,,,Y,50,81.791,0,0.1,OPEN,PVC,MYT,04.2018,2.00,Distribution Main,,In service,Ok,,,,,,,,
73.2618384,,,Y,50,73.262,0,0.1,OPEN,PVC,MYT,04.2018,2.00,Distribution Main,,In service,Ok,,,,,,,,
168.203048,,,Y,32,168.203,0,0.1,OPEN,PVC,MYT,04.2018,1.25,Distribution Main,,In service,Ok,,,,,,,,
34.7187997,,,Y,32,34.719,0,0.1,OPEN,PVC,MYT,04.2018,1.25,Distribution Main,,In service,,,,,,,,,
237.014307,,,Y,25,237.014,0,0.1,OPEN,PVC,MYT,04.2018,1.00,Distribution Main,,In service,Ok,,,,,,,,
487.352805,,,Y,50,487.353,0,0.1,OPEN,PVC,MYT,2017,2.00,Distribution Main,2016,In Service,Ok,No,,,,,,,
1298.46503,,,,50,1298.465,0,0.1,OPEN,PVC,MYT,05.2018,2.00,Distribution Main,04.2018,In service,Ok,,,,,,,,
1660.91982,,,,50,1660.920,0,0.1,OPEN,PVC,MYT,05.2018,2.00,Distribution Main,04.2018,In service,Ok,Ext,,,,,,,
1849.06703,,,,100,1849.067,0,0.1,OPEN,PVC,MYT,05.2018,4.00,Distribution Main,2018,In service,Ok,,,,,,,,
136.843805,,,,250,136.844,0,0.1,OPEN,Steel,MYT,05.2018,10.00,Distribution Main,2014,In service,OK,,,,,,,,
12.0950206,,,,200,12.095,0,0.1,OPEN,Steel,MYT,05.2018,8.00,Distribution Main,2013,In service,Boostline,,,,,,,,
179.790625,,,Y,100,179.791,0,0.1,OPEN,PVC,MYT,03.2016,4.00,Distribution Main,N/A,In Service,,No,,,,,,,
734.140314,,,,100,734.140,0,0.1,OPEN,PVC,MYT,11/2017,4.00,Distribution Main,,In service,Ok,,,,,,,,
747.193630,,,Y,100,747.194,0,0.1,OPEN,PVC,MYT,03.2016,4.00,Distribution Main,N/A,In Service,,No,,,,,,,
517.983108,,,,75,517.983,0,0.1,OPEN,PVC,KREKAJ,05.2018,3.00,Distribution Main,,In service,Ok,,,,,,,,
2017.59432,,,,50,2017.594,0,0.1,OPEN,PVC,KREKAJ,06.2018,2.00,Distribution Main,05.2018,Out of service,Not yet connected,,,,,,,,
3237.81973,,,,50,3237.820,0,0.1,CLOSED,PVC,MYT,06.2018,2.00,Distribution Main,04.2018,,Not yet connected,,,,,,,,
261.108716,,,,50,261.109,0,0.1,OPEN,PVC,MIL,07.2018,2.00,Distribution Main,04.2018,In service,Ok,,,,,,,,
519.186258,,,,50,519.186,0,0.1,OPEN,PVC,KREKAJ,07.2018,2.00,Distribution Main,2018,In service,,,,,,,,,
234.965098,,,,25,234.965,0,0.1,OPEN,PVC,KREKAJ,07.2018,1.00,Distribution Main,2018,In service,Ok,,,,,,,,
572.476155,,,,32,572.476,0,0.1,OPEN,PVC,CBD,07.2018,1.25,Distribution Main,2018,In service,OK,,,,,,,,
111.180060,,,,40,111.180,0,0.1,OPEN,GI,KREKAJ,08.2018,1.50,Distribution Main,,In service,The network is rusted,,,,,,,,
158.834742,,,,40,158.835,0,0.1,OPEN,GI,KREKAJ,08.2018,1.50,Distribution Main,,In service,Line is dilapidated,,,,,,,,
4241.74749,,,,75,4241.747,0,0.1,CLOSED,PVC,MYT,08.2018,3.00,Distribution Main,2018,Out of service,Still under construction,,,,,,,,
583.049059,,,,100,583.049,0,0.1,OPEN,GI,CBD,08.2018,4.00,Distribution Main,,In service,the line is dilapidated,,,,,,,,
293.598502,,,,50,293.599,0,0.1,OPEN,PVC,MIL,08.2018,2.00,Distribution Main,,In service,ok,,,,,,,,
182.060002,,,,75,182.060,0,0.1,OPEN,PVC,KREKAJ,08.2018,3.00,Distribution Main,2018,In service,Ok,,,,,,,,
197.787832,,,,50,197.788,0,0.1,OPEN,PVC,MYT,09.2018,2.00,Distribution Main,,In service,Ok,,,,,,,,
235.085159,,,,100,235.085,0,0.1,OPEN,PVC,MYT,09.2018,4.00,Distribution Main,,OPEN,Suffers low pressure,,,,,,,,
24.7837110,,,Y,100,24.784,0,0.1,OPEN,PVC,MYT,2014,4.00,Distribution Main,N/A,In Service,new off take from 8 inch line,No,,,,,,,
84.1816342,,,Y,150,84.182,0,0.1,OPEN,PVC,MYT,2014,6.00,Distribution Main,N/A,In Service,Off take from 8 inch line,No,,,,,,,
718.979459,,,,4,718.979,0,0.1,OPEN,PVC,MYT,09.2018,4.00,Distribution Main,,In service,Ok,,,,,,,,
1223.46122,,,Y,50,1223.461,0,0.1,OPEN,PVC,MYT,08.2016,2.00,Distribution Main,07.2016,In Service,Has many leakages,No,,,,,,,
355.211295,,,Y,100,355.211,0,0.1,OPEN,PVC,CBD,01.2016,4.00,Distribution Main,2015,In Service,,No,,,,,,,
966.539658,,,,50,966.540,0,0.1,OPEN,PVC,CBD,07.2018,2.00,Distribution Main,2018,In service,Ok,,,,,,,,
123.562147,,,,50,123.562,0,0.1,OPEN,PVC,MYT,12.2018,2.00,Distribution Main,2018,In service,Ok,,,,,,,,
79.6130904,,,,40,79.613,0,0.1,OPEN,PVC,MYT,12.2018,1.50,Distribution Main,2018,In service,Ok,,,,,,,,
60.5409701,,,,32,60.541,0,0.1,OPEN,PVC,MTY,12.2018,,Distribution Main,2018,In service,Ok,,,,,,,,
203.139252,,,,50,203.139,0,0.1,OPEN,PVC,MYT,01.2019,2.00,Distribution Main,,In service,Ok,,,,,,,,
193.285384,,,,50,193.285,0,0.1,OPEN,GI,KREKAJ,01.2019,2.00,Distribution Main,,In service,The network is dilapidated,,,,,,,,
122.684756,,,,50,122.685,0,0.1,OPEN,GI,KREKAJ,01.2019,2.00,Distribution Main,,In service,The network is dilapidated,,,,,,,,
58.7052530,,,,50,58.705,0,0.1,OPEN,GI,KREKAJ,01.2019,2.00,Distribution Main,,In service,The network is dilapidated,,,,,,,,
48.7588064,,,,32,48.759,0,0.1,OPEN,GI,KREKAJ,01.2019,1.25,Service Line,,In service,The network is dilapidated,,,,,,,,
141.943012,,,,50,141.943,0,0.1,OPEN,GI,KREKAJ,01.2019,2.00,Distribution Main,,In service,The network is dilapidated,,,,,,,,
162.654401,,,,50,162.654,0,0.1,OPEN,GI,KREKAJ,01.2019,2.00,Distribution Main,,In service,The network is dilapidated,,,,,,,,
191.765183,,,,50,191.765,0,0.1,OPEN,GI,KREKAJ,01.2019,2.00,Distribution Main,,In service,The network is dilapidated,,,,,,,,
110.797591,,,,,110.798,0,0.1,OPEN,GI,KREKAJ,01.2019,,,,In service,The network is dilapidated,,,,,,,,
188.035853,,,,25,188.036,0,0.1,OPEN,GI,KREKAJ,01.2019,1.00,Service Line,,In service,The network is dilapidated,,,,,,,,
41.0822202,,,,32,41.082,0,0.1,OPEN,GI,KREKAJ,01.2019,1.25,Service Line,,In service,The network is dilapidated,,,,,,,,
74.7132781,,,,,74.713,0,0.1,OPEN,GI,KREKAJ,01.2019,,,,In service,The network is dilapidated,,,,,,,,
39.7249261,,,,32,39.725,0,0.1,OPEN,GI,KREKAJ,01.2019,1.25,Service Line,,In service,The network is dilapidated,,,,,,,,
47.7762629,,,,32,47.776,0,0.1,OPEN,GI,KREKAJ,01.2019,1.25,Service Line,,In service,The network is dilapidated,,,,,,,,
54.0622626,,,,32,54.062,0,0.1,OPEN,GI,KREKAJ,01.2019,1.25,Service Line,,In service,The network is dilapidated,,,,,,,,
198.507180,,,,25,198.507,0,0.1,OPEN,GI,KREKAJ,01.2019,1.00,Service Line,,In service,The network is dilapidated,,,,,,,,
1162.52564,,,,200,1162.526,0,0.1,OPEN,GI,CBD,02.2019,8.00,Distribution Main,2014,In service,Ok,,,,,,,,
325.440957,,,,40,325.441,0,0.1,OPEN,PVC,CBD,2.2019,1.50,Distribution Main,,In service,Ok,,,,,,,,
177.751271,,,,40,177.751,0,0.1,OPEN,PVC,CBD,02.2019,1.50,Distribution Main,2018,In Service,,,,,,,,,
2338.06820,,,,50,2338.068,0,0.1,OPEN,PVC,MYT,05.2018,2.00,Distribution Main,04.2018,In service,Ok,,,,,,,,
1277.22685,,,,50,1277.227,0,0.1,OPEN,PVC,MYT,05.2018,2.00,Distribution Main,04.2018,In service,Ok,,,,,,,,
88.1327433,,,Y,40,88.133,0,0.1,OPEN,PPR,MYT,04.2016,1.50,Distribution Main,,In Service,,No,,,,,,,
585.970862,,,,100,585.971,0,0.1,OPEN,PVC,CBD,02.2019,4.00,Distribution Main,2018,In service,Ok,,,,,,,,
585.981419,,,,75,585.981,0,0.1,OPEN,PVC,CBD,2.2019,75.00,Distribution Main,2018,In service,Ok,,,,,,,,
401.665065,,,,50,401.665,0,0.1,OPEN,PVC,CBD,2.2019,2.00,Distribution Main,2018,In service,Ok,,,,,,,,
261.823243,,,,40,261.823,0,0.1,OPEN,PVC,CBD,2.2019,1.50,Distribution Main,2018,In service,Ok,,,,,,,,
182.857176,,,,32,182.857,0,0.1,OPEN,PVC,CBD,2.2019,1.25,Distribution Main,2018,In service,Ok,,,,,,,,
73.7438973,,,,25,73.744,0,0.1,OPEN,PVC,CBD,2.2019,1.00,Service Line,2018,In service,Ok,,,,,,,,
592.961442,,,,100,592.961,0,0.1,OPEN,PVC,KREKAJ,02.2019,4.00,Distribution Main,2018,In service,Ok,,,,,,,,
218.726323,,,,,218.726,0,0.1,,,,,,,,,,,,,,,,,
734.071380,,,,50,734.071,0,0.1,OPEN,PVC,KREKAJ,03.2019,2.00,Distribution Main,2018,In service,Ok,,,,,,,,
44.8231521,,,,50,44.823,0,0.1,OPEN,PVC,KREKAJ,03.2018,2.00,Distribution Main,,In service,Ok,,,,,,,,
259.682429,,,,25,259.682,0,0.1,OPEN,PVC,MYT,04.2019,1.00,Distribution Main,2018,In service,Ok,,,,,,,,
131.309131,,,,50,131.309,0,0.1,OPEN,PVC,KREKAJ,04.2019,2.00,Distribution Main,,In service,Ok,,,,,,,,
169.461682,,,,25,169.462,0,0.1,OPEN,PVC,KREKAJ,04.2019,1.00,Distribution Main,,In service,Ok,,,,,,,,
2495.59473,,,,75,2495.595,0,0.1,OPEN,PVC,KREKAJ,02.2019,3.00,Distribution Main,2018,In service,Ok,,,,,,,,
582.164424,,,,50,582.164,0,0.1,OPEN,PVC,KREKAJ,04.2019,2.00,Distribution Main,,In service,Ok,,,,,,,,
215.208397,,,,40,215.208,0,0.1,OPEN,PVC,KREKAJ,04.2019,1.50,Distribution Main,,In service,Ok,,,,,,,,
196.114767,,,,32,196.115,0,0.1,OPEN,PVC,KREKAJ,04.2019,1.25,Distribution Main,,In service,Ok,,,,,,,,
149.745970,,,,25,149.746,0,0.1,,,,,1.00,,,,,,,,,,,,
501.123663,,,,75,501.124,0,0.1,OPEN,GI,MYT,04.2019,3.00,Distribution Main,,In service,Dilapidated,,,,,,,,
268.739053,,,,50,268.739,0,0.1,OPEN,GI,MYT,04.2019,2.00,Distribution Main,,In service,Dilapidated,,,,,,,,
131.711533,,,,40,131.712,0,0.1,OPEN,GI,MYT,04.2019,1.50,Distribution Main,,In service,,,,,,,,,
173.440736,,,,50,173.441,0,0.1,OPEN,GI,MYT,04.2019,2.00,Distribution Main,,In service,,,,,,,,,
42.9097562,,,,50,42.910,0,0.1,OPEN,GI,MYT,04.2019,2.00,Distribution Main,,In service,,,,,,,,,
54.9730017,,,,40,54.973,0,0.1,OPEN,GI,MYT,04.2019,1.50,Distribution Main,,In service,,,,,,,,,
100.646785,,,,40,100.647,0,0.1,OPEN,GI,MYT,04.2019,1.50,Distribution Main,,In service,,,,,,,,,
98.9370051,,,,40,98.937,0,0.1,OPEN,GI,MYT,04.2019,1.50,Distribution Main,,In service,,,,,,,,,
98.9090874,,,,40,98.909,0,0.1,OPEN,GI,MYT,04.2019,1.50,Distribution Main,,In service,,,,,,,,,
104.170345,,,,40,104.170,0,0.1,OPEN,GI,MYT,04.2019,1.50,Distribution Main,,In service,,,,,,,,,
97.9168292,,,,40,97.917,0,0.1,OPEN,GI,MYT,04.2019,1.50,Distribution Main,,In service,,,,,,,,,
100.841615,,,,40,100.842,0,0.1,OPEN,GI,MYT,04.2019,1.50,Distribution Main,,In service,,,,,,,,,
467.175552,,,Y,20,467.176,0,0.1,OPEN,PVC,MYT,07.2016,0.75,Distribution Main,,In Service,,No,,,,,,,
525.092251,,,,40,525.092,0,0.1,OPEN,PVC,MYT,05.2019,1.50,Distribution Main,2019,In service,DN50 WSUP PROJECT,,,,,,,,
78.3557993,,,,50,78.356,0,0.1,OPEN,PPR,MYT,05.2019,2.00,Service Line,,In service,ok,,,,,,,,
107.069002,,,Y,100,107.069,0,0.1,OPEN,PVC,CBD,2014,4.00,Distribution Main,N/A,In Service,N/A,No,,,,,,,
158.835810,,,,25,158.836,0,0.1,OPEN,PVC,ME,07.2019,1.00,Distribution Main,2019,In service,OD32 WSUP PROJECT,,,,,,,,
76.1653372,,,,25,76.165,0,0.1,OPEN,PVC,ME,07.2019,1.00,Distribution Main,2019,In service,OD32 WSUP PROJECT,,,,,,,,
75.4842933,,,,25,75.484,0,0.1,OPEN,PVC,ME,07.2019,1.00,Distribution Main,2019,In service,OD32 WSUP PROJECT,,,,,,,,
205.435385,,,,50,205.435,0,0.1,OPEN,PVC,CBD,05.2019,2.00,Distribution Main,2019,In Service,,,,,,,,,
203.318075,,,,40,203.318,0,0.1,OPEN,PVC,ME,07.2019,1.50,Distribution Main,2019,In Service,OD50 WSUP PROJECT,,,,,,,,
402.455689,,,,40,402.456,0,0.1,OPEN,PVC,MYT,06.2019,1.50,Distribution Main,2018,In service,,,,,,,,,
295.934650,,,,50,295.935,0,0.1,OPEN,PVC,ME,06.2019,2.00,Distribution Main,2018,In service,Low pressure,,,,,,,,
838.186240,,,Y,50,838.186,0,0.1,OPEN,PVC,KREKAJ,2014,2.00,Distribution Main,N/A,In Service,N/A,No,,,,,,,
168.262240,,,Y,50,168.262,0,0.1,OPEN,PVC,KREKAJ,2014,2.00,Distribution Main,N/A,In Service,N/A,No,,,,,,,
585.606570,,,,40,585.607,0,0.1,OPEN,HDPE,KREKAJ,2019,1.50,Distribution Main,06.2019,In service,Ok,,,,,,,,
282.751328,,,,75,282.751,0,0.1,OPEN,PVC,KREKAJ,06.2019,2.50,Distribution Main,2019,In service,Ok,,,,,,,,
665.159287,,,,25,665.159,0,0.1,OPEN,PVC,CBD,06.2019,1.00,Distribution Main,2019,In service,Ok,,,,,,,,
115.053839,,,,32,115.054,0,0.1,OPEN,HDPE,MYT,06.2019,1.25,Distribution Main,2019,In service,Ok,,,,,,,,
207.534297,,,,25,207.534,0,0.1,OPEN,PVC,KREKAJ,06.2019,1.00,Distribution Main,2019,In service,OK,,,,,,,,
871.293046,,,,100,871.293,0,0.1,OPEN,PVC,KREKAJ,07.2019,4.00,Distribution Main,,In service,Ok,,,,,,,,
251.739870,,,,32,251.740,0,0.1,OPEN,PVC,KREKAJ,07.2019,1.25,Distribution Main,,In service,Ok,,,,,,,,
232.536413,,,,32,232.536,0,0.1,OPEN,PVC,KREKAJ,07.2019,1.25,Distribution Main,,In service,Ok,,,,,,,,
140.405827,,,,50,140.406,0,0.1,OPEN,PVC,KREKAJ,07.2019,2.00,Distribution Main,,In service,OK,,,,,,,,
179.008010,,,,32,179.008,0,0.1,OPEN,PVC,KREKAJ,07.2019,1.25,Distribution Main,,In service,Ok,,,,,,,,
222.231630,,,,32,222.232,0,0.1,OPEN,PVC,KREKAJ,07.2019,1.25,Distribution Main,,In service,Ok,,,,,,,,
55.3002116,,,,50,55.300,0,0.1,OPEN,PVC,KREKAJ,07.2019,2.00,Distribution Main,,In service,Ok,,,,,,,,
20.1383869,,,,32,20.138,0,0.1,OPEN,PVC,KREKAJ,07.2019,1.25,Distribution Main,,In service,Ok,,,,,,,,
49.1483137,,,,25,49.148,0,0.1,OPEN,PVC,KREKAJ,07.2019,1.00,Distribution Main,,In service,Ok,,,,,,,,
128.214735,,,,110,128.215,0,0.1,OPEN,PVC,KREKAJ,07.2019,4.00,Distribution Main,2019,In service,OD110 WSUP PROJECT,,,,,,,,
93.5937031,,,,110,93.594,0,0.1,OPEN,PVC,KREKAJ,07.2019,4.00,Distribution Main,2019,In service,OD110 WSUP PROJECT,,,,,,,,
73.1072676,,,,110,73.107,0,0.1,OPEN,PVC,KREKAJ,07.2019,4.00,Distribution Main,2019,In service,OD110 WSUP PROJECT,,,,,,,,
1376.94239,,,,50,1376.942,0,0.1,OPEN,PVC,KREKAJ,07.2019,2.00,Distribution Main,2019,In service,OD63 WSUP PROJECT,,,,,,,,
1449.39678,,,,63,1449.397,0,0.1,OPEN,PVC,KREKAJ,07.2019,2.50,Distribution Main,2019,In service,OD75 WSUP PROJECT,,,,,,,,
918.850928,,,,50,918.851,0,0.1,OPEN,PVC,KREKAJ,07.2019,2.00,Distribution Main,2019,In service,OD63 WSUP PROJECT,,,,,,,,
714.856835,,,,32,714.857,0,0.1,OPEN,PVC,KREKAJ,07.2019,1.25,Distribution Main,2019,In service,OD40 WSUP PROJECT,,,,,,,,
939.296810,,,,25,939.297,0,0.1,OPEN,PVC,KREKAJ,07.2019,1.00,Distribution Main,2019,In service,OD32 WSUP PROJECT,,,,,,,,
599.547487,,,,40,599.547,0,0.1,OPEN,PPR,CBD,07.2019,1.50,Distribution Main,,In service,Ok,,,,,,,,
567.255961,,,,50,567.256,0,0.1,OPEN,PVC,KREKAJ,06.2019,1.50,Distribution Main,2019,In service,Ok,,,,,,,,
1072.51354,,,,40,1072.514,0,0.1,OPEN,PVC,KREKAJ,06.2019,1.25,Distribution Main,2019,In service,Ok,,,,,,,,
416.062735,,,,50,416.063,0,0.1,OPEN,PVC,CBD,07.2019,2.00,Distribution Main,2019,In service,OD63 WSUP PROJECT,,,,,,,,
368.243401,,,,50,368.243,0,0.1,OPEN,PVC,CBD,07.2019,2.00,Distribution Main,2019,In service,OD63 WSUP PROJECT,,,,,,,,
733.903529,,,,50,733.904,0,0.1,,PVC,CBD,07.2019,2.00,Distribution Main,2019,In service,OD63 WSUP PROJECT,,,,,,,,
160.852179,,,,50,160.852,0,0.1,,PVC,CBD,07.2019,2.00,Distribution Main,2019,In service,OD63 WSUP PROJECT,,,,,,,,
566.595501,,,,32,566.596,0,0.1,OPEN,PVC,MYT,05.2019,1.25,Distribution Main,2019,In service,OD40 WSUP PROJECT,,,,,,,,
57.7779479,,,,25,57.778,0,0.1,OPEN,PVC,ME,07.2019,1.00,Distribution Main,2019,In service,OD32 WSUP PROJECT,,,,,,,,
58.1782335,,,,25,58.178,0,0.1,OPEN,PVC,ME,07.2019,1.00,Distribution Main,2019,In service,OD32 WSUP PROJECT,,,,,,,,
61.4249693,,,,25,61.425,0,0.1,OPEN,PVC,ME,07.2019,1.00,Distribution Main,2019,In service,OD32 WSUP PROJECT,,,,,,,,
59.5727903,,,,25,59.573,0,0.1,OPEN,PVC,ME,07.2019,1.00,Distribution Main,2019,In service,OD32 WSUP PROJECT,,,,,,,,
61.2325515,,,,25,61.233,0,0.1,OPEN,PVC,ME,07.2019,1.00,Distribution Main,2019,In service,OD32 WSUP PROJECT,,,,,,,,
60.7741609,,,,25,60.774,0,0.1,OPEN,PVC,ME,07.2019,1.00,Distribution Main,2019,In service,OD32 WSUP PROJECT,,,,,,,,
63.3462433,,,,25,63.346,0,0.1,OPEN,PVC,ME,07.2019,1.00,Distribution Main,2019,In service,OD32 WSUP PROJECT,,,,,,,,
62.3303178,,,,25,62.330,0,0.1,OPEN,PVC,ME,07.2019,1.00,Distribution Main,2019,In service,OD32 WSUP PROJECT,,,,,,,,
332.029142,,,Y,32,332.029,0,0.1,OPEN,PVC,ME,02.2017,1.25,Distribution Main,2016,In Service,,No,,,,,,,
83.6320842,,,,50,83.632,0,0.1,OPEN,PVC,CBD,08.2019,2.00,Service Line,,In service,,,,,,,,,
235.988955,,,,40,235.989,0,0.1,,PVC,KREKAJ,08.2019,1.25,Distribution Main,2019,In service,Ok,,,,,,,,
173.895552,,,,32,173.896,0,0.1,,PVC,KREKAJ,08.2019,1.00,Distribution Main,2019,In service,Ok,,,,,,,,
311.585608,,,,25,311.586,0,0.1,,PVC,KREKAJ,08.2019,1.00,Distribution Main,2019,In service,Ok,,,,,,,,
177.327604,,,,25,177.328,0,0.1,,PVC,KREKAJ,08.2019,1.50,Distribution Main,2019,In service,Ok,,,,,,,,
219.491680,,,,100,219.492,0,0.1,OPEN,GI,CBD,09.2019,4.00,Distribution Main,,In service,Ok,,,,,,,,
19.3301381,,,,110,19.330,0,0.1,OPEN,PVC,CBD,09.2019,4.00,Distribution Main,,In service,Boost line,,,,,,,,
474.582699,,,,75,474.583,0,0.1,OPEN,GI,CBD,09.2019,3.00,Distribution Main,,In service,Ok,,,,,,,,
91.3239529,,,,150,91.324,0,0.1,OPEN,GI,KREKAJ,09.2019,6.00,Distribution Main,,In service,Ok,,,,,,,,
76.5855233,,,Y,150,76.586,0,0.1,OPEN,PVC,KREKAJ,2014,6.00,Distribution Main,N/A,In Service,N/A,No,,,,,,,
242.802834,,,Y,150,242.803,0,0.1,OPEN,AC,KREKAJ,2014,6.00,Distribution Main,N/A,In Service,N/A,No,,,,,,,
66.2344267,,,Y,150,66.234,0,0.1,OPEN,GI,KREKAJ,2014,6.00,Distribution Main,N/A,In Service,N/A,No,,,,,,,
54.9422839,,,Y,150,54.942,0,0.1,OPEN,GI,KREKAJ,2014,6.00,Distribution Main,N/A,In Service,N/A,No,,,,,,,
360.180041,,,Y,150,360.180,0,0.1,OPEN,PVC,KREKAJ,2014,6.00,Distribution Main,N/A,In Service,N/A,No,,,,,,,
68.3673829,,,Y,150,68.367,0,0.1,OPEN,AC,KREKAJ,2014,6.00,Distribution Main,N/A,In Service,N/A,No,,,,,,,
370.592311,,,Y,150,370.592,0,0.1,OPEN,PVC,KREKAJ,2014,6.00,Distribution Main,N/A,In Service,N/A,No,,,,,,,
131.918152,,,Y,150,131.918,0,0.1,OPEN,GI,KREKAJ,2014,6.00,Distribution Main,N/A,In Service,N/A,No,,,,,,,
71.7801432,,,Y,150,71.780,0,0.1,OPEN,AC,KREKAJ,2014,6.00,Distribution Main,N/A,In Service,N/A,No,,,,,,,
60.6432131,,,Y,150,60.643,0,0.1,OPEN,HDPE,KREKAJ,2014,6.00,Distribution Main,N/A,In Service,N/A,No,,,,,,,
52.7995629,,,Y,150,52.800,0,0.1,OPEN,PVC,KREKAJ,2014,6.00,Distribution Main,N/A,In Service,N/A,No,,,,,,,
156.650918,,,Y,150,156.651,0,0.1,OPEN,AC,KREKAJ,2014,6.00,Distribution Main,N/A,In Service,N/A,No,,,,,,,
29.8662888,,,Y,150,29.866,0,0.1,OPEN,GI,KREKAJ,2014,6.00,Distribution Main,N/A,In Service,N/A,No,,,,,,,
154.217149,,,Y,150,154.217,0,0.1,OPEN,AC,KREKAJ,2014,6.00,Distribution Main,N/A,In Service,N/A,No,,,,,,,
344.493957,,,Y,150,344.494,0,0.1,OPEN,PVC,KREKAJ,2014,6.00,Distribution Main,N/A,In Service,N/A,No,,,,,,,
63.9840107,,,Y,150,63.984,0,0.1,OPEN,AC,KREKAJ,2014,6.00,Distribution Main,N/A,In Service,N/A,No,,,,,,,
261.488962,,,Y,150,261.489,0,0.1,OPEN,PVC,KREKAJ,2014,6.00,Distribution Main,N/A,In Service,N/A,No,,,,,,,
23.4902990,,,Y,150,23.490,0,0.1,OPEN,AC,KREKAJ,2014,6.00,Distribution Main,N/A,In Service,N/A,No,,,,,,,
156.174905,,,Y,150,156.175,0,0.1,OPEN,PVC,KREKAJ,2014,6.00,Distribution Main,N/A,In Service,N/A,No,,,,,,,
107.423911,,,Y,150,107.424,0,0.1,OPEN,AC,KREKAJ,2014,6.00,Distribution Main,N/A,In Service,N/A,No,,,,,,,
89.1220459,,,Y,150,89.122,0,0.1,OPEN,GI,KREKAJ,2014,6.00,Distribution Main,N/A,In Service,N/A,No,,,,,,,
46.4020453,,,Y,150,46.402,0,0.1,OPEN,AC,KREKAJ,2014,6.00,Distribution Main,N/A,In Service,N/A,No,,,,,,,
59.7034232,,,Y,150,59.703,0,0.1,OPEN,GI,KREKAJ,2014,6.00,Distribution Main,N/A,In Service,N/A,No,,,,,,,
47.0077170,,,Y,150,47.008,0,0.1,OPEN,AC,KREKAJ,2014,6.00,Distribution Main,N/A,In Service,N/A,No,,,,,,,
34.9241973,,,Y,150,34.924,0,0.1,OPEN,PVC,KREKAJ,2014,6.00,Distribution Main,N/A,In Service,N/A,No,,,,,,,
56.3831060,,,Y,150,56.383,0,0.1,OPEN,AC,KREKAJ,2014,6.00,Distribution Main,N/A,In Service,N/A,No,,,,,,,
142.610418,,,Y,150,142.610,0,0.1,OPEN,HDPE,KREKAJ,2014,6.00,Distribution Main,N/A,In Service,N/A,No,,,,,,,
1059.40231,,,Y,150,1059.402,0,0.1,OPEN,AC,KREKAJ,2014,6.00,Distribution Main,N/A,In Service,N/A,No,,,,,,,
229.488755,,,Y,150,229.489,0,0.1,OPEN,PVC,KREKAJ,2014,6.00,Distribution Main,N/A,In Service,N/A,No,,,,,,,
48.8218261,,,Y,150,48.822,0,0.1,OPEN,AC,KREKAJ,2014,6.00,Distribution Main,N/A,In Service,N/A,No,,,,,,,
241.390397,,,,40,241.390,0,0.1,OPEN,PVC,KREKAJ,09.2019,1.50,Distribution Main,,In service,Ok,,,,,,,,
431.441118,,,,50,431.441,0,0.1,OPEN,PVC,KREKAJ,09.2019,2.00,Distribution Main,,In service,Ok,,,,,,,,
934.728255,,,Y,300,934.728,0,0.1,OPEN,Steel,CBD,2014,12.00,Transmission Main,2014,In Service,LTAP Lines,No,,,,,,,
4.18550226,,,,110,4.186,0,0.1,OPEN,GI,CBD,09.2019,4.00,Distribution Main,2017,In Service,OK,,,,,,,,
1.18175540,,,,50,1.182,0,0.1,OPEN,GI,CBD,2019,2.00,,2018,In service,Ok,,,,,,,,
1.17090286,,,,50,1.171,0,0.1,OPEN,GI,CBD,2019,2.00,,2018,In service,Ok,,,,,,,,
197.116300,,,,50,197.116,0,0.1,OPEN,PVC,MYT,09.2019,2.00,Distribution Main,,In service,OK,,,,,,,,
556.879517,,,,50,556.880,0,0.1,OPEN,PVC,KREKAJ,09.2019,2.00,Distribution Main,,In service,Ok,,,,,,,,
4.30834230,,,,50,4.308,0,0.1,OPEN,PVC,MIL,10.2019,2.00,Distribution Main,2019,In service,OK,,,,,,,,
171.558184,,,,50,171.558,0,0.1,OPEN,HDPE,MIL,10.2019,2.00,Distribution Main,2019,In service,OK,,,,,,,,
328.052146,,,,50,328.052,0,0.1,OPEN,HDPE,MIL,10.2019,2.00,Distribution Main,2019,In service,OK,,,,,,,,
23.7917289,,,,50,23.792,0,0.1,OPEN,PVC,MIL,10.2019,2.00,Distribution Main,2019,In service,OK,,,,,,,,
21.0375559,,,,50,21.038,0,0.1,OPEN,PVC,MIL,10.2019,2.00,Distribution Main,2019,In service,OK,,,,,,,,
21.1357711,,,,50,21.136,0,0.1,OPEN,PVC,MIL,10.2019,2.00,Distribution Main,2019,In service,OK,,,,,,,,
93.0672372,,,,50,93.067,0,0.1,OPEN,HDPE,MIL,10.2019,2.00,Distribution Main,2019,In service,OK,,,,,,,,
116.275232,,,,50,116.275,0,0.1,OPEN,HDPE,MIL,10.2019,2.00,Distribution Main,2019,In service,OK,,,,,,,,
229.134473,,,,100,229.134,0,0.1,OPEN,AC,MIL,10.2019,4.00,Distribution Main,,In service,Ok,,,,,,,,
257.248281,,,,100,257.248,0,0.1,OPEN,AC,MIL,10.2019,4.00,Distribution Main,,In service,Ok,,,,,,,,
351.224849,,,Y,50,351.225,0,0.1,OPEN,PVC,MIL,2014,2.00,Distribution Main,N/A,In Service,N/A,No,,,,,,,
612.711564,,,Y,50,612.712,0,0.1,OPEN,PVC,MIL,2014,2.00,Distribution Main,N/A,In Service,N/A,No,,,,,,,
11.6572935,,,,,11.657,0,0.1,,,,,,,,,,,,,,,,,
1217.70521,,,,75,1217.705,0,0.1,CLOSED,HDPE,MYT,04.2020,4.00,Distribution Main,2019,Out of service,Connection is still pending,Ova,,,,,,,
5.42703857,,,Y,350,5.427,0,0.1,OPEN,Steel,CBD,2014,14.00,Distribution Main,N/A,In Service,N/A,No,,,,,,,
212.054134,,,,75,212.054,0,0.1,OPEN,,RIAT C,1.2020,3.00,Distribution Main,2018,In service,,,,,,,,,
314.639400,,,,50,314.639,0,0.1,OPEN,,RIAT C,1.2020,2.00,Distribution Main,2018,In service,,,,,,,,,
177.630319,,,,40,177.630,0,0.1,OPEN,,RIAT C,1.2020,1.50,Distribution Main,2018,In service,,,,,,,,,
72.6561914,,,,50,72.656,0,0.1,OPEN,uPVC,RIAT C,01.2020,2.00,Distribution Main,2018,In service,,,,,,,,,
77.5383252,,,,40,77.538,0,0.1,OPEN,uPVC,RIAT C,01.2020,1.50,Distribution Main,2018,In service,,,,,,,,,
61.5079156,,,,40,61.508,0,0.1,,,,,1.50,,,,,,,,,,,,
35.6556639,,,,50,35.656,0,0.1,,PVC,,,2.00,,,,,,,,,,,,
363.299052,,,,50,363.299,0,0.1,OPEN,HDPE,MIL,11.2019,2.00,Distribution Main,2019,In service,Ok,,,,,,,,
50.4397898,,,,50,50.440,0,0.1,OPEN,HDPE,MIL,11.2019,2.00,Distribution Main,2019,In service,Ok,,,,,,,,
1543.44968,,,,50,1543.450,0,0.1,OPEN,PVC,KREKAJ,11.2019,2.00,Distribution Main,2019,In service,OK,,,,,,,,
12.5634766,,,,,12.563,0,0.1,,,,,,,,,,,,,,,,,
13.7126118,,,,,13.713,0,0.1,,,,,,,,,,,,,,,,,
35.4445096,,,,50,35.445,0,0.1,OPEN,PVC,MYT,06.2019,2.00,Distribution Main,2018,In service,Ok,,,,,,,,
597.249094,,,,75,597.249,0,0.1,OPEN,HDPE,MYT,12.2019,3.00,Distribution Main,2019,Out of service,HIGH OCTANE PROJECT,,,,,,,,
1291.97277,,,,75,1291.973,0,0.1,OPEN,HDPE,MYT,12.2019,3.00,Distribution Main,2019,Out of service,HIGH OCTANE PROJECT,,,,,,,,
300.179319,,,,50,300.179,0,0.1,OPEN,HDPE,MYT,12.2019,2.00,Distribution Main,2019,Out of service,HIGH OCTANE PROJECT,,,,,,,,
292.242927,,,,50,292.243,0,0.1,OPEN,HDPE,MYT,12.2019,2.00,Distribution Main,2019,Out of service,HIGH OCTANE PROJECT,,,,,,,,
936.225742,,,,75,936.226,0,0.1,OPEN,HDPE,MYT,12.2019,3.00,Distribution Main,2019,Out of service,HIGH OCTANE PROJECT,,,,,,,,
615.502484,,,,50,615.502,0,0.1,OPEN,HDPE,KREKAJ,12.2019,2.00,Distribution Main,2019,Out of service,HIGH OCTANE PROJECT,,,,,,,,
555.670836,,,,50,555.671,0,0.1,OPEN,HDPE,MYT,12.2019,2.00,Distribution Main,2019,Out of service,HIGH OCTANE PROJECT,,,,,,,,
99.5211597,,,,50,99.521,0,0.1,OPEN,HDPE,CBD,12.2019,2.00,Distribution Main,12.2019,In service,Ok,,,,,,,,
187.872215,,,,40,187.872,0,0.1,OPEN,HDPE,CBD,12.2019,1.50,Distribution Main,12.2019,In service,Ok,,,,,,,,
51.4935862,,,,40,51.494,0,0.1,OPEN,PVC,CBD,12.2019,1.50,Distribution Main,,In service,Ok,,,,,,,,
148.965403,,,,75,148.965,0,0.1,,GI,,,3.00,,,,,,,,,,,,
247.803805,,,,100,247.804,0,0.1,OPEN,PVC,ME,12.2019,4.00,Distribution Main,,In service,Ok,,,,,,,,
94.8423382,,,Y,75,94.842,0,0.1,OPEN,GI,ME,10.2016,3.00,Distribution Main,,In Service,,No,,,,,,,
177.982778,,,Y,75,177.983,0,0.1,OPEN,AC,ME,10.2016,3.00,Distribution Main,,In Service,,No,,,,,,,
92.8343980,,,Y,75,92.834,0,0.1,OPEN,GI,ME,10.2016,3.00,Distribution Main,,In Service,,No,,,,,,,
156.916402,,,Y,75,156.916,0,0.1,OPEN,AC,ME,10.2016,3.00,Distribution Main,,In Service,,No,,,,,,,
199.610231,,,Y,75,199.610,0,0.1,OPEN,PVC,ME,06.2016,3.00,Distribution Main,07.2016,In Service,,No,,,,,,,
108.663664,,,,75,108.664,0,0.1,OPEN,PVC,KREKAJ,12.2019,3.00,Distribution Main,,In service,Ok,,,,,,,,
640.276460,,,Y,75,640.276,0,0.1,OPEN,PVC,CBD,03.2016,3.00,Distribution Main,,In Service,,No,,,,,,,
980.405353,,,,50,980.405,0,0.1,OPEN,HDPE,MYT,01.2020,2.00,Distribution Main,2019,In service,High octane,,,,,,,,
918.714173,,,,50,918.714,0,0.1,OPEN,HDPE,MYT,01.2020,2.00,Distribution Main,2019,In service,High octane,,,,,,,,
354.361636,,,,32,354.362,0,0.1,OPEN,HDPE,MIL,01.2020,1.25,Distribution Main,2019,In service,Ok,,,,,,,,
155.870850,,,,75,155.871,0,0.1,OPEN,PVC,MIL,01.2020,3.00,Distribution Main,2019,In service,Ok,,,,,,,,
177.615070,,,,50,177.615,0,0.1,OPEN,PVC,MIL,01.2020,2.00,Distribution Main,2019,In service,Ok,,,,,,,,
102.788875,,,,50,102.789,0,0.1,OPEN,PVC,MIL,01.2020,2.00,Distribution Main,2019,In service,Ok,,,,,,,,
240.381622,,,,50,240.382,0,0.1,OPEN,PVC,MIL,01.2020,2.00,Distribution Main,2019,In service,Ok,,,,,,,,
64.4160699,,,Y,50,64.416,0,0.1,OPEN,PVC,MIL,03.2020,2.00,Distribution Main,10.2015,In Service,Proposed DW_Pipe Network,No,,,,,,,
421.537218,,,,50,421.537,0,0.1,OPEN,PVC,MIL,01.2020,2.00,Distribution Main,2019,In service,Ok,,,,,,,,
368.227235,,,,50,368.227,0,0.1,OPEN,PVC,MIL,01.2020,2.00,Distribution Main,2019,In service,Ok,,,,,,,,
159.262710,,,,75,159.263,0,0.1,OPEN,PVC,MIL,01.2020,3.00,Distribution Main,2019,In service,Ok,,,,,,,,
126.042314,,,,50,126.042,0,0.1,OPEN,PVC,MIL,01.2020,3.00,Distribution Main,2019,In service,Ok,,,,,,,,
38.5048724,,,,150,38.505,0,0.1,OPEN,STEEL,OBA,01.2020,6.00,Distribution Main,2018,In service,Tank outlets,,,,,,,,
682.357962,,,,40,682.358,0,0.1,OPEN,HDPE,OBA,01.2020,1.50,Distribution Main,2019,In service,KIWASCO OBA,,,,,,,,
20.6981913,,,,100,20.698,0,0.1,OPEN,HDPE,OBA,01.2020,4.00,Distribution Main,2018,In service,KIWASCO OBA,,,,,,,,
78.1703424,,,,75,78.170,0,0.1,OPEN,HDPE,OBA,01.2020,3.00,Distribution Main,2018,In service,KIWASCO OBA,,,,,,,,
1034.47890,,,,40,1034.479,0,0.1,OPEN,HDPE,OBA,01.2020,1.50,Distribution Main,2018,In service,KIWASCO OBA,,,,,,,,
612.450743,,,,20,612.451,0,0.1,OPEN,HDPE,OBA,01.2020,0.75,Service Line,2019,In service,KIWASCO OBA,,,,,,,,
239.160179,,,,75,239.160,0,0.1,OPEN,HDPE,OBA,01.2020,3.00,Distribution Main,2018,In service,KIWASCO OBA,,,,,,,,
295.741877,,,,50,295.742,0,0.1,OPEN,HDPE,OBA,01.2020,2.00,Distribution Main,2018,In service,KIWASCO OBA,,,,,,,,
241.363780,,,,100,241.364,0,0.1,OPEN,HDPE,OBA,01.2020,4.00,Distribution Main,2018,In service,KIWASCO OBA,,,,,,,,
675.460917,,,,40,675.461,0,0.1,OPEN,HDPE,OBA,01.2020,1.50,Distribution Main,2018,In service,KIWASCO OBA,,,,,,,,
335.228521,,,,100,335.229,0,0.1,OPEN,HDPE,OBA,01.2020,4.00,Distribution Main,2018,In service,KIWASCO OBA,,,,,,,,
1318.48671,,,,40,1318.487,0,0.1,OPEN,HDPE,OBA,01.2020,1.50,Distribution Main,2018,In service,KIWASCO OBA,,,,,,,,
318.843283,,,,40,318.843,0,0.1,OPEN,HDPE,OBA,01.2020,1.50,Distribution Main,2018,In service,KIWASCO OBA,,,,,,,,
129.925254,,,,25,129.925,0,0.1,OPEN,HDPE,OBA,01.2020,1.00,Distribution Main,2019,In service,KIWASCO OBA,,,,,,,,
168.474654,,,,25,168.475,0,0.1,OPEN,HDPE,OBA,01.2020,1.00,Distribution Main,2019,In service,KIWASCO OBA,,,,,,,,
271.085624,,,,20,271.086,0,0.1,OPEN,PPR,OBA,01.2020,0.75,Service Line,2019,In service,,,,,,,,,
179.056396,,,,25,179.056,0,0.1,OPEN,HDPE,OBA,01.2020,1.00,Distribution Main,2019,In service,,,,,,,,,
177.889270,,,,20,177.889,0,0.1,OPEN,PPR,OBA,01.2020,0.75,Service Line,2019,In service,,,,,,,,,
571.672245,,,,100,571.672,0,0.1,OPEN,HDPE,OBA,01.2020,4.00,Distribution Main,2018,In service,KIWASCO OBA,,,,,,,,
133.227268,,,,50,133.227,0,0.1,OPEN,HDPE,OBA,01.2020,2.00,Distribution Main,2019,In service,,,,,,,,,
670.800085,,,,25,670.800,0,0.1,OPEN,HDPE,OBA,01.2020,1.00,Distribution Main,2019,In service,,,,,,,,,
1125.57990,,,,100,1125.580,0,0.1,OPEN,HDPE,OBA,01.2020,4.00,Distribution Main,2018,In service,KIWASCO OBA,,,,,,,,
1052.41357,,,,50,1052.414,0,0.1,OPEN,HDPE,OBA,01.2020,2.00,Distribution Main,2018,In service,KIWASCO OBA,,,,,,,,
1203.30832,,,,75,1203.308,0,0.1,OPEN,HDPE,OBA,01.2020,3.00,Distribution Main,2018,In service,KIWASCO OBA,,,,,,,,
260.287353,,,,100,260.287,0,0.1,OPEN,HDPE,OBA,01.2020,4.00,Distribution Main,2018,In service,KIWASCO OBA,,,,,,,,
861.992328,,,,40,861.992,0,0.1,OPEN,HDPE,OBA,01.2020,1.50,Distribution Main,2018,In service,KIWASCO OBA,,,,,,,,
4.80137695,,,,150,4.801,0,0.1,OPEN,STEEL,OBA,01.2020,6.00,Distribution Main,2018,In service,Tank outlets,,,,,,,,
3074.84171,,,,200,3074.842,0,0.1,OPEN,STEEL,OBA,01.2020,8.00,Rising main,2018,In service,KIWASCO OBA,,,,,,,,
5.73572813,,,,100,5.736,0,0.1,OPEN,STEEL,OBA,01.2020,4.00,Rising main,2018,In service,KIWASCO OBA,,,,,,,,
17.3116014,,,,100,17.312,0,0.1,OPEN,STEEL,OBA,01.2020,4.00,Rising main,2018,In service,,,,,,,,,
690.820117,,,,100,690.820,0,0.1,OPEN,HDPE,OBA,01.2020,4.00,Distribution Main,2018,Out of service,KIWASCO OBA,,,,,,,,
27.3122040,,,,150,27.312,0,0.1,OPEN,uPVC,RIAT C,01.2020,6.00,Distribution Main,2018,In service,,,,,,,,,
3.02435146,,,,150,3.024,0,0.1,OPEN,uPVC,RIAT C,01.2020,6.00,Distribution Main,2018,In service,,,,,,,,,
461.489691,,,,225,461.490,0,0.1,OPEN,uPVC,RIAT C,01.2020,9.00,Distribution Main,2018,In service,,,,,,,,,
1004.02579,,,,100,1004.026,0,0.1,OPEN,uPVC,RIAT C,01.2020,4.00,Distribution Main,2018,In service,,,,,,,,,
1441.15767,,,,50,1441.158,0,0.1,OPEN,uPVC,RIAT C,01.2020,2.00,Distribution Main,2018,In service,,,,,,,,,
704.870050,,,,50,704.870,0,0.1,OPEN,uPVC,RIAT C,01.2020,2.00,Distribution Main,2018,In service,,,,,,,,,
398.619609,,,,50,398.620,0,0.1,OPEN,uPVC,RIAT C,01.2020,2.00,Distribution Main,2018,In service,,,,,,,,,
266.443522,,,,50,266.444,0,0.1,OPEN,uPVC,RIAT C,01.2020,2.00,Distribution Main,2018,In service,,,,,,,,,
362.831585,,,,50,362.832,0,0.1,OPEN,uPVC,RIAT C,01.2020,2.00,Distribution Main,2018,In service,,,,,,,,,
1282.29323,,,,63,1282.293,0,0.1,OPEN,uPVC,RIAT C,01.2020,2.50,Distribution Main,2018,In service,,,,,,,,,
513.702965,,,,63,513.703,0,0.1,OPEN,uPVC,RIAT C,01.2020,2.50,Distribution Main,2018,In service,,,,,,,,,
477.076135,,,,63,477.076,0,0.1,OPEN,uPVC,RIAT C,01.2020,2.50,Distribution Main,2018,In service,,,,,,,,,
661.744580,,,,50,661.745,0,0.1,OPEN,uPVC,RIAT C,01.2020,2.00,Distribution Main,2018,In service,,,,,,,,,
968.501982,,,,63,968.502,0,0.1,OPEN,HDPE,RIAT C,01.2020,2.50,Distribution Main,2018,In service,,,,,,,,,
334.924983,,,,63,334.925,0,0.1,OPEN,uPVC,RIAT C,01.2020,2.50,Distribution Main,2018,In service,,,,,,,,,
1145.79024,,,,63,1145.790,0,0.1,OPEN,uPVC,RIAT C,01.2020,2.50,Distribution Main,2018,In service,,,,,,,,,
229.610966,,,,150,229.611,0,0.1,OPEN,uPVC,RIAT C,01.2020,6.00,Distribution Main,2018,In service,,,,,,,,,
759.735029,,,,40,759.735,0,0.1,OPEN,uPVC,RIAT C,01.2020,1.50,Distribution Main,2018,In service,,,,,,,,,
250.771065,,,,40,250.771,0,0.1,OPEN,uPVC,RIAT C,01.2020,1.50,Distribution Main,2018,In service,,,,,,,,,
591.066298,,,,32,591.066,0,0.1,OPEN,uPVC,RIAT C,01.2020,1.25,Distribution Main,2018,In service,,,,,,,,,
424.457454,,,,32,424.457,0,0.1,OPEN,uPVC,RIAT C,01.2020,1.25,Distribution Main,2018,In service,,,,,,,,,
758.227520,,,,40,758.228,0,0.1,OPEN,uPVC,RIAT C,01.2020,1.50,Distribution Main,2018,In service,,,,,,,,,
372.496224,,,,100,372.496,0,0.1,OPEN,uPVC,RIAT C,01.2020,4.00,Distribution Main,2018,In service,,,,,,,,,
495.707626,,,,50,495.708,0,0.1,OPEN,HDPE,MYT,02.2020,2.00,Distribution Main,2020,Out of service,WFL,,,,,,,,
288.580867,,,,50,288.581,0,0.1,OPEN,HDPE,MYT,02.2020,2.00,Distribution Main,2020,Out of service,WFL,,,,,,,,
536.944284,,,,50,536.944,0,0.1,OPEN,HDPE,MYT,01.2020,2.00,Distribution Main,2020,In service,Ok,,,,,,,,
309.607513,,,,50,309.608,0,0.1,OPEN,HDPE,MYT,01.2020,2.00,Distribution Main,2020,In service,Ok,,,,,,,,
137.884570,,,,50,137.885,0,0.1,OPEN,HDPE,MYT,01.2020,2.00,,,,,,,,,,,,
2343.93367,,,,150,2343.934,0,0.1,OPEN,PVC,CBD,02.2020,6.00,Distribution Main,2018,In service,Network Overhaul,,,,,,,,
174.633151,,,,150,174.633,0,0.1,OPEN,GI,CBD,02.2020,6.00,Distribution Main,,In Service,,No,,,,,,,
452.243905,,,,50,452.244,0,0.1,OPEN,PVC,CBD,02.2020,2.00,Distribution Main,,In service,Ok,,,,,,,,
328.373969,,,,75,328.374,0,0.1,OPEN,PVC,CBD,02.2020,3.00,Distribution Main,,In service,Ok,,,,,,,,
101.344972,,,,40,101.345,0,0.1,OPEN,HDPE,CBD,02.2020,1.50,Distribution Main,2019,In service,Ok,,,,,,,,
146.718558,,,,32,146.719,0,0.1,OPEN,HDPE,CBD,02.2020,1.25,Distribution Main,2019,In service,Ok,,,,,,,,
21.3833335,,,Y,50,21.383,0,0.1,OPEN,PVC,CBD,08.2015,2.00,Distribution Main,N/A,In Service,,No,,,,,,,
704.435708,,,,100,704.436,0,0.1,OPEN,PVC,CBD,02.2020,4.00,Distribution Main,,In service,LTAP,,,,,,,,
162.560800,,,,50,162.561,0,0.1,OPEN,PVC,CBD,02.2020,2.00,Distribution Main,,In service,Ok,,,,,,,,
215.850516,,,Y,100,215.851,0,0.1,OPEN,PVC,MIL,02.2016,4.00,Distribution Main,,In Service,,No,,,,,,,
198.332453,,,,100,198.332,0,0.1,OPEN,HDPE,MYT,03.2020,4.00,Distribution Main,2020,In service,Internal project,Ext,,,,,,,
526.759090,,,,75,526.759,0,0.1,OPEN,HDPE,MYT,03.2020,3.00,Distribution Main,2020,In service,Internal project,Ext,,,,,,,
424.777738,,,,75,424.778,0,0.1,OPEN,PVC,MYT,03.2020,3.00,Distribution Main,2019,In service,Ok,Ovh,,,,,,,
893.285486,,,,50,893.285,0,0.1,OPEN,PVC,MYT,03.2020,2.00,Distribution Main,2019,In service,Ok,Ext,,,,,,,
47.2826072,,,,25,47.283,0,0.1,OPEN,HDPE,RIAT C,03.2020,1.00,Distribution Main,2018,In service,,,,,,,,,
310.428865,,,,32,310.429,0,0.1,OPEN,HDPE,RIAT C,03.2020,1.25,Distribution Main,2018,In service,,,,,,,,,
67.9519374,,,,25,67.952,0,0.1,OPEN,HDPE,RIAT C,03.2020,1.00,Distribution Main,2018,In service,,,,,,,,,
174.568764,,,,,174.569,0,0.1,,,,,,,,,,,,,,,,,
213.821300,,,,25,213.821,0,0.1,OPEN,PVC,KREKAJ,03.2020,1.00,Distribution Main,,In service,Ok,,,,,,,,
169.205582,,,,32,169.206,0,0.1,OPEN,PVC,KREKAJ,03.2020,1.25,Distribution Main,,In service,Okl,,,,,,,,
275.083932,,,,40,275.084,0,0.1,OPEN,PVC,KREKAJ,03.2020,1.50,Distribution Main,,In service,Ok,,,,,,,,
55.1190998,,,,25,55.119,0,0.1,OPEN,PVC,KREKAJ,03.2020,1.00,Distribution Main,2019,In service,OK,,,,,,,,
89.0148730,,,,50,89.015,0,0.1,OPEN,PVC,MIL,01.2020,2.00,Distribution Main,2019,In service,Ok,,,,,,,,
61.2265848,,,Y,50,61.227,0,0.1,OPEN,PVC,MIL,10.2015,2.00,Distribution Main,10.2015,In Service,Proposed DW_Pipe Network,No,,,,,,,
1185.39813,,,,50,1185.398,0,0.1,OPEN,HDPE,MYT,04.2020,2.00,Distribution Main,2020,In service,Ok,Ext,,,,,,,
295.001147,,,,50,295.001,0,0.1,OPEN,HDPE,MYT,04.2020,2.00,Distribution Main,2020,In service,Ok,Ext,,,,,,,
1086.39499,,,,50,1086.395,0,0.1,OPEN,HDPE,MYT,04.2020,2.00,Distribution Main,2020,In service,Ok,Ext,,,,,,,
1385.03493,,,,100,1385.035,0,0.1,OPEN,PVC,KREKAJ,,4.00,Distribution Main,2018,In service,Ok,,,,,,,,
13.4026025,,,,100,13.403,0,0.1,OPEN,PVC,KREKAJ,,4.00,Distribution Main,2018,In service,OK,,,,,,,,
75.2163591,,,,32,75.216,0,0.1,OPEN,PVC,KREKAJ,,1.25,Distribution Main,2018,In service,OK,,,,,,,,
314.617293,,,,32,314.617,0,0.1,OPEN,PVC,KREKAJ,,1.25,Distribution Main,2018,In service,OK,,,,,,,,
1034.07354,,,,40,1034.074,0,0.1,CLOSED,HDPE,OBA,04.2020,1.50,Distribution Main,2020,Out of service,Not yet connected,,,,,,,,
293.740437,,,,50,293.740,0,0.1,OPEN,HDPE,OBA,04.2020,2.00,Distribution Main,2020,In service,The network is low pressured,Ext,,,,,,,
608.068563,,,Y,50,608.069,0,0.1,OPEN,PVC,KREKAJ,11.2015,2.00,Distribution Main,N/A,In Service,N/A,No,,,,,,,
89.8603583,,,,50,89.860,0,0.1,OPEN,PVC,KREKAJ,,2.00,Distribution Main,2018,In service,OK,,,,,,,,
157.548831,,,,75,157.549,0,0.1,OPEN,PVC,KREKAJ,,3.00,Distribution Main,2018,In service,OK,,,,,,,,
276.338152,,,,50,276.338,0,0.1,OPEN,PVC,KREKAJ,05.2020,2.00,Distribution Main,,In service,Ok,,,,,,,,
213.918217,,,,75,213.918,0,0.1,OPEN,PVC,KREKAJ,05.2020,3.00,Distribution Main,,In service,OK,,,,,,,,
11.8604223,,,,50,11.860,0,0.1,OPEN,PVC,KREKAJ,05.2020,2.00,Distribution Main,,In service,Ok,,,,,,,,
180.381472,,,,75,180.381,0,0.1,OPEN,HDPE,KREKAJ,05.2020,3.00,Distribution Main,,In service,Ok,,,,,,,,
387.978876,,,,50,387.979,0,0.1,OPEN,PVC,KREKAJ,05.2020,2.00,Distribution Main,,In service,Ok,,,,,,,,
326.486461,,,,25,326.486,0,0.1,OPEN,PVC,KREKAJ,05.2020,1.00,Distribution Main,,In service,Ok,,,,,,,,
463.838467,,,,25,463.838,0,0.1,OPEN,PPR,OBA,05.2020,1.00,Distribution Main,2020,In service,Ok,Ext,,,,,,,
683.865883,,,,50,683.866,0,0.1,OPEN,HDPE,OBA,05.2020,2.00,Distribution Main,2019,In service,Ok,Ext,,,,,,,
524.775718,,,,40,524.776,0,0.1,OPEN,PVC,OBA,05.2020,1.50,Distribution Main,2019,In service,Ok,Ext,,,,,,,
143.753488,,,,32,143.753,0,0.1,OPEN,HDPE,OBA,05.2020,1.25,Distribution Main,2020,In service,Ok,Ext,,,,,,,
292.570273,,,,25,292.570,0,0.1,OPEN,HDPE,OBA,05.2020,1.00,Distribution Main,2020,In service,Ok,Ext,,,,,,,
39.9934362,,,,200,39.993,0,0.1,OPEN,HDPE,MYT,06.2020,,Distribution Main,05.2020,In service,OK,Ext,,,,,,,
310.275082,,,,200,310.275,0,0.1,OPEN,PVC,MYT,06.2020,,Distribution Main,05.2020,In service,OK,Ext,,,,,,,
36.7500258,,,,200,36.750,0,0.1,OPEN,HDPE,MYT,06.2020,,Distribution Main,05.2020,In service,OK,Ext,,,,,,,
112.362193,,,,200,112.362,0,0.1,OPEN,PVC,MYT,06.2020,,Distribution Main,05.2020,In service,OK,Ext,,,,,,,
2.79819806,,,,200,2.798,0,0.1,OPEN,HDPE,MYT,06.2020,,Distribution Main,05.2020,In service,OK,Ext,,,,,,,
54.6316099,,,,200,54.632,0,0.1,OPEN,PVC,MYT,06.2020,,Distribution Main,05.2020,In service,OK,Ext,,,,,,,
24.4168001,,,,200,24.417,0,0.1,OPEN,HDPE,MYT,06.2020,,Distribution Main,05.2020,In service,OK,Ext,,,,,,,
120.003763,,,,200,120.004,0,0.1,OPEN,PVC,MYT,06.2020,,Distribution Main,05.2020,In service,OK,Ext,,,,,,,
192.821199,,,,200,192.821,0,0.1,OPEN,HDPE,MYT,06.2020,,Distribution Main,05.2020,In service,OK,Ext,,,,,,,
54.8451169,,,,200,54.845,0,0.1,OPEN,PVC,MYT,06.2020,,Distribution Main,05.2020,In service,OK,Ext,,,,,,,
29.1265995,,,,200,29.127,0,0.1,OPEN,HDPE,MYT,06.2020,,Distribution Main,05.2020,In service,OK,Ext,,,,,,,
16.4648262,,,,220,16.465,0,0.1,OPEN,GI,MYT,06.2020,,Distribution Main,05.2020,In service,OK,Ext,,,,,,,
164.166718,,,,200,164.167,0,0.1,OPEN,HDPE,MYT,06.2020,,Distribution Main,05.2020,In service,OK,Ext,,,,,,,
20.3994979,,,,220,20.399,0,0.1,OPEN,GI,MYT,06.2020,,Distribution Main,05.2020,In service,OK,Ext,,,,,,,
202.225962,,,,200,202.226,0,0.1,OPEN,HDPE,MYT,06.2020,,Distribution Main,05.2020,In service,OK,Ext,,,,,,,
368.881875,,,Y,100,368.882,0,0.1,OPEN,PVC,MYT,2014,4.00,Distribution Main,N/A,In Service,N/A,No,,,,,,,
122.088255,,,Y,75,122.088,0,0.1,OPEN,PVC,CBD,08.2015,3.00,Distribution Main,N/A,In Service,,No,,,,,,,
266.270610,,,Y,50,266.271,0,0.1,OPEN,PVC,CBD,01.2015,2.00,Distribution Main,11.2014,In Service,New Extensions,No,,,,,,,
52.1569954,,,,25,52.157,0,0.1,OPEN,PVC,CBD,06.2020,1.00,Distribution Main,2018,In service,Ok,EXT,,,,,,,
292.070107,,,,75,292.070,0,0.1,OPEN,PVC,CBD,06.2020,3.00,Distribution Main,,In service,Ok,EXT,,,,,,,
411.253992,,,,40,411.254,0,0.1,OPEN,PVC,CBD,12.2019,1.50,Distribution Main,,In service,Ok,,,,,,,,
232.378631,,,,75,232.379,0,0.1,OPEN,PVC,CBD,06.2020,3.00,Distribution Main,2018,In service,Ok,Ovh,,,,,,,
122.755511,,,,25,122.756,0,0.1,OPEN,PVC,CBD,02.2019,1.00,Distribution Main,2018,In Service,,,,,,,,,
204.354271,,,,50,204.354,0,0.1,OPEN,PVC,CBD,06.2020,2.00,Distribution Main,2018,In service,Ok,Ext,,,,,,,
206.892538,,,,32,206.893,0,0.1,OPEN,PVC,CBD,06.2020,1.25,Distribution Main,2015,In service,OK,EXT,,,,,,,
327.612435,,,Y,100,327.612,0,0.1,OPEN,GI,CBD,01.2016,4.00,Distribution Main,2015,In Service,,No,,,,,,,
78.1312626,,,Y,100,78.131,0,0.1,OPEN,PVC,CBD,01.2016,4.00,Distribution Main,2015,In Service,,No,,,,,,,
289.781597,,,,65,289.782,0,0.1,OPEN,GI,CBD,06.2020,2.50,Distribution Main,,In service,Ok,,,,,,,,
294.674747,,,,100,294.675,0,0.1,OPEN,GI,CBD,06.2020,4.00,Distribution Main,,In service,Ok,,,,,,,,
291.898539,,,,100,291.899,0,0.1,OPEN,GI,CBD,06.2020,4.00,Distribution Main,,In service,Ok,,,,,,,,
432.939529,,,,100,432.940,0,0.1,OPEN,GI,CBD,06.2020,4.00,Distribution Main,,In service,Ok,,,,,,,,
108.855698,,,,32,108.856,0,0.1,OPEN,GI,CBD,06.2020,1.25,Distribution Main,,In service,Ok,,,,,,,,
522.639977,,,,50,522.640,0,0.1,OPEN,HDPE,KREKAJ,06.2020,2.00,Distribution Main,05.2020,In service,Pump line from Obwolo Tank,EXT,,,,,,,
100.675421,,,,40,100.675,0,0.1,OPEN,HDPE,KREKAJ,06.2020,1.50,Distribution Main,05.2020,In service,Pump line from Obwolo Tank,EXT,,,,,,,
22.7253417,,,,,22.725,0,0.1,,,,,,,,,,,,,,,,,
2.64636308,,,,,2.646,0,0.1,,,,,,,,,,,,,,,,,
4.96517849,,,,,4.965,0,0.1,,,,,,,,,,,,,,,,,
35.8430575,,,,,35.843,0,0.1,,,,,,,,,,,,,,,,,
239.480126,,,Y,100,219.416,0,0.1,OPEN,GI,CBD,2014,4.00,Distribution Main,N/A,In Service,N/A,No,,,,,,,
538.684430,,,,40,538.684,0,0.1,OPEN,HDPE,CBD,07.2020,1.50,Distribution Main,07.2020,In service,Ok,Ext,,,,,,,
298.101531,,,,25,298.102,0,0.1,OPEN,PVC,CBD,07.2020,1.00,Distribution Main,09.2020,In service,OK,Ovh,,,,,,,
157.801017,,,,75,157.801,0,0.1,OPEN,PVC,MIL,07.2020,3.00,Distribution Main,,In service,Ok,,,,,,,,
252.731447,,,,40,252.731,0,0.1,OPEN,PVC,MIL,07.2020,1.50,Distribution Main,,In service,Ok,,,,,,,,
335.899784,,,,32,335.900,0,0.1,OPEN,PVC,OBA,07.2020,1.25,Distribution Main,,In service,Ok,,,,,,,,
132.302143,,,,40,132.302,0,0.1,OPEN,HDPE,OBA,07.2020,1.50,Distribution Main,06.2020,In service,OK,,,,,,,,
156.584953,,,,40,156.585,0,0.1,CLOSED,HDPE,OBA,07.2020,1.50,Distribution Main,,Out of service,Water not yet connected,Ext,,,,,,,
175.351574,,,,20,175.352,0,0.1,CLOSED,HDPE,OBA,07.2020,1.00,Distribution Main,,Out of service,Water not yet connected,Ext,,,,,,,
26.9082626,,,,40,26.908,0,0.1,CLOSED,HDPE,OBA,07.2020,1.50,Distribution Main,,Out of service,Water not yet connected,Ext,,,,,,,
101.789436,,,,40,101.789,0,0.1,OPEN,PVC,OBA,08.2020,1.50,Distribution Main,2020,In service,Ok,Ext,,,,,,,
58.3293630,,,,25,58.329,0,0.1,OPEN,HDPE,CBD,08.2020,1.00,Service Line,08.2020,In service,Service line,,,,,,,,
1074.12860,,,,75,1074.129,0,0.1,CLOSED,PVC,MYT,08.2020,3.00,Distribution Main,,Not in service,the line should be repaired,Ext,,,,,,,
198.085826,,,,32,198.086,0,0.1,OPEN,HDPE,KREKAJ,08.2020,1.25,Distribution Main,08.2020,In service,Ok,Ovh,,,,,,,
503.156416,,,,50,503.156,0,0.1,OPEN,PVC,ME,08.2020,2.00,Distribution Main,,In Service,,,,,,,,,
26.7393259,,,,50,26.739,0,0.1,OPEN,PVC,ME,08.2020,2.00,Distribution Main,,In Service,,,,,,,,,
221.230773,,,,50,221.231,0,0.1,OPEN,PVC,ME,08.2020,2.00,Distribution Main,,In Service,,,,,,,,,
157.407911,,,,40,157.408,0,0.1,OPEN,PVC,ME,08.2020,1.50,Distribution Main,,In Service,,,,,,,,,
101.489621,,,,32,101.490,0,0.1,OPEN,HDPE,CBD,09.2020,1.25,Distribution Main,2020,In service,Ok,,,,,,,,
162.306154,,,,32,162.306,0,0.1,OPEN,HDPE,CBD,09.2020,1.25,Distribution Main,2020,In service,Ok,,,,,,,,
281.594908,,,,40,281.595,0,0.1,OPEN,PVC,CBD,09.2020,1.50,Distribution Main,,In service,OK,,,,,,,,
90.4008362,,,,50,90.401,0,0.1,OPEN,PVC,HDPE,09.2020,,Distribution Main,,In service,Ok,,,,,,,,
574.564183,,,,25,574.564,0,0.1,OPEN,PPR,CBD,09.2020,1.00,Distribution Main,2019,In service,Ok,Ext,,,,,,,
901.916373,,,Y,100,901.916,0,0.1,OPEN,PVC,MYT,03.2016,4.00,Distribution Main,N/A,In Service,,No,,,,,,,
231.594948,,,Y,100,231.595,0,0.1,OPEN,PVC,KREKAJ,2014,4.00,Distribution Main,N/A,In Service,N/A,No,,,,,,,
710.503438,,,,100,710.503,0,0.1,OPEN,GI,CBD,09.2019,4.00,Distribution Main,,In service,Ok,,,,,,,,
93.9820408,,,Y,100,93.982,0,0.1,OPEN,PVC,MIL,02.2015,4.00,Distribution Main,02.2015,In Service,Network renewal,No,,,,,,,
402.422220,,,Y,75,402.422,0,0.1,OPEN,PVC,KREKAJ,2014,3.00,Distribution Main,N/A,In Service,N/A,No,,,,,,,
169.696400,,,Y,150,169.696,0,0.1,OPEN,PVC,KREKAJ,2014,6.00,Distribution Main,N/A,In Service,N/A,No,,,,,,,
17.1631438,,,,,17.163,0,0.1,,,,,,,,,,,,,,,,,
94.0652823,,,,50,94.065,0,0.1,OPEN,PPR,CBD,09.2020,2.00,Distribution Main,,In service,Ok,Ext,,,,,,,
316.759888,,,Y,100,316.760,0,0.1,OPEN,pvc,CBD,2014,4.00,Distribution Main,N/A,Out of service,N/A,No,,,,,,,
27.1410914,,,,50,27.141,0,0.1,OPEN,PVC,CBD,09.2020,2.00,Distribution Main,,In service,Ok,,,,,,,,
58.7859765,,,,50,58.786,0,0.1,OPEN,PVC,CBD,09.2020,2.00,Distribution Main,,In service,Ok,,,,,,,,
509.461132,,,,40,509.461,0,0.1,OPEN,PVC,CBD,09.2020,1.50,Distribution Main,,In service,,,,,,,,,
27.2134810,,,,32,27.213,0,0.1,OPEN,PVC,CBD,09.2020,2.00,Distribution Main,,In service,OK,,,,,,,,
87.7550480,,,,40,87.755,0,0.1,OPEN,PVC,CBD,09.2020,1.50,Distribution Main,,In service,,,,,,,,,
103.436888,,,,25,103.437,0,0.1,OPEN,PPR,CBD,09.2020,1.00,Distribution Main,,In service,,,,,,,,,
306.300965,,,,32,306.301,0,0.1,OPEN,PVC,CBD,09.2020,1.25,Distribution Main,,In service,,,,,,,,,
58.6713426,,,,32,58.671,0,0.1,OPEN,PPR,CBD,09.2020,1.25,Distribution Main,,In service,,,,,,,,,
228.928160,,,,90,228.928,0,0.1,OPEN,GI,CBD,01.11.2020,3.00,Distribution Main,1950s,In service,Old and dilapidated,,,,,,,,
363.764340,,,,32,363.764,0,0.1,OPEN,PVC,MYT,09.2020,1.25,Distribution Main,2018,In service,Ok,Ext,,,,,,,
617.209221,,,,50,617.209,0,0.1,OPEN,PVC,MYT,09.2020,2.00,Distribution Main,2018,Out of service,Pipe not yet connected,Ext,,,,,,,
576.892871,,,,50,576.893,0,0.1,OPEN,HDPE,KREKAJ,09.2020,2.00,Distribution Main,2019,In service,Ok,Ext,,,,,,,
218.965524,,,Y,50,218.966,0,0.1,OPEN,HDPE,MYT,01.10.2020,2.00,Distribution Main,09.2020,In Service,N/A,Ovh,,,,,,,
217.430158,,,,75,217.430,0,0.1,OPEN,GI,MIL,02.10.2020,3.00,Distribution Main,,In service,Network under drainage,,,,,,,,
203.848139,,,,150,200.767,0,0.1,,,,,6.00,,,,,,,,,,,,
866.731010,,,,50,866.731,0,0.1,OPEN,PVC,MYT,12.10.2020,2.00,Distribution Main,2018,In service,Extension done by the  county government,Ext,,,,,,,
175.301259,,,,100,175.301,0,0.1,OPEN,PVC,CBD,13.10.2020,4.00,Distribution Main,,In service,Ok,,,,,,,,
186.928097,,,,75,186.928,0,0.1,OPEN,HDPE,ME,19.10.2020,3.00,Distribution Main,18.10.2020,In service,Ok,OVH,,,,,,,
209.218978,,,Y,50,209.219,0,0.1,OPEN,HDPE,CBD,05.2015,,Distribution Main,2013,In Service,Shallow depth,No,,,,,,,
696.130485,,,Y,100,696.130,0,0.1,OPEN,HDPE,CBD,05.2015,4.00,Distribution Main,2013,In Service,Shallow depth,No,,,,,,,
144.437646,,,Y,100,144.438,0,0.1,OPEN,GI,CBD,2014,4.00,Distribution Main,N/A,In Service,N/A,No,,,,,,,
15.8919027,,,,50,15.892,0,0.1,OPEN,PVC,CBD,19.10.2020,2.00,Distribution Main,10.2020,In service,Laid to overhaul the old line,,,,,,,,
22.6836480,,,,75,22.684,0,0.1,OPEN,GI,CBD,19.10.2020,3.00,Distribution Main,1980s,In service,Old line,,,,,,,,
312.798621,,,,40,312.799,0,0.1,OPEN,HDPE,OBA,27.10.2020,1.50,Distribution Main,2019,In service,OK,EXT,,,,,,,
312.658753,,,,25,312.659,0,0.1,OPEN,HDPE,CBD,30.10.2020,1.00,Distribution Main,29.10.2020,In service,Ok,Ext,,,,,,,
384.890924,,,,100,384.891,0,0.1,OPEN,PVC,KREKAJ,06.11.2020,4.00,Distribution Main,2014,In service,Ok,,,,,,,,
242.777996,,,,40,242.778,0,0.1,OPEN,HDPE,KREKAJ,06.11.2020,1.50,Distribution Main,10.2020,In service,OK,Ext,,,,,,,
204.670962,,,,40,204.671,0,0.1,OPEN,PVC,KREKAJ,07.2019,1.50,Distribution Main,,In service,Ok,,,,,,,,
98.7985556,,,,100,98.799,0,0.1,OPEN,PVC,KREKAJ,07.2019,4.00,Distribution Main,,In service,Ok,,,,,,,,
151.964842,,,,40,151.965,0,0.1,OPEN,PVC,KREKAJ,05.11.2020,1.50,Distribution Main,,In service,Ok,,,,,,,,
98.8946073,,,,50,98.895,0,0.1,OPEN,PVC,KREKAJ,06.11.2020,2.00,Distribution Main,,In service,Ok,,,,,,,,
160.588744,,,,40,160.589,0,0.1,OPEN,PVC,KREKAJ,06.11.2020,1.50,Distribution Main,,In service,OK,,,,,,,,
114.136431,,,,32,114.136,0,0.1,OPEN,PVC,KREKAJ,06.11.2020,1.25,Distribution Main,,In service,OK,,,,,,,,
133.945989,,,,25,133.946,0,0.1,,,,,1.00,,,,,,,,,,,,
121.065535,,,,32,121.066,0,0.1,,,,,1.25,,,,,,,,,,,,
129.947709,,,,25,129.948,0,0.1,,,,,1.00,,,,,,,,,,,,
59.6462641,,,,25,59.646,0,0.1,,,,1,,,,,,,,,,,,,
94.2623502,,,,50,94.262,0,0.1,,,,,2.00,,,,,,,,,,,,
184.456563,,,,32,184.457,0,0.1,,,,,1.25,,,,,,,,,,,,
62.9049755,,,,40,62.905,0,0.1,,,,,1.50,,,,,,,,,,,,
61.2880701,,,,50,61.288,0,0.1,,,,,2.00,,,,,,,,,,,,
46.7877701,,,Y,100,46.788,0,0.1,OPEN,PVC,KREKAJ,2014,4.00,Distribution Main,N/A,In Service,N/A,No,,,,,,,
102.349174,,,,100,102.349,0,0.1,,,,,4.00,,,,,,,,,,,,
219.634708,,,,40,219.635,0,0.1,OPEN,PVC,KREKAJ,07.2019,1.50,Distribution Main,,In service,OK,,,,,,,,
77.9863489,,,,25,77.986,0,0.1,OPEN,PVC,KREKAJ,09/11/2020,1.00,Distribution Main,,In service,Ok,,,,,,,,
75.0529688,,,,40,75.053,0,0.1,OPEN,PVC,KREKAJ,09/11/2020,1.50,Distribution Main,,In service,Ok,,,,,,,,
83.6166081,,,,32,83.617,0,0.1,OPEN,PVC,KREKAJ,09/11/2020,1.25,Distribution Main,,In service,Ok,,,,,,,,
244.784067,,,,75,244.784,0,0.1,OPEN,GI,CBD,11.11.2020,3.00,Distribution Main,1950s,In service,Old line,,,,,,,,
377.093048,,,,75,377.093,0,0.1,OPEN,GI,CBD,11.11.2020,3.00,Distribution Main,1950s,In service,Old Line,,,,,,,,
570.553818,,,,25,570.554,0,0.1,OPEN,HDPE,OBA,02.11.2020,1.00,Distribution Main,2019,In service,Ok,Ext,,,,,,,
104.080017,,,,50,104.080,0,0.1,OPEN,PVC,MYT,20.11.2020,2.00,Distribution Main,2019,In service,Line suffers low pressure,,,,,,,,
161.596210,,,,40,161.596,0,0.1,OPEN,PVC,MYT,20.11.2020,1.50,Distribution Main,2019,In service,Low pressure,,,,,,,,
98.3603648,,,,32,98.360,0,0.1,OPEN,PVC,MYT,20.11.2020,1.25,Distribution Main,2019,OPEN,Low pressure,,,,,,,,
500.938855,,,,40,500.939,0,0.1,OPEN,HDPE,KREKAJ,20.11.2020,1.50,Distribution Main,11.2020,In service,OK,Ext,,,,,,,
106.915889,,,,40,106.916,0,0.1,OPEN,HDPE,KREKAJ,20.11.2020,1.50,Distribution Main,11.2020,In service,OK,Ext,,,,,,,
102.609925,,,,40,102.610,0,0.1,OPEN,HDPE,KREKAJ,20.11.2020,1.50,Distribution Main,11.2020,In service,OK,Ext,,,,,,,
385.147013,,,,40,385.147,0,0.1,OPEN,HDPE,CBD,19.11.2020,1.50,Distribution Main,10.2020,In service,OK,OVH,,,,,,,
2.90226023,,,,25,2.902,0,0.1,OPEN,PVC,CBD,06.2020,1.00,Distribution Main,,In service,Prone to leakages,Ext,,,,,,,
80.8921158,,,,40,80.892,0,0.1,OPEN,HDPE,CBD,02.2020,1.50,Distribution Main,2019,In service,Ok,,,,,,,,
146.010867,,,,25,146.011,0,0.1,OPEN,PVC,CBD,06.2020,1.00,Distribution Main,,In service,Prone to leakages,Ext,,,,,,,
199.908087,,,,40,199.908,0,0.1,OPEN,HDPE,CBD,20.11.2020,1.50,Distribution Main,11.2020,In service,Ok,Ovh,,,,,,,
155.497432,,,,50,155.497,0,0.1,OPEN,GI,CBD,04.12.2020,2.00,Distribution Main,1980s,In service,The line is clogged,,,,,,,,
194.441110,,,,40,194.441,0,0.1,OPEN,HDPE,CBD,04.12.2020,1.50,Distribution Main,11.2020,In service,OK,Ext,,,,,,,
151.765997,,,,32,151.766,0,0.1,OPEN,HDPE,CBD,04.12.2020,1.25,Distribution Main,11.2020,In service,OK,Ext,,,,,,,
50.6859286,,,,32,50.686,0,0.1,OPEN,HDPE,CBD,04.12.2020,1.25,Distribution Main,11.2020,In service,OK,Ext,,,,,,,
287.707334,,,,40,287.707,0,0.1,OPEN,HDPE,CBD,04.12.2020,1.50,Distribution Main,11.2020,In service,OK,Ext,,,,,,,
59.3411569,,,,40,59.341,0,0.1,OPEN,HDPE,CBD,04.12.2020,1.50,Distribution Main,11.2020,In service,OK,Ext,,,,,,,
263.240865,,,,40,263.241,0,0.1,OPEN,HDPE,CBD,04.12.2020,40.00,Distribution Main,11.2020,In service,OK,Ext,,,,,,,
330.235542,,,,40,330.236,0,0.1,OPEN,HDPE,MYT,04.12.2020,1.50,Distribution Main,11.2020,In service,Ok,Ext,,,,,,,
113.337908,,,,32,113.338,0,0.1,OPEN,HDPE,MYT,04.12.2020,1.25,Distribution Main,11.2020,In service,Ok,Ext,,,,,,,
489.296939,,,,50,489.297,0,0.1,OPEN,PVC,MIL,11.12.2020,2.00,Distribution Main,2002,In service,OK,,,,,,,,
181.280057,,,,,181.280,0,0.1,,,,,,,,,,,,,,,,,
41.8611295,,,,,41.861,0,0.1,,,,,,,,,,,,,,,,,
315.870663,,,,,315.871,0,0.1,,,,,,,,,,,,,,,,,
135.914726,,,Y,50,135.915,0,0.1,OPEN,PVC,MIL,09.2016,2.00,Distribution Main,,In Service,,No,,,,,,,
519.244424,,,,,519.244,0,0.1,,,,,,,,,,,,,,,,,
207.300655,,,,,207.301,0,0.1,,,,,,,,,,,,,,,,,
53.0102463,,,,,53.010,0,0.1,,,,,,,,,,,,,,,,,
183.876919,,,,50,183.877,0,0.1,OPEN,PVC,KREKAJ,15.12.2020,2.00,Distribution Main,,In service,Ok,,,,,,,,
209.193493,,,Y,50,209.193,0,0.1,OPEN,PVC,MYT,2014,2.00,Distribution Main,N/A,In Service,N/A,No,,,,,,,
232.217232,,,Y,75,232.217,0,0.1,OPEN,HDPE,MYT,21.12.2020,3.00,Distribution Main,2019,In Service,N/A,No,,,,,,,
131.665164,,,,50,131.665,0,0.1,OPEN,PVC,MYT,21.12.2020,2.00,Distribution Main,,In service,OK,,,,,,,,
274.992428,,,,40,274.992,0,0.1,OPEN,PVC,MYT,10.02.2021,1.50,Distribution Main,,In service,Ok,,,,,,,,
126.863282,,,,32,126.863,0,0.1,OPEN,HDPE,MYT,21.12.2020,1.25,Distribution Main,2019,In service,,,,,,,,,
114.506545,,,,50,114.507,0,0.1,OPEN,PVC,MYT,21.12.2020,2.00,Distribution Main,,In service,Followup with the awuonda,,,,,,,,
84.1049468,,,,75,84.105,0,0.1,OPEN,HDPE,ME,28.12.2020,3.00,Distribution Main,11.2020,In service,Ok,Ext,,,,,,,
694.549188,,,,75,694.549,0,0.1,OPEN,HDPE,MYT,25.01.2021,3.00,Distribution Main,01.2021,In service,Ok,Ext,,,,,,,
28.4789960,,,Y,40,28.479,0,0.1,OPEN,GI,ME,08.2015,1.50,Distribution Main,N/A,In Service,,No,,,,,,,
131.315016,,,,40,131.315,0,0.1,OPEN,PVC,ME,26.01.2021,1.50,Distribution Main,,In service,Ok,,,,,,,,
3.87294232,,,,20,3.873,0,0.1,OPEN,PPR,CBD,28.01.2021,0.75,Service Line,,In Service,OK,,,,,,,,
100.008780,,,,40,100.009,0,0.1,OPEN,PVC,CBD,28.01.2021,1.50,Distribution Main,,In Service,OK,,,,,,,,
127.253561,,,,40,127.254,0,0.1,OPEN,PVC,CBD,28.01.2021,1.50,Distribution Main,,In Service,OK,,,,,,,,
348.382481,,,,40,348.382,0,0.1,OPEN,PVC,CBD,28.01.2021,1.50,Distribution Main,,In Service,OK,,,,,,,,
172.268050,,,,20,172.268,0,0.1,OPEN,PVC,CBD,28.01.2021,0.75,Service Line,,In Service,OK,,,,,,,,
400.197722,,,,50,400.198,0,0.1,OPEN,HDPE,CBD,22.02.2021,2.00,Distribution Main,01.2021,In service,Ok,,,,,,,,
946.071936,,,,75,946.072,0,0.1,OPEN,HDPE,MYT,04.03.2021,3.00,Distribution Main,02.2021,In service,Ok,Ext,,,,,,,
816.075512,,,,50,816.076,0,0.1,OPEN,HDPE,MYT,04.03.2021,2.00,Distribution Main,02.2021,In service,Ok,Ext,,,,,,,
31.9442933,,,,100,31.944,0,0.1,OPEN,GI,CBD,05.03.2021,4.00,Distribution Main,,In seervice,Old line,,,,,,,,
357.034219,,,,75,357.034,0,0.1,OPEN,,KREKAJ,09.03.2021,3.00,Distribution Main,06.2021,06.2020,Water network requires an air valve at strategic p,Ext,,,,,,,
38.1967545,,,,75,38.197,0,0.1,OPEN,GI,KREKAJ,09.03.2021,3.00,Distribution Main,06.2021,06.2020,Water network requires an air valve at strategic p,Ext,,,,,,,
181.257624,,,,75,181.258,0,0.1,OPEN,PPR,KREKAJ,09.03.2021,3.00,Distribution Main,06.2021,06.2020,Water network requires an air valve at strategic p,Ext,,,,,,,
7.36752631,,,,75,7.368,0,0.1,OPEN,GI,KREKAJ,09.03.2021,3.00,Distribution Main,06.2021,06.2020,Water network requires an air valve at strategic p,Ext,,,,,,,
200.835741,,,,75,200.836,0,0.1,OPEN,PPR,KREKAJ,09.03.2021,3.00,Distribution Main,06.2021,06.2020,Water network requires an air valve at strategic p,Ext,,,,,,,
18.4303671,,,,75,18.430,0,0.1,OPEN,GI,KREKAJ,09.03.2021,3.00,Distribution Main,06.2021,06.2020,Water network requires an air valve at strategic p,Ext,,,,,,,
148.184624,,,,75,148.185,0,0.1,OPEN,PPR,KREKAJ,09.03.2021,3.00,Distribution Main,06.2021,06.2020,Water network requires an air valve at strategic p,Ext,,,,,,,
42.0659325,,,,75,42.066,0,0.1,OPEN,GI,KREKAJ,09.03.2021,3.00,Distribution Main,06.2021,06.2020,Water network requires an air valve at strategic p,Ext,,,,,,,
382.642666,,,,75,382.643,0,0.1,OPEN,PPR,KREKAJ,09.03.2021,3.00,Distribution Main,06.2021,06.2020,Water network requires an air valve at strategic p,Ext,,,,,,,
37.9997124,,,,75,38.000,0,0.1,OPEN,GI,KREKAJ,09.03.2021,3.00,Distribution Main,06.2021,06.2020,Water network requires an air valve at strategic p,Ext,,,,,,,
104.403333,,,,75,104.403,0,0.1,OPEN,PPR,KREKAJ,09.03.2021,3.00,Distribution Main,06.2021,06.2020,Water network requires an air valve at strategic p,Ext,,,,,,,
19.7306919,,,,75,19.731,0,0.1,OPEN,GI,KREKAJ,09.03.2021,3.00,Distribution Main,06.2021,06.2020,Water network requires an air valve at strategic p,Ext,,,,,,,
271.910926,,,,75,271.911,0,0.1,OPEN,PPR,KREKAJ,09.03.2021,3.00,Distribution Main,06.2021,In service,Water network requires an air valve at strategic p,Ext,,,,,,,
127.638283,,,,600,127.638,0,0.1,OPEN,Steel,KREKAJ,09.03.2021,24.00,Transmission Main,3013,In service,Line from Backwash tank to filters,,,,,,,,
171.812898,,,,600,171.813,0,0.1,OPEN,Steel,KREKAJ,08.03.2021,24.00,,2013,In service,Pump line to backwash tank,,,,,,,,
228.761764,,,,650,228.762,0,0.1,OPEN,Steel,KREKAJ,08.03.2021,26.00,Distribution Main,2013,In service,Raw water line from the river raw water tank,,,,,,,,
56.1834797,,,,100,56.183,0,0.1,OPEN,GI,MYT,16.03.2021,4.00,Distribution Main,2020,In service,Ok,,,,,,,,
436.744811,,,,75,436.745,0,0.1,OPEN,GI,CBD,25.03.2021,,Distribution Main,,In service,Dilapidated water network,,,,,,,,
363.420326,,,,40,363.420,0,0.1,OPEN,PVC,ME,08.04.2021,1.50,Distribution Main,,In service,Ok,,,,,,,,
31.6049813,,,,50,31.605,0,0.1,OPEN,PVC,ME,08.04.2021,2.00,Distribution Main,,In service,Ok,,,,,,,,
72.1195112,,,,32,72.120,0,0.1,OPEN,PVC,ME,08.04.2021,,Distribution Main,,In service,Ok,,,,,,,,
280.399259,,,Y,75,280.399,0,0.1,OPEN,GI,MIL,2014,3.00,Distribution Main,N/A,In Service,Low pressure,No,,,,,,,
432.201848,,,,50,432.202,0,0.1,OPEN,PVC,MIL,12.2018,2.00,Distribution Main,11.2018,In service,,,,,,,,,
413.795308,,,,75,413.795,0,0.1,OPEN,GI,MIL,19.04.2021,3.00,Distribution Main,,In service,Ok,,,,,,,,
142.727573,,,Y,100,142.728,0,0.1,OPEN,PVC,MIL,02.2016,4.00,Distribution Main,,In Service,,No,,,,,,,
97.0689933,,,Y,75,97.069,0,0.1,OPEN,GI,MIL,2014,3.00,Distribution Main,N/A,In Service,To verify the point of material change.,No,,,,,,,
95.9580823,,,Y,75,95.958,0,0.1,OPEN,GI,MIL,2014,3.00,Distribution Main,N/A,In Service,To verify the point of material change.,No,,,,,,,
536.283255,,,Y,75,536.283,0,0.1,OPEN,PVC,MIL,2014,3.00,Distribution Main,N/A,In Service,To verify the point of material change.,No,,,,,,,
764.996337,,,,75,764.996,0,0.1,OPEN,GI,ME,28.05.2021,3.00,Distribution Main,,In service,Network is clogged thus suffers low pressure,,,,,,,,
201.790596,,,,100,201.791,0,0.1,OPEN,PVC,ME,28.05.2021,4.00,Distribution Main,2016,In service,Ok,,,,,,,,
465.663000,,,,50,465.663,0,0.1,OPEN,HDPE,CBD,31.05.2021,2.00,Distribution Main,04.2021,In service,OK,EXT,,,,,,,
113.376992,,,,50,113.377,0,0.1,OPEN,HDPE,ME,31.05.2021,2.00,Distribution Main,2021,In Service,OK,EXT,,,,,,,
35.7078659,,,,50,35.708,0,0.1,OPEN,HDPE,ME,31.05.2021,2.00,Distribution Main,2021,In Service,OK,EXT,,,,,,,
198.757108,,,,50,198.757,0,0.1,OPEN,HDPE,CBD,31.05.2021,2.00,Distribution Main,03.2021,In service,Pump line,EXT,,,,,,,
382.361325,,,,75,382.361,0,0.1,OPEN,HDPE,CBD,31.05.2021,3.00,Distribution Main,04.2021,In service,OK,OVH,,,,,,,
900.691875,,,,50,900.692,0,0.1,OPEN,HDPE,CBD,31.05.2021,2.00,Distribution Main,04.2021,In service,Ok,,,,,,,,
98.9511721,,,,75,98.951,0,0.1,OPEN,PVC,KREKAJ,09.06.2021,3.00,Distribution Main,,In service,Ok,,,,,,,,
79.4930106,,,,50,79.493,0,0.1,OPEN,PVC,KREKAJ,09.06.2021,2.00,Distribution Main,,In service,Ok,,,,,,,,
188.588165,,,,32,188.588,0,0.1,OPEN,PVC,KREKAJ,09.06.2021,1.25,Distribution Main,,In service,Ok,,,,,,,,
582.390423,,,,50,582.390,0,0.1,OPEN,HDPE,MYT,29.07.2021,2.00,Distribution Main,,In service,Ok,,,,,,,,
66.7145985,,,,40,66.715,0,0.1,OPEN,HDPE,MYT,26.07.2021,1.50,Distribution Main,,In service,Ok,,,,,,,,
435.580735,,,,32,435.581,0,0.1,OPEN,HDPE,MYT,00.07.2021,1.25,Distribution Main,,In service,OK,,,,,,,,
465.024067,,,,50,465.024,0,0.1,OPEN,PVC,MIL,29.07.2021,2.00,Distribution Main,,In service,OK,,,,,,,,
110.237982,,,Y,50,110.238,0,0.1,OPEN,PVC,KREKAJ,2014,2.00,Distribution Main,N/A,In Service,N/A,No,,,,,,,
88.7320240,,,Y,40,88.732,0,0.1,OPEN,PVC,KREKAJ,2014,1.50,Distribution Main,N/A,In Service,N/A,No,,,,,,,
179.684514,,,,50,179.685,0,0.1,OPEN,HDPE,KREKAJ,26.07.2021,2.00,Distribution Main,12.2020,In service,OK,,,,,,,,
238.386833,,,,40,238.387,0,0.1,OPEN,HDPE,KREKAJ,26.07.2021,1.50,Distribution Main,12.2020,In service,Ok,,,,,,,,
38.7193818,,,,25,38.719,0,0.1,OPEN,PVC,KREKAJ,26.07.2021,1.00,Distribution Main,,In service,Ok,,,,,,,,
339.122123,,,Y,32,339.122,0,0.1,OPEN,PVC,KREKAJ,11.2015,1.25,Distribution Main,,In Service,,No,,,,,,,
137.170853,,,Y,50,137.171,0,0.1,OPEN,PVC,MYT,07.2015,2.00,Distribution Main,2014,In Service,,No,,,,,,,
249.451753,,,Y,50,249.452,0,0.1,OPEN,HDPE,MYT,18.08.2021,2.00,Distribution Main,2014,In Service,,No,,,,,,,
124.985603,,,Y,50,124.986,0,0.1,OPEN,PVC,MYT,07.2015,2.00,Distribution Main,2014,In Service,,No,,,,,,,
301.920059,,,,75,301.920,0,0.1,OPEN,HDPE,CBD,19.08.2021,3.00,Distribution Main,08.2021,In service,Ok,Ext,,,,,,,
136.734615,,,,32,136.735,0,0.1,OPEN,PVC,CBD,25.08.2021,,Distribution Main,,In Service,,,,,,,,,
33.6483875,,,,25,33.648,0,0.1,,PVC,CBD,25.08.2021,,Distribution Main,,In Service,,,,,,,,,
348.441048,,,,25,348.441,0,0.1,OPEN,PVC,CBD,25.08.2021,,Distribution Main,,In Service,,,,,,,,,
182.712077,,,,25,182.712,0,0.1,OPEN,PVC,CBD,25.08.2021,1.00,Distribution Main,,In Service,,,,,,,,,
100.301771,,,,25,100.302,0,0.1,OPEN,PVC,CBD,25.08.2021,1.00,Distribution Main,,In Service,,,,,,,,,
337.608898,,,,20,337.609,0,0.1,OPEN,PVC,CBD,25.08.2021,,Distribution Main,,In Service,,,,,,,,,
161.867001,,,,75,161.867,0,0.1,OPEN,GI,ME,30.08.2021,3.00,Distribution Main,,In Service,Network is dilapidated,,,,,,,,
179.872343,,,,75,179.872,0,0.1,OPEN,GI,ME,30.08.2021,3.00,Distribution Main,,In Service,Network is dilapidated,,,,,,,,
46.5353378,,,,75,46.535,0,0.1,OPEN,GI,ME,30.08.2021,3.00,Distribution Main,,In Service,Network is dilapidated,,,,,,,,
145.812541,,,,75,145.813,0,0.1,OPEN,GI,ME,30.08.2021,3.00,Distribution Main,,In Service,Network is dilapidated,,,,,,,,
140.399710,,,,40,140.400,0,0.1,OPEN,GI,ME,30.08.2021,1.50,Distribution Main,,In Service,Network is dilapidated,,,,,,,,
137.153581,,,,40,137.154,0,0.1,OPEN,GI,ME,30.08.2021,1.50,Distribution Main,,In Service,Network is dilapidated,,,,,,,,
204.755698,,,,40,204.756,0,0.1,OPEN,GI,ME,30.08.2021,1.50,Distribution Main,,In Service,Network is dilapidated,,,,,,,,
68.1409786,,,,75,68.141,0,0.1,OPEN,GI,ME,30.08.2021,3.00,Distribution Main,,In Service,Network is dilapidated,,,,,,,,
48.5347220,,,,40,48.535,0,0.1,OPEN,GI,ME,30.08.2021,1.50,Distribution Main,,In Service,Network is dilapidated,,,,,,,,
196.181857,,,,75,196.182,0,0.1,OPEN,GI,ME,30.08.2021,3.00,Distribution Main,,In Service,Network is dilapidated,,,,,,,,
47.8114883,,,,75,47.811,0,0.1,OPEN,GI,ME,30.08.2021,3.00,Distribution Main,,In Service,Network is dilapidated,,,,,,,,
733.255943,,,,,733.256,0,0.1,,,,,,,,,,,,,,,,,
279.548424,,,,,279.548,0,0.1,,,,,,,,,,,,,,,,,
1144.56920,,,,,1144.569,0,0.1,,,,,,,,,,,,,,,,,
259.110820,,,,50,259.111,0,0.1,OPEN,PVC,MYT,23.09.2021,2.00,Distribution Main,,In service,The line suffers low pressure,,,,,,,,
308.229053,,,,75,308.229,0,0.1,OPEN,GI,MIL,22.09.2021,3.00,Distribution Main,,In service,Old line that should be overhauled,,,,,,,,
55.8363780,,,,40,55.836,0,0.1,OPEN,PVC,CBD,23.09.2021,1.50,Distribution Main,,In service,Ok,,,,,,,,
107.142439,,,,25,107.142,0,0.1,OPEN,PVC,CBD,23.09.2021,1.00,Distribution Main,,In service,Ok,,,,,,,,
76.8084773,,,,50,76.808,0,0.1,OPEN,PVC,CBD,23.09.2021,2.00,Distribution Main,,In service,Ok,,,,,,,,
259.357792,,,,100,259.358,0,0.1,OPEN,GI,CBD,23.09.2021,4.00,Distribution Main,,I n service,Network is dilapidated,,,,,,,,
112.142902,,,,40,112.143,0,0.1,OPEN,GI,CBD,23.09.2021,1.50,Distribution Main,,In service,Dilapidated water network,,,,,,,,
84.3241528,,,,25,84.324,0,0.1,OPEN,GI,CBD,23.09.2021,1.00,Distribution Main,,In service,Dilapidated water network,,,,,,,,
702.075888,,,,25,702.076,0,0.1,OPEN,HDPE,MIL,23.09.2021,1.00,Service Line,08.2021,In service,Ok,,,,,,,,
392.066367,,,,75,392.066,0,0.1,OPEN,GI,MIL,23.09.2021,3.00,Distribution Main,,In service,Ok,,,,,,,,
134.330956,,,,75,134.331,0,0.1,OPEN,GI,MIL,23.09.2021,3.00,Distribution Main,,In service,OK,,,,,,,,
219.964787,,,,50,219.965,0,0.1,OPEN,PVC,MYT,02.2018,2.00,Distribution Main,12/2017,In service,Ok,,,,,,,,
422.758700,,,,50,422.759,0,0.1,OPEN,PVC,MYT,02.2018,2.00,Distribution Main,12/2017,In service,Ok,,,,,,,,
1001.26607,,,,50,1001.266,0,0.1,CLOSED,PVC,MYT,10.2019,2.00,Distribution Main,2019,Out of service,Connection is still pending,,,,,,,,
1.86658019,,,,50,1.867,0,0.1,CLOSED,PVC,MYT,10.2019,2.00,Distribution Main,2019,Out of service,Connection is still pending,,,,,,,,
2353.10165,,,,50,2353.102,0,0.1,CLOSED,PVC,MYT,10.2019,2.00,Distribution Main,2019,Out of service,Connection is still pending,,,,,,,,
58.7005277,,,,40,58.701,0,0.1,OPEN,PVC,MIL,25.09.2021,1.50,Distribution Main,,In service,Ok,,,,,,,,
9.75624076,,,,40,9.756,0,0.1,OPEN,PVC,MIL,25.10.2021,1.50,Distribution Main,,In service,Ok,,,,,,,,
536.854658,,,,50,536.855,0,0.1,OPEN,PVC,MIL,25.10.2021,2.00,Distribution Main,,In service,OK,,,,,,,,
423.247696,,,,40,423.248,0,0.1,OPEN,PVC,MIL,25.10.2021,1.50,Distribution Main,,In service,Ok,,,,,,,,
153.679128,,,,40,153.679,0,0.1,OPEN,PVC,MIL,25.09.2021,1.50,Distribution Main,,In service,Ok,,,,,,,,
146.740065,,,,40,146.740,0,0.1,OPEN,PVC,MIL,25.09.2021,1.50,Distribution Main,,In service,Ok,,,,,,,,
211.339280,,,,50,211.339,0,0.1,OPEN,PVC,MIL,25.09.2021,2.00,Distribution Main,,In service,Ok,,,,,,,,
8.61167918,,,,50,8.612,0,0.1,OPEN,PVC,MIL,25.09.2021,2.00,Distribution Main,,In service,Ok,,,,,,,,
147.847484,,,,32,147.847,0,0.1,OPEN,PVC,MIL,25.09.2021,1.25,Distribution Main,,In service,Ok,,,,,,,,
704.352169,,,,50,704.352,0,0.1,OPEN,PVC,MIL,03.2020,2.00,Distribution Main,2018,In service,OK,Ext,,,,,,,
111.894987,,,Y,50,111.895,0,0.1,OPEN,PVC,MIL,10.2015,2.00,Distribution Main,10.2015,In Service,Proposed DW_Pipe Network,No,,,,,,,
200.533728,,,,50,200.534,0,0.1,,HDPE,,,2.00,,,,,,,,,,,,
335.346117,,,,,335.346,0,0.1,,,,,,,,,,,,,,,,,
541.229085,,,,,541.229,0,0.1,,,,,,,,,,,,,,,,,
73.4541424,,,,,73.454,0,0.1,,,,,,,,,,,,,,,,,
548.581770,,,,25,548.582,0,0.1,OPEN,PVC,KREKAJ,01.11.2021,1.00,Distribution Main,,In service,Ok,,,,,,,,
150.310228,,,,25,150.310,0,0.1,OPEN,PVC,MIL,25.10.2021,1.00,Distribution Main,,In service,Ok,,,,,,,,
83.9471106,,,,32,83.947,0,0.1,OPEN,PVC,MIL,25.10.2021,1.25,Distribution Main,,In service,Ok,,,,,,,,
83.5716297,,,,20,83.572,0,0.1,OPEN,PVC,MIL,25.10.2021,0.75,Service Line,,In service,Ok,,,,,,,,
480.915094,,,,25,480.915,0,0.1,OPEN,PVC,KRE,05.11.2021,1.00,Distribution Main,,In service,Ok,,,,,,,,
9.27715081,,,,50,9.277,0,0.1,OPEN,PVC,ME,19.11.2021,2.00,Distribution Main,,In service,boost line,,,,,,,,
46.0219405,,,,75,46.022,0,0.1,OPEN,PVC,ME,19.11.2021,3.00,Distribution Main,,In service,OK,,,,,,,,
24.1855359,,,,100,24.186,0,0.1,OPEN,PVC,ME,19.11.2021,4.00,Distribution Main,2020,In service,Boost line,,,,,,,,
393.726029,,,,50,393.726,0,0.1,OPEN,HDPE,KREKAJ,23.11.2021,2.00,Distribution Main,10.2021,In service,Ok,Ext,,,,,,,
344.951320,,,,40,344.951,0,0.1,OPEN,HDPE,KREKAJ,23.11.2021,1.50,Distribution Main,10.2021,In service,Ok,Ext,,,,,,,
335.074190,,,,32,335.074,0,0.1,OPEN,PVC,CBD,30.11.2021,1.25,Distribution Main,,In service,Ok,,,,,,,,
287.632824,,,,40,287.633,0,0.1,OPEN,HDPE,KREKAJ,09.12.2021,1.50,Distribution Main,10.2021,In service,Ok,Ext,,,,,,,
297.139367,,,,32,297.139,0,0.1,OPEN,HDPE,KREKAJ,09.12.2021,1.25,Distribution Main,12.2021,In service,OK,Ext,,,,,,,
875.685263,,,,110,875.685,0,0.1,OPEN,HDPE,MYT,14.12.2021,4.00,Distribution Main,,In service,Ok,Ext,,,,,,,
1452.66116,,,Y,50,1452.661,0,0.1,OPEN,PVC,MYT,2017,2.00,Distribution Main,N/A,In Service,N/A,Yes,,,,,,,
585.769504,,,4,100,585.770,0,0.1,OPEN,PVC,MYT,2017,4.00,Distribution Main,N/A,In Service,N/A,Yes,,,,,,,
10.5796289,,,,32,10.580,0,0.1,OPEN,HDPE,OBA,16.12.2021,1.25,Distribution Main,11.2021,In service,Ok,Ext,,,,,,,
399.352593,,,,25,399.353,0,0.1,OPEN,HDPE,OBA,16.12.2021,1.00,Distribution Main,11.2021,In service,Ok,Ext,,,,,,,
101.878393,,,,32,101.878,0,0.1,OPEN,PVC,CBD,28.12.2021,1.25,Distribution Main,,In service,OK,,,,,,,,
85.8629290,,,,25,85.863,0,0.1,OPEN,HDPE,CBD,28.12.2021,1.00,Distribution Main,,In service,OK,,,,,,,,
117.854584,,,,25,117.855,0,0.1,OPEN,PPR,CBD,28.12.2021,1.00,Distribution Main,,In service,OK,,,,,,,,
402.247475,,,,25,402.247,0,0.1,OPEN,PVC,KREKAJ,05/01/2022,1.00,Distribution Main,,In service,Ok,,,,,,,,
304.947810,,,,40,304.948,0,0.1,OPEN,HDPE,MYT,13/01/2022,1.50,Distribution Main,09.2021,In service,Ok,Ext,,,,,,,
127.244125,,,,100,127.244,0,0.1,OPEN,PVC,MIL,10/01/2022,4.00,Distribution Main,,In service,Ok,,,,,,,,
6.72832437,,,,50,6.728,0,0.1,OPEN,HDPE,MIL,10/01.2022,2.00,Distribution Main,2021,In service,Ok,,,,,,,,
150.368129,,,,40,150.368,0,0.1,OPEN,HDPE,MIL,10/01.2022,1.50,Distribution Main,2021,In service,Ok,,,,,,,,
271.040099,,,Y,50,271.040,0,0.1,OPEN,PVC,CBD,01.2015,2.00,Distribution Main,08.2014,In Service,New Extensions,No,,,,,,,
3.42920535,,,Y,350,3.429,0,0.1,OPEN,Steel,CBD,2014,14.00,Distribution Main,2014,In Service,LTAP Lines,No,,,,,,,
413.259117,,,,75,413.259,0,0.1,OPEN,HDPE,KREKAJ,21.01.2022,3.00,Distribution Main,01.2022,In service,Ok,Ext,,,,,,,
90.0144555,,,,75,90.014,0,0.1,OPEN,PVC,CBD,04.02.2022,3.00,Distribution Main,,In service,Ok,,,,,,,,
143.203015,,,,40,143.203,0,0.1,OPEN,PVC,CBD,04.02.2022,1.50,Distribution Main,,In service,OK,,,,,,,,
463.493572,,,,25,463.494,0,0.1,OPEN,PVC,CBD,04.02.2022,1.00,Distribution Main,,In service,OK,,,,,,,,
208.949449,,,,20,208.949,0,0.1,OPEN,PPR,CBD,04.02.2022,0.75,Service Line,,In service,Ok,,,,,,,,
104.766158,,,,20,104.766,0,0.1,OPEN,PPR,CBD,04.02.2022,0.75,Service Line,,In service,Surfers no water,,,,,,,,
60.2233247,,,,50,60.223,0,0.1,OPEN,HDPE,CBD,04.02.2022,2.00,Distribution Main,01.2022,In service,OK,,,,,,,,
124.816057,,,,50,124.816,0,0.1,OPEN,PVC,CBD,04.02.2022,2.00,Distribution Main,,In service,Ok,,,,,,,,
2017.05441,,,,50,2017.054,0,0.1,OPEN,PVC,MYT,05.2018,2.00,Distribution Main,04.2018,In service,Ok,Ext,,,,,,,
798.459338,,,Y,50,798.459,0,0.1,OPEN,PVC,MYT,08.2016,2.00,Distribution Main,07.2016,In Service,Has many leakages,No,,,,,,,
146.471955,,,,40,146.472,0,0.1,OPEN,HDPE,KREKAJ,17.02.2022,1.50,Distribution Main,12.2022,In service,Ok,EXT,,,,,,,
70.6725274,,,,50,70.673,0,0.1,OPEN,PVC,KREKAJ,17.02.2022,2.00,Distribution Main,,In service,Ok,,,,,,,,
88.1280350,,,,40,88.128,0,0.1,OPEN,HDPE,KREKAJ,17.02.2022,1.50,Distribution Main,12.2021,In service,OK,,,,,,,,
690.161695,,,,75,690.162,0,0.1,OPEN,HDPE,MYT,03.02.2022,3.00,Distribution Main,12.2022,In service,Ok,EXT,,,,,,,
225.712272,,,,50,225.712,0,0.1,OPEN,PPR,ME,21.02.2022,2.00,Distribution Main,,In service,Ok,,,,,,,,
71.8024869,,,,50,71.802,0,0.1,OPEN,PVC,CBD,21.02.2022,2.00,Distribution Main,,In service,Ok,,,,,,,,
56.2168513,,,,40,56.217,0,0.1,OPEN,PVC,CBD,21.02.2022,1.50,Distribution Main,,In service,,Ok,,,,,,,
55.9088993,,,,50,55.909,0,0.1,OPEN,HDPE,CBD,21.02.2022,2.00,Distribution Main,8.2021,In service,Ok,,,,,,,,
134.195551,,,,25,134.196,0,0.1,OPEN,PPR,CBD,21.02.2022,1.00,Distribution Main,,In service,Ok,,,,,,,,
52.5684785,,,,1,52.568,0,0.1,OPEN,PVC,CBD,21.02.2022,1.00,Distribution Main,,In service,Ok,,,,,,,,
79.1124172,,,,32,79.112,0,0.1,OPEN,PVC,CBD,17.02.2022,1.25,Distribution Main,,In service,Ok,,,,,,,,
108.318536,,,,32,108.319,0,0.1,OEPN,HDPE,CBD,17.02.2022,1.25,Distribution Main,2021,In service,Ok,,,,,,,,
138.925625,,,,32,138.926,0,0.1,OPEN,PVC,CBD,17.02.2022,1.25,Distribution Main,,In service,Ok,,,,,,,,
201.926110,,,,75,201.926,0,0.1,OPEN,HDPE,CBD,17.02.2022,3.00,Distribution Main,01.2022,In service,Ok,Ext,,,,,,,
134.446334,,,,25,134.446,0,0.1,OPEN,HDPE,MIL,08.03.2022,1.00,Distribution Main,2021,in service,OK,EXT,,,,,,,
48.3942354,,,,40,48.394,0,0.1,OPEN,HDPE,OBA,15.03.2022,1.50,Distribution Main,2021,In service,Ok,,,,,,,,
135.630892,,,,50,135.631,0,0.1,OPEN,HDPE,MYT,15.03.2022,2.00,Distribution Main,,In service,Ok,,,,,,,,
3.19343421,,,Y,50,3.193,0,0.1,OPEN,PVC,KREKAJ,03.2015,2.00,Distribution Main,N/A,In Service,N/A,No,,,,,,,
284.779422,,,,50,284.779,0,0.1,OPEN,HDPE,KREKAJ,10.03.2022,2.00,Distribution Main,2021,In service,OK,ext,,,,,,,
381.031720,,,,100,381.032,0,0.1,OPEN,GI,KREKAJ,16.03.2022,4.00,Distribution Main,,In service,Ok,,,,,,,,
207.304668,,,,100,207.305,0,0.1,OPEN,GI,KREKAJ,16.03.2022,4.00,Distribution Main,,In service,Ok,,,,,,,,
129.021936,,,,100,129.022,0,0.1,OPEN,GI,KREKAJ,16.03.2022,4.00,Distribution Main,,In service,Ok,,,,,,,,
96.1087930,,,,100,96.109,0,0.1,OPEN,GI,KREKAJ,16.03.2022,4.00,Distribution Main,,In service,Ok,,,,,,,,
70.1769453,,,,100,70.177,0,0.1,OPEN,GI,KREKAJ,16.03.2022,4.00,Distribution Main,,In service,Ok,,,,,,,,
67.7412929,,,,100,67.741,0,0.1,OPEN,GI,,16.03.2022,4.00,Distribution Main,,In service,Ok,,,,,,,,
162.883803,,,,100,162.884,0,0.1,OPEN,HDPE,KREKAJ,08/04/2022,4.00,Distribution Main,2021,In Service,,Ext,,,,,,,
18.2836977,,,,100,18.284,0,0.1,OPEN,HDPE,KREKAJ,08/04/2022,4.00,Distribution Main,2021,In Service,OK,,,,,,,,
21.0849652,,,,100,21.085,0,0.1,OPEN,HDPE,KREKAJ,08/04/2022,4.00,Distribution Main,2021,In Service,OK,,,,,,,,
17.9625613,,,,100,17.963,0,0.1,OPEN,HDPE,KREKAJ,08/04/2022,4.00,Distribution Main,2021,In Service,OK,,,,,,,,
4.38184453,,,,100,4.382,0,0.1,OPEN,HDPE,KREKAJ,08/04/2022,4.00,Distribution Main,2021,In Service,OK,,,,,,,,
35.0353101,,,,100,35.035,0,0.1,OPEN,HDPE,KREKAJ,08/04/2022,4.00,Distribution Main,2021,In Service,OK,,,,,,,,
674.211403,,,,100,674.211,0,0.1,OPEN,HDPE,KREKAJ,08/04/2022,4.00,Distribution Main,2021,In Service,OK,,,,,,,,
113.507722,,,,75,113.508,0,0.1,OPEN,HDPE,KREKAJ,08/04/2022,3.00,Distribution Main,2021,In Service,OK,,,,,,,,
15.5202902,,,,75,15.520,0,0.1,OPEN,HDPE,KREKAJ,08/04/2022,3.00,Distribution Main,2021,In Service,OK,,,,,,,,
18.3286199,,,,100,18.329,0,0.1,OPEN,HDPE,KREKAJ,08/04/2022,4.00,Distribution Main,2021,In Service,OK,,,,,,,,
1077.45935,,,,75,1077.459,0,0.1,OPEN,HDPE,KREKAJ,16.03.2022,3.00,Distribution Main,2021,In service,Ok,OVH,,,,,,,
23.5363336,,,,75,23.536,0,0.1,OPEN,HDPE,CBD,06/04/2022,3.00,Distribution Main,,In service,OK,,,,,,,,
1.45599990,,,,75,1.456,0,0.1,OPEN,GI,CBD,2018,3.00,Distribution Main,,In service,OK,,,,,,,,
96.9496851,,,Y,75,96.950,0,0.1,OPEN,GI,CBD,07.2015,3.00,Distribution Main,N/A,In Service,,No,,,,,,,
172.740070,,,Y,100,172.740,0,0.1,OPEN,PVC,CBD,2014,4.00,Distribution Main,N/A,In Service,N/A,No,,,,,,,
163.319271,,,,100,163.319,0,0.1,OPEN,HDPE,KREKAJ,11/05/2022,4.00,Distribution Main,2022,In Service,,Ext,,,,,,,
291.054481,,,,100,291.054,0,0.1,OPEN,HDPE,KREKAJ,11/05/2022,3.00,Distribution Main,2022,In Service,,Ext,,,,,,,
583.984418,,,,100,583.984,0,0.1,OPEN,HDPE,KREKAJ,11/05/2022,2.00,Distribution Main,2022,In Service,,Ext,,,,,,,
176.027137,,,,100,176.027,0,0.1,OPEN,HDPE,KREKAJ,11/05/2022,2.00,Distribution Main,2022,In Service,,Ext,,,,,,,
13.1226666,,,,,13.123,0,0.1,,,,,,,,,,,,,,,,,
38.6745245,,,,400,38.675,0,0.1,OPEN,Steel,MIL,27.10.2021,16.00,Distribution Main,2013,In service,OK,,,,,,,,
14.2396303,,,,,14.240,,0.1,,,,,,,,,,,,,,,,,
15.0368246,,,,500,15.037,0,0.1,OPEN,Steel,MIL,27.10.2021,20.00,Transmission Main,2013,In service,OK,,,,,,,,
81.5504225,,,N,500,81.550,0,0.1,OPEN,Steel,MIL,2014,20.00,Transmission Main,2013,In Service,OK,No,,,,,,,
155.478031,,,N,400,155.478,0,0.1,OPEN,Steel,MIL,26.05.2022,16.00,Transmission Main,N/A,In Service,,,,,,,,,
869.938605,,,N,400,869.939,0,0.1,OPEN,Steel,MIL,2014,16.00,Transmission Main,N/A,In Service,N/A,No,,,,,,,
9.17190041,,,N,250,9.172,0,0.1,OPEN,Steel,MIL,26.05.2022,10.00,Transmission Main,N/A,In Service,,,,,,,,,
69.8977971,,,N,250,69.898,0,0.1,OPEN,Steel,MIL,26.05.2022,10.00,Transmission Main,N/A,In Service,,,,,,,,,
10.7120940,,,N,250,10.712,0,0.1,OPEN,Steel,MIL,26.05.2022,10.00,Transmission Main,N/A,In Service,,,,,,,,,
65.7554338,,,N,250,65.755,0,0.1,OPEN,Steel,MIL,26.05.2022,10.00,Transmission Main,N/A,In Service,,,,,,,,,
6.60921515,,,N,250,6.609,0,0.1,OPEN,Steel,MIL,26.05.2022,10.00,Transmission Main,N/A,In Service,,,,,,,,,
606.518390,,,N,500,606.518,0,0.1,OPEN,Steel,MIL,2014,20.00,Transmission Main,2013,In Service,OK,No,,,,,,,
220.778896,,,,50,220.779,,0.1,OPEN,PVC,MYT,07.06.2022,2.00,Distribution Main,,In service,Ok,,,,,,,,
314.571747,,,,25,314.572,0,0.1,OPEN,PVC,MYT,07.06.2022,1.00,Distribution Main,,In service,OK,,,,,,,,
195.343854,,,,50,195.344,0,0.1,OPEN,PVC,MYT,07.06.2022,2.00,Distribution Main,,In service,OK,,,,,,,,
156.654043,,,,50,156.654,0,0.1,OPEN,PVC,MYT,07.06.2022,2.00,Distribution Main,,In service,Ok,,,,,,,,
313.102731,,,,50,313.103,0,0.1,OPEN,PVC,CBD,22.06.2022,2.00,Distribution Main,,In Service,N/A,,,,,,,,
87.3647870,,,,,87.365,,0.1,,,,,,,,,,,,,,,,,
212.211849,,,,,212.212,,0.1,,,,,,,,,,,,,,,,,
112.177032,,,Y,75,112.177,0,0.1,OPEN,PVC,CBD,01.2015,3.00,Distribution Main,09.2014,In Service,New Extensions,No,,,,,,,
383.685429,,,,40,383.685,0,0.1,OPEN,PVC,CBD,25.08.2021,,Distribution Main,,In Service,,,,,,,,,
425.268982,,,,50,425.269,0,0.1,OPEN,PVC,CBD,23.09.2021,2.00,Distribution Main,,In service,OK,,,,,,,,
108.799273,,,,50,108.799,0,0.1,OPEN,HDPE,CBD,21.06.2022,,Distribution Main,,In service,OK,,,,,,,,
697.280574,,,Y,100,697.281,0,0.1,OPEN,PVC,CBD,05.2015,4.00,Distribution Main,2013,In Service,Shallow depth,No,,,,,,,
101.419010,,,,75,101.419,0,0.1,OPEN,HDPE,CBD,20.06.2022,3.00,Distribution Main,04.2022,In service,Ok,EXT,,,,,,,
63.8020231,,,,40,63.802,0,0.1,OPEN,HDPE,CBD,20.06.2022,1.50,Distribution Main,04.2022,In service,Ok,EXT,,,,,,,
21.4836736,,,,75,21.484,0,0.1,OPEN,DHPE,CBD,20.06.2022,3.00,Distribution Main,04.2022,In service,Ok,,,,,,,,
28.8703613,,,,75,28.870,0,0.1,OPEN,HDPE,CBD,20.06.2022,3.00,Distribution Main,04.2022,In service,Ok,,,,,,,,
36.0921782,,,,,36.092,,0.1,,,,,,,,,,,,,,,,,
148.373164,,,,75,148.373,0,0.1,OPEN,HDPE,CBD,20.06.2022,3.00,Distribution Main,04.2022,In service,Ok,OVH,,,,,,,
45.8656702,,,,,45.866,,0.1,,,,,,,,,,,,,,,,,
267.369996,,,,32,267.370,0,0.1,OPEN,HDPE,CBD,20.06.2022,1.25,Distribution Main,03.2022,in service,Ok,ext,,,,,,,
291.195154,,,,100,291.195,0,0.1,OPEN,HDPE,CBD,22.06.2022,4.00,Distribution Main,2020,In service,Ok,,,,,,,,
164.657902,,,,50,164.658,0,0.1,OPEN,PVC,CBD,22.06.2022,2.00,Distribution Main,,In Service,N/A,,,,,,,,
280.027917,,,,40,280.028,0,0.1,OPEN,PVC,CBD,22.06.2022,1.50,Distribution Main,,In service,Ok,,,,,,,,
44.9020928,,,,,44.902,,0.1,,,,,,,,,,,,,,,,,
105.221127,,,,50,105.221,0,0.1,OPEN,PVC,CBD,22.06.2022,2.00,Distribution Main,,In Service,N/A,,,,,,,,
525.003602,,,,50,525.004,0,0.1,OPEN,PVC,CBD,22.06.2022,2.00,Distribution Main,,In Service,N/A,,,,,,,,
218.870583,,,,40,218.871,0,0.1,OPEN,PVC,CBD,22.06.2022,1.50,Distribution Main,,In service,Ok,,,,,,,,
31.6088766,,,,,31.609,,0.1,,,,,0.75,,,,,,,,,,,,
6.75622566,,,,25,6.756,,0.1,,,,,,,,,,,,,,,,,
99.0966254,,,,32,99.097,0,0.1,OPEN,HDPE,MIL,27.06.2022,1.25,Distribution Main,05.2022,In service,Ok,,,,,,,,
230.176469,,,,100,230.176,0,0.1,OPEN,PVC,MYT,30.06.2022,4.00,Distribution Main,,In service,,,,,,,,,
206.683169,,,,50,206.683,0,0.1,OPEN,PVC,MYT,30.06.2022,2.00,Distribution Main,,In service,,,,,,,,,
120.574058,,,,75,120.574,0,0.1,OPEN,HDPE,MYT,07.07.2022,3.00,Distribution Main,,In service,Ok,,,,,,,,
48.5547789,,,,50,48.555,0,0.1,OPEN,HDPE,MYT,07.07.2022,2.00,Distribution Main,,In service,Ok,,,,,,,,
44.8910438,,,,50,44.891,0,0.1,OPEN,PVC,MYT,07.07.2022,2.00,Distribution Main,,In service,Ok,,,,,,,,
99.0721343,,,,50,99.072,0,0.1,OPEN,HDPE,MYT,07.07.2022,2.00,Distribution Main,,In service,Ok,,,,,,,,
54.5432474,,,,50,54.543,0,0.1,OPEN,PVC,MYT,07.07.2022,2.00,Distribution Main,,In service,Ok,,,,,,,,
31.3321458,,,,50,31.332,0,0.1,OPEN,HDPE,MYT,07.07.2022,2.00,Distribution Main,,In service,Ok,,,,,,,,
247.510502,,,,50,247.511,0,0.1,OPEN,PVC,MYT,07.07.2022,2.00,Distribution Main,,In service,Ok,,,,,,,,
203.788674,,,,20,203.789,0,0.1,OPEN,PPR,MYT,07.07.2022,0.75,Distribution Main,,In service,Ok,,,,,,,,
107.974644,,,,40,107.975,0,0.1,OPEN,PVC,MYT,07.07.2022,1.50,Distribution Main,,In service,Ok,,,,,,,,
91.4818123,,,,32,91.482,0,0.1,OPEN,PVC,MYT,07.07.2022,1.25,Distribution Main,,In service,Ok,,,,,,,,
53.4104036,,,,32,53.410,0,0.1,OPEN,PVC,MYT,07.07.2022,1.25,Distribution Main,,In service,Ok,,,,,,,,
61.1846113,,,,32,61.185,0,0.1,OPEN,PVC,MYT,07.07.2022,1.50,Distribution Main,,In service,Ok,,,,,,,,
440.362517,,,,32,440.363,0,0.1,OPEN,PVC,MYT,07.07.2022,1.25,Distribution Main,,In service,Ok,,,,,,,,
120.844756,,,,32,120.845,0,0.1,OPEN,PVC,MYT,07.07.2022,1.25,Distribution Main,,In service,Ok,,,,,,,,
135.058563,,,,32,135.059,0,0.1,OPEN,PVC,MYT,07.07.2022,1.25,Distribution Main,,In service,Ok,,,,,,,,
132.239084,,,,25,132.239,0,0.1,OPEN,PVC,MYT,07.07.2022,1.00,Distribution Main,,In service,Ok,,,,,,,,
472.410782,,,,32,472.411,0,0.1,OPEN,PVC,MYT,07.07.2022,1.25,Distribution Main,,In service,Ok,,,,,,,,
69.1947494,,,,25,69.195,0,0.1,OPEN,PPR,MYT,07.07.2022,1.00,Distribution Main,,In service,Ok,,,,,,,,
531.975176,,,,50,531.975,0,0.1,OPEN,PVC,MYT,08.07.2022,2.00,Distribution Main,,In service,Ok,,,,,,,,
680.946493,,,,50,680.946,0,0.1,OPEN,PVC,MYT,08.07.2022,2.00,Distribution Main,,In service,Ok,,,,,,,,
329.014011,,,,32,329.014,0,0.1,OPEN,PVC,MYT,08.07.2022,1.25,Distribution Main,,In service,Ok,,,,,,,,
382.195835,,,,32,382.196,0,0.1,OPEN,PVC,MYT,08.07.2022,1.25,Distribution Main,,In service,Ok,,,,,,,,
136.022311,,,,32,136.022,0,0.1,OPEN,PVC,MYT,08.07.2022,1.25,Distribution Main,,In service,Ok,,,,,,,,
141.933141,,,,32,141.933,0,0.1,OPEN,PVC,MYT,08.07.2022,1.25,Distribution Main,,In service,Ok,,,,,,,,
52.3139573,,,,32,52.314,0,0.1,OPEN,PVC,MYT,08.07.2022,1.25,Distribution Main,,In service,Ok,,,,,,,,
65.6752357,,,,32,65.675,0,0.1,OPEN,PVC,MYT,08.07.2022,1.25,Distribution Main,,In service,Ok,,,,,,,,
110.618995,,,,32,110.619,0,0.1,OPEN,PVC,MYT,08.07.2022,1.25,Distribution Main,,In service,Ok,,,,,,,,
89.8538297,,,,32,89.854,0,0.1,OPEN,PVC,MYT,07.07.2022,1.25,Distribution Main,,In service,Ok,,,,,,,,
107.775558,,,,32,107.776,0,0.1,OPEN,PVC,MYT,07.07.2022,1.25,Distribution Main,,In service,Ok,,,,,,,,
72.6416823,,,,32,72.642,0,0.1,OPEN,PVC,MYT,07.07.2022,1.25,Distribution Main,,In service,Ok,,,,,,,,
192.624620,,,,32,192.625,0,0.1,OPEN,PVC,MYT,07.07.2022,1.25,Distribution Main,,In service,Ok,,,,,,,,
32.5984091,,,,32,32.598,0,0.1,OPEN,PVC,MYT,08.07.2022,1.25,Distribution Main,,In service,Ok,,,,,,,,
352.147433,,,,32,352.147,0,0.1,OPEN,PVC,MYT,08.07.2022,1.25,Distribution Main,,In service,Ok,,,,,,,,
24.2005384,,,,50,24.201,0,0.1,OPEN,PVC,MYT,07.07.2022,2.00,Distribution Main,,In service,Ok,,,,,,,,
263.912451,,,,32,263.912,0,0.1,OPEN,PVC,MYT,07.07.2022,1.25,Distribution Main,,In service,Ok,,,,,,,,
413.948856,,,,32,413.949,0,0.1,OPEN,PVC,MYT,07.07.2022,1.25,Distribution Main,,In service,Ok,,,,,,,,
112.044232,,,,32,112.044,0,0.1,OPEN,PVC,MYT,07.07.2022,1.25,Distribution Main,,In service,Ok,,,,,,,,
150.740902,,,,32,150.741,0,0.1,OPEN,PVC,MYT,07.07.2022,1.25,Distribution Main,,In service,Ok,,,,,,,,
51.0516491,,,,32,51.052,0,0.1,OPEN,PVC,MYT,07.07.2022,1.25,Distribution Main,,In service,Ok,,,,,,,,
1166.72880,,,,50,1166.729,0,0.1,OPEN,PVC,MYT,30.05.2019,2.00,Distribution Main,2019-02-01,In Service,Ok,Ext,,,,,,,
199.748278,,,,40,199.748,0,0.1,OPEN,HDPE,CBD,21.07.2022,1.50,Distribution Main,05.2022,In Service,New Extensions,,,,,,,,
152.929416,,,,32,152.929,0,0.1,OPEN,HDPE,CBD,21.07.2022,1.25,Distribution Main,05.2022,In Service,New Extensions,,,,,,,,
500.507609,,,,50,500.508,0,0.1,OPEN,PVC,MYT,28.07.2022,2.00,Distribution Main,,In service,Ok,,,,,,,,
176.020501,,,,40,176.021,0,0.1,OPEN,PVC,MYT,28.07.2022,1.50,Distribution Main,,In service,Ok,,,,,,,,
115.304819,,,,40,115.305,0,0.1,OPEN,HDPE,MYT,28.07.2022,1.50,Distribution Main,,In service,Ok,,,,,,,,
136.486051,,,,32,136.486,0,0.1,OPEN,PVC,MYT,28.07.2022,1.25,Distribution Main,,In service,Ok,,,,,,,,
2.35030984,,,,32,2.350,0,0.1,OPEN,PVC,MYT,28.07.2022,1.25,Distribution Main,,In service,Ok,,,,,,,,
35.5444605,,,,50,35.544,0,0.1,OPEN,PVC,MYT,28.07.2022,2.00,Distribution Main,,In service,Ok,,,,,,,,
538.157769,,,,32,538.158,0,0.1,OPEN,PVC,MYT,28.07.2022,1.25,Distribution Main,,In service,Ok,,,,,,,,
316.065763,,,,32,316.066,0,0.1,OPEN,PVC,MYT,28.07.2022,1.25,Distribution Main,,In service,Ok,,,,,,,,
293.652392,,,,32,293.652,0,0.1,OPEN,PVC,MYT,28.07.2022,1.25,Distribution Main,,In service,Ok,,,,,,,,
445.995783,,,,40,445.996,0,0.1,OPEN,PVC,MYT,28.07.2022,1.50,Distribution Main,,In service,Ok,,,,,,,,
33.8080159,,,,32,33.808,0,0.1,OPEN,PVC,MYT,28.07.2022,1.25,Distribution Main,,In service,Ok,,,,,,,,
200.007213,,,,25,200.007,0,0.1,OPEN,PVC,MYT,28.07.2022,1.00,Distribution Main,,In service,Ok,,,,,,,,
191.885509,,,,50,191.886,0,0.1,OPEN,PVC,MYT,28.07.2022,2.00,Distribution Main,,In service,Ok,,,,,,,,
159.487278,,,,25,159.487,0,0.1,OPEN,PVC,MYT,28.07.2022,1.00,Distribution Main,,In service,Ok,,,,,,,,
145.598999,,,,32,145.599,0,0.1,OPEN,PVC,MYT,28.07.2022,1.25,Distribution Main,,In service,Ok,,,,,,,,
218.537604,,,,32,218.538,0,0.1,OPEN,PVC,MYT,28.07.2022,1.25,Distribution Main,,In service,Ok,,,,,,,,
20.6331595,,,,25,20.633,0,0.1,OPEN,PVC,MYT,28.07.2022,1.00,Distribution Main,,In service,Ok,,,,,,,,
251.748421,,,,32,251.748,0,0.1,OPEN,PVC,MYT,28.07.2022,1.25,Distribution Main,,In service,Ok,,,,,,,,
65.7564780,,,,25,65.756,0,0.1,OPEN,PVC,MYT,28.07.2022,1.00,Distribution Main,,In service,Ok,,,,,,,,
45.6294458,,,,25,45.629,0,0.1,OPEN,PVC,MYT,28.07.2022,1.00,Distribution Main,,In service,Ok,,,,,,,,
134.918857,,,,25,134.919,0,0.1,OPEN,PVC,MYT,28.07.2022,1.00,Distribution Main,,In service,Ok,,,,,,,,
49.6083993,,,,25,49.608,0,0.1,OPEN,PVC,MYT,28.07.2022,1.00,Distribution Main,,In service,Ok,,,,,,,,
634.922005,,,,32,634.922,0,0.1,OPEN,PVC,MYT,28.07.2022,1.25,Distribution Main,,In service,Ok,,,,,,,,
51.9782046,,,,50,51.978,0,0.1,OPEN,PVC,MYT,28.07.2022,2.00,Distribution Main,,In service,Ok,,,,,,,,
101.094941,,,,40,101.095,0,0.1,OPEN,PVC,MYT,28.07.2022,1.50,Distribution Main,,In service,Ok,,,,,,,,
71.6425309,,,,32,71.643,0,0.1,HDPE,PVC,MYT,28.07.2022,1.25,Distribution Main,,In service,Ok,,,,,,,,
33.7713406,,,,25,33.771,0,0.1,OPEN,PVC,MYT,28.07.2022,1.00,Distribution Main,,In service,Ok,,,,,,,,
19.9630539,,,,32,19.963,0,0.1,HDPE,PVC,MYT,28.07.2022,1.25,Distribution Main,,In service,Ok,,,,,,,,
89.3996356,,,,32,89.400,0,0.1,OPEN,PVC,MYT,28.07.2022,1.25,Distribution Main,,In service,Ok,,,,,,,,
246.134097,,,,32,246.134,0,0.1,OPEN,PVC,MYT,28.07.2022,1.25,Distribution Main,,In service,Ok,,,,,,,,
44.4782232,,,,32,44.478,0,0.1,OPEN,PVC,MYT,28.07.2022,1.25,Distribution Main,,In service,Ok,,,,,,,,
79.4853141,,,,25,79.485,0,0.1,OPEN,HDPE,MYT,28.07.2022,1.00,Distribution Main,,In service,Ok,,,,,,,,
234.592118,,,,32,234.592,0,0.1,OPEN,HDPE,MYT,09.2020,1.25,Distribution Main,2018,In service,Ok,Ext,,,,,,,
123.492132,,,,32,123.492,0,0.1,OPEN,PVC,MYT,09.2020,1.25,Distribution Main,2018,In service,Ok,Ext,,,,,,,
59.8056305,,,,100,59.806,0,0.1,OPEN,PVC,KREKAJ,28.09.2022,4.00,Distribution Main,,In service,Ok,,,,,,,,
104.941415,,,,40,104.941,0,0.1,OPEN,HDPE,CBD,22.09.2022,1.50,Distribution Main,04.2022,In service,Ok,EXT,,,,,,,
262.888705,,,,32,262.889,0,0.1,OPEN,HDPE,CBD,22.09.2022,1.25,Distribution Main,04.2022,In service,Ok,ext,,,,,,,
40.8724875,,,,75,40.872,0,0.1,OPEN,PVC,CBD,14.09.2022,3.00,Service Line,,In service,Ok,,,,,,,,
76.5947800,,,,25,76.595,0,0.1,OPEN,HDPE,CBD,14.09.2022,1.00,Service Line,08.2022,In service,Ok,,,,,,,,
436.591417,,,,32,436.591,0,0.1,OPEN,HDPE,CBD,30.09.2022,1.25,Distribution Main,2021,In service,Ok,,,,,,,,
139.670493,,,,75,139.670,0,0.1,OPEN,PVC,ME,28.10.2022,3.00,Distribution Main,,In service,Ok,Ext,,,,,,,
273.288878,,,,50,273.289,0,0.1,OPEN,PVC,ME,28.10.2022,2.00,Distribution Main,,In service,ok,,,,,,,,
67.6263090,,,,75,67.626,0,0.1,OPEN,GI,ME,28.10.2022,3.00,Service Line,,In service,Ok,,,,,,,,
62.8534703,,,,25,62.853,0,0.1,OPEN,PVC,ME,28.10.2022,1.00,Distribution Main,,In service,Ok,,,,,,,,
192.386467,,,,50,192.386,0,0.1,OPEN,HDPE,CBD,27.10.2022,2.00,Distribution Main,2022,In service,Ok,,,,,,,,
105.729821,,,,40,105.730,0,0.1,OPEN,PPR,CBD,27.10.2022,1.50,Distribution Main,2022,In service,OK,,,,,,,,
18.6419316,,,,100,18.642,0,0.1,OPEN,PVC,ME,23.11.2022,4.00,Distribution Main,23.11.2022,In service,Boostline,Ext,,,,,,,
10.2726348,,,,75,10.273,0,0.1,OPEN,PVC,ME,23.11.2022,3.00,Distribution Main,23.11.2022,In service,Boostline,,,,,,,,
31.6772077,,,,75,31.677,0,0.1,OPEN,PVC,ME,23.11.2022,3.00,Distribution Main,,In service,Ok,,,,,,,,
111.884924,,,,25,111.885,0,0.1,OPEN,PPR,MYT,23.11.2022,1.00,Distribution Main,,In service,Ok,,,,,,,,
161.260891,,,,40,161.261,0,0.1,OPEN,PVC,MYT,23.11.2022,1.50,Distribution Main,,In service,Ok,,,,,,,,
62.5406035,,,,32,62.541,0,0.1,OPEN,PVC,MYT,23.11.2022,1.25,Distribution Main,,In service,Ok,,,,,,,,
92.8772901,,,,25,92.877,0,0.1,OPEN,PVC,MYT,23.11.2022,1.00,Distribution Main,,In service,Ok,,,,,,,,
13.7933993,,,,50,13.793,0,0.1,OPEN,PVC,MYT,23.11.2022,2.00,Distribution Main,,In service,Ok,,,,,,,,
43.9170556,,,,32,43.917,0,0.1,OPEN,PVC,MYT,23.11.2022,1.25,Distribution Main,,In service,Ok,,,,,,,,
145.322681,,,,25,145.323,0,0.1,OPEN,HDPE,MYT,23.11.2022,1.00,Distribution Main,,In service,Ok,Ext,,,,,,,
52.2774232,,,,50,52.277,0,0.1,OPEN,PVC,MYT,23.11.2022,2.00,Distribution Main,,In service,Ok,Ext,,,,,,,
15.0136042,,,,50,15.014,0,0.1,OPEN,PVC,MYT,23.11.2022,2.00,Distribution Main,,In service,OK,,,,,,,,
45.8563168,,,,25,45.856,0,0.1,OPEN,PPR,MYT,23.11.2022,1.00,Distribution Main,,In service,OK,,,,,,,,
47.6557257,,,Y,50,47.656,0,0.1,OPEN,PPR,MYT,2014,2.00,Distribution Main,01.2012,In Service,Managed by DMM,No,,,,,,,
27.4613111,,,,,27.461,0,0.1,OPEN,PVC,MIL,,,Distribution Main,,In service,2 inch offtake from 8 inch,,,,,,,,
109.948208,,,,,109.948,0,0.1,OPEN,PVC,MIL,,,Service Line,,In service,3/4'' offtake from 2'',,,,,,,,
26.5577506,,,,75,26.558,0,0.1,OPEN,HDPE,MIL,,3.00,Distribution Main,,In service,DMM,,,,,,,,
68.0372065,,,,75,68.037,0,0.1,OPEN,HDPE,MIL,,3.00,Distribution Main,,In service,DMM,,,,,,,,
10.5629722,,,,,10.563,0,0.1,OPEN,PVC,MIL,,,Distribution Main,,In service,DMM,,,,,,,,
31.3615732,,,,,31.362,0,0.1,OPEN,PVC,MIL,,,Service Line,,In service,DMM,,,,,,,,
37.0491189,,,,,37.049,0,0.1,OPEN,PVC,MIL,,,Service Line,,In service,DMM,,,,,,,,
41.2389823,,,,,41.239,0,0.1,OPEN,PVC,MIL,,,Service Line,,In service,DMM,,,,,,,,
86.5157428,,,,,86.516,0,0.1,OPEN,PVC,MIL,,,Service Line,,In service,DMM,,,,,,,,
68.2474651,,,,,68.247,0,0.1,OPEN,PVC,MIL,,,Service Line,,In service,DMM,,,,,,,,
66.2330824,,,,,66.233,0,0.1,OPEN,PVC,MIL,,,Service Line,,In service,DMM,,,,,,,,
87.4631044,,,,,87.463,0,0.1,OPEN,PVC,MIL,,,Distribution Main,,In service,DMM,,,,,,,,
1.40463320,,,,,1.405,0,0.1,OPEN,PVC,MIL,,,Distribution Main,,In service,DMM,,,,,,,,
35.1076185,,,,,35.108,0,0.1,OPEN,PVC,MIL,,,Service Line,,In service,DMM,,,,,,,,
59.7232865,,,,,59.723,0,0.1,OPEN,PVC,MIL,,,Service Line,,In service,DMM,,,,,,,,
56.7961847,,,,,56.796,0,0.1,OPEN,PVC,MIL,,,Service Line,,In service,DMM,,,,,,,,
18.5079383,,,,,18.508,0,0.1,OPEN,PVC,MIL,,,Service Line,,In service,DMM,,,,,,,,
29.1468588,,,,,29.147,0,0.1,OPEN,PVC,MIL,,,Service Line,,In service,DMM,,,,,,,,
71.2087042,,,,,71.209,0,0.1,OPEN,PVC,MIL,,,Service Line,,In service,DMM,,,,,,,,
19.9208996,,,,,19.921,0,0.1,OPEN,PVC,MIL,,,Service Line,,In service,DMM,,,,,,,,
10.9891321,,,,,10.989,0,0.1,OPEN,PVC,MIL,,,Service Line,,In service,DMM,,,,,,,,
86.1741678,,,,,86.174,0,0.1,OPEN,PVC,MIL,,,Service Line,,In service,DMM,,,,,,,,
70.8992435,,,,,70.899,0,0.1,OPEN,PVC,MIL,,,Service Line,,In service,DMM,,,,,,,,
76.6908050,,,,,76.691,0,0.1,OPEN,PVC,MIL,,,Service Line,,In service,DMM,,,,,,,,
29.9289234,,,,,29.929,0,0.1,OPEN,PVC,MIL,,,Service Line,,In service,DMM,,,,,,,,
40.3416256,,,,,40.342,0,0.1,OPEN,PVC,MIL,,,Service Line,,In service,DMM,,,,,,,,
75.4289552,,,,75,75.429,0,0.1,OPEN,HDPE,MIL,,3.00,Distribution Main,,In service,DMM,,,,,,,,
20.6279885,,,,,20.628,0,0.1,OPEN,PVC,MIL,,,Service Line,,In service,DMM,,,,,,,,
57.5376335,,,,,57.538,0,0.1,OPEN,PVC,MIL,,,Service Line,,In service,DMM,,,,,,,,
19.5631960,,,,,19.563,0,0.1,OPEN,PVC,MIL,,,Service Line,,In service,DMM,,,,,,,,
64.5610609,,,,,64.561,0,0.1,OPEN,PVC,MIL,,,Service Line,,In service,DMM,,,,,,,,
75.4315672,,,,,75.432,0,0.1,OPEN,PVC,MIL,,,Service Line,,In service,DMM,,,,,,,,
32.6984754,,,,,32.698,0,0.1,OPEN,PVC,MIL,,,Service Line,,In service,DMM,,,,,,,,
56.1692363,,,,,56.169,0,0.1,OPEN,PVC,MIL,,,Service Line,,In service,DMM,,,,,,,,
32.4291513,,,,,32.429,0,0.1,OPEN,PVC,MIL,,,Service Line,,In service,DMM,,,,,,,,
58.4372420,,,,,58.437,0,0.1,OPEN,PVC,MIL,,,Service Line,,In service,DMM,,,,,,,,
41.9707865,,,,,41.971,0,0.1,OPEN,PVC,MIL,,,Service Line,,In service,DMM,,,,,,,,
56.6064047,,,,,56.606,0,0.1,OPEN,PVC,MIL,,,Service Line,,In service,DMM,,,,,,,,
31.8583677,,,,,31.858,0,0.1,OPEN,PVC,MIL,,,Service Line,,In service,DMM,,,,,,,,
22.8949969,,,,,22.895,0,0.1,OPEN,PVC,MIL,,,Service Line,,In service,DMM,,,,,,,,
0,,,,,0.000,0,0.1,OPEN,PVC,MIL,,,Service Line,,In service,DMM,,,,,,,,
83.2577571,,,,,83.258,0,0.1,OPEN,PVC,MIL,,,Distribution Main,,In service,DMM,,,,,,,,
68.8817431,,,,75,68.882,0,0.1,OPEN,HDPE,MIL,,3.00,Distribution Main,,In service,DMM,,,,,,,,
0,,,,,0.000,0,0.1,OPEN,PVC,MIL,,,Distribution Main,,In service,DMM,,,,,,,,
37.6029129,,,,,37.603,0,0.1,OPEN,PVC,MIL,,,Service Line,,In service,DMM,,,,,,,,
28.9115443,,,,,28.912,0,0.1,OPEN,PVC,MIL,,,Service Line,,In service,DMM,,,,,,,,
67.4562406,,,,,67.456,0,0.1,OPEN,PVC,MIL,,,Service Line,,In service,DMM,,,,,,,,
64.5201588,,,,,64.520,0,0.1,OPEN,PVC,MIL,,,Service Line,,In service,DMM,,,,,,,,
11.9572039,,,,,11.957,0,0.1,OPEN,PVC,MIL,,,Service Line,,In service,DMM,,,,,,,,
77.2764560,,,,,77.276,0,0.1,OPEN,PVC,MIL,,,Distribution Main,,In service,DMM,,,,,,,,
22.0034367,,,,,22.003,0,0.1,OPEN,PVC,MIL,,,Distribution Main,,In service,DMM,,,,,,,,
20.3628571,,,,,20.363,0,0.1,OPEN,PVC,MIL,,,Distribution Main,,In service,DMM,,,,,,,,
22.8569903,,,,,22.857,0,0.1,OPEN,PVC,MIL,,,Service Line,,In service,DMM,,,,,,,,
23.0563141,,,,,23.056,0,0.1,OPEN,PVC,MIL,,,Service Line,,In service,DMM,,,,,,,,
67.9911504,,,,,67.991,0,0.1,OPEN,PVC,MIL,,,Service Line,,In service,DMM,,,,,,,,
27.1331146,,,,,27.133,0,0.1,OPEN,PVC,MIL,,,Service Line,,In service,DMM,,,,,,,,
77.7277663,,,,,77.728,0,0.1,OPEN,PVC,MIL,,,Service Line,,In service,DMM,,,,,,,,
13.0967805,,,,,13.097,0,0.1,OPEN,PVC,MIL,,,Service Line,,In service,DMM,,,,,,,,
51.8354470,,,,,51.835,0,0.1,OPEN,PVC,MIL,,,Service Line,,In service,DMM,,,,,,,,
19.9418249,,,,,19.942,0,0.1,OPEN,PVC,MIL,,,Service Line,,In service,DMM,,,,,,,,
64.0465705,,,,,64.047,0,0.1,OPEN,PVC,MIL,,,Service Line,,In service,DMM,,,,,,,,
20.5055399,,,,,20.506,0,0.1,OPEN,PVC,MIL,,,Service Line,,In service,DMM,,,,,,,,
33.4915815,,,,,33.492,0,0.1,OPEN,PVC,MIL,,,Service Line,,In service,DMM,,,,,,,,
101.215299,,,,50,101.215,0,0.1,OPEN,PVC,MIL,,2.00,Distribution Main,,In service,DMM,,,,,,,,
38.0022900,,,,50,38.002,0,0.1,OPEN,PVC,MIL,,2.00,Distribution Main,,In service,DMM,,,,,,,,
8.39535586,,,,,8.395,0,0.1,OPEN,PVC,MIL,,,Distribution Main,,In service,DMM,,,,,,,,
29.5830986,,,,,29.583,0,0.1,OPEN,PVC,MIL,,,Service Line,,In service,DMM,,,,,,,,
14.0927268,,,,,14.093,0,0.1,OPEN,PVC,MIL,,,Service Line,,In service,DMM,,,,,,,,
65.8395384,,,,,65.840,0,0.1,OPEN,PVC,MIL,,,Service Line,,In service,DMM,,,,,,,,
76.9066082,,,,,76.907,0,0.1,OPEN,PVC,MIL,,,Service Line,,In service,DMM,,,,,,,,
100.986020,,,,,100.986,0,0.1,OPEN,PVC,MIL,,,Distribution Main,,In service,DMM,,,,,,,,
26.3156004,,,,,26.316,0,0.1,OPEN,PVC,MIL,,,Service Line,,In service,DMM,,,,,,,,
51.8597154,,,,,51.860,0,0.1,OPEN,PVC,MIL,,,Service Line,,In service,DMM,,,,,,,,
94.1558931,,,,,94.156,0,0.1,OPEN,PVC,MIL,,,Distribution Main,,In service,DMM,,,,,,,,
7.76506656,,,,,7.765,0,0.1,OPEN,PVC,MIL,,,Distribution Main,,In service,DMM,,,,,,,,
13.1325223,,,,,13.133,0,0.1,OPEN,PVC,MIL,,,Distribution Main,,In service,DMM,,,,,,,,
0.64767689,,,,,0.648,0,0.1,OPEN,PVC,MIL,,,Distribution Main,,In service,DMM,,,,,,,,
19.5158813,,,,,19.516,0,0.1,OPEN,PVC,MIL,,,Service Line,,In service,DMM,,,,,,,,
54.6470659,,,,,54.647,0,0.1,OPEN,PVC,MIL,,,Service Line,,In service,DMM,,,,,,,,
38.9826313,,,,,38.983,0,0.1,OPEN,PVC,MIL,,,Service Line,,In service,DMM,,,,,,,,
18.8687471,,,,,18.869,0,0.1,OPEN,PVC,MIL,,,Distribution Main,,In service,DMM,,,,,,,,
52.8294084,,,,,52.829,0,0.1,OPEN,PVC,MIL,,,Service Line,,In service,DMM,,,,,,,,
0,,,,,0.000,0,0.1,OPEN,PVC,MIL,,,Distribution Main,,In service,DMM,,,,,,,,
40.1055868,,,,,40.106,0,0.1,OPEN,PVC,MIL,,,Service Line,,In service,DMM,,,,,,,,
45.5331218,,,,,45.533,0,0.1,OPEN,PVC,MIL,,,Distribution Main,,In service,DMM,,,,,,,,
191.039509,,,,,191.040,0,0.1,OPEN,PVC,MIL,,,Distribution Main,,In service,DMM,,,,,,,,
38.9699399,,,,,38.970,0,0.1,OPEN,PVC,MIL,,,Service Line,,In service,DMM,,,,,,,,
79.3359398,,,,,79.336,0,0.1,OPEN,PVC,MIL,,,Service Line,,In service,DMM,,,,,,,,
80.7789678,,,,,80.779,0,0.1,OPEN,PVC,MIL,,,Service Line,,In service,DMM,,,,,,,,
10.8497071,,,,,10.850,0,0.1,OPEN,PVC,MIL,,,Service Line,,In service,DMM,,,,,,,,
30.8345120,,,,,30.835,0,0.1,OPEN,PVC,MIL,,,Service Line,,In service,DMM,,,,,,,,
31.2473908,,,,,31.247,0,0.1,OPEN,PVC,MIL,,,Service Line,,In service,DMM,,,,,,,,
45.0155496,,,,,45.016,0,0.1,OPEN,PVC,MIL,,,Service Line,,In service,DMM,,,,,,,,
24.9122246,,,,,24.912,0,0.1,OPEN,PVC,MIL,,,Service Line,,In service,DMM,,,,,,,,
36.3831762,,,,,36.383,0,0.1,OPEN,PVC,MIL,,,Service Line,,In service,DMM,,,,,,,,
11.4250295,,,,,11.425,0,0.1,OPEN,PVC,MIL,,,Service Line,,In service,DMM,,,,,,,,
8.40056041,,,,,8.401,0,0.1,OPEN,PVC,MIL,,,Distribution Main,,In service,DMM,,,,,,,,
31.3086168,,,,,31.309,0,0.1,OPEN,PVC,MIL,,,Service Line,,In service,DMM,,,,,,,,
17.6932576,,,,,17.693,0,0.1,OPEN,PVC,MIL,,,Service Line,,In service,DMM,,,,,,,,
140.795096,,,,,140.795,0,0.1,OPEN,PVC,MIL,,,Distribution Main,,In service,DMM,,,,,,,,
143.087829,,,,,143.088,0,0.1,OPEN,PVC,MIL,,,Distribution Main,,In service,DMM,,,,,,,,
18.5292527,,,,,18.529,0,0.1,OPEN,PVC,MIL,,,Service Line,,In service,DMM,,,,,,,,
25.5424417,,,,,25.542,0,0.1,OPEN,PVC,MIL,,,Service Line,,In service,DMM,,,,,,,,
42.0047937,,,,,42.005,0,0.1,OPEN,PVC,MIL,,,Service Line,,In service,DMM,,,,,,,,
18.3241071,,,,,18.324,0,0.1,OPEN,PVC,MIL,,,Service Line,,In service,DMM,,,,,,,,
176.254067,,,,75,176.254,0,0.1,OPEN,HDPE,MIL,,3.00,Distribution Main,,In service,DMM,,,,,,,,
6.20697063,,,,,6.207,0,0.1,OPEN,PVC,MIL,,,Distribution Main,,In service,DMM,,,,,,,,
0,,,,,0.000,0,0.1,OPEN,PVC,MIL,,,Distribution Main,,In service,DMM,,,,,,,,
6.13842858,,,,,6.138,0,0.1,OPEN,PVC,MIL,,,Distribution Main,,In service,DMM,,,,,,,,
80.5907963,,,,,80.591,0,0.1,OPEN,PVC,MIL,,,Distribution Main,,In service,DMM,,,,,,,,
12.5307419,,,,,12.531,0,0.1,OPEN,PVC,MIL,,,Distribution Main,,In service,DMM,,,,,,,,
47.8017543,,,,,47.802,0,0.1,OPEN,PVC,MIL,,,Distribution Main,,In service,DMM,,,,,,,,
9.46196533,,,,,9.462,0,0.1,OPEN,PVC,MIL,,,Distribution Main,,In service,DMM,,,,,,,,
0.02421326,,,,,0.024,0,0.1,OPEN,PVC,MIL,,,Distribution Main,,In service,DMM,,,,,,,,
0,,,,,0.000,0,0.1,OPEN,PVC,MIL,,,Distribution Main,,In service,DMM,,,,,,,,
13.3631730,,,,,13.363,0,0.1,OPEN,PVC,MIL,,,Distribution Main,,In service,DMM,,,,,,,,
17.3803253,,,,,17.380,0,0.1,OPEN,PVC,MIL,,,Distribution Main,,In service,DMM,,,,,,,,
17.4656965,,,,,17.466,0,0.1,OPEN,PVC,MIL,,,Distribution Main,,In service,DMM,,,,,,,,
10.5577467,,,,,10.558,0,0.1,OPEN,PVC,MIL,,,Distribution Main,,In service,DMM,,,,,,,,
5.33522247,,,,,5.335,0,0.1,OPEN,PVC,MIL,,,Distribution Main,,In service,DMM,,,,,,,,
109.923000,,,,,109.923,0,0.1,OPEN,PVC,MIL,,,Distribution Main,,In service,DMM,,,,,,,,
38.2931912,,,,,38.293,0,0.1,OPEN,PVC,MIL,,,Distribution Main,,In service,2 inch offtake from 8 inch,,,,,,,,
20.8556684,,,,,20.856,0,0.1,OPEN,PVC,MIL,,,Distribution Main,,In service,DMM,,,,,,,,
92.9331475,,,,2,92.933,0,0.1,OPEN,HDPE,MIL,,,Distribution Main,,In service,DMM,,,,,,,,
5.67720854,,,,,5.677,0,0.1,OPEN,PVC,MIL,,,Distribution Main,,In service,DMM,,,,,,,,
4.42556403,,,,,4.426,0,0.1,OPEN,PVC,MIL,,,Distribution Main,,In service,DMM,,,,,,,,
0,,,,,0.000,0,0.1,OPEN,PVC,MIL,,,Distribution Main,,In service,DMM,,,,,,,,
189.371009,,,,,189.371,0,0.1,OPEN,PVC,MIL,06.2019,,Distribution Main,2019,In service,Ok,,,,,,,,
430.410109,,,,,430.410,0,0.1,OPEN,PVC,MIL,06.2019,,Distribution Main,2019,In service,Ok,,,,,,,,
130.608185,,,,,130.608,0,0.1,OPEN,PVC,MIL,06.2019,,Distribution Main,2019,In service,Ok,,,,,,,,
71.9486949,,,,,71.949,0,0.1,OPEN,PVC,MIL,,,Distribution Main,,In service,DMM,,,,,,,,
336.092793,,,,,336.093,0,0.1,OPEN,PVC,MIL,06.2019,,Distribution Main,2019,In service,Ok,,,,,,,,
82.3682726,,,,,82.368,0,0.1,OPEN,PVC,MIL,,,Service Line,,In service,DMM,,,,,,,,
75.9784153,,,,,75.978,0,0.1,OPEN,PVC,MIL,,,Service Line,,In service,DMM,,,,,,,,
654.327428,,,Y,100,654.327,0,0.1,OPEN,PVC,MYT,2014,4.00,Distribution Main,N/A,In Service,N/A,No,,,,,,,
324.543013,,,,40,324.543,,0.1,,PVC,CBD,14.12.2022,1.50,Distribution Main,,,,,,,,,,,
81.6298518,,,,40,81.630,,0.1,,PVC,CBD,14.12.2022,1.50,Distribution Main,,,,,,,,,,,
114.747035,,,,25,114.747,,0.1,,HDPE,OBA,14.12.2022,1.00,Distribution Main,,,,,,,,,,,
135.479783,,,,50,135.480,0,0.1,OPEN,PVC,KREKAJ,08.2022,2.00,Distribution Main,,In Service,,,,,,,,,
287.770276,,,,40,287.770,0,0.1,OPEN,PVC,KREKAJ,08.2022,1.50,Distribution Main,,In Service,,,,,,,,,
285.517994,,,,50,285.518,0,0.1,OPEN,PVC,KREKAJ,08.2022,2.00,Distribution Main,,In Service,,,,,,,,,
170.904312,,,,40,170.904,0,0.1,OPEN,HDPE,KREKAJ,08.2022,1.50,Distribution Main,,In Service,,,,,,,,,
69.3600528,,,,32,69.360,0,0.1,OPEN,PVC,KREKAJ,08.2022,1.25,Distribution Main,,In Service,,,,,,,,,
364.195160,,,,75,364.195,0,0.1,OPEN,PVC,KREKAJ,08.2022,3.00,Distribution Main,,In Service,,,,,,,,,
202.380624,,,,32,202.381,0,0.1,OPEN,PVC,MYT,08.2022,1.25,Distribution Main,,In Service,,,,,,,,,
283.251106,,,,50,283.251,0,0.1,OPEN,PVC,MYT,08.2022,2.00,Distribution Main,,In Service,,,,,,,,,
236.743645,,,,32,236.744,0,0.1,OPEN,PVC,MYT,08.2022,1.25,Distribution Main,,In Service,,,,,,,,,
280.184160,,,,32,280.184,0,0.1,OPEN,PVC,MYT,08.2022,1.25,Distribution Main,,In Service,,,,,,,,,
88.8130774,,,,32,88.813,0,0.1,OPEN,PPR,MYT,08.2022,1.25,Distribution Main,,In Service,,,,,,,,,
142.762097,,,,32,142.762,0,0.1,OPEN,PVC,KREKAJ,08.2022,1.25,Distribution Main,,In Service,,,,,,,,,
267.628693,,,,25,267.629,0,0.1,OPEN,PVC,KREKAJ,08.2022,1.00,Distribution Main,,In Service,,,,,,,,,
67.0823577,,,,32,67.082,0,0.1,OPEN,PVC,MYT,08.2022,1.25,Distribution Main,,In Service,,,,,,,,,
373.010212,,,,75,373.010,0,0.1,OPEN,HDPE,KRE,28.12.2022,3.00,Distribution Main,12.2022,In service,Ok,Ovh,,,,,,,
185.573712,,,,75,185.574,0,0.1,OPEN,HDPE,KRE,28.12.2022,3.00,Distribution Main,11.2022,In service,Ok,Ovh,,,,,,,
241.024667,,,,50,241.025,0,0.1,OPEN,PVC,CBD,20.01.2023,2.00,Distribution Main,,Ii service,Ok,,,,,,,,
235.332335,,,,40,235.332,0,0.1,OPEN,PVC,CBD,20.01.2023,1.50,Distribution Main,,In service,Ok,,,,,,,,
954.877923,,,,40,954.878,0,0.1,OPEN,PVC,CBD,20.01.2023,1.50,Distribution Main,,In service,Ok,,,,,,,,
648.468563,,,,75,648.469,0,0.1,OPEN,HDPE,KRE,20.01.2023,3.00,Distribution Main,12.2022,In service,Ok,Ovh,,,,,,,
599.948468,,,,75,599.948,0,0.1,OPEN,HDPE,MYT,20.01.2023,3.00,Distribution Main,12.2022,In service,Ok,Ext,,,,,,,
17.8153767,,,,100,17.815,0,0.1,OPEN,GI,MYT,24.01.2023,4.00,Distribution Main,10.2023,In serviice,Ok,Ext,,,,,,,
190.827804,,,,100,190.828,0,0.1,OPEN,HDPE,MYT,24.01.2023,4.00,Distribution Main,10.2022,In service,Ok,Ext,,,,,,,
7.25100032,,,,,7.251,,0.1,,,,,,,,,,,,,,,,,
20.7636939,,,,100,20.764,0,0.1,OPEN,HDPE,MYT,24.01.2023,4.00,Distribution Main,10.2022,In service,Ok,Ext,,,,,,,
6.77339894,,,,50,6.773,0,0.1,OPEN,HDPE,MYT,24.01.2023,2.00,Distribution Main,10.2022,In service,Ok,Ext,,,,,,,
14.4516655,,,,50,14.452,0,0.1,OPEN,GI,MYT,24.01.2023,2.00,Distribution Main,10.2022,In service,Ok,Ext,,,,,,,
21.9086874,,,,50,21.909,0,0.1,OPEN,HDPE,MYT,24.01.2023,2.00,Distribution Main,10.2022,In service,Ok,Ext,,,,,,,
6.71564587,,,,,6.716,,0.1,,,,,,,,,,,,,,,,,
166.277276,,,,50,166.277,0,0.1,OPEN,HDPE,MYT,24.01.2023,2.00,Distribution Main,10.2022,In service,Ok,Ext,,,,,,,
12.2390373,,,,50,12.239,0,0.1,OPEN,GI,MYT,24.01.2023,2.00,Distribution Main,10.2022,In service,Ok,Ext,,,,,,,
137.990098,,,,50,137.990,0,0.1,OPEN,HDPE,MYT,24.01.2023,2.00,Distribution Main,10.2022,In service,Ok,Ext,,,,,,,
37.6765719,,,,50,37.677,0,0.1,OPEN,HDPE,MYT,24.01.2023,2.00,Distribution Main,10.2022,In service,Ok,Ext,,,,,,,
12.5288327,,,,50,12.529,0,0.1,OPEN,GI,MYT,24.01.2023,2.00,Distribution Main,10.2022,In service,Ok,Ext,,,,,,,
882.516321,,,,50,882.516,0,0.1,OPEN,HDPE,MYT,24.01.2023,2.00,Distribution Main,10.2022,In service,Ok,Ext,,,,,,,
11.4887831,,,,50,11.489,0,0.1,OPEN,GI,MYT,24.01.2023,2.00,Distribution Main,10.2022,In service,Ok,Ext,,,,,,,
203.635744,,,Y,150,203.636,0,0.1,OPEN,PVC,KREKAJ,01.2015,6.00,Distribution Main,12.2014,In Service,New Extensions,No,,,,,,,
639.645047,,,Y,40,639.645,0,0.1,OPEN,PPR,MYT,04.2016,1.50,Distribution Main,,In Service,,No,,,,,,,
625.479970,,,Y,75,625.480,0,0.1,OPEN,PVC,KREKAJ,2014,3.00,Distribution Main,N/A,In Service,N/A,No,,,,,,,
28.7165537,,,Y,100,28.717,0,0.1,OPEN,GI,MIL,01.02.2023,4.00,Distribution Main,12.2023,In Service,The network has been rerouted,Ovh,,,,,,,
96.3661694,,,Y,100,96.366,0,0.1,OPEN,HDPE,MIL,01.02.2023,4.00,Distribution Main,12.2023,In Service,The network has been rerouted,Ovh,,,,,,,
666.027294,,,Y,100,666.027,0,0.1,OPEN,HDPE,MIL,01.02.2023,4.00,Distribution Main,12.2023,In Service,The network has been rerouted,Ovh,,,,,,,
340.353986,,,Y,100,340.354,0,0.1,OPEN,PVC,MIL,2014,,Distribution Main,N/A,In Service,,No,,,,,,,
511.164623,,,,50,511.165,0,0.1,OPEN,HDPE,MYT,22/02/2023,2.00,Distribution Main,2022,In service,Ok,Ext,,,,,,,
1333.93764,,,,50,1333.938,0,0.1,OPEN,HDPE,MYT,22/02/2023,2.00,Distribution Main,2022,In service,Ok,Ext,,,,,,,
290.076495,,,,50,290.076,0,0.1,OPEN,HDPE,MYT,22/02/2023,2.00,Distribution Main,2022,In service,Ok,Ext,,,,,,,
236.923754,,,,50,236.924,0,0.1,OPEN,HDPE,MYT,22/02/2023,2.00,Distribution Main,2022,In service,Ok,Ext,,,,,,,
120.926335,,,,75,120.926,0,0.1,OPEN,PVC,ME,15/02/2023,3.00,Distribution Main,,In service,Ok,,,,,,,,
121.032727,,,,50,121.033,0,0.1,OPEN,PVC,ME,15/02/2023,2.00,Distribution Main,,In service,Ok,,,,,,,,
28.4436886,,,,25,28.444,0,0.1,OPEN,PPR,ME,15/02/2023,1.00,Service Line,,In service,Ok,,,,,,,,
68.8287562,,,,100,68.829,0,0.1,OPEN,GI,ME,15/02/2013,4.00,Distribution Main,,In service,Ok,,,,,,,,
45.6117815,,,,40,45.612,0,0.1,OPEN,PE,ME,15/02/2023,1.50,Service Line,,In service,Ok,,,,,,,,
180.483656,,,,75,180.484,0,0.1,OPEN,GI,ME,15/02/2023,3.00,Distribution Main,,In service,Ok,,,,,,,,
10.1060127,,,,50,10.106,0,0.1,OPEN,GI,ME,15/02/2023,2.00,Service Line,,In service,Ok,,,,,,,,
38.3327907,,,,50,38.333,0,0.1,OPEN,GI,ME,15/02/2023,2.00,Distribution Main,,In service,Ok,,,,,,,,
124.245910,,,,25,124.246,0,0.1,OPEN,PPR,ME,15/02/2023,1.00,Service Line,,In service,,,,,,,,,
39.2054276,,,,100,39.205,0,0.1,OPEN,GI,ME,15/02/2023,4.00,Distribution Main,,In service,Ok,,,,,,,,
4.98543866,,,,100,4.985,,0.1,,,,,4.00,,,,,,,,,,,,
188.885556,,,,25,188.886,0,0.1,OPEN,HDPE,MIL,13/02/2023,1.00,Distribution Main,2022,In service,Ok,Ext,,,,,,,
133.303420,,,,50,133.303,0,0.1,OPEN,HDPE,MIL,13/02/2023,2.00,Distribution Main,2022,In service,Ok,Ext,,,,,,,
200.545587,,,,25,200.546,0,0.1,OPEN,PPR,MIL,13/02/2023,1.00,Distribution Main,2022,In service,Ok,Ext,,,,,,,
504.210664,,,,32,504.211,0,0.1,OPEN,HDPE,MIL,13/02/2023,1.25,Distribution Main,2022,In service,Ok,Ext,,,,,,,
273.802180,,,,32,273.802,0,0.1,OPEN,HDPE,MIL,13/02/2023,1.25,Distribution Main,2022,In service,Ok,Ext,,,,,,,
33.2759488,,,,32,33.276,0,0.1,OPEN,HDPE,MIL,13/02/2023,1.25,Distribution Main,2022,In service,Ok,Ext,,,,,,,
54.7591531,,,,32,54.759,0,0.1,OPEN,HDPE,MIL,13/02/2023,1.25,Distribution Main,2022,In service,Ok,Ext,,,,,,,
120.998428,,,,25,120.998,0,0.1,,,,27.03.2023,1.00,,,,,,,,,,,,
165.412575,,,,,165.413,,0.1,,,,,,,,,,,,,,,,,
30.0705282,,,,100,30.071,,0.1,,,,,,,,,,,,,,,,,
268.809570,,,,50,268.810,0,0.1,OPEN,HDPE,MIL,10.04.2023,2.00,Distribution Main,2.2023,In service,Ok,,,,,,,,
1346.92147,,,,32,1346.921,0,0.1,OPEN,HDPE,MIL,10.04.2023,1.25,Distribution Main,2.2023,In service,,,,,,,,,
78.8122446,,,,25,78.812,0,0.1,OPEN,HDPE,MIL,10.04.2023,1.00,Service line,2022,In service,,,,,,,,,
207.178308,,,,25,207.178,0,0.1,OPEN,HDPE,MIL,10.04.2023,1.00,Distribution Main,2022,In service,,,,,,,,,
270.402948,,,,25,270.403,0,0.1,OPEN,HDPE,MIL,10.04.2023,1.00,Distribution Main,2023,In service,Ok,,,,,,,,
181.056391,,,,25,181.056,0,0.1,OPEN,HDPE,MYT,13.04.2023,1.00,Distribution Main,3.2023,In service,Ok,,,,,,,,
454.703518,,,N,50,454.704,0,0.1,OPEN,PVC,MYT,06.2017,2.00,Distribution Main,06.2017,In Service,Laid by Duncan Ocholla,Yes,,,,,,,
256.310088,,,,50,256.310,0,0.1,OPEN,HDPE,MIL,05.6.2023,2.00,Distribution main,04.2023,In service,OK,,,,,,,,
576.582381,,,,,576.582,0,0.1,OPEN,HDPE,KRE,05.06.2023,3.00,Distribution main,03.2023,In service,Ok,,,,,,,,
112.319974,,,,75,112.320,0,0.1,OPEN,HDPE,KREKAJ,17.06.2023,3.00,Distribution main,2019,In service,Ok,,,,,,,,
20.4050858,,,,20,20.405,0,0.1,OPEN,PVC,KREKAJ,17.06.2023,0.75,Service line,,In service,Ok,,,,,,,,
19.0545745,,,,20,19.055,0,0.1,OPEN,PVC,KREKAJ,17.06.2023,0.75,Service line,,In service,Ok,,,,,,,,
138.358409,,,,75,138.358,0,0.1,OPEN,PVC,KREKAJ,17.06.2023,3.00,Distribution main,,In service,Ok,,,,,,,,
119.851743,,,,40,119.852,0,0.1,OPEN,PPR,KREKAJ,17.06.2023,1.50,Distribution main,,In service,Ok,,,,,,,,
184.259214,,,,32,184.259,0,0.1,OPEN,HDPE,KREKAJ,17.06.2023,1.25,Distribution main,2020,In service,Ok,,,,,,,,
108.237616,,,,100,108.238,0,0.1,OPEN,PVC,KREKAJ,17.06.2023,4.00,Distribution main,,In service,Ok,,,,,,,,
145.135517,,,,50,145.136,0,0.1,OPEN,PVC,KREKAJ,17.06.2023,2.00,Distribution main,,In service,Ok,,,,,,,,
26.8657086,,,,40,26.866,0,0.1,OPEN,PPR,KREKAJ,17.06.2023,1.50,Service line,,In service,Ok,,,,,,,,
22.5324061,,,,25,22.532,0,0.1,OPEN,PPR,KREKAJ,17.06.2023,1.00,Service line,,In service,Ok,,,,,,,,
45.0971998,,,,25,45.097,0,0.1,OPEN,PPR,KREKAJ,17.06.2023,1.00,Distribution main,,In service,Ok,,,,,,,,
28.1718680,,,,25,28.172,0,0.1,OPEN,PPR,KREKAJ,17.06.2023,1.00,Service line,,In service,Ok,,,,,,,,
22.2060311,,,,40,22.206,0,0.1,OPEN,PPR,KREKAJ,17.06.2023,1.50,Distribution main,,In service,Ok,,,,,,,,
112.866816,,,,40,112.867,0,0.1,OPEN,PVC,KREKAJ,17.06.2023,1.50,Distribution main,,In service,Ok,,,,,,,,
65.4318322,,,,40,65.432,0,0.1,OPEN,PVC,KREKAJ,17.06.2023,1.50,Distribution main,,In service,Ok,,,,,,,,
145.274896,,,,32,145.275,0,0.1,OPEN,PVC,KREKAJ,17.06.2023,1.25,Distribution main,,In service,Ok,,,,,,,,
67.7520493,,,,40,67.752,0,0.1,OPEN,PVC,KREKAJ,17.06.2023,1.50,Distribution main,,In service,Ok,,,,,,,,
116.936459,,,,32,116.936,0,0.1,OPEN,PVC,KREKAJ,17.06.2023,1.25,Distribution main,,In service,Ok,,,,,,,,
15.4471781,,,,25,15.447,0,0.1,OPEN,PPR,KREKAJ,17.06.2023,1.00,Service line,,In service,Ok,,,,,,,,
16.6427956,,,,25,16.643,0,0.1,OPEN,PPR,KREKAJ,17.06.2023,1.00,Service line,,In service,Ok,,,,,,,,
44.9708152,,,,32,44.971,0,0.1,OPEN,PPR,KREKAJ,17.06.2023,1.25,Distribution main,,In service,Ok,,,,,,,,
198.584949,,,,40,198.585,0,0.1,OPEN,HDPE,KREKAJ,17.06.2023,1.50,Distribution main,,In service,Ok,,,,,,,,
147.037746,,,,40,147.038,0,0.1,OPEN,PVC,KREKAJ,17.06.2023,1.50,Distribution main,,In service,Ok,,,,,,,,
60.2665208,,,,40,60.267,0,0.1,OPEN,PVC,KREKAJ,17.06.2023,1.50,Distribution main,,In service,Ok,,,,,,,,
55.7869304,,,,40,55.787,0,0.1,OPEN,PVC,KREKAJ,17.06.2023,1.50,Distribution main,,In service,Ok,,,,,,,,
64.7082902,,,,25,64.708,0,0.1,OPEN,PPR,KREKAJ,17.06.2023,1.00,Distribution main,,In service,Ok,,,,,,,,
109.309590,,,,32,109.310,0,0.1,OPEN,PVC,KREKAJ,17.06.2023,1.25,Distribution main,,In service,Ok,,,,,,,,
17.3583637,,,,15,17.358,0,0.1,OPEN,PVC,KREKAJ,17.06.2023,0.50,Service line,,In service,Ok,,,,,,,,
688.311170,,,,100,688.311,0,0.1,OPEN,PVC,KRE,31.07.2023,4.00,Distribution main,,In service,OK,,,,,,,,
190.578428,,,,100,190.578,0,0.1,OPEN,PVC,KRE,31.07.2023,4.00,Diatribution main,,In service,OK,,,,,,,,
240.436406,,,,40,240.436,0,0.1,OPEN,PVC,KRE,31.07.2023,1.50,Distribution main,,In service,OK,,,,,,,,
62.4870638,,,,40,62.487,0,0.1,,PVC,KRE,31.07.2023,1.50,Distribution main,,In service,OK,,,,,,,,
27.4536912,,,,40,27.454,0,0.1,,PVC,KRE,31.07.2023,1.50,Distribution main,,In service,OK,,,,,,,,
66.8632651,,,,,66.863,,0.1,,,,,,,,,,,,,,,,,
174.233532,,,,25,174.234,0,0.1,OPEN,PPR,KRE,31.07.2023,1.00,Distribution main,2022,In service,OK,,,,,,,,
92.4573105,,,,25,92.457,0,0.1,OPEN,HDPE,KRE,31.07.2023,1.00,Distribution main,2023,In service,OK,,,,,,,,
36.4333260,,,,32,36.433,0,0.1,OPEN,HDPE,KRE,31.07.2023,1.25,Distribution main,2022,In service,OK,,,,,,,,
37.9943156,,,,40,37.994,0,0.1,,PVC,KRE,31.07.2023,1.50,Distribution main,,In service,OK,,,,,,,,
144.441627,,,,32,144.442,0,0.1,,PVC,KRE,31.07.2023,1.25,Distribution main,,In service,OK,,,,,,,,
41.9622800,,,,50,41.962,0,0.1,,PVC,KRE,31.07.2023,,Distribution main,,In service,OK,,,,,,,,
37.9459147,,,,50,37.946,0,0.1,,PVC,KRE,31.07.2023,,Distribution main,,In service,OK,,,,,,,,
224.998352,,,,32,224.998,0,0.1,,PVC,KRE,31.07.2023,,Distribution main,,In service,OK,,,,,,,,
119.572575,,,,,119.573,,0.1,,,,,1.00,,,,,,,,,,,,
64.1012395,,,,,64.101,,0.1,,,,,1.00,,,,,,,,,,,,
83.0310704,,,,,83.031,,0.1,,,,,2.00,,,,,,,,,,,,
651.996819,,,,50,651.997,0,0.1,OPEN,PVC,KREKAJ,10.08.2023,2.00,Distribution main,2016,In service,Ok,,,,,,,,
234.924704,,,,25,234.925,0,0.1,OPEN,PVC,CBD,,0.75,Service line,,In service,,,,,,,,,
241.001784,,,,,241.002,,0.1,,,,,0.75,,,,,,,,,,,,
237.726176,,,,150,237.726,0,0.1,OPEN,PVC,MYT,24.08.2023,6.00,Distribution Main,,In service,OK,,,,,,,,
26.7365803,,,,150,26.737,0,0.1,OPEN,GI,MYT,24.08.2023,6.00,Distribution Main,,In service,OK,,,,,,,,
221.463490,,,,150,221.463,0,0.1,OPEN,PVC,MYT,24.08.2023,6.00,Distribution Main,,In service,OK,,,,,,,,
871.177661,,,,100,871.178,0,0.1,OPEN,PVC,MYT,24.08.2023,4.00,Distribution Main,,In service,OK,,,,,,,,
116.569521,,,,,116.570,0,0.1,OPEN,PVC,,,1.25,,,,,,,,,,,,
298.639673,,,,40,298.640,0,0.1,OPEN,HDPE,CBD,26/10/2023,1.50,Distribution main,07/2023,In service,Ok,Ext,,,,,,,
392.738641,,,,32,392.739,0,0.1,OPEN,HDPE,KREKAJ,31.10.2023,1.25,Distribution main,07.2023,In service,Ok,Ext,,,,,,,
133.937498,,,,40,133.937,0,0.1,OPEN,HDPE,KREKAJ,31.10.2023,1.50,Distribution Main,08.2023,In service,Ok,Ext,,,,,,,
98.3057155,,,,50,98.306,0,0.1,OPEN,HDPE,KREKAJ,31.10.2023,2.00,Distribution main,,In service,Line is on Surface,Ext,,,,,,,
183.720795,,,,75,183.721,0,0.1,OPEN,HDPE,KREKAJ,31.10.2023,3.00,Distribution main,08.2023,In service,Shallowly laid,Ext,,,,,,,
288.867411,,,,40,288.867,0,0.1,OPEN,HDPE,CBD,31.10.2023,1.50,Distribution main,08.2023,In service,Ok,ext,,,,,,,
121.919049,,,,50,121.919,0,0,Functional,PVC,KREKAJ,30.11.2023,2.00,Distribution main,,In service,Ok,,,,,,,,
110.180853,,,,32,110.181,0,0,OPEN,HDPE,KREKAJ,30.11.2023,2.00,Distribution main,11.2023,In service,Ok,,,,,,,,
334.687522,,,,40,334.688,0,0,OPEN,HDPE,KRE,30.11.2023,1.50,Distribution main,11.2023,In service,Ok,,,,,,,,
607.927417,,,,50,607.927,0,0,OPEN,HDPE,MYT,30.11.2023,2.00,Distribution main,11.2023,In service,Ok,,,,,,,,
134.726140,,,,32,134.726,0,0,OPEN,HDPE,CBD,10.11.2023,1.25,Service Line,09.2023,In service,Ok,Ext,,,,,,,
1338.22902,,,,,1338.229,,,,,,,6.00,,,,,,,,,,,,
542.308436,,,,40,542.308,0,0,OPEN,PVC,MYT,17.01.2024,1.50,Distribution main,,In service,,,,,,,,,
155.538036,,,,100,155.538,0,0,OPEN,HDPE,CBD,22.01.2024,4.00,Distribution Main,12.2023,In service,Ok,,,,,,,,
80.9559709,,,,32,80.956,,,,,,,1.25,,,,,,,,,,,,
231.224258,,,,50,231.224,0,0,OPEN,PVC,CBD,29.01.2024,2.00,Distribution main,,In service,Ok,,,,,,,,
89.3045566,,,,25,89.305,0,0,OPEN,PVC,CBD,29.01.2024,1.00,Distribution main,,In service,Ok,,,,,,,,
0.15101513,,,Y,50,0.151,0,0.1,OPEN,PVC,CBD,09.2015,2.00,Distribution Main,N/A,In Service,,No,,,,,,,
72.5471740,,,,32,72.547,0,0,OPEN,HDPE,CBD,30.01.2024,1.25,Service line,12.2023,Pending,Ok,EXT,,,,,,,
94.3161663,,,,25,94.316,0,0,OPEN,HDPE,ME,13.02.2024,1.00,Distribution Main,13.02.2024,In service,Ok,,,,,,,,
1996.12744,,,,50,1996.127,0,0.1,OPEN,HDPE,KREKAJ,15.02.2024,2.00,Distribution Main,01.2024,In service,,EXT,,,,,,,
515.491617,,,,25,515.492,0,0.1,OPEN,HDPE,KREKAJ,15.02.2024,1.00,Distribution Main,01.2024,In service,,EXT,,,,,,,
290.387565,,,,,290.388,,,,,,,,,,,,,,,,,,,
258.879640,,,,,258.880,,,,,,,,,,,,,,,,,,,
64.0382875,,,,32,64.038,0,0,OPEN,PVC,MYT,19.02.2024,1.25,Distribution main,,In service,Ok,,,,,,,,
,0,0,,150,1396.346,0,0.1,OPEN,GI,CBD,05.03.2024,6.00,Distribution main,,In service,Ok,,,,,,,,
,,,,50,116.340,0,0.1,OPEN,HDPE,MYT,11.03.2024,2.00,Distribution main,,In service,Ok,,,,,,,,
1839.23042,,,Y,200,5526.028,0,0.1,OPEN,PVC,CBD,2014,8.00,Distribution Main,2014,In Service,LTAP Lines,No,,,,,,,
,,,,100,405.659,0,0.1,OPEN,HDPE,CBD,07.11.2023,4.00,Distribution Main,2023,In Service,,,,,,,,,
,,,,40,266.570,0,0.1,OPEN,HDPE,MYT,20.03.2024,1.50,Distribution Main,,,Ok,,,,,,,,
,,,,,,,,,,,,3.00,,,,,,,,,,,,
,,,,,,,,,,,,3.00,,,,,,,,,,,,
,,,,,,,,,,,,3.00,,,,,,,,,,,,
,,,,,,,,,,,,3.00,,,,,,,,,,,,
,,,,,,,,,,,,3.00,,,,,,,,,,,,
,,,,,,,,,,,,3.00,,,,,,,,,,,,
,,,,,,,,,,,,3.00,,,,,,,,,,,,
,,,,,,,,,,,,3.00,,,,,,,,,,,,
,,,,,,,,,,,,6.00,,,,,,,,,,,,
,,,,,,,,,,,,6.00,,,,,,,,,,,,
,,,,50,,,,,,,,2.00,,,,,,,,,,,,
,,,,,,,,,,,,3.00,,,,,,,,,,,,
,,,,1,,,,,,,,1.00,,,,,,,,,,,,
696.130485,,,Y,100,696.130,0,0.1,OPEN,HDPE,CBD,05.2015,4.00,Distribution Main,2013,In Service,Shallow depth,No,,,,,,,
696.130485,,,Y,100,696.130,0,0.1,OPEN,HDPE,CBD,05.2015,4.00,Distribution Main,2013,In Service,Shallow depth,No,,,,,,,
696.130485,,,Y,100,696.130,0,0.1,OPEN,HDPE,CBD,05.2015,4.00,Distribution Main,2013,In Service,Shallow depth,No,,,,,,,
209.218978,,,Y,50,209.219,0,0.1,OPEN,HDPE,CBD,05.2015,2.00,Distribution Main,2013,In Service,Shallow depth,No,,,,,,,
1368.31575,,,Y,100,1368.316,0,0.1,OPEN,PVC,MYT,03.2016,,Distribution Main,N/A,In Service,,No,,,,,,,
1368.31575,,,Y,100,1368.316,0,0.1,OPEN,PVC,MYT,03.2016,4.00,Distribution Main,N/A,In Service,,No,,,,,,,
NULL5,,,,,,,,,,,,,,,,,,,,,,,,
KOYUGA,,,,,63.484,0,0.1,OPEN,,MIL,,,Distribution,N/A,In service,2 inch offtake from 8 inch,,,,50,2.00,0,DMM pipelines,E:/SEURECA KISUMU/MARCH ANALYSIS REDONE/POTENTIAL CONNECTIONS/Manyatta/DMM pipelines.shp
N/A,,,,,1.656,0,0.1,OPEN,,MIL,,,Distribution,N/A,In service,2inch offtake from 2inch,,,,50,2.00,0,DMM pipelines,E:/SEURECA KISUMU/MARCH ANALYSIS REDONE/POTENTIAL CONNECTIONS/Manyatta/DMM pipelines.shp
N/A,,,,,12.509,0,0.1,OPEN,,MIL,,,Distribution,N/A,In service,2inch offtake from 2inch,,,,50,2.00,0,DMM pipelines,E:/SEURECA KISUMU/MARCH ANALYSIS REDONE/POTENTIAL CONNECTIONS/Manyatta/DMM pipelines.shp
N/A,,,,,1.830,0,0.1,OPEN,,MIL,,,Distribution,N/A,In service,2inch offtake from 2inch,,,,50,2.00,0,DMM pipelines,E:/SEURECA KISUMU/MARCH ANALYSIS REDONE/POTENTIAL CONNECTIONS/Manyatta/DMM pipelines.shp
N/A,,,,,0.931,0,0.1,OPEN,,MIL,,,Distribution,N/A,In service,2inch offtake from 2inch,,,,50,2.00,0,DMM pipelines,E:/SEURECA KISUMU/MARCH ANALYSIS REDONE/POTENTIAL CONNECTIONS/Manyatta/DMM pipelines.shp
N/A,,,,,14.267,0,0.1,OPEN,,MIL,,,Distribution,N/A,In service,2'' offtake from 2'',,,,50,2.00,0,DMM pipelines,E:/SEURECA KISUMU/MARCH ANALYSIS REDONE/POTENTIAL CONNECTIONS/Manyatta/DMM pipelines.shp
N/A,,,,,10.753,0,0.1,OPEN,,MIL,,,Distributon,N/A,In service,2inch offtake from 2inch,,,,50,2.00,0,DMM pipelines,E:/SEURECA KISUMU/MARCH ANALYSIS REDONE/POTENTIAL CONNECTIONS/Manyatta/DMM pipelines.shp
N/A,,,,,5.903,0,0.1,OPEN,,MIL,,,Distribution,N/A,In service,2inch offtake from 2 inch,,,,50,2.00,0,DMM pipelines,E:/SEURECA KISUMU/MARCH ANALYSIS REDONE/POTENTIAL CONNECTIONS/Manyatta/DMM pipelines.shp
N/A,,,,,11.085,0,0.1,OPEN,,MIL,,,Distribution,N/A,In service,2inch offtake from 2inch,,,,50,2.00,0,DMM pipelines,E:/SEURECA KISUMU/MARCH ANALYSIS REDONE/POTENTIAL CONNECTIONS/Manyatta/DMM pipelines.shp
N/A,,,,,115.791,0,0.1,OPEN,,MIL,,,Distributon,N/A,In service,1inch offtake from 2inch,,,,25,1.00,0,DMM pipelines,E:/SEURECA KISUMU/MARCH ANALYSIS REDONE/POTENTIAL CONNECTIONS/Manyatta/DMM pipelines.shp
N/A,,,,,98.344,0,0.1,OPEN,,MIL,,,Distribution,N/A,In service,0.5inch offtake from 2inch,,,,25,1.00,0,DMM pipelines,E:/SEURECA KISUMU/MARCH ANALYSIS REDONE/POTENTIAL CONNECTIONS/Manyatta/DMM pipelines.shp
N/A,,,,,53.196,0,0.1,OPEN,,MIL,,,Distribution,N/A,In service,0.5 inch offtate from 2 inch,,,,17,0.50,0,DMM pipelines,E:/SEURECA KISUMU/MARCH ANALYSIS REDONE/POTENTIAL CONNECTIONS/Manyatta/DMM pipelines.shp
N/A,,,,,5.434,0,0.1,OPEN,,MIL,,,Distribution,N/A,In service,0.5 inch offtake from 2 inch,,,,17,0.50,0,DMM pipelines,E:/SEURECA KISUMU/MARCH ANALYSIS REDONE/POTENTIAL CONNECTIONS/Manyatta/DMM pipelines.shp
N/A,,,,,164.565,0,0.1,OPEN,,MIL,,,Distribution,N/A,In service,0.5inch offtake from 2 inch,,,,17,0.50,0,DMM pipelines,E:/SEURECA KISUMU/MARCH ANALYSIS REDONE/POTENTIAL CONNECTIONS/Manyatta/DMM pipelines.shp
N/A,,,,,82.978,0,0.1,OPEN,,MIL,,,Distribution,N/A,In service,0.5inch offtake from 2 inch,,,,17,0.50,0,DMM pipelines,E:/SEURECA KISUMU/MARCH ANALYSIS REDONE/POTENTIAL CONNECTIONS/Manyatta/DMM pipelines.shp
N/A,,,,,45.470,0,0.1,OPEN,,MIL,,,Distribution,N/A,In service,0.5inch offtake from 2inch,,,,17,0.50,0,DMM pipelines,E:/SEURECA KISUMU/MARCH ANALYSIS REDONE/POTENTIAL CONNECTIONS/Manyatta/DMM pipelines.shp
N/A,,,,,15.330,0,0.1,OPEN,,MIL,,,Distribution,N/A,In service,0.5inch offtake from 2 inch,,,,17,0.50,0,DMM pipelines,E:/SEURECA KISUMU/MARCH ANALYSIS REDONE/POTENTIAL CONNECTIONS/Manyatta/DMM pipelines.shp
N/A,,,,,175.602,0,0.1,OPEN,,MIL,,,Distribution,N/A,In service,0.5inch offtake from 2 inch,,,,17,0.50,0,DMM pipelines,E:/SEURECA KISUMU/MARCH ANALYSIS REDONE/POTENTIAL CONNECTIONS/Manyatta/DMM pipelines.shp
N/A,,,,,93.891,0,0.1,OPEN,,MIL,,,Distribution,N/A,In service,0.5inch offtake from 2inch,,,,17,0.50,0,DMM pipelines,E:/SEURECA KISUMU/MARCH ANALYSIS REDONE/POTENTIAL CONNECTIONS/Manyatta/DMM pipelines.shp
N/A,,,,,79.318,0,0.1,OPEN,,MIL,,,Distribution,N/A,In service,0.5inch offtake from 2 inch,,,,17,0.50,0,DMM pipelines,E:/SEURECA KISUMU/MARCH ANALYSIS REDONE/POTENTIAL CONNECTIONS/Manyatta/DMM pipelines.shp
N/A,,,,,4.798,0,0.1,OPEN,,MIL,,,Distribution,N/A,In service,0.5inch offtake from 2 inch,,,,17,0.50,0,DMM pipelines,E:/SEURECA KISUMU/MARCH ANALYSIS REDONE/POTENTIAL CONNECTIONS/Manyatta/DMM pipelines.shp
N/A,,,,,19.936,0,0.1,OPEN,,MIL,,,Distribution,N/A,In service,0.5inch offtake from 0.5 inch,,,,17,0.50,0,DMM pipelines,E:/SEURECA KISUMU/MARCH ANALYSIS REDONE/POTENTIAL CONNECTIONS/Manyatta/DMM pipelines.shp
N/A,,,,,28.623,0,0.1,OPEN,,MIL,,,Distribution,N/A,In service,0.5inch offtake from 0.5 inch,,,,17,0.50,0,DMM pipelines,E:/SEURECA KISUMU/MARCH ANALYSIS REDONE/POTENTIAL CONNECTIONS/Manyatta/DMM pipelines.shp
N/A,,,,,66.857,0,0.1,OPEN,,MIL,,,Distribution,N/A,In service,0.5inch offtake from 0.5inch,,,,17,0.50,0,DMM pipelines,E:/SEURECA KISUMU/MARCH ANALYSIS REDONE/POTENTIAL CONNECTIONS/Manyatta/DMM pipelines.shp
N/A,,,,,102.873,0,0.1,OPEN,,MIL,,,Distribution,N/A,In service,2inch offtake from 8inch,,,,50,2.00,0,DMM pipelines,E:/SEURECA KISUMU/MARCH ANALYSIS REDONE/POTENTIAL CONNECTIONS/Manyatta/DMM pipelines.shp
N/A,,,,,60.511,0,0.1,OPEN,,MIL,,,Distribution,N/A,In service,2inch offtake from 8inch,,,,50,2.00,0,DMM pipelines,E:/SEURECA KISUMU/MARCH ANALYSIS REDONE/POTENTIAL CONNECTIONS/Manyatta/DMM pipelines.shp
N/A,,,,,52.231,0,0.1,OPEN,,MIL,,,Distribution,N/A,In service,2inch offtake from 8 inch,,,,50,2.00,0,DMM pipelines,E:/SEURECA KISUMU/MARCH ANALYSIS REDONE/POTENTIAL CONNECTIONS/Manyatta/DMM pipelines.shp
N/A,,,,,119.075,0,0.1,OPEN,,MIL,,,Distribution,N/A,In service,2 inch offtake from 8 inch,,,,50,2.00,0,DMM pipelines,E:/SEURECA KISUMU/MARCH ANALYSIS REDONE/POTENTIAL CONNECTIONS/Manyatta/DMM pipelines.shp
N/A,,,,,77.610,0,0.1,OPEN,,MIL,,,Distribution,N/A,In service,2 inch offtake from 2 inch,,,,50,2.00,0,DMM pipelines,E:/SEURECA KISUMU/MARCH ANALYSIS REDONE/POTENTIAL CONNECTIONS/Manyatta/DMM pipelines.shp
N/A,,,,,7.989,0,0.1,OPEN,,MIL,,,Distribution,N/A,In service,2inch offtake from 2inch,,,,50,2.00,0,DMM pipelines,E:/SEURECA KISUMU/MARCH ANALYSIS REDONE/POTENTIAL CONNECTIONS/Manyatta/DMM pipelines.shp
N/A,,,,,6.631,0,0.1,OPEN,,MIL,,,Distribution,N/A,In service,2 inch offtake from 2 inch,,,,50,2.00,0,DMM pipelines,E:/SEURECA KISUMU/MARCH ANALYSIS REDONE/POTENTIAL CONNECTIONS/Manyatta/DMM pipelines.shp
N/A,,,,,2.254,0,0.1,OPEN,,MIL,,,Distribution,N/A,In service,2 inch offtake from 2 inch,,,,50,2.00,0,DMM pipelines,E:/SEURECA KISUMU/MARCH ANALYSIS REDONE/POTENTIAL CONNECTIONS/Manyatta/DMM pipelines.shp
N/A,,,,,122.817,0,0.1,OPEN,,MIL,,,Distribution,N/A,In service,0.5 inch offtake from 2 inch,,,,17,0.50,0,DMM pipelines,E:/SEURECA KISUMU/MARCH ANALYSIS REDONE/POTENTIAL CONNECTIONS/Manyatta/DMM pipelines.shp
N/A,,,,,49.767,0,0.1,OPEN,,MIL,,,Distribution,N/A,In service,0.5 inch offtake from 2 inch,,,,17,0.50,0,DMM pipelines,E:/SEURECA KISUMU/MARCH ANALYSIS REDONE/POTENTIAL CONNECTIONS/Manyatta/DMM pipelines.shp
N/A,,,,,25.983,0,0.1,OPEN,,MIL,,,Distribution,N/A,In service,0.5 inch offtake from 2 inch,,,,17,0.50,0,DMM pipelines,E:/SEURECA KISUMU/MARCH ANALYSIS REDONE/POTENTIAL CONNECTIONS/Manyatta/DMM pipelines.shp
N/A,,,,,17.103,0,0.1,OPEN,,MIL,,,Distribution,N/A,In service,0.5 inch offtake from 2 inch,,,,17,0.50,0,DMM pipelines,E:/SEURECA KISUMU/MARCH ANALYSIS REDONE/POTENTIAL CONNECTIONS/Manyatta/DMM pipelines.shp
N/A,,,,,1.536,0,0.1,OPEN,,MIL,,,Distribution,N/A,In service,2 inch offtake from 2 inch,,,,50,2.00,0,DMM pipelines,E:/SEURECA KISUMU/MARCH ANALYSIS REDONE/POTENTIAL CONNECTIONS/Manyatta/DMM pipelines.shp
N/A,,,,,47.800,0,0.1,OPEN,,MIL,,,Distribution,N/A,In service,0.5 inch offtake from 2 inch,,,,17,0.50,0,DMM pipelines,E:/SEURECA KISUMU/MARCH ANALYSIS REDONE/POTENTIAL CONNECTIONS/Manyatta/DMM pipelines.shp
N/A,,,,,118.111,0,0.1,OPEN,,MIL,,,Distribution,N/A,In service,0.5 inch offtake from 0.5 inch,,,,17,0.50,0,DMM pipelines,E:/SEURECA KISUMU/MARCH ANALYSIS REDONE/POTENTIAL CONNECTIONS/Manyatta/DMM pipelines.shp
N/A,,,,,63.253,0,0.1,OPEN,,MIL,,,Distribution,N/A,In service,0.5 inch offtake from 2 inch,,,,17,0.50,0,DMM pipelines,E:/SEURECA KISUMU/MARCH ANALYSIS REDONE/POTENTIAL CONNECTIONS/Manyatta/DMM pipelines.shp
N/A,,,,,115.986,0,0.1,OPEN,,MIL,,,Distribution,N/A,In service,0.5 inch offtake from 2 inch,,,,17,0.50,0,DMM pipelines,E:/SEURECA KISUMU/MARCH ANALYSIS REDONE/POTENTIAL CONNECTIONS/Manyatta/DMM pipelines.shp
N/A,,,,,31.694,0,0.1,OPEN,,MIL,,,Distribution,N/A,In service,0.5 inch offtake from 2 inch,,,,17,0.50,0,DMM pipelines,E:/SEURECA KISUMU/MARCH ANALYSIS REDONE/POTENTIAL CONNECTIONS/Manyatta/DMM pipelines.shp
N/A,,,,,48.560,0,0.1,OPEN,,MIL,,,Distribution,N/A,In service,0.5 inch offtake from 2 inch,,,,17,0.50,0,DMM pipelines,E:/SEURECA KISUMU/MARCH ANALYSIS REDONE/POTENTIAL CONNECTIONS/Manyatta/DMM pipelines.shp
N/A,,,,,9.145,0,0.1,OPEN,,MIL,,,Distribution,N/A,In service,2 inch offtake from 2 inch,,,,50,2.00,0,DMM pipelines,E:/SEURECA KISUMU/MARCH ANALYSIS REDONE/POTENTIAL CONNECTIONS/Manyatta/DMM pipelines.shp
N/A,,,,,5.123,0,0.1,OPEN,,MIL,,,Distribution,N/A,In service,2 inch offtake from 2 iinch,,,,50,2.00,0,DMM pipelines,E:/SEURECA KISUMU/MARCH ANALYSIS REDONE/POTENTIAL CONNECTIONS/Manyatta/DMM pipelines.shp
N/A,,,,,32.715,0,0.1,OPEN,,MIL,,,Distribution,N/A,In service,0.5 inch offtake from 2 inch,,,,17,0.50,0,DMM pipelines,E:/SEURECA KISUMU/MARCH ANALYSIS REDONE/POTENTIAL CONNECTIONS/Manyatta/DMM pipelines.shp
N/A,,,,,5.465,0,0.1,OPEN,,MIL,,,Distribution,N/A,In service,2 inch offftake from 2 inch,,,,50,2.00,0,DMM pipelines,E:/SEURECA KISUMU/MARCH ANALYSIS REDONE/POTENTIAL CONNECTIONS/Manyatta/DMM pipelines.shp
N/A,,,,,10.818,0,0.1,OPEN,,MIL,,,Distribution,N/A,In service,0.5 inch offtake from 2 inch,,,,17,0.50,0,DMM pipelines,E:/SEURECA KISUMU/MARCH ANALYSIS REDONE/POTENTIAL CONNECTIONS/Manyatta/DMM pipelines.shp
N/A,,,,,20.369,0,0.1,OPEN,,MIL,,,Distribution,N/A,In service,0.5 inch offtake from 2 inch,,,,17,0.50,0,DMM pipelines,E:/SEURECA KISUMU/MARCH ANALYSIS REDONE/POTENTIAL CONNECTIONS/Manyatta/DMM pipelines.shp
N/A,,,,,5.674,0,0.1,OPEN,,MIL,,,Distribution,N/A,In service,0.5 inch offtake from 2 inch,,,,17,0.50,0,DMM pipelines,E:/SEURECA KISUMU/MARCH ANALYSIS REDONE/POTENTIAL CONNECTIONS/Manyatta/DMM pipelines.shp
N/A,,,,,26.342,0,0.1,OPEN,,MIL,,,Distribution,N/A,In service,0.5 inch offtake from 0.5 inch,,,,17,0.50,0,DMM pipelines,E:/SEURECA KISUMU/MARCH ANALYSIS REDONE/POTENTIAL CONNECTIONS/Manyatta/DMM pipelines.shp
N/A,,,,,53.956,0,0.1,OPEN,,MIL,,,Distribution,N/A,In service,0.5 inch offtake from 0.5 inch,,,,17,0.50,0,DMM pipelines,E:/SEURECA KISUMU/MARCH ANALYSIS REDONE/POTENTIAL CONNECTIONS/Manyatta/DMM pipelines.shp
N/A,,,,,9.867,0,0.1,OPEN,,MIL,,,Distribution,N/A,In service,0.5 inch offtake from 2 inch,,,,17,0.50,0,DMM pipelines,E:/SEURECA KISUMU/MARCH ANALYSIS REDONE/POTENTIAL CONNECTIONS/Manyatta/DMM pipelines.shp
N/A,,,,,3.640,0,0.1,OPEN,,MIL,,,Distribution,N/A,In service,0 5 inch offtake from 2 inch,,,,17,0.50,0,DMM pipelines,E:/SEURECA KISUMU/MARCH ANALYSIS REDONE/POTENTIAL CONNECTIONS/Manyatta/DMM pipelines.shp
N/A,,,,,17.193,0,0.1,OPEN,,MIL,,,Distribution,N/A,In service,0.5 inch offtake from 2 inch,,,,17,0.50,0,DMM pipelines,E:/SEURECA KISUMU/MARCH ANALYSIS REDONE/POTENTIAL CONNECTIONS/Manyatta/DMM pipelines.shp
N/A,,,,,5.784,0,0.1,OPEN,,MIL,,,Distribution,N/A,In service,2 inch offtake from 2 inch,,,,50,2.00,0,DMM pipelines,E:/SEURECA KISUMU/MARCH ANALYSIS REDONE/POTENTIAL CONNECTIONS/Manyatta/DMM pipelines.shp
N/A,,,,,27.531,0,0.1,OPEN,,MIL,,,Distribution,N/A,In service,0.5 inch offtake from 2 inch,,,,17,0.50,0,DMM pipelines,E:/SEURECA KISUMU/MARCH ANALYSIS REDONE/POTENTIAL CONNECTIONS/Manyatta/DMM pipelines.shp
N/A,,,,,3.537,0,0.1,OPEN,,MIL,,,Distribution,N/A,In service,0.5 inch offtake from 2 inch,,,,17,0.50,0,DMM pipelines,E:/SEURECA KISUMU/MARCH ANALYSIS REDONE/POTENTIAL CONNECTIONS/Manyatta/DMM pipelines.shp
N/A,,,,,45.313,0,0.1,OPEN,,MIL,,,Distribution,N/A,In service,0.5 inch offtake from 2 inch,,,,17,0.50,0,DMM pipelines,E:/SEURECA KISUMU/MARCH ANALYSIS REDONE/POTENTIAL CONNECTIONS/Manyatta/DMM pipelines.shp
N/A,,,,,40.504,0,0.1,OPEN,,MIL,,,Distribution,N/A,In service,0.5 inch offtake from 2 inch,,,,17,0.50,0,DMM pipelines,E:/SEURECA KISUMU/MARCH ANALYSIS REDONE/POTENTIAL CONNECTIONS/Manyatta/DMM pipelines.shp
N/A,,,,,26.700,0,0.1,OPEN,,MIL,,,Distribution,N/A,In service,0.5 offtake from 2 inch,,,,17,0.50,0,DMM pipelines,E:/SEURECA KISUMU/MARCH ANALYSIS REDONE/POTENTIAL CONNECTIONS/Manyatta/DMM pipelines.shp
N/A,,,,,11.162,0,0.1,OPEN,,MIL,,,Distribution,N/A,In service,2 inch offtake from 8 inch,,,,50,2.00,0,DMM pipelines,E:/SEURECA KISUMU/MARCH ANALYSIS REDONE/POTENTIAL CONNECTIONS/Manyatta/DMM pipelines.shp
N/A,,,,,104.754,0,0.1,OPEN,,MIL,,,Distribution,N/A,In service,0.5 inch fftake from 2 inch,,,,17,0.50,0,DMM pipelines,E:/SEURECA KISUMU/MARCH ANALYSIS REDONE/POTENTIAL CONNECTIONS/Manyatta/DMM pipelines.shp
n/a,,,,,9.243,0,0.1,OPEN,,MIL,,,Distribution,N/A,In service,0.5inch offtake from 2 inch,,,,17,0.50,0,DMM pipelines,E:/SEURECA KISUMU/MARCH ANALYSIS REDONE/POTENTIAL CONNECTIONS/Manyatta/DMM pipelines.shp
N/A,,,,,104.996,0,0.1,OPEN,,MIL,,,Distribution,N/A,In service,1 inch offtake from 2 inch,,,,25,1.00,0,DMM pipelines,E:/SEURECA KISUMU/MARCH ANALYSIS REDONE/POTENTIAL CONNECTIONS/Manyatta/DMM pipelines.shp
N/a,,,,,102.568,0,0.1,OPEN,,MIL,,,Distribution,N/A,In service,0.5 inch offtake,,,,17,0.50,0,DMM pipelines,E:/SEURECA KISUMU/MARCH ANALYSIS REDONE/POTENTIAL CONNECTIONS/Manyatta/DMM pipelines.shp
N/A,,,,,46.286,0,0.1,OPEN,,MIL,,,Distribution,N/A,In service,0.5 offtake from 2 inch,,,,17,0.50,0,DMM pipelines,E:/SEURECA KISUMU/MARCH ANALYSIS REDONE/POTENTIAL CONNECTIONS/Manyatta/DMM pipelines.shp
N/A,,,,,59.932,0,0.1,OPEN,,MIL,,,Distribution,N/A,In service,2 inch offtake from 8 inch,,,,50,2.00,0,DMM pipelines,E:/SEURECA KISUMU/MARCH ANALYSIS REDONE/POTENTIAL CONNECTIONS/Manyatta/DMM pipelines.shp
N/A,,,,,12.650,0,0.1,OPEN,,MIL,,,Distribution,N/A,In service,0.5 offtake from 2 inch,,,,17,0.50,0,DMM pipelines,E:/SEURECA KISUMU/MARCH ANALYSIS REDONE/POTENTIAL CONNECTIONS/Manyatta/DMM pipelines.shp
N/A,,,,,44.421,0,0.1,OPEN,,MIL,,,Distribution,N/A,In service,2 inch offtake from 2 inch,,,,50,2.00,0,DMM pipelines,E:/SEURECA KISUMU/MARCH ANALYSIS REDONE/POTENTIAL CONNECTIONS/Manyatta/DMM pipelines.shp
N/A,,,,,152.628,0,0.1,OPEN,,MIL,,,Distribution,N/A,In service,1 inch offtake from 2 inch,,,,25,1.00,0,DMM pipelines,E:/SEURECA KISUMU/MARCH ANALYSIS REDONE/POTENTIAL CONNECTIONS/Manyatta/DMM pipelines.shp
N/A,,,,,105.769,0,0.1,OPEN,,MIL,,,Distribution,N/A,In service,0.5 inch offtake from 1 inch,,,,17,0.50,0,DMM pipelines,E:/SEURECA KISUMU/MARCH ANALYSIS REDONE/POTENTIAL CONNECTIONS/Manyatta/DMM pipelines.shp
N/A,,,,,47.406,0,0.1,OPEN,,MIL,,,Distribution,N/A,In service,0.5 inch offtake from 1 inch,,,,17,0.50,0,DMM pipelines,E:/SEURECA KISUMU/MARCH ANALYSIS REDONE/POTENTIAL CONNECTIONS/Manyatta/DMM pipelines.shp
N/A,,,,,28.818,0,0.1,OPEN,,MIL,,,Distribution,N/A,In service,0.5 inch offtake from 1 inch,,,,17,0.50,0,DMM pipelines,E:/SEURECA KISUMU/MARCH ANALYSIS REDONE/POTENTIAL CONNECTIONS/Manyatta/DMM pipelines.shp
N/A,,,,,103.455,0,0.1,OPEN,,MIL,,,Distribution,N/A,In service,0.5 inch offtake from 2 inch,,,,17,0.50,0,DMM pipelines,E:/SEURECA KISUMU/MARCH ANALYSIS REDONE/POTENTIAL CONNECTIONS/Manyatta/DMM pipelines.shp
N/A,,,,,18.456,0,0.1,OPEN,,MIL,,,Distribution,N/A,In service,0.5 inch offtake from 2 inch,,,,17,0.50,0,DMM pipelines,E:/SEURECA KISUMU/MARCH ANALYSIS REDONE/POTENTIAL CONNECTIONS/Manyatta/DMM pipelines.shp
N/A,,,,,65.421,0,0.1,OPEN,,MIL,,,Distribution,N/A,In service,0.5 inch offtake from 2 inch,,,,17,0.50,0,DMM pipelines,E:/SEURECA KISUMU/MARCH ANALYSIS REDONE/POTENTIAL CONNECTIONS/Manyatta/DMM pipelines.shp
N/A,,,,,6.993,0,0.1,OPEN,,MIL,,,Distribution,N/A,In service,0.5 inch offtake from 2 inch,,,,17,0.50,0,DMM pipelines,E:/SEURECA KISUMU/MARCH ANALYSIS REDONE/POTENTIAL CONNECTIONS/Manyatta/DMM pipelines.shp
,,,,,67.026,0,0.1,OPEN,,MIL,,,Distribution,,In service,0.5 inch offtake from 2 inch,,,,17,0.50,0,DMM pipelines,E:/SEURECA KISUMU/MARCH ANALYSIS REDONE/POTENTIAL CONNECTIONS/Manyatta/DMM pipelines.shp
,,,,,72.914,0,0.1,OPEN,,MIL,,,Distribution,,In service,0.5 offtake from 2 inch,,,,17,0.50,0,DMM pipelines,E:/SEURECA KISUMU/MARCH ANALYSIS REDONE/POTENTIAL CONNECTIONS/Manyatta/DMM pipelines.shp
,,,,,96.044,0,0.1,OPEN,,MIL,,,Distribution,,In service,0.5 offtake from 2 inch,,,,17,0.50,0,DMM pipelines,E:/SEURECA KISUMU/MARCH ANALYSIS REDONE/POTENTIAL CONNECTIONS/Manyatta/DMM pipelines.shp
,,,,,58.476,0,0.1,OPEN,,MIL,,,Distribution,,In service,0.5 inch offtake from 2 inch,,,,17,0.50,0,DMM pipelines,E:/SEURECA KISUMU/MARCH ANALYSIS REDONE/POTENTIAL CONNECTIONS/Manyatta/DMM pipelines.shp
,,,,,11.664,0,0.1,OPEN,,MIL,,,Distribution,,In service,0.5 offtake from 2 inch,,,,17,0.50,0,DMM pipelines,E:/SEURECA KISUMU/MARCH ANALYSIS REDONE/POTENTIAL CONNECTIONS/Manyatta/DMM pipelines.shp
,,,,,12.087,0,0.1,OPEN,,MIL,,,Distribution,,In service,0.5 offtake from 2 inch,,,,17,0.50,0,DMM pipelines,E:/SEURECA KISUMU/MARCH ANALYSIS REDONE/POTENTIAL CONNECTIONS/Manyatta/DMM pipelines.shp
,,,,,79.695,0,0.1,OPEN,,MIL,,,Distribution,,In service,0.5 offtake from 2 inch,,,,17,0.50,0,DMM pipelines,E:/SEURECA KISUMU/MARCH ANALYSIS REDONE/POTENTIAL CONNECTIONS/Manyatta/DMM pipelines.shp
,,,,,20.226,0,0.1,OPEN,,MIL,,,Distribution,,In service,0.5 offtake from 2 inch,,,,17,0.50,0,DMM pipelines,E:/SEURECA KISUMU/MARCH ANALYSIS REDONE/POTENTIAL CONNECTIONS/Manyatta/DMM pipelines.shp
,,,,,12.097,0,0.1,OPEN,,MIL,,,Distribution,,In service,0.5 inch offtake from 2 inch,,,,17,0.50,0,DMM pipelines,E:/SEURECA KISUMU/MARCH ANALYSIS REDONE/POTENTIAL CONNECTIONS/Manyatta/DMM pipelines.shp
,,,,,26.678,0,0.1,OPEN,,MIL,,,Distribution,,In service,.5 inch offfake from 2 inch,,,,17,0.50,0,DMM pipelines,E:/SEURECA KISUMU/MARCH ANALYSIS REDONE/POTENTIAL CONNECTIONS/Manyatta/DMM pipelines.shp
,,,,,5.970,0,0.1,OPEN,,MIL,,,Distribution,,In service,.5 inch offtake from 2 inch,,,,17,0.50,0,DMM pipelines,E:/SEURECA KISUMU/MARCH ANALYSIS REDONE/POTENTIAL CONNECTIONS/Manyatta/DMM pipelines.shp
,,,,,26.171,0,0.1,OPEN,,MIL,,,Distribution,,In service,.5 inch offtake from 2 inch,,,,17,0.50,0,DMM pipelines,E:/SEURECA KISUMU/MARCH ANALYSIS REDONE/POTENTIAL CONNECTIONS/Manyatta/DMM pipelines.shp
,,,,,7.714,0,0.1,OPEN,,MIL,,,Distribution,,In service,0.5 inch offtake from 2 inch,,,,17,0.50,0,DMM pipelines,E:/SEURECA KISUMU/MARCH ANALYSIS REDONE/POTENTIAL CONNECTIONS/Manyatta/DMM pipelines.shp
,,,,,8.730,0,0.1,OPEN,,MIL,,,Distribution,,In service,0.5 offtake from 2 inch,,,,17,0.50,0,DMM pipelines,E:/SEURECA KISUMU/MARCH ANALYSIS REDONE/POTENTIAL CONNECTIONS/Manyatta/DMM pipelines.shp
,,,,,39.043,0,0.1,OPEN,,MIL,,,Distribution,,In service,0.5 offtake from 2 inch,,,,17,0.50,0,DMM pipelines,E:/SEURECA KISUMU/MARCH ANALYSIS REDONE/POTENTIAL CONNECTIONS/Manyatta/DMM pipelines.shp
,,,,,30.323,0,0.1,OPEN,,MIL,,,Distribution,,In service,0.5 offtake from 2 inch,,,,17,0.50,0,DMM pipelines,E:/SEURECA KISUMU/MARCH ANALYSIS REDONE/POTENTIAL CONNECTIONS/Manyatta/DMM pipelines.shp
,,,,,19.323,0,0.1,OPEN,,MIL,,,Distribution,,In service,.5 offtake from 2 inch,,,,17,0.50,0,DMM pipelines,E:/SEURECA KISUMU/MARCH ANALYSIS REDONE/POTENTIAL CONNECTIONS/Manyatta/DMM pipelines.shp
,,,,,22.024,0,0.1,OPEN,,MIL,,,Distribution,,In service,.5 inch offtake from 2 inch,,,,17,0.50,0,DMM pipelines,E:/SEURECA KISUMU/MARCH ANALYSIS REDONE/POTENTIAL CONNECTIONS/Manyatta/DMM pipelines.shp
,,,,,38.302,0,0.1,OPEN,,MIL,,,Distribution,,In service,0.5 offtake from 2 inch,,,,17,0.50,0,DMM pipelines,E:/SEURECA KISUMU/MARCH ANALYSIS REDONE/POTENTIAL CONNECTIONS/Manyatta/DMM pipelines.shp
,,,,,21.172,0,0.1,OPEN,,MIL,,,Distribution,,In service,0.5 offtake from 2 inch,,,,17,0.50,0,DMM pipelines,E:/SEURECA KISUMU/MARCH ANALYSIS REDONE/POTENTIAL CONNECTIONS/Manyatta/DMM pipelines.shp
,,,,,41.212,0,0.1,OPEN,,MIL,,,Distribution,,In service,0.5 inch offtake from 2 inch,,,,17,0.50,0,DMM pipelines,E:/SEURECA KISUMU/MARCH ANALYSIS REDONE/POTENTIAL CONNECTIONS/Manyatta/DMM pipelines.shp
SIMBA,,,,,144.384,0,0.1,OPEN,,MIL,,,Distribution,,In service,2 inch offtake from 8 8 inch,,,,50,2.00,0,DMM pipelines,E:/SEURECA KISUMU/MARCH ANALYSIS REDONE/POTENTIAL CONNECTIONS/Manyatta/DMM pipelines.shp
SIMBA,,,,,32.079,0,0.1,OPEN,,MIL,,,Distribution,,In service,2 inch offtake from 8 inch,,,,50,2.00,0,DMM pipelines,E:/SEURECA KISUMU/MARCH ANALYSIS REDONE/POTENTIAL CONNECTIONS/Manyatta/DMM pipelines.shp
SIMBA,,,,,34.409,0,0.1,OPEN,,MIL,,,Distribution,,In service,2 inch offtake from 8 inch,,,,50,2.00,0,DMM pipelines,E:/SEURECA KISUMU/MARCH ANALYSIS REDONE/POTENTIAL CONNECTIONS/Manyatta/DMM pipelines.shp
SIMBA,,,,,72.918,0,0.1,OPEN,,MIL,,,Distribution,,In service,2 inch offtake from 8 inch,,,,50,2.00,0,DMM pipelines,E:/SEURECA KISUMU/MARCH ANALYSIS REDONE/POTENTIAL CONNECTIONS/Manyatta/DMM pipelines.shp
SIMBA,,,,,112.994,0,0.1,OPEN,,MIL,,,Distribution,,In service,1 inch offtake from 2 inch,,,,25,1.00,0,DMM pipelines,E:/SEURECA KISUMU/MARCH ANALYSIS REDONE/POTENTIAL CONNECTIONS/Manyatta/DMM pipelines.shp
SIMBA,,,,,22.965,0,0.1,OPEN,,MIL,,,Distribution,,In service,"3/4"" offtake rfom 2 inch",,,,20,0.75,0,DMM pipelines,E:/SEURECA KISUMU/MARCH ANALYSIS REDONE/POTENTIAL CONNECTIONS/Manyatta/DMM pipelines.shp
SIMBA,,,,,22.842,0,0.1,OPEN,,MIL,,,Distribution,,In service,3/4''  offtake from 2 inch,,,,20,0.75,0,DMM pipelines,E:/SEURECA KISUMU/MARCH ANALYSIS REDONE/POTENTIAL CONNECTIONS/Manyatta/DMM pipelines.shp
SIMBA,,,,,3.378,0,0.1,OPEN,,MIL,,,Distribution,,In service,3/4'' inch offtake from 2 inch,,,,20,0.75,0,DMM pipelines,E:/SEURECA KISUMU/MARCH ANALYSIS REDONE/POTENTIAL CONNECTIONS/Manyatta/DMM pipelines.shp
SIMBA,,,,,6.987,0,0.1,OPEN,,MIL,,,Distribution,,In service,3/4'' offtake from 2 inch,,,,20,0.75,0,DMM pipelines,E:/SEURECA KISUMU/MARCH ANALYSIS REDONE/POTENTIAL CONNECTIONS/Manyatta/DMM pipelines.shp
SIMBA,,,,,51.616,0,0.1,OPEN,,MIL,,,Distribution,,In service,1.25 inch offtake from 2 inch,,,,32,1.25,0,DMM pipelines,E:/SEURECA KISUMU/MARCH ANALYSIS REDONE/POTENTIAL CONNECTIONS/Manyatta/DMM pipelines.shp
SIMBA,,,,,62.312,0,0.1,OPEN,,MIL,,,Distribution,,In service,3/4 inch from 1 25 inch,,,,20,0.75,0,DMM pipelines,E:/SEURECA KISUMU/MARCH ANALYSIS REDONE/POTENTIAL CONNECTIONS/Manyatta/DMM pipelines.shp
SIMBA,,,,,51.616,0,0.1,OPEN,,MIL,,,Distribution,,In service,3/4 '' offtake from 1.25'',,,,20,0.75,0,DMM pipelines,E:/SEURECA KISUMU/MARCH ANALYSIS REDONE/POTENTIAL CONNECTIONS/Manyatta/DMM pipelines.shp
SIMBA,,,,,29.676,0,0.1,OPEN,,MIL,,,Distribution,,In service,1/2'' offtake from 2'',,,,17,0.50,0,DMM pipelines,E:/SEURECA KISUMU/MARCH ANALYSIS REDONE/POTENTIAL CONNECTIONS/Manyatta/DMM pipelines.shp
SIMBA,,,,,73.010,0,0.1,OPEN,,MIL,,,Distribution,,In service,3/4'' offtake from 2'',,,,20,0.75,0,DMM pipelines,E:/SEURECA KISUMU/MARCH ANALYSIS REDONE/POTENTIAL CONNECTIONS/Manyatta/DMM pipelines.shp
SIMBA,,,,,85.201,0,0.1,OPEN,,MIL,,,Distribution,,In service,3/4'' offtake from 2'',,,,20,0.75,0,DMM pipelines,E:/SEURECA KISUMU/MARCH ANALYSIS REDONE/POTENTIAL CONNECTIONS/Manyatta/DMM pipelines.shp
SIMBA,,,,,21.422,0,0.1,OPEN,,MIL,,,Distribution,,In service,3/4'' offtake from 2'',,,,20,0.75,0,DMM pipelines,E:/SEURECA KISUMU/MARCH ANALYSIS REDONE/POTENTIAL CONNECTIONS/Manyatta/DMM pipelines.shp
SIMBA,,,,,167.799,0,0.1,OPEN,,MIL,,,Distribution,,In service,1'' offtake from 2'',,,,25,1.00,0,DMM pipelines,E:/SEURECA KISUMU/MARCH ANALYSIS REDONE/POTENTIAL CONNECTIONS/Manyatta/DMM pipelines.shp
SIMBA,,,,,28.102,0,0.1,OPEN,,MIL,,,Distribution,,In service,1/2'' offtake from 2'',,,,17,0.50,0,DMM pipelines,E:/SEURECA KISUMU/MARCH ANALYSIS REDONE/POTENTIAL CONNECTIONS/Manyatta/DMM pipelines.shp
SIMBA,,,,,21.416,0,0.1,OPEN,,MIL,,,Distribution,,In service,3/4'' offtake from 2'',,,,20,0.75,0,DMM pipelines,E:/SEURECA KISUMU/MARCH ANALYSIS REDONE/POTENTIAL CONNECTIONS/Manyatta/DMM pipelines.shp
SIMBA,,,,,19.279,0,0.1,OPEN,,MIL,,,Distribution,,In service,3/4'' offtake from 2'',,,,20,0.75,0,DMM pipelines,E:/SEURECA KISUMU/MARCH ANALYSIS REDONE/POTENTIAL CONNECTIONS/Manyatta/DMM pipelines.shp
SIMBA,,,,,34.473,0,0.1,OPEN,,MIL,,,Distribution,,In service,1/2'' offtake form 2'',,,,17,0.50,0,DMM pipelines,E:/SEURECA KISUMU/MARCH ANALYSIS REDONE/POTENTIAL CONNECTIONS/Manyatta/DMM pipelines.shp
SIMBA,,,,,44.053,0,0.1,OPEN,,MIL,,,Distribution,,In service,3/4'' offtake from 2'',,,,20,0.75,0,DMM pipelines,E:/SEURECA KISUMU/MARCH ANALYSIS REDONE/POTENTIAL CONNECTIONS/Manyatta/DMM pipelines.shp
SIMBA,,,,,8.285,0,0.1,OPEN,,MIL,,,Distribution,,In service,3/4'' offtake from 2'',,,,20,0.75,0,DMM pipelines,E:/SEURECA KISUMU/MARCH ANALYSIS REDONE/POTENTIAL CONNECTIONS/Manyatta/DMM pipelines.shp
SIMBA,,,,,9.368,0,0.1,OPEN,,MIL,,,Distribution,,In service,3/4'' offtake from 2'',,,,20,0.75,0,DMM pipelines,E:/SEURECA KISUMU/MARCH ANALYSIS REDONE/POTENTIAL CONNECTIONS/Manyatta/DMM pipelines.shp
SIMBA,,,,,4.724,0,0.1,OPEN,,MIL,,,Distribution,,In service,3/4'' offtake from 2'',,,,20,0.75,0,DMM pipelines,E:/SEURECA KISUMU/MARCH ANALYSIS REDONE/POTENTIAL CONNECTIONS/Manyatta/DMM pipelines.shp
SIMBA,,,,,28.134,0,0.1,OPEN,,MIL,,,Distribution,,In service,3/4'' offtake from 2'',,,,20,0.75,0,DMM pipelines,E:/SEURECA KISUMU/MARCH ANALYSIS REDONE/POTENTIAL CONNECTIONS/Manyatta/DMM pipelines.shp
SIMBA,,,,,21.145,0,0.1,OPEN,,MIL,,,Distribution,,In service,3/4'' offtake from 2'',,,,20,0.75,0,DMM pipelines,E:/SEURECA KISUMU/MARCH ANALYSIS REDONE/POTENTIAL CONNECTIONS/Manyatta/DMM pipelines.shp
SIMBA,,,,,71.447,0,0.1,OPEN,,MIL,,,Distribution,,In service,3/4'' offtake from 2'',,,,20,0.75,0,DMM pipelines,E:/SEURECA KISUMU/MARCH ANALYSIS REDONE/POTENTIAL CONNECTIONS/Manyatta/DMM pipelines.shp
SIMBA,,,,,71.773,0,0.1,OPEN,,MIL,,,Distribution,,In service,3/4'' offtake from 2'',,,,20,0.75,0,DMM pipelines,E:/SEURECA KISUMU/MARCH ANALYSIS REDONE/POTENTIAL CONNECTIONS/Manyatta/DMM pipelines.shp
SIMBA,,,,,2.838,0,0.1,OPEN,,MIL,,,Distribution,,In service,3/4'' offtake from 2'',,,,20,0.75,0,DMM pipelines,E:/SEURECA KISUMU/MARCH ANALYSIS REDONE/POTENTIAL CONNECTIONS/Manyatta/DMM pipelines.shp
SIMBA,,,,,6.098,0,0.1,OPEN,,MIL,,,Distribution,,In service,3/4'' offtake from 2'',,,,20,0.75,0,DMM pipelines,E:/SEURECA KISUMU/MARCH ANALYSIS REDONE/POTENTIAL CONNECTIONS/Manyatta/DMM pipelines.shp
SIMBA,,,,,7.064,0,0.1,OPEN,,MIL,,,Distribution,,In service,3/4'' offtake from 2'',,,,20,0.75,0,DMM pipelines,E:/SEURECA KISUMU/MARCH ANALYSIS REDONE/POTENTIAL CONNECTIONS/Manyatta/DMM pipelines.shp
SIMBA,,,,,19.674,0,0.1,OPEN,,MIL,,,Distribution,,In service,3/4'' offtake from 2'',,,,20,0.75,0,DMM pipelines,E:/SEURECA KISUMU/MARCH ANALYSIS REDONE/POTENTIAL CONNECTIONS/Manyatta/DMM pipelines.shp
SIMBA,,,,,39.247,0,0.1,OPEN,,MIL,,,Distribution,,In service,3/4'' offtake from 2'',,,,20,0.75,0,DMM pipelines,E:/SEURECA KISUMU/MARCH ANALYSIS REDONE/POTENTIAL CONNECTIONS/Manyatta/DMM pipelines.shp
SIMBA,,,,,47.470,0,0.1,OPEN,,MIL,,,Distribution,,In service,3/4'' offtake from 2'',,,,20,0.75,0,DMM pipelines,E:/SEURECA KISUMU/MARCH ANALYSIS REDONE/POTENTIAL CONNECTIONS/Manyatta/DMM pipelines.shp
SIMBA,,,,,6.169,0,0.1,OPEN,,MIL,,,Distribution,,In service,3/4 offtake from 2'',,,,20,0.75,0,DMM pipelines,E:/SEURECA KISUMU/MARCH ANALYSIS REDONE/POTENTIAL CONNECTIONS/Manyatta/DMM pipelines.shp
SIMBA,,,,,51.001,0,0.1,OPEN,,MIL,,,Distribution,,In service,3/4'' offtake from 2'',,,,20,0.75,0,DMM pipelines,E:/SEURECA KISUMU/MARCH ANALYSIS REDONE/POTENTIAL CONNECTIONS/Manyatta/DMM pipelines.shp
SIMBA,,,,,72.548,0,0.1,OPEN,,MIL,,,Distribution,,In service,3/4'' offtake from 2'',,,,20,0.75,0,DMM pipelines,E:/SEURECA KISUMU/MARCH ANALYSIS REDONE/POTENTIAL CONNECTIONS/Manyatta/DMM pipelines.shp
SIMBA,,,,,129.234,0,0.1,OPEN,,MIL,,,Distribution,,In service,3/4'' offtake from 2'',,,,20,0.75,0,DMM pipelines,E:/SEURECA KISUMU/MARCH ANALYSIS REDONE/POTENTIAL CONNECTIONS/Manyatta/DMM pipelines.shp
SIMBA,,,,,20.719,0,0.1,OPEN,,MIL,,,Distribution,,In service,3/4'' offtake from 2'',,,,20,0.75,0,DMM pipelines,E:/SEURECA KISUMU/MARCH ANALYSIS REDONE/POTENTIAL CONNECTIONS/Manyatta/DMM pipelines.shp
SIMBA,,,,,10.488,0,0.1,OPEN,,MIL,,,Distribution,,In service,3/4'' offtake from 2'',,,,20,0.75,0,DMM pipelines,E:/SEURECA KISUMU/MARCH ANALYSIS REDONE/POTENTIAL CONNECTIONS/Manyatta/DMM pipelines.shp
SIMBA,,,,,27.836,0,0.1,OPEN,,MIL,,,Distribution,,In service,3/4'' offtake from 2'',,,,20,0.75,0,DMM pipelines,E:/SEURECA KISUMU/MARCH ANALYSIS REDONE/POTENTIAL CONNECTIONS/Manyatta/DMM pipelines.shp
SIMBA,,,,,10.189,0,0.1,OPEN,,MIL,,,Distribution,,In service,3/4'' offtake from 2'',,,,20,0.75,0,DMM pipelines,E:/SEURECA KISUMU/MARCH ANALYSIS REDONE/POTENTIAL CONNECTIONS/Manyatta/DMM pipelines.shp
,,,,,32.762,0,0.1,OPEN,,MIL,,,Distribution,,In service,2'' offtake from 8'',,,,50,2.00,0,DMM pipelines,E:/SEURECA KISUMU/MARCH ANALYSIS REDONE/POTENTIAL CONNECTIONS/Manyatta/DMM pipelines.shp
KABISEA,,,,,56.632,0,0.1,OPEN,,MIL,,,Distribution,,In service,2'' offtake from 8 '',,,,50,2.00,0,DMM pipelines,E:/SEURECA KISUMU/MARCH ANALYSIS REDONE/POTENTIAL CONNECTIONS/Manyatta/DMM pipelines.shp
KABISEA,,,,,75.586,0,0.1,OPEN,,MIL,,,Distribution,,In service,1/2'' offtake from 2'',,,,17,0.50,0,DMM pipelines,E:/SEURECA KISUMU/MARCH ANALYSIS REDONE/POTENTIAL CONNECTIONS/Manyatta/DMM pipelines.shp
KABISEA,,,,,51.193,0,0.1,OPEN,,MIL,,,Distribution,,In service,1/2'' offtake from 2'',,,,17,0.50,0,DMM pipelines,E:/SEURECA KISUMU/MARCH ANALYSIS REDONE/POTENTIAL CONNECTIONS/Manyatta/DMM pipelines.shp
KABISEA,,,,,13.478,0,0.1,OPEN,,MIL,,,Distribution,,In service,1/2'' offtake from 2'',,,,17,0.50,0,DMM pipelines,E:/SEURECA KISUMU/MARCH ANALYSIS REDONE/POTENTIAL CONNECTIONS/Manyatta/DMM pipelines.shp
KABISEA,,,,,16.397,0,0.1,OPEN,,MIL,,,Distribution,,In service,1/2'' offtake from 2'',,,,17,0.50,0,DMM pipelines,E:/SEURECA KISUMU/MARCH ANALYSIS REDONE/POTENTIAL CONNECTIONS/Manyatta/DMM pipelines.shp
KABISEA,,,,,89.036,0,0.1,OPEN,,MIL,,,Distribution,,In service,1/2'' offtake from 2'',,,,17,0.50,0,DMM pipelines,E:/SEURECA KISUMU/MARCH ANALYSIS REDONE/POTENTIAL CONNECTIONS/Manyatta/DMM pipelines.shp
KABISEA,,,,,104.885,0,0.1,OPEN,,MIL,,,Distribution,,In service,DMM,,,,17,0.50,0,DMM pipelines,E:/SEURECA KISUMU/MARCH ANALYSIS REDONE/POTENTIAL CONNECTIONS/Manyatta/DMM pipelines.shp
KABISEA,,,,,75.975,0,0.1,OPEN,,MIL,,,Distribution,,In service,DMM,,,,17,0.50,0,DMM pipelines,E:/SEURECA KISUMU/MARCH ANALYSIS REDONE/POTENTIAL CONNECTIONS/Manyatta/DMM pipelines.shp
KABISEA,,,,,63.687,0,0.1,OPEN,,MIL,,,Distribution,,In service,DMM,,,,17,0.50,0,DMM pipelines,E:/SEURECA KISUMU/MARCH ANALYSIS REDONE/POTENTIAL CONNECTIONS/Manyatta/DMM pipelines.shp
KABISEA,,,,,78.201,0,0.1,OPEN,,MIL,,,Distribution,,In service,DMM,,,,17,0.50,0,DMM pipelines,E:/SEURECA KISUMU/MARCH ANALYSIS REDONE/POTENTIAL CONNECTIONS/Manyatta/DMM pipelines.shp
KABISEA,,,,,4.211,0,0.1,OPEN,,MIL,,,Distribution,,In service,DMM,,,,17,0.50,0,DMM pipelines,E:/SEURECA KISUMU/MARCH ANALYSIS REDONE/POTENTIAL CONNECTIONS/Manyatta/DMM pipelines.shp
KABISEA,,,,,13.893,0,0.1,OPEN,,MIL,,,Distribution,,In service,DMM,,,,17,0.50,0,DMM pipelines,E:/SEURECA KISUMU/MARCH ANALYSIS REDONE/POTENTIAL CONNECTIONS/Manyatta/DMM pipelines.shp
KABISEA,,,,,25.941,0,0.1,OPEN,,MIL,,,Distribution,,In service,DMM,,,,17,0.50,0,DMM pipelines,E:/SEURECA KISUMU/MARCH ANALYSIS REDONE/POTENTIAL CONNECTIONS/Manyatta/DMM pipelines.shp
KABISEA,,,,,11.879,0,0.1,OPEN,,MIL,,,Distribution,,In service,DMM,,,,17,0.50,0,DMM pipelines,E:/SEURECA KISUMU/MARCH ANALYSIS REDONE/POTENTIAL CONNECTIONS/Manyatta/DMM pipelines.shp
KABISEA,,,,,209.508,0,0.1,OPEN,,MIL,,,Distribution,,In service,DMM,,,,17,0.50,0,DMM pipelines,E:/SEURECA KISUMU/MARCH ANALYSIS REDONE/POTENTIAL CONNECTIONS/Manyatta/DMM pipelines.shp
KABISEA,,,,,143.168,0,0.1,OPEN,,MIL,,,Distribution,,In service,DMM,,,,17,0.50,0,DMM pipelines,E:/SEURECA KISUMU/MARCH ANALYSIS REDONE/POTENTIAL CONNECTIONS/Manyatta/DMM pipelines.shp
KABISEA,,,,,6.217,0,0.1,OPEN,,MIL,,,Distribution,,In service,DMM,,,,50,2.00,0,DMM pipelines,E:/SEURECA KISUMU/MARCH ANALYSIS REDONE/POTENTIAL CONNECTIONS/Manyatta/DMM pipelines.shp
KABISEA,,,,,175.217,0,0.1,OPEN,,MIL,,,Distribution,,In service,DMM,,,,17,0.50,0,DMM pipelines,E:/SEURECA KISUMU/MARCH ANALYSIS REDONE/POTENTIAL CONNECTIONS/Manyatta/DMM pipelines.shp
KABISEA,,,,,14.063,0,0.1,OPEN,,MIL,,,Distribution,,In service,DMM,,,,17,0.50,0,DMM pipelines,E:/SEURECA KISUMU/MARCH ANALYSIS REDONE/POTENTIAL CONNECTIONS/Manyatta/DMM pipelines.shp
KABISEA,,,,,2.192,0,0.1,OPEN,,MIL,,,Distribution,,In service,DMM,,,,17,0.50,0,DMM pipelines,E:/SEURECA KISUMU/MARCH ANALYSIS REDONE/POTENTIAL CONNECTIONS/Manyatta/DMM pipelines.shp
KABISEA,,,,,5.910,0,0.1,OPEN,,MIL,,,Distribution,,In service,DMM,,,,17,0.50,0,DMM pipelines,E:/SEURECA KISUMU/MARCH ANALYSIS REDONE/POTENTIAL CONNECTIONS/Manyatta/DMM pipelines.shp
KABISEA,,,,,4.374,0,0.1,OPEN,,MIL,,,Distribution,,In service,DMM,,,,50,2.00,0,DMM pipelines,E:/SEURECA KISUMU/MARCH ANALYSIS REDONE/POTENTIAL CONNECTIONS/Manyatta/DMM pipelines.shp
KABISEA,,,,,36.031,0,0.1,OPEN,,MIL,,,Distribution,,In service,DMM,,,,17,0.50,0,DMM pipelines,E:/SEURECA KISUMU/MARCH ANALYSIS REDONE/POTENTIAL CONNECTIONS/Manyatta/DMM pipelines.shp
KABISEA,,,,,17.393,0,0.1,OPEN,,MIL,,,Distribution,,In service,DMM,,,,17,0.50,0,DMM pipelines,E:/SEURECA KISUMU/MARCH ANALYSIS REDONE/POTENTIAL CONNECTIONS/Manyatta/DMM pipelines.shp
KABISEA,,,,,22.580,0,0.1,OPEN,,MIL,,,Distribution,,In service,DMM,,,,17,0.50,0,DMM pipelines,E:/SEURECA KISUMU/MARCH ANALYSIS REDONE/POTENTIAL CONNECTIONS/Manyatta/DMM pipelines.shp
KABISEA,,,,,53.696,0,0.1,OPEN,,MIL,,,Distribution,,In service,DMM,,,,17,0.50,0,DMM pipelines,E:/SEURECA KISUMU/MARCH ANALYSIS REDONE/POTENTIAL CONNECTIONS/Manyatta/DMM pipelines.shp
KABISEA,,,,,156.074,0,0.1,OPEN,,MIL,,,Distribution,,In service,DMM,,,,20,0.75,0,DMM pipelines,E:/SEURECA KISUMU/MARCH ANALYSIS REDONE/POTENTIAL CONNECTIONS/Manyatta/DMM pipelines.shp
KABISEA,,,,,39.505,0,0.1,OPEN,,MIL,,,Distribution,,In service,DMM,,,,20,0.75,0,DMM pipelines,E:/SEURECA KISUMU/MARCH ANALYSIS REDONE/POTENTIAL CONNECTIONS/Manyatta/DMM pipelines.shp
KABISEA,,,,,87.395,0,0.1,OPEN,,MIL,,,Distribution,,In service,DMM,,,,20,0.75,0,DMM pipelines,E:/SEURECA KISUMU/MARCH ANALYSIS REDONE/POTENTIAL CONNECTIONS/Manyatta/DMM pipelines.shp
KABISEA,,,,,107.675,0,0.1,OPEN,,MIL,,,Distribution,,In service,DMM,,,,17,0.50,0,DMM pipelines,E:/SEURECA KISUMU/MARCH ANALYSIS REDONE/POTENTIAL CONNECTIONS/Manyatta/DMM pipelines.shp
KABISEA,,,,,228.180,0,0.1,OPEN,,MIL,,,Distribution,,In service,DMM,,,,17,0.50,0,DMM pipelines,E:/SEURECA KISUMU/MARCH ANALYSIS REDONE/POTENTIAL CONNECTIONS/Manyatta/DMM pipelines.shp
KABISEA,,,,,155.955,0,0.1,OPEN,,MIL,,,Distribution,,In service,DMM,,,,17,0.50,0,DMM pipelines,E:/SEURECA KISUMU/MARCH ANALYSIS REDONE/POTENTIAL CONNECTIONS/Manyatta/DMM pipelines.shp
KABISEA,,,,,114.259,0,0.1,OPEN,,MIL,,,Distribution,,In service,DMM,,,,17,0.50,0,DMM pipelines,E:/SEURECA KISUMU/MARCH ANALYSIS REDONE/POTENTIAL CONNECTIONS/Manyatta/DMM pipelines.shp
KABISEA,,,,,15.938,0,0.1,OPEN,,MIL,,,Distribution,,In service,DMM,,,,17,0.50,0,DMM pipelines,E:/SEURECA KISUMU/MARCH ANALYSIS REDONE/POTENTIAL CONNECTIONS/Manyatta/DMM pipelines.shp
KABISEA,,,,,8.781,0,0.1,OPEN,,MIL,,,Distribution,,In service,DMM,,,,17,0.50,0,DMM pipelines,E:/SEURECA KISUMU/MARCH ANALYSIS REDONE/POTENTIAL CONNECTIONS/Manyatta/DMM pipelines.shp
KABISEA,,,,,3.502,0,0.1,OPEN,,MIL,,,Distribution,,In service,DMM,,,,50,2.00,0,DMM pipelines,E:/SEURECA KISUMU/MARCH ANALYSIS REDONE/POTENTIAL CONNECTIONS/Manyatta/DMM pipelines.shp
KABISEA,,,,,101.332,0,0.1,OPEN,,MIL,,,Distribution,,In service,DMM,,,,17,0.50,0,DMM pipelines,E:/SEURECA KISUMU/MARCH ANALYSIS REDONE/POTENTIAL CONNECTIONS/Manyatta/DMM pipelines.shp
KABISEA,,,,,70.949,0,0.1,OPEN,,MIL,,,Distribution,,In service,DMM,,,,17,0.50,0,DMM pipelines,E:/SEURECA KISUMU/MARCH ANALYSIS REDONE/POTENTIAL CONNECTIONS/Manyatta/DMM pipelines.shp
SIMBA,,,,,71.887,0,0.1,OPEN,,MIL,,,Distribution,,In service,DMM,,,,25,1.00,0,DMM pipelines,E:/SEURECA KISUMU/MARCH ANALYSIS REDONE/POTENTIAL CONNECTIONS/Manyatta/DMM pipelines.shp
SIMBA,,,,,26.731,0,0.1,OPEN,,MIL,,,Distribution,,In service,DMM,,,,17,0.50,0,DMM pipelines,E:/SEURECA KISUMU/MARCH ANALYSIS REDONE/POTENTIAL CONNECTIONS/Manyatta/DMM pipelines.shp
SIMBA,,,,,65.934,0,0.1,OPEN,,MIL,,,Distribution,,In service,DMM,,,,17,0.50,0,DMM pipelines,E:/SEURECA KISUMU/MARCH ANALYSIS REDONE/POTENTIAL CONNECTIONS/Manyatta/DMM pipelines.shp
KABISEA,,,,,0.684,0,0.1,OPEN,,MIL,,,Distribution,,In service,DMM,,,,17,0.50,0,DMM pipelines,E:/SEURECA KISUMU/MARCH ANALYSIS REDONE/POTENTIAL CONNECTIONS/Manyatta/DMM pipelines.shp
SIMBA,,,,,32.640,0,0.1,OPEN,,MIL,,,Distribution,,In service,DMM,,,,17,0.50,0,DMM pipelines,E:/SEURECA KISUMU/MARCH ANALYSIS REDONE/POTENTIAL CONNECTIONS/Manyatta/DMM pipelines.shp
SIMBA,,,,,60.782,0,0.1,OPEN,,MIL,,,Distribution,,In service,DMM,,,,25,1.00,0,DMM pipelines,E:/SEURECA KISUMU/MARCH ANALYSIS REDONE/POTENTIAL CONNECTIONS/Manyatta/DMM pipelines.shp
KABISEA,,,,,182.236,0,0.1,OPEN,,MIL,,,Distribution,,In service,DMM,,,,17,0.50,0,DMM pipelines,E:/SEURECA KISUMU/MARCH ANALYSIS REDONE/POTENTIAL CONNECTIONS/Manyatta/DMM pipelines.shp
WAMLANDA,,,,,12.755,0,0.1,OPEN,,MIL,,,Distribution,,In service,DMM,,,,50,2.00,0,DMM pipelines,E:/SEURECA KISUMU/MARCH ANALYSIS REDONE/POTENTIAL CONNECTIONS/Manyatta/DMM pipelines.shp
JAVAISHA,,,,,30.448,0,0.1,OPEN,,MIL,,,Distribution,,In service,DMM,,,,17,0.50,0,DMM pipelines,E:/SEURECA KISUMU/MARCH ANALYSIS REDONE/POTENTIAL CONNECTIONS/Manyatta/DMM pipelines.shp
JAVAISHA,,,,,9.038,0,0.1,OPEN,,MIL,,,Distribution,,In service,DMM,,,,17,0.50,0,DMM pipelines,E:/SEURECA KISUMU/MARCH ANALYSIS REDONE/POTENTIAL CONNECTIONS/Manyatta/DMM pipelines.shp
JAVAISHA,,,,,76.165,0,0.1,OPEN,,MIL,,,Distribution,,In service,DMM,,,,17,0.50,0,DMM pipelines,E:/SEURECA KISUMU/MARCH ANALYSIS REDONE/POTENTIAL CONNECTIONS/Manyatta/DMM pipelines.shp
JAVAISHA,,,,,75.392,0,0.1,OPEN,,MIL,,,Distribution,,In service,DMM,,,,17,0.50,0,DMM pipelines,E:/SEURECA KISUMU/MARCH ANALYSIS REDONE/POTENTIAL CONNECTIONS/Manyatta/DMM pipelines.shp
JAVAISHA,,,,,7.785,0,0.1,OPEN,,MIL,,,Distribution,,In service,DMM,,,,17,0.50,0,DMM pipelines,E:/SEURECA KISUMU/MARCH ANALYSIS REDONE/POTENTIAL CONNECTIONS/Manyatta/DMM pipelines.shp
JAVAISHA,,,,,14.800,0,0.1,OPEN,,MIL,,,Distribution,,In service,DMM,,,,17,0.50,0,DMM pipelines,E:/SEURECA KISUMU/MARCH ANALYSIS REDONE/POTENTIAL CONNECTIONS/Manyatta/DMM pipelines.shp
JAVAISHA,,,,,87.354,0,0.1,OPEN,,MIL,,,Distribution,,In service,DMM,,,,20,0.75,0,DMM pipelines,E:/SEURECA KISUMU/MARCH ANALYSIS REDONE/POTENTIAL CONNECTIONS/Manyatta/DMM pipelines.shp
JAVAISHA,,,,,31.593,0,0.1,OPEN,,MIL,,,Distribution,,In service,DMM,,,,17,0.50,0,DMM pipelines,E:/SEURECA KISUMU/MARCH ANALYSIS REDONE/POTENTIAL CONNECTIONS/Manyatta/DMM pipelines.shp
JAVAISHA,,,,,18.925,0,0.1,OPEN,,MIL,,,Distribution,,In service,DMM,,,,17,0.50,0,DMM pipelines,E:/SEURECA KISUMU/MARCH ANALYSIS REDONE/POTENTIAL CONNECTIONS/Manyatta/DMM pipelines.shp
JAVAISHA,,,,,18.252,0,0.1,OPEN,,MIL,,,Distribution,,In service,DMM,,,,17,0.50,0,DMM pipelines,E:/SEURECA KISUMU/MARCH ANALYSIS REDONE/POTENTIAL CONNECTIONS/Manyatta/DMM pipelines.shp
JAVAISHA,,,,,62.610,0,0.1,OPEN,,MIL,,,Distribution,,In service,DMM,,,,17,0.50,0,DMM pipelines,E:/SEURECA KISUMU/MARCH ANALYSIS REDONE/POTENTIAL CONNECTIONS/Manyatta/DMM pipelines.shp
JAVAISHA,,,,,26.670,0,0.1,OPEN,,MIL,,,Distribution,,In service,DMM,,,,17,0.50,0,DMM pipelines,E:/SEURECA KISUMU/MARCH ANALYSIS REDONE/POTENTIAL CONNECTIONS/Manyatta/DMM pipelines.shp
JAVAISHA,,,,,20.219,0,0.1,OPEN,,MIL,,,Distribution,,In service,DMM,,,,17,0.50,0,DMM pipelines,E:/SEURECA KISUMU/MARCH ANALYSIS REDONE/POTENTIAL CONNECTIONS/Manyatta/DMM pipelines.shp
JAVAISHA,,,,,32.621,0,0.1,OPEN,,MIL,,,Distribution,,In service,DMM,,,,17,0.50,0,DMM pipelines,E:/SEURECA KISUMU/MARCH ANALYSIS REDONE/POTENTIAL CONNECTIONS/Manyatta/DMM pipelines.shp
JAVAISHA,,,,,14.846,0,0.1,OPEN,,MIL,,,Distribution,,In service,DMM,,,,50,2.00,0,DMM pipelines,E:/SEURECA KISUMU/MARCH ANALYSIS REDONE/POTENTIAL CONNECTIONS/Manyatta/DMM pipelines.shp
JAVAISHA,,,,,31.497,0,0.1,OPEN,,MIL,,,Distribution,,In service,DMM,,,,17,0.50,0,DMM pipelines,E:/SEURECA KISUMU/MARCH ANALYSIS REDONE/POTENTIAL CONNECTIONS/Manyatta/DMM pipelines.shp
VILAGE CAR,,,,,10.954,0,0.1,OPEN,,MIL,,,Distribution,,In service,DMM,,,,50,2.00,0,DMM pipelines,E:/SEURECA KISUMU/MARCH ANALYSIS REDONE/POTENTIAL CONNECTIONS/Manyatta/DMM pipelines.shp
WAMLANDA,,,,,122.427,0,0.1,OPEN,,MIL,,,Distribution,,In service,DMM,,,,17,0.50,0,DMM pipelines,E:/SEURECA KISUMU/MARCH ANALYSIS REDONE/POTENTIAL CONNECTIONS/Manyatta/DMM pipelines.shp
WAMLANDA,,,,,60.675,0,0.1,OPEN,,MIL,,,Distribution,,In service,DMM,,,,17,0.50,0,DMM pipelines,E:/SEURECA KISUMU/MARCH ANALYSIS REDONE/POTENTIAL CONNECTIONS/Manyatta/DMM pipelines.shp
WAMLANDA,,,,,4.002,0,0.1,OPEN,,MIL,,,Distribution,,In service,DMM,,,,50,2.00,0,DMM pipelines,E:/SEURECA KISUMU/MARCH ANALYSIS REDONE/POTENTIAL CONNECTIONS/Manyatta/DMM pipelines.shp
WAMLANDA,,,,,90.851,0,0.1,OPEN,,MIL,,,Distribution,,In service,DMM,,,,17,0.50,0,DMM pipelines,E:/SEURECA KISUMU/MARCH ANALYSIS REDONE/POTENTIAL CONNECTIONS/Manyatta/DMM pipelines.shp
WAMLANDA,,,,,23.235,0,0.1,OPEN,,MIL,,,Distribution,,In service,DMM,,,,17,0.50,0,DMM pipelines,E:/SEURECA KISUMU/MARCH ANALYSIS REDONE/POTENTIAL CONNECTIONS/Manyatta/DMM pipelines.shp
WAMLANDA,,,,,1.844,0,0.1,OPEN,,MIL,,,Distribution,,In service,DMM,,,,50,2.00,0,DMM pipelines,E:/SEURECA KISUMU/MARCH ANALYSIS REDONE/POTENTIAL CONNECTIONS/Manyatta/DMM pipelines.shp
WAMLANDA,,,,,3.137,0,0.1,OPEN,,MIL,,,Distribution,,In service,DMM,,,,17,0.50,0,DMM pipelines,E:/SEURECA KISUMU/MARCH ANALYSIS REDONE/POTENTIAL CONNECTIONS/Manyatta/DMM pipelines.shp
WAMLANDA,,,,,95.473,0,0.1,OPEN,,MIL,,,Distribution,,In service,DMM,,,,17,0.50,0,DMM pipelines,E:/SEURECA KISUMU/MARCH ANALYSIS REDONE/POTENTIAL CONNECTIONS/Manyatta/DMM pipelines.shp
WAMLANDA,,,,,148.107,0,0.1,OPEN,,MIL,,,Distribution,,In service,DMM,,,,17,0.50,0,DMM pipelines,E:/SEURECA KISUMU/MARCH ANALYSIS REDONE/POTENTIAL CONNECTIONS/Manyatta/DMM pipelines.shp
WAMLANDA,,,,,34.412,0,0.1,OPEN,,MIL,,,Distribution,,In service,DMM,,,,17,0.50,0,DMM pipelines,E:/SEURECA KISUMU/MARCH ANALYSIS REDONE/POTENTIAL CONNECTIONS/Manyatta/DMM pipelines.shp
WAMLANDA,,,,,10.659,0,0.1,OPEN,,MIL,,,Distribution,,In service,DMM,,,,17,0.50,0,DMM pipelines,E:/SEURECA KISUMU/MARCH ANALYSIS REDONE/POTENTIAL CONNECTIONS/Manyatta/DMM pipelines.shp
WAMLANDA,,,,,10.404,0,0.1,OPEN,,MIL,,,Distribution,,In service,DMM,,,,17,0.50,0,DMM pipelines,E:/SEURECA KISUMU/MARCH ANALYSIS REDONE/POTENTIAL CONNECTIONS/Manyatta/DMM pipelines.shp
WAMLANDA,,,,,22.369,0,0.1,OPEN,,MIL,,,Distribution,,In service,DMM,,,,17,0.50,0,DMM pipelines,E:/SEURECA KISUMU/MARCH ANALYSIS REDONE/POTENTIAL CONNECTIONS/Manyatta/DMM pipelines.shp
WAMLANDA,,,,,38.727,0,0.1,OPEN,,MIL,,,Distribution,,In service,DMM,,,,17,0.50,0,DMM pipelines,E:/SEURECA KISUMU/MARCH ANALYSIS REDONE/POTENTIAL CONNECTIONS/Manyatta/DMM pipelines.shp
WAMLANDA,,,,,0.400,0,0.1,OPEN,,MIL,,,Distribution,,In service,DMM,,,,50,2.00,0,DMM pipelines,E:/SEURECA KISUMU/MARCH ANALYSIS REDONE/POTENTIAL CONNECTIONS/Manyatta/DMM pipelines.shp
WAMLANDA,,,,,133.227,0,0.1,OPEN,,MIL,,,Distribution,,In service,DMM,,,,17,0.50,0,DMM pipelines,E:/SEURECA KISUMU/MARCH ANALYSIS REDONE/POTENTIAL CONNECTIONS/Manyatta/DMM pipelines.shp
WAMLANDA,,,,,103.971,0,0.1,OPEN,,MIL,,,Distribution,,In service,DMM,,,,17,0.50,0,DMM pipelines,E:/SEURECA KISUMU/MARCH ANALYSIS REDONE/POTENTIAL CONNECTIONS/Manyatta/DMM pipelines.shp
WAMLANDA,,,,,44.419,0,0.1,OPEN,,MIL,,,Distribution,,In service,DMM,,,,17,0.50,0,DMM pipelines,E:/SEURECA KISUMU/MARCH ANALYSIS REDONE/POTENTIAL CONNECTIONS/Manyatta/DMM pipelines.shp
WAMLANDA,,,,,81.695,0,0.1,OPEN,,MIL,,,Distribution,,In service,DMM,,,,17,0.50,0,DMM pipelines,E:/SEURECA KISUMU/MARCH ANALYSIS REDONE/POTENTIAL CONNECTIONS/Manyatta/DMM pipelines.shp
WAMLANDA,,,,,88.417,0,0.1,OPEN,,MIL,,,Distribution,,In service,DMM,,,,17,0.50,0,DMM pipelines,E:/SEURECA KISUMU/MARCH ANALYSIS REDONE/POTENTIAL CONNECTIONS/Manyatta/DMM pipelines.shp
WAMLANDA,,,,,1.105,0,0.1,OPEN,,MIL,,,Distribution,,In service,DMM,,,,50,2.00,0,DMM pipelines,E:/SEURECA KISUMU/MARCH ANALYSIS REDONE/POTENTIAL CONNECTIONS/Manyatta/DMM pipelines.shp
WAMLANDA,,,,,24.842,0,0.1,OPEN,,MIL,,,Distribution,,In service,DMM,,,,17,0.50,0,DMM pipelines,E:/SEURECA KISUMU/MARCH ANALYSIS REDONE/POTENTIAL CONNECTIONS/Manyatta/DMM pipelines.shp
WAMLANDA,,,,,14.794,0,0.1,OPEN,,MIL,,,Distribution,,In service,DMM,,,,17,0.50,0,DMM pipelines,E:/SEURECA KISUMU/MARCH ANALYSIS REDONE/POTENTIAL CONNECTIONS/Manyatta/DMM pipelines.shp
WAMLANDA,,,,,53.911,0,0.1,OPEN,,MIL,,,Distribution,,In service,DMM,,,,17,0.50,0,DMM pipelines,E:/SEURECA KISUMU/MARCH ANALYSIS REDONE/POTENTIAL CONNECTIONS/Manyatta/DMM pipelines.shp
WAMLANDA,,,,,103.138,0,0.1,OPEN,,MIL,,,Distribution,,In service,DMM,,,,17,0.50,0,DMM pipelines,E:/SEURECA KISUMU/MARCH ANALYSIS REDONE/POTENTIAL CONNECTIONS/Manyatta/DMM pipelines.shp
WAMLANDA,,,,,1.270,0,0.1,OPEN,,MIL,,,Distribution,,In service,DMM,,,,50,2.00,0,DMM pipelines,E:/SEURECA KISUMU/MARCH ANALYSIS REDONE/POTENTIAL CONNECTIONS/Manyatta/DMM pipelines.shp
WAMLANDA,,,,,5.964,0,0.1,OPEN,,MIL,,,Distribution,,In service,DMM,,,,17,0.50,0,DMM pipelines,E:/SEURECA KISUMU/MARCH ANALYSIS REDONE/POTENTIAL CONNECTIONS/Manyatta/DMM pipelines.shp
WAMLANDA,,,,,20.480,0,0.1,OPEN,,MIL,,,Distribution,,In service,DMM,,,,17,0.50,0,DMM pipelines,E:/SEURECA KISUMU/MARCH ANALYSIS REDONE/POTENTIAL CONNECTIONS/Manyatta/DMM pipelines.shp
WAMLANDA,,,,,198.359,0,0.1,OPEN,,MIL,,,Distribution,,In service,DMM,,,,17,0.50,0,DMM pipelines,E:/SEURECA KISUMU/MARCH ANALYSIS REDONE/POTENTIAL CONNECTIONS/Manyatta/DMM pipelines.shp
WAMLANDA,,,,,1.155,0,0.1,OPEN,,MIL,,,Distribution,,In service,DMM,,,,17,0.50,0,DMM pipelines,E:/SEURECA KISUMU/MARCH ANALYSIS REDONE/POTENTIAL CONNECTIONS/Manyatta/DMM pipelines.shp
WAMLANDA,,,,,11.993,0,0.1,OPEN,,MIL,,,Distribution,,In service,DMM,,,,50,2.00,0,DMM pipelines,E:/SEURECA KISUMU/MARCH ANALYSIS REDONE/POTENTIAL CONNECTIONS/Manyatta/DMM pipelines.shp
WAMLANDA,,,,,11.759,0,0.1,OPEN,,MIL,,,Distribution,,In service,DMM,,,,17,0.50,0,DMM pipelines,E:/SEURECA KISUMU/MARCH ANALYSIS REDONE/POTENTIAL CONNECTIONS/Manyatta/DMM pipelines.shp
WAMLANDA,,,,,14.801,0,0.1,OPEN,,MIL,,,Distribution,,In service,DMM,,,,17,0.50,0,DMM pipelines,E:/SEURECA KISUMU/MARCH ANALYSIS REDONE/POTENTIAL CONNECTIONS/Manyatta/DMM pipelines.shp
WAMLANDA,,,,,71.625,0,0.1,OPEN,,MIL,,,Distribution,,In service,DMM,,,,17,0.50,0,DMM pipelines,E:/SEURECA KISUMU/MARCH ANALYSIS REDONE/POTENTIAL CONNECTIONS/Manyatta/DMM pipelines.shp
WAMLANDA,,,,,26.456,0,0.1,OPEN,,MIL,,,Distribution,,In service,DMM,,,,17,0.50,0,DMM pipelines,E:/SEURECA KISUMU/MARCH ANALYSIS REDONE/POTENTIAL CONNECTIONS/Manyatta/DMM pipelines.shp
WAMLANDA,,,,,20.869,0,0.1,OPEN,,MIL,,,Distribution,,In service,DMM,,,,17,0.50,0,DMM pipelines,E:/SEURECA KISUMU/MARCH ANALYSIS REDONE/POTENTIAL CONNECTIONS/Manyatta/DMM pipelines.shp
WAMLANDA,,,,,8.997,0,0.1,OPEN,,MIL,,,Distribution,,In service,DMM,,,,17,0.50,0,DMM pipelines,E:/SEURECA KISUMU/MARCH ANALYSIS REDONE/POTENTIAL CONNECTIONS/Manyatta/DMM pipelines.shp
WAMLANDA,,,,,5.707,0,0.1,OPEN,,MIL,,,Distribution,,In service,DMM,,,,17,0.50,0,DMM pipelines,E:/SEURECA KISUMU/MARCH ANALYSIS REDONE/POTENTIAL CONNECTIONS/Manyatta/DMM pipelines.shp
WAMLANDA,,,,,4.321,0,0.1,OPEN,,MIL,,,Distribution,,In service,DMM,,,,50,2.00,0,DMM pipelines,E:/SEURECA KISUMU/MARCH ANALYSIS REDONE/POTENTIAL CONNECTIONS/Manyatta/DMM pipelines.shp
WAMLANDA,,,,,32.423,0,0.1,OPEN,,MIL,,,Distribution,,In service,DMM,,,,17,0.50,0,DMM pipelines,E:/SEURECA KISUMU/MARCH ANALYSIS REDONE/POTENTIAL CONNECTIONS/Manyatta/DMM pipelines.shp
WAMLANDA,,,,,99.350,0,0.1,OPEN,,MIL,,,Distribution,,In service,DMM,,,,17,0.50,0,DMM pipelines,E:/SEURECA KISUMU/MARCH ANALYSIS REDONE/POTENTIAL CONNECTIONS/Manyatta/DMM pipelines.shp
WAMLANDA,,,,,24.231,0,0.1,OPEN,,MIL,,,Distribution,,In service,DMM,,,,17,0.50,0,DMM pipelines,E:/SEURECA KISUMU/MARCH ANALYSIS REDONE/POTENTIAL CONNECTIONS/Manyatta/DMM pipelines.shp
WAMLANDA,,,,,59.682,0,0.1,OPEN,,MIL,,,Distribution,,In service,DMM,,,,17,0.50,0,DMM pipelines,E:/SEURECA KISUMU/MARCH ANALYSIS REDONE/POTENTIAL CONNECTIONS/Manyatta/DMM pipelines.shp
WAMLANDA,,,,,28.743,0,0.1,OPEN,,MIL,,,Distribution,,In service,DMM,,,,17,0.50,0,DMM pipelines,E:/SEURECA KISUMU/MARCH ANALYSIS REDONE/POTENTIAL CONNECTIONS/Manyatta/DMM pipelines.shp
WAMLANDA,,,,,120.327,0,0.1,OPEN,,MIL,,,Distribution,,In service,DMM,,,,17,0.50,0,DMM pipelines,E:/SEURECA KISUMU/MARCH ANALYSIS REDONE/POTENTIAL CONNECTIONS/Manyatta/DMM pipelines.shp
WAMLANDA,,,,,9.252,0,0.1,OPEN,,MIL,,,Distribution,,In service,DMM,,,,50,2.00,0,DMM pipelines,E:/SEURECA KISUMU/MARCH ANALYSIS REDONE/POTENTIAL CONNECTIONS/Manyatta/DMM pipelines.shp
WAMLANDA,,,,,6.029,0,0.1,OPEN,,MIL,,,Distribution,,In service,DMM,,,,17,0.50,0,DMM pipelines,E:/SEURECA KISUMU/MARCH ANALYSIS REDONE/POTENTIAL CONNECTIONS/Manyatta/DMM pipelines.shp
WAMLANDA,,,,,18.200,0,0.1,OPEN,,MIL,,,Distribution,,In service,DMM,,,,17,0.50,0,DMM pipelines,E:/SEURECA KISUMU/MARCH ANALYSIS REDONE/POTENTIAL CONNECTIONS/Manyatta/DMM pipelines.shp
WAMLANDA,,,,,144.910,0,0.1,OPEN,,MIL,,,Distribution,,In service,DMM,,,,17,0.50,0,DMM pipelines,E:/SEURECA KISUMU/MARCH ANALYSIS REDONE/POTENTIAL CONNECTIONS/Manyatta/DMM pipelines.shp
WAMLANDA,,,,,141.900,0,0.1,OPEN,,MIL,,,Distribution,,In service,DMM,,,,17,0.50,0,DMM pipelines,E:/SEURECA KISUMU/MARCH ANALYSIS REDONE/POTENTIAL CONNECTIONS/Manyatta/DMM pipelines.shp
WAMLANDA,,,,,76.264,0,0.1,OPEN,,MIL,,,Distribution,,In service,DMM,,,,17,0.50,0,DMM pipelines,E:/SEURECA KISUMU/MARCH ANALYSIS REDONE/POTENTIAL CONNECTIONS/Manyatta/DMM pipelines.shp
WAMLANDA,,,,,57.929,0,0.1,OPEN,,MIL,,,Distribution,,In service,DMM,,,,17,0.50,0,DMM pipelines,E:/SEURECA KISUMU/MARCH ANALYSIS REDONE/POTENTIAL CONNECTIONS/Manyatta/DMM pipelines.shp
WAMLANDA,,,,,54.501,0,0.1,OPEN,,MIL,,,Distribution,,In service,DMM,,,,17,0.50,0,DMM pipelines,E:/SEURECA KISUMU/MARCH ANALYSIS REDONE/POTENTIAL CONNECTIONS/Manyatta/DMM pipelines.shp
WAMLANDA,,,,,134.802,0,0.1,OPEN,,MIL,,,Distribution,,In service,DMM,,,,17,0.50,0,DMM pipelines,E:/SEURECA KISUMU/MARCH ANALYSIS REDONE/POTENTIAL CONNECTIONS/Manyatta/DMM pipelines.shp
WAMLANDA,,,,,95.147,0,0.1,OPEN,,MIL,,,Distribution,,In service,DMM,,,,17,0.50,0,DMM pipelines,E:/SEURECA KISUMU/MARCH ANALYSIS REDONE/POTENTIAL CONNECTIONS/Manyatta/DMM pipelines.shp
WAMLANDA,,,,,48.615,0,0.1,OPEN,,MIL,,,Distribution,,In service,DMM,,,,17,0.50,0,DMM pipelines,E:/SEURECA KISUMU/MARCH ANALYSIS REDONE/POTENTIAL CONNECTIONS/Manyatta/DMM pipelines.shp
WAMLANDA,,,,,10.163,0,0.1,OPEN,,MIL,,,Distribution,,In service,DMM,,,,17,0.50,0,DMM pipelines,E:/SEURECA KISUMU/MARCH ANALYSIS REDONE/POTENTIAL CONNECTIONS/Manyatta/DMM pipelines.shp
JAVAISHA,,,,,0.784,0,0.1,OPEN,,MIL,,,Distribution,,In service,DMM,,,,50,2.00,0,DMM pipelines,E:/SEURECA KISUMU/MARCH ANALYSIS REDONE/POTENTIAL CONNECTIONS/Manyatta/DMM pipelines.shp
JAVAISHA,,,,,1.009,0,0.1,OPEN,,MIL,,,Distribution,,In service,DMM,,,,17,0.50,0,DMM pipelines,E:/SEURECA KISUMU/MARCH ANALYSIS REDONE/POTENTIAL CONNECTIONS/Manyatta/DMM pipelines.shp
JAVAISHA,,,,,45.442,0,0.1,OPEN,,MIL,,,Distribution,,In service,DMM,,,,17,0.50,0,DMM pipelines,E:/SEURECA KISUMU/MARCH ANALYSIS REDONE/POTENTIAL CONNECTIONS/Manyatta/DMM pipelines.shp
JAVAISHA,,,,,35.524,0,0.1,OPEN,,MIL,,,Distribution,,In service,DMM,,,,17,0.50,0,DMM pipelines,E:/SEURECA KISUMU/MARCH ANALYSIS REDONE/POTENTIAL CONNECTIONS/Manyatta/DMM pipelines.shp
JAVAISHA,,,,,7.997,0,0.1,OPEN,,MIL,,,Distribution,,In service,DMM,,,,17,0.50,0,DMM pipelines,E:/SEURECA KISUMU/MARCH ANALYSIS REDONE/POTENTIAL CONNECTIONS/Manyatta/DMM pipelines.shp
JAVAISHA,,,,,54.740,0,0.1,OPEN,,MIL,,,Distribution,,In service,DMM,,,,17,0.50,0,DMM pipelines,E:/SEURECA KISUMU/MARCH ANALYSIS REDONE/POTENTIAL CONNECTIONS/Manyatta/DMM pipelines.shp
JAVAISHA,,,,,68.311,0,0.1,OPEN,,MIL,,,Distribution,,In service,DMM,,,,17,0.50,0,DMM pipelines,E:/SEURECA KISUMU/MARCH ANALYSIS REDONE/POTENTIAL CONNECTIONS/Manyatta/DMM pipelines.shp
JAVAISHA,,,,,74.254,0,0.1,OPEN,,MIL,,,Distribution,,In service,DMM,,,,17,0.50,0,DMM pipelines,E:/SEURECA KISUMU/MARCH ANALYSIS REDONE/POTENTIAL CONNECTIONS/Manyatta/DMM pipelines.shp
JAVAISHA,,,,,7.951,0,0.1,OPEN,,MIL,,,Distribution,,In service,DMM,,,,50,2.00,0,DMM pipelines,E:/SEURECA KISUMU/MARCH ANALYSIS REDONE/POTENTIAL CONNECTIONS/Manyatta/DMM pipelines.shp
JAVAISHA,,,,,58.212,0,0.1,OPEN,,MIL,,,Distribution,,In service,DMM,,,,20,0.75,0,DMM pipelines,E:/SEURECA KISUMU/MARCH ANALYSIS REDONE/POTENTIAL CONNECTIONS/Manyatta/DMM pipelines.shp
JAVAISHA,,,,,70.199,0,0.1,OPEN,,MIL,,,Distribution,,In service,DMM,,,,17,0.50,0,DMM pipelines,E:/SEURECA KISUMU/MARCH ANALYSIS REDONE/POTENTIAL CONNECTIONS/Manyatta/DMM pipelines.shp
JAVAISHA,,,,,18.796,0,0.1,OPEN,,MIL,,,Distribution,,In service,DMM,,,,17,0.50,0,DMM pipelines,E:/SEURECA KISUMU/MARCH ANALYSIS REDONE/POTENTIAL CONNECTIONS/Manyatta/DMM pipelines.shp
JAVAISHA,,,,,109.905,0,0.1,OPEN,,MIL,,,Distribution,,In service,DMM,,,,17,0.50,0,DMM pipelines,E:/SEURECA KISUMU/MARCH ANALYSIS REDONE/POTENTIAL CONNECTIONS/Manyatta/DMM pipelines.shp
JAVAISHA,,,,,22.845,0,0.1,OPEN,,MIL,,,Distribution,,In service,DMM,,,,17,0.50,0,DMM pipelines,E:/SEURECA KISUMU/MARCH ANALYSIS REDONE/POTENTIAL CONNECTIONS/Manyatta/DMM pipelines.shp
JAVAISHA,,,,,29.134,0,0.1,OPEN,,MIL,,,Distribution,,In service,DMM,,,,17,0.50,0,DMM pipelines,E:/SEURECA KISUMU/MARCH ANALYSIS REDONE/POTENTIAL CONNECTIONS/Manyatta/DMM pipelines.shp
JAVAISHA,,,,,19.349,0,0.1,OPEN,,MIL,,,Distribution,,In service,DMM,,,,17,0.50,0,DMM pipelines,E:/SEURECA KISUMU/MARCH ANALYSIS REDONE/POTENTIAL CONNECTIONS/Manyatta/DMM pipelines.shp
JAVAISHA,,,,,35.587,0,0.1,OPEN,,MIL,,,Distribution,,In service,DMM,,,,17,0.50,0,DMM pipelines,E:/SEURECA KISUMU/MARCH ANALYSIS REDONE/POTENTIAL CONNECTIONS/Manyatta/DMM pipelines.shp
JAVAISHA,,,,,7.733,0,0.1,OPEN,,MIL,,,Distribution,,In service,DMM,,,,17,0.50,0,DMM pipelines,E:/SEURECA KISUMU/MARCH ANALYSIS REDONE/POTENTIAL CONNECTIONS/Manyatta/DMM pipelines.shp
JAVAISHA,,,,,62.927,0,0.1,OPEN,,MIL,,,Distribution,,In service,DMM,,,,17,0.50,0,DMM pipelines,E:/SEURECA KISUMU/MARCH ANALYSIS REDONE/POTENTIAL CONNECTIONS/Manyatta/DMM pipelines.shp
JAVAISHA,,,,,65.114,0,0.1,OPEN,,MIL,,,Distribution,,In service,DMM,,,,17,0.50,0,DMM pipelines,E:/SEURECA KISUMU/MARCH ANALYSIS REDONE/POTENTIAL CONNECTIONS/Manyatta/DMM pipelines.shp
JAVAISHA,,,,,42.230,0,0.1,OPEN,,MIL,,,Distribution,,In service,DMM,,,,17,0.50,0,DMM pipelines,E:/SEURECA KISUMU/MARCH ANALYSIS REDONE/POTENTIAL CONNECTIONS/Manyatta/DMM pipelines.shp
JAVAISHA,,,,,54.700,0,0.1,OPEN,,MIL,,,Distribution,,In service,DMM,,,,17,0.50,0,DMM pipelines,E:/SEURECA KISUMU/MARCH ANALYSIS REDONE/POTENTIAL CONNECTIONS/Manyatta/DMM pipelines.shp
JAVAISHA,,,,,33.558,0,0.1,OPEN,,MIL,,,Distribution,,In service,DMM,,,,17,0.50,0,DMM pipelines,E:/SEURECA KISUMU/MARCH ANALYSIS REDONE/POTENTIAL CONNECTIONS/Manyatta/DMM pipelines.shp
JAVAISHA,,,,,35.354,0,0.1,OPEN,,MIL,,,Distribution,,In service,DMM,,,,17,0.50,0,DMM pipelines,E:/SEURECA KISUMU/MARCH ANALYSIS REDONE/POTENTIAL CONNECTIONS/Manyatta/DMM pipelines.shp
JAVAISHA,,,,,50.076,0,0.1,OPEN,,MIL,,,Distribution,,In service,DMM,,,,17,0.50,0,DMM pipelines,E:/SEURECA KISUMU/MARCH ANALYSIS REDONE/POTENTIAL CONNECTIONS/Manyatta/DMM pipelines.shp
JAVAISHA,,,,,55.978,0,0.1,OPEN,,MIL,,,Distribution,,In service,DMM,,,,17,0.50,0,DMM pipelines,E:/SEURECA KISUMU/MARCH ANALYSIS REDONE/POTENTIAL CONNECTIONS/Manyatta/DMM pipelines.shp
VILAGE CAR,,,,,4.780,0,0.1,OPEN,,MIL,,,Distribution,,In service,DMM,,,,50,2.00,0,DMM pipelines,E:/SEURECA KISUMU/MARCH ANALYSIS REDONE/POTENTIAL CONNECTIONS/Manyatta/DMM pipelines.shp
VILAGE CAR,,,,,60.286,0,0.1,OPEN,,MIL,,,Distribution,,In service,DMM,,,,40,1.50,0,DMM pipelines,E:/SEURECA KISUMU/MARCH ANALYSIS REDONE/POTENTIAL CONNECTIONS/Manyatta/DMM pipelines.shp
VILAGE CAR,,,,,12.529,0,0.1,OPEN,,MIL,,,Distribution,,In service,DMM,,,,20,0.75,0,DMM pipelines,E:/SEURECA KISUMU/MARCH ANALYSIS REDONE/POTENTIAL CONNECTIONS/Manyatta/DMM pipelines.shp
VILAGE CAR,,,,,20.048,0,0.1,OPEN,,MIL,,,Distribution,,In service,DMM,,,,20,0.75,0,DMM pipelines,E:/SEURECA KISUMU/MARCH ANALYSIS REDONE/POTENTIAL CONNECTIONS/Manyatta/DMM pipelines.shp
VILAGE CAR,,,,,11.979,0,0.1,OPEN,,MIL,,,Distribution,,In service,DMM,,,,20,0.75,0,DMM pipelines,E:/SEURECA KISUMU/MARCH ANALYSIS REDONE/POTENTIAL CONNECTIONS/Manyatta/DMM pipelines.shp
VILAGE CAR,,,,,6.853,0,0.1,OPEN,,MIL,,,Distribution,,In service,DMM,,,,17,0.50,0,DMM pipelines,E:/SEURECA KISUMU/MARCH ANALYSIS REDONE/POTENTIAL CONNECTIONS/Manyatta/DMM pipelines.shp
VILAGE CAR,,,,,97.113,0,0.1,OPEN,,MIL,,,Distribution,,In service,DMM,,,,17,0.50,0,DMM pipelines,E:/SEURECA KISUMU/MARCH ANALYSIS REDONE/POTENTIAL CONNECTIONS/Manyatta/DMM pipelines.shp
VILAGE CAR,,,,,36.209,0,0.1,OPEN,,MIL,,,Distribution,,In service,DMM,,,,17,0.50,0,DMM pipelines,E:/SEURECA KISUMU/MARCH ANALYSIS REDONE/POTENTIAL CONNECTIONS/Manyatta/DMM pipelines.shp
VILAGE CAR,,,,,10.246,0,0.1,OPEN,,MIL,,,Distribution,,In service,DMM,,,,20,0.75,0,DMM pipelines,E:/SEURECA KISUMU/MARCH ANALYSIS REDONE/POTENTIAL CONNECTIONS/Manyatta/DMM pipelines.shp
VILAGE CAR,,,,,34.913,0,0.1,OPEN,,MIL,,,Distribution,,In service,DMM,,,,20,0.75,0,DMM pipelines,E:/SEURECA KISUMU/MARCH ANALYSIS REDONE/POTENTIAL CONNECTIONS/Manyatta/DMM pipelines.shp
VILAGE CAR,,,,,14.222,0,0.1,OPEN,,MIL,,,Distribution,,In service,DMM,,,,17,0.50,0,DMM pipelines,E:/SEURECA KISUMU/MARCH ANALYSIS REDONE/POTENTIAL CONNECTIONS/Manyatta/DMM pipelines.shp
VILAGE CAR,,,,,3.455,0,0.1,OPEN,,MIL,,,Distribution,,In service,DMM,,,,50,2.00,0,DMM pipelines,E:/SEURECA KISUMU/MARCH ANALYSIS REDONE/POTENTIAL CONNECTIONS/Manyatta/DMM pipelines.shp
VILAGE CAR,,,,,21.811,0,0.1,OPEN,,MIL,,,Distribution,,In service,DMM,,,,17,0.50,0,DMM pipelines,E:/SEURECA KISUMU/MARCH ANALYSIS REDONE/POTENTIAL CONNECTIONS/Manyatta/DMM pipelines.shp
VILAGE CAR,,,,,22.060,0,0.1,OPEN,,MIL,,,Distribution,,In service,DMM,,,,17,0.50,0,DMM pipelines,E:/SEURECA KISUMU/MARCH ANALYSIS REDONE/POTENTIAL CONNECTIONS/Manyatta/DMM pipelines.shp
VILAGE CAR,,,,,21.299,0,0.1,OPEN,,MIL,,,Distribution,,In service,DMM,,,,17,0.50,0,DMM pipelines,E:/SEURECA KISUMU/MARCH ANALYSIS REDONE/POTENTIAL CONNECTIONS/Manyatta/DMM pipelines.shp
VILAGE CAR,,,,,20.287,0,0.1,OPEN,,MIL,,,Distribution,,In service,DMM,,,,17,0.50,0,DMM pipelines,E:/SEURECA KISUMU/MARCH ANALYSIS REDONE/POTENTIAL CONNECTIONS/Manyatta/DMM pipelines.shp
VILAGE CAR,,,,,48.342,0,0.1,OPEN,,MIL,,,Distribution,,In service,DMM,,,,17,0.50,0,DMM pipelines,E:/SEURECA KISUMU/MARCH ANALYSIS REDONE/POTENTIAL CONNECTIONS/Manyatta/DMM pipelines.shp
VILAGE CAR,,,,,74.856,0,0.1,OPEN,,MIL,,,Distribution,,In service,DMM,,,,17,0.50,0,DMM pipelines,E:/SEURECA KISUMU/MARCH ANALYSIS REDONE/POTENTIAL CONNECTIONS/Manyatta/DMM pipelines.shp
VILAGE CAR,,,,,20.253,0,0.1,OPEN,,MIL,,,Distribution,,In service,DMM,,,,17,0.50,0,DMM pipelines,E:/SEURECA KISUMU/MARCH ANALYSIS REDONE/POTENTIAL CONNECTIONS/Manyatta/DMM pipelines.shp
VILAGE CAR,,,,,163.369,0,0.1,OPEN,,MIL,,,Distribution,,In service,DMM,,,,17,0.50,0,DMM pipelines,E:/SEURECA KISUMU/MARCH ANALYSIS REDONE/POTENTIAL CONNECTIONS/Manyatta/DMM pipelines.shp
VILAGE CAR,,,,,25.473,0,0.1,OPEN,,MIL,,,Distribution,,In service,DMM,,,,17,0.50,0,DMM pipelines,E:/SEURECA KISUMU/MARCH ANALYSIS REDONE/POTENTIAL CONNECTIONS/Manyatta/DMM pipelines.shp
VILAGE CAR,,,,,72.863,0,0.1,OPEN,,MIL,,,Distribution,,In service,DMM,,,,17,0.50,0,DMM pipelines,E:/SEURECA KISUMU/MARCH ANALYSIS REDONE/POTENTIAL CONNECTIONS/Manyatta/DMM pipelines.shp
VILAGE CAR,,,,,88.766,0,0.1,OPEN,,MIL,,,Distribution,,In service,DMM,,,,17,0.50,0,DMM pipelines,E:/SEURECA KISUMU/MARCH ANALYSIS REDONE/POTENTIAL CONNECTIONS/Manyatta/DMM pipelines.shp
VILAGE CAR,,,,,31.819,0,0.1,OPEN,,MIL,,,Distribution,,In service,DMM,,,,17,0.50,0,DMM pipelines,E:/SEURECA KISUMU/MARCH ANALYSIS REDONE/POTENTIAL CONNECTIONS/Manyatta/DMM pipelines.shp
VILAGE CAR,,,,,6.292,0,0.1,OPEN,,MIL,,,Distribution,,In service,DMM,,,,50,2.00,0,DMM pipelines,E:/SEURECA KISUMU/MARCH ANALYSIS REDONE/POTENTIAL CONNECTIONS/Manyatta/DMM pipelines.shp
VILAGE CAR,,,,,26.687,0,0.1,OPEN,,MIL,,,Distribution,,In service,DMM,,,,17,0.50,0,DMM pipelines,E:/SEURECA KISUMU/MARCH ANALYSIS REDONE/POTENTIAL CONNECTIONS/Manyatta/DMM pipelines.shp
VILAGE CAR,,,,,18.723,0,0.1,OPEN,,MIL,,,Distribution,,In service,DMM,,,,17,0.50,0,DMM pipelines,E:/SEURECA KISUMU/MARCH ANALYSIS REDONE/POTENTIAL CONNECTIONS/Manyatta/DMM pipelines.shp
VILAGE CAR,,,,,40.943,0,0.1,OPEN,,MIL,,,Distribution,,In service,DMM,,,,17,0.50,0,DMM pipelines,E:/SEURECA KISUMU/MARCH ANALYSIS REDONE/POTENTIAL CONNECTIONS/Manyatta/DMM pipelines.shp
VILAGE CAR,,,,,59.787,0,0.1,OPEN,,MIL,,,Distribution,,In service,DMM,,,,17,0.50,0,DMM pipelines,E:/SEURECA KISUMU/MARCH ANALYSIS REDONE/POTENTIAL CONNECTIONS/Manyatta/DMM pipelines.shp
VILAGE CAR,,,,,54.319,0,0.1,OPEN,,MIL,,,Distribution,,In service,DMM,,,,20,0.75,0,DMM pipelines,E:/SEURECA KISUMU/MARCH ANALYSIS REDONE/POTENTIAL CONNECTIONS/Manyatta/DMM pipelines.shp
VILAGE CAR,,,,,171.129,0,0.1,OPEN,,MIL,,,Distribution,,In service,DMM,,,,20,0.75,0,DMM pipelines,E:/SEURECA KISUMU/MARCH ANALYSIS REDONE/POTENTIAL CONNECTIONS/Manyatta/DMM pipelines.shp
VILAGE CAR,,,,,62.977,0,0.1,OPEN,,MIL,,,Distribution,,In service,DMM,,,,20,0.75,0,DMM pipelines,E:/SEURECA KISUMU/MARCH ANALYSIS REDONE/POTENTIAL CONNECTIONS/Manyatta/DMM pipelines.shp
VILAGE CAR,,,,,131.578,0,0.1,OPEN,,MIL,,,Distribution,,In service,DMM,,,,20,0.75,0,DMM pipelines,E:/SEURECA KISUMU/MARCH ANALYSIS REDONE/POTENTIAL CONNECTIONS/Manyatta/DMM pipelines.shp
VILAGE CAR,,,,,0.066,0,0.1,OPEN,,MIL,,,Distribution,,In service,DMM,,,,50,2.00,0,DMM pipelines,E:/SEURECA KISUMU/MARCH ANALYSIS REDONE/POTENTIAL CONNECTIONS/Manyatta/DMM pipelines.shp
VILAGE CAR,,,,,43.631,0,0.1,OPEN,,MIL,,,Distribution,,In service,DMM,,,,17,0.50,0,DMM pipelines,E:/SEURECA KISUMU/MARCH ANALYSIS REDONE/POTENTIAL CONNECTIONS/Manyatta/DMM pipelines.shp
VILAGE CAR,,,,,56.111,0,0.1,OPEN,,MIL,,,Distribution,,In service,DMM,,,,17,0.50,0,DMM pipelines,E:/SEURECA KISUMU/MARCH ANALYSIS REDONE/POTENTIAL CONNECTIONS/Manyatta/DMM pipelines.shp
VILAGE CAR,,,,,97.324,0,0.1,OPEN,,MIL,,,Distribution,,In service,DMM,,,,17,0.50,0,DMM pipelines,E:/SEURECA KISUMU/MARCH ANALYSIS REDONE/POTENTIAL CONNECTIONS/Manyatta/DMM pipelines.shp
VILAGE CAR,,,,,2.549,0,0.1,OPEN,,MIL,,,Distribution,,In service,DMM,,,,50,2.00,0,DMM pipelines,E:/SEURECA KISUMU/MARCH ANALYSIS REDONE/POTENTIAL CONNECTIONS/Manyatta/DMM pipelines.shp
VILAGE CAR,,,,,12.560,0,0.1,OPEN,,MIL,,,Distribution,,In service,DMM,,,,17,0.50,0,DMM pipelines,E:/SEURECA KISUMU/MARCH ANALYSIS REDONE/POTENTIAL CONNECTIONS/Manyatta/DMM pipelines.shp
VILAGE CAR,,,,,114.387,0,0.1,OPEN,,MIL,,,Distribution,,In service,DMM,,,,17,0.50,0,DMM pipelines,E:/SEURECA KISUMU/MARCH ANALYSIS REDONE/POTENTIAL CONNECTIONS/Manyatta/DMM pipelines.shp
VILAGE CAR,,,,,49.304,0,0.1,OPEN,,MIL,,,Distribution,,In service,DMM,,,,17,0.50,0,DMM pipelines,E:/SEURECA KISUMU/MARCH ANALYSIS REDONE/POTENTIAL CONNECTIONS/Manyatta/DMM pipelines.shp
VILAGE CAR,,,,,128.218,0,0.1,OPEN,,MIL,,,Distribution,,In service,DMM,,,,17,0.50,0,DMM pipelines,E:/SEURECA KISUMU/MARCH ANALYSIS REDONE/POTENTIAL CONNECTIONS/Manyatta/DMM pipelines.shp
VILAGE CAR,,,,,42.130,0,0.1,OPEN,,MIL,,,Distribution,,In service,DMM,,,,17,0.50,0,DMM pipelines,E:/SEURECA KISUMU/MARCH ANALYSIS REDONE/POTENTIAL CONNECTIONS/Manyatta/DMM pipelines.shp
VILAGE CAR,,,,,1.922,0,0.1,OPEN,,MIL,,,Distribution,,In service,DMM,,,,17,0.50,0,DMM pipelines,E:/SEURECA KISUMU/MARCH ANALYSIS REDONE/POTENTIAL CONNECTIONS/Manyatta/DMM pipelines.shp
VILAGE CAR,,,,,2.945,0,0.1,OPEN,,MIL,,,Distribution,,In service,DMM,,,,17,0.50,0,DMM pipelines,E:/SEURECA KISUMU/MARCH ANALYSIS REDONE/POTENTIAL CONNECTIONS/Manyatta/DMM pipelines.shp
VILAGE CAR,,,,,88.757,0,0.1,OPEN,,MIL,,,Distribution,,In service,DMM,,,,17,0.50,0,DMM pipelines,E:/SEURECA KISUMU/MARCH ANALYSIS REDONE/POTENTIAL CONNECTIONS/Manyatta/DMM pipelines.shp
VILAGE CAR,,,,,3.306,0,0.1,OPEN,,MIL,,,Distribution,,In service,DMM,,,,50,2.00,0,DMM pipelines,E:/SEURECA KISUMU/MARCH ANALYSIS REDONE/POTENTIAL CONNECTIONS/Manyatta/DMM pipelines.shp
VILAGE CAR,,,,,20.324,0,0.1,OPEN,,MIL,,,Distribution,,In service,DMM,,,,17,0.50,0,DMM pipelines,E:/SEURECA KISUMU/MARCH ANALYSIS REDONE/POTENTIAL CONNECTIONS/Manyatta/DMM pipelines.shp
VILAGE CAR,,,,,32.572,0,0.1,OPEN,,MIL,,,Distribution,,In service,DMM,,,,17,0.50,0,DMM pipelines,E:/SEURECA KISUMU/MARCH ANALYSIS REDONE/POTENTIAL CONNECTIONS/Manyatta/DMM pipelines.shp
VILAGE CAR,,,,,131.388,0,0.1,OPEN,,MIL,,,Distribution,,In service,DMM,,,,20,0.75,0,DMM pipelines,E:/SEURECA KISUMU/MARCH ANALYSIS REDONE/POTENTIAL CONNECTIONS/Manyatta/DMM pipelines.shp
VILAGE CAR,,,,,41.138,0,0.1,OPEN,,MIL,,,Distribution,,In service,DMM,,,,17,0.50,0,DMM pipelines,E:/SEURECA KISUMU/MARCH ANALYSIS REDONE/POTENTIAL CONNECTIONS/Manyatta/DMM pipelines.shp
VILAGE CAR,,,,,32.197,0,0.1,OPEN,,MIL,,,Distribution,,In service,DMM,,,,17,0.50,0,DMM pipelines,E:/SEURECA KISUMU/MARCH ANALYSIS REDONE/POTENTIAL CONNECTIONS/Manyatta/DMM pipelines.shp
KATUORO,,,,,26.121,0,0.1,OPEN,,MIL,,,Distribution main,,In service,DMM,,,,75,3.00,0,DMM pipelines,E:/SEURECA KISUMU/MARCH ANALYSIS REDONE/POTENTIAL CONNECTIONS/Manyatta/DMM pipelines.shp
KATUORO,,,,,68.666,0,0.1,OPEN,,MIL,,,Distribution,,In service,DMM,,,,50,2.00,0,DMM pipelines,E:/SEURECA KISUMU/MARCH ANALYSIS REDONE/POTENTIAL CONNECTIONS/Manyatta/DMM pipelines.shp
KATUORO,,,,,6.299,0,0.1,OPEN,,MIL,,,Distribution,,In service,DMM,,,,50,2.00,0,DMM pipelines,E:/SEURECA KISUMU/MARCH ANALYSIS REDONE/POTENTIAL CONNECTIONS/Manyatta/DMM pipelines.shp
KATUORO,,,,,31.359,0,0.1,OPEN,,MIL,,,Distribution,,In service,DMM,,,,20,0.75,0,DMM pipelines,E:/SEURECA KISUMU/MARCH ANALYSIS REDONE/POTENTIAL CONNECTIONS/Manyatta/DMM pipelines.shp
KATUORO,,,,,37.046,0,0.1,OPEN,,MIL,,,Distribution,,In service,DMM,,,,20,0.75,0,DMM pipelines,E:/SEURECA KISUMU/MARCH ANALYSIS REDONE/POTENTIAL CONNECTIONS/Manyatta/DMM pipelines.shp
KATUORO,,,,,41.236,0,0.1,OPEN,,MIL,,,Distribution,,In service,DMM,,,,17,0.50,0,DMM pipelines,E:/SEURECA KISUMU/MARCH ANALYSIS REDONE/POTENTIAL CONNECTIONS/Manyatta/DMM pipelines.shp
KATUORO,,,,,86.510,0,0.1,OPEN,,MIL,,,Distribution,,In service,DMM,,,,17,0.50,0,DMM pipelines,E:/SEURECA KISUMU/MARCH ANALYSIS REDONE/POTENTIAL CONNECTIONS/Manyatta/DMM pipelines.shp
KATUORO,,,,,68.243,0,0.1,OPEN,,MIL,,,Distribution,,In service,DMM,,,,17,0.50,0,DMM pipelines,E:/SEURECA KISUMU/MARCH ANALYSIS REDONE/POTENTIAL CONNECTIONS/Manyatta/DMM pipelines.shp
KATUORO,,,,,66.228,0,0.1,OPEN,,MIL,,,Distribution,,In service,DMM,,,,17,0.50,0,DMM pipelines,E:/SEURECA KISUMU/MARCH ANALYSIS REDONE/POTENTIAL CONNECTIONS/Manyatta/DMM pipelines.shp
KATUORO,,,,,99.671,0,0.1,OPEN,,MIL,,,Distribution,,In service,DMM,,,,50,2.00,0,DMM pipelines,E:/SEURECA KISUMU/MARCH ANALYSIS REDONE/POTENTIAL CONNECTIONS/Manyatta/DMM pipelines.shp
KATUORO,,,,,2.728,0,0.1,OPEN,,MIL,,,Distribution,,In service,DMM,,,,50,2.00,0,DMM pipelines,E:/SEURECA KISUMU/MARCH ANALYSIS REDONE/POTENTIAL CONNECTIONS/Manyatta/DMM pipelines.shp
KATUORO,,,,,35.136,0,0.1,OPEN,,MIL,,,Distribution,,In service,DMM,,,,20,0.75,0,DMM pipelines,E:/SEURECA KISUMU/MARCH ANALYSIS REDONE/POTENTIAL CONNECTIONS/Manyatta/DMM pipelines.shp
KATUORO,,,,,49.615,0,0.1,OPEN,,MIL,,,Distribution,,In service,DMM,,,,20,0.75,0,DMM pipelines,E:/SEURECA KISUMU/MARCH ANALYSIS REDONE/POTENTIAL CONNECTIONS/Manyatta/DMM pipelines.shp
KATUORO,,,,,55.425,0,0.1,OPEN,,MIL,,,Distribution,,In service,DMM,,,,20,0.75,0,DMM pipelines,E:/SEURECA KISUMU/MARCH ANALYSIS REDONE/POTENTIAL CONNECTIONS/Manyatta/DMM pipelines.shp
KATUORO,,,,,18.542,0,0.1,OPEN,,MIL,,,Distribution,,In service,DMM,,,,17,0.50,0,DMM pipelines,E:/SEURECA KISUMU/MARCH ANALYSIS REDONE/POTENTIAL CONNECTIONS/Manyatta/DMM pipelines.shp
KATUORO,,,,,22.906,0,0.1,OPEN,,MIL,,,Distribution,,In service,DMM,,,,17,0.50,0,DMM pipelines,E:/SEURECA KISUMU/MARCH ANALYSIS REDONE/POTENTIAL CONNECTIONS/Manyatta/DMM pipelines.shp
KATUORO,,,,,72.297,0,0.1,OPEN,,MIL,,,Distribution,,In service,DMM,,,,20,0.75,0,DMM pipelines,E:/SEURECA KISUMU/MARCH ANALYSIS REDONE/POTENTIAL CONNECTIONS/Manyatta/DMM pipelines.shp
KATUORO,,,,,19.779,0,0.1,OPEN,,MIL,,,Distribution,,In service,DMM,,,,17,0.50,0,DMM pipelines,E:/SEURECA KISUMU/MARCH ANALYSIS REDONE/POTENTIAL CONNECTIONS/Manyatta/DMM pipelines.shp
KATUORO,,,,,11.443,0,0.1,OPEN,,MIL,,,Distribution,,In service,DMM,,,,17,0.50,0,DMM pipelines,E:/SEURECA KISUMU/MARCH ANALYSIS REDONE/POTENTIAL CONNECTIONS/Manyatta/DMM pipelines.shp
KATUORO,,,,,87.293,0,0.1,OPEN,,MIL,,,Distribution,,In service,DMM,,,,20,0.75,0,DMM pipelines,E:/SEURECA KISUMU/MARCH ANALYSIS REDONE/POTENTIAL CONNECTIONS/Manyatta/DMM pipelines.shp
KATUORO,,,,,72.045,0,0.1,OPEN,,MIL,,,Distribution,,In service,DMM,,,,20,0.75,0,DMM pipelines,E:/SEURECA KISUMU/MARCH ANALYSIS REDONE/POTENTIAL CONNECTIONS/Manyatta/DMM pipelines.shp
KATUORO,,,,,77.106,0,0.1,OPEN,,MIL,,,Distribution,,In service,DMM,,,,17,0.50,0,DMM pipelines,E:/SEURECA KISUMU/MARCH ANALYSIS REDONE/POTENTIAL CONNECTIONS/Manyatta/DMM pipelines.shp
KATUORO,,,,,31.270,0,0.1,OPEN,,MIL,,,Distribution,,In service,DMM,,,,17,0.50,0,DMM pipelines,E:/SEURECA KISUMU/MARCH ANALYSIS REDONE/POTENTIAL CONNECTIONS/Manyatta/DMM pipelines.shp
KATUORO,,,,,40.700,0,0.1,OPEN,,MIL,,,Distribution,,In service,DMM,,,,17,0.50,0,DMM pipelines,E:/SEURECA KISUMU/MARCH ANALYSIS REDONE/POTENTIAL CONNECTIONS/Manyatta/DMM pipelines.shp
KATUORO,,,,,77.868,0,0.1,OPEN,,MIL,,,Distribution,,In service,DMM,,,,50,2.00,0,DMM pipelines,E:/SEURECA KISUMU/MARCH ANALYSIS REDONE/POTENTIAL CONNECTIONS/Manyatta/DMM pipelines.shp
KATUORO,,,,,23.939,0,0.1,OPEN,,MIL,,,Distribution,,In service,DMM,,,,17,0.50,0,DMM pipelines,E:/SEURECA KISUMU/MARCH ANALYSIS REDONE/POTENTIAL CONNECTIONS/Manyatta/DMM pipelines.shp
KATUORO,,,,,61.118,0,0.1,OPEN,,MIL,,,Distribution,,In service,DMM,,,,17,0.50,0,DMM pipelines,E:/SEURECA KISUMU/MARCH ANALYSIS REDONE/POTENTIAL CONNECTIONS/Manyatta/DMM pipelines.shp
KATUORO,,,,,16.787,0,0.1,OPEN,,MIL,,,Distribution,,In service,DMM,,,,17,0.50,0,DMM pipelines,E:/SEURECA KISUMU/MARCH ANALYSIS REDONE/POTENTIAL CONNECTIONS/Manyatta/DMM pipelines.shp
KATUORO,,,,,67.162,0,0.1,OPEN,,MIL,,,Distribution,,In service,DMM,,,,17,0.50,0,DMM pipelines,E:/SEURECA KISUMU/MARCH ANALYSIS REDONE/POTENTIAL CONNECTIONS/Manyatta/DMM pipelines.shp
KATUORO,,,,,69.790,0,0.1,OPEN,,MIL,,,Distribution,,In service,DMM,,,,17,0.50,0,DMM pipelines,E:/SEURECA KISUMU/MARCH ANALYSIS REDONE/POTENTIAL CONNECTIONS/Manyatta/DMM pipelines.shp
KATUORO,,,,,27.749,0,0.1,OPEN,,MIL,,,Distribution,,In service,DMM,,,,17,0.50,0,DMM pipelines,E:/SEURECA KISUMU/MARCH ANALYSIS REDONE/POTENTIAL CONNECTIONS/Manyatta/DMM pipelines.shp
KATUORO,,,,,53.553,0,0.1,OPEN,,MIL,,,Distribution,,In service,DMM,,,,17,0.50,0,DMM pipelines,E:/SEURECA KISUMU/MARCH ANALYSIS REDONE/POTENTIAL CONNECTIONS/Manyatta/DMM pipelines.shp
KATUORO,,,,,32.388,0,0.1,OPEN,,MIL,,,Distribution,,In service,DMM,,,,17,0.50,0,DMM pipelines,E:/SEURECA KISUMU/MARCH ANALYSIS REDONE/POTENTIAL CONNECTIONS/Manyatta/DMM pipelines.shp
KATUORO,,,,,58.433,0,0.1,OPEN,,MIL,,,Distribution,,In service,DMM,,,,17,0.50,0,DMM pipelines,E:/SEURECA KISUMU/MARCH ANALYSIS REDONE/POTENTIAL CONNECTIONS/Manyatta/DMM pipelines.shp
KATUORO,,,,,41.968,0,0.1,OPEN,,MIL,,,Distribution,,In service,DMM,,,,17,0.50,0,DMM pipelines,E:/SEURECA KISUMU/MARCH ANALYSIS REDONE/POTENTIAL CONNECTIONS/Manyatta/DMM pipelines.shp
KATUORO,,,,,53.006,0,0.1,OPEN,,MIL,,,Distribution,,In service,DMM,,,,17,0.50,0,DMM pipelines,E:/SEURECA KISUMU/MARCH ANALYSIS REDONE/POTENTIAL CONNECTIONS/Manyatta/DMM pipelines.shp
KATUORO,,,,,23.827,0,0.1,OPEN,,MIL,,,Distribution,,In service,DMM,,,,17,0.50,0,DMM pipelines,E:/SEURECA KISUMU/MARCH ANALYSIS REDONE/POTENTIAL CONNECTIONS/Manyatta/DMM pipelines.shp
KATUORO,,,,,26.179,0,0.1,OPEN,,MIL,,,Distribution,,In service,DMM,,,,17,0.50,0,DMM pipelines,E:/SEURECA KISUMU/MARCH ANALYSIS REDONE/POTENTIAL CONNECTIONS/Manyatta/DMM pipelines.shp
KATUORO,,,,,11.172,0,0.1,OPEN,,MIL,,,Distribution,,In service,DMM,,,,17,0.50,0,DMM pipelines,E:/SEURECA KISUMU/MARCH ANALYSIS REDONE/POTENTIAL CONNECTIONS/Manyatta/DMM pipelines.shp
KATUORO,,,,,93.740,0,0.1,OPEN,,MIL,,,Distribution,,In service,DMM,,,,50,2.00,0,DMM pipelines,E:/SEURECA KISUMU/MARCH ANALYSIS REDONE/POTENTIAL CONNECTIONS/Manyatta/DMM pipelines.shp
KATUORO,,,,,66.750,0,0.1,OPEN,,MIL,,,Distribution,,In service,DMM,,,,50,2.00,0,DMM pipelines,E:/SEURECA KISUMU/MARCH ANALYSIS REDONE/POTENTIAL CONNECTIONS/Manyatta/DMM pipelines.shp
KATUORO,,,,,0.669,0,0.1,OPEN,,MIL,,,Distribution,,In service,DMM,,,,50,2.00,0,DMM pipelines,E:/SEURECA KISUMU/MARCH ANALYSIS REDONE/POTENTIAL CONNECTIONS/Manyatta/DMM pipelines.shp
KATUORO,,,,,38.330,0,0.1,OPEN,,MIL,,,Distribution,,In service,DMM,,,,20,0.75,0,DMM pipelines,E:/SEURECA KISUMU/MARCH ANALYSIS REDONE/POTENTIAL CONNECTIONS/Manyatta/DMM pipelines.shp
KATUORO,,,,,25.441,0,0.1,OPEN,,MIL,,,Distribution,,In service,DMM,,,,17,0.50,0,DMM pipelines,E:/SEURECA KISUMU/MARCH ANALYSIS REDONE/POTENTIAL CONNECTIONS/Manyatta/DMM pipelines.shp
KATUORO,,,,,68.375,0,0.1,OPEN,,MIL,,,Distribution,,In service,DMM,,,,20,0.75,0,DMM pipelines,E:/SEURECA KISUMU/MARCH ANALYSIS REDONE/POTENTIAL CONNECTIONS/Manyatta/DMM pipelines.shp
KATUORO,,,,,65.941,0,0.1,OPEN,,MIL,,,Distribution,,In service,DMM,,,,17,0.50,0,DMM pipelines,E:/SEURECA KISUMU/MARCH ANALYSIS REDONE/POTENTIAL CONNECTIONS/Manyatta/DMM pipelines.shp
KATUORO,,,,,19.922,0,0.1,OPEN,,MIL,,,Distribution,,In service,DMM,,,,20,0.75,0,DMM pipelines,E:/SEURECA KISUMU/MARCH ANALYSIS REDONE/POTENTIAL CONNECTIONS/Manyatta/DMM pipelines.shp
KATUORO,,,,,78.694,0,0.1,OPEN,,MIL,,,Distribution,,In service,DMM,,,,50,2.00,0,DMM pipelines,E:/SEURECA KISUMU/MARCH ANALYSIS REDONE/POTENTIAL CONNECTIONS/Manyatta/DMM pipelines.shp
KATUORO,,,,,21.481,0,0.1,OPEN,,MIL,,,Distribution,,In service,DMM,,,,25,1.00,0,DMM pipelines,E:/SEURECA KISUMU/MARCH ANALYSIS REDONE/POTENTIAL CONNECTIONS/Manyatta/DMM pipelines.shp
KATUORO,,,,,21.575,0,0.1,OPEN,,MIL,,,Distribution,,In service,DMM,,,,50,2.00,0,DMM pipelines,E:/SEURECA KISUMU/MARCH ANALYSIS REDONE/POTENTIAL CONNECTIONS/Manyatta/DMM pipelines.shp
KATUORO,,,,,7.526,0,0.1,OPEN,,MIL,,,Distribution,,In service,DMM,,,,17,0.50,0,DMM pipelines,E:/SEURECA KISUMU/MARCH ANALYSIS REDONE/POTENTIAL CONNECTIONS/Manyatta/DMM pipelines.shp
KATUORO,,,,,23.392,0,0.1,OPEN,,MIL,,,Distribution,,In service,DMM,,,,17,0.50,0,DMM pipelines,E:/SEURECA KISUMU/MARCH ANALYSIS REDONE/POTENTIAL CONNECTIONS/Manyatta/DMM pipelines.shp
KATUORO,,,,,68.046,0,0.1,OPEN,,MIL,,,Distribution,,In service,DMM,,,,20,0.75,0,DMM pipelines,E:/SEURECA KISUMU/MARCH ANALYSIS REDONE/POTENTIAL CONNECTIONS/Manyatta/DMM pipelines.shp
KATUORO,,,,,26.633,0,0.1,OPEN,,MIL,,,Distribution,,In service,DMM,,,,17,0.50,0,DMM pipelines,E:/SEURECA KISUMU/MARCH ANALYSIS REDONE/POTENTIAL CONNECTIONS/Manyatta/DMM pipelines.shp
KATUORO,,,,,70.887,0,0.1,OPEN,,MIL,,,Distribution,,In service,DMM,,,,17,0.50,0,DMM pipelines,E:/SEURECA KISUMU/MARCH ANALYSIS REDONE/POTENTIAL CONNECTIONS/Manyatta/DMM pipelines.shp
KATUORO,,,,,13.771,0,0.1,OPEN,,MIL,,,Distribution,,In service,DMM,,,,20,0.75,0,DMM pipelines,E:/SEURECA KISUMU/MARCH ANALYSIS REDONE/POTENTIAL CONNECTIONS/Manyatta/DMM pipelines.shp
KATUORO,,,,,52.118,0,0.1,OPEN,,MIL,,,Distribution,,In service,DMM,,,,20,0.75,0,DMM pipelines,E:/SEURECA KISUMU/MARCH ANALYSIS REDONE/POTENTIAL CONNECTIONS/Manyatta/DMM pipelines.shp
KATUORO,,,,,19.500,0,0.1,OPEN,,MIL,,,Distribution,,In service,DMM,,,,17,0.50,0,DMM pipelines,E:/SEURECA KISUMU/MARCH ANALYSIS REDONE/POTENTIAL CONNECTIONS/Manyatta/DMM pipelines.shp
KATUORO,,,,,63.053,0,0.1,OPEN,,MIL,,,Distribution,,In service,DMM,,,,20,0.75,0,DMM pipelines,E:/SEURECA KISUMU/MARCH ANALYSIS REDONE/POTENTIAL CONNECTIONS/Manyatta/DMM pipelines.shp
KATUORO,,,,,20.355,0,0.1,OPEN,,MIL,,,Distribution,,In service,DMM,,,,20,0.75,0,DMM pipelines,E:/SEURECA KISUMU/MARCH ANALYSIS REDONE/POTENTIAL CONNECTIONS/Manyatta/DMM pipelines.shp
KATUORO,,,,,32.371,0,0.1,OPEN,,MIL,,,Distribution,,In service,DMM,,,,20,0.75,0,DMM pipelines,E:/SEURECA KISUMU/MARCH ANALYSIS REDONE/POTENTIAL CONNECTIONS/Manyatta/DMM pipelines.shp
KATUORO,,,,,105.813,0,0.1,OPEN,,MIL,,,Distribution,,In service,DMM,,,,50,2.00,0,DMM pipelines,E:/SEURECA KISUMU/MARCH ANALYSIS REDONE/POTENTIAL CONNECTIONS/Manyatta/DMM pipelines.shp
KATUORO,,,,,34.707,0,0.1,OPEN,,MIL,,,Distribution,,In service,DMM,,,,50,2.00,0,DMM pipelines,E:/SEURECA KISUMU/MARCH ANALYSIS REDONE/POTENTIAL CONNECTIONS/Manyatta/DMM pipelines.shp
KATUORO,,,,,7.308,0,0.1,OPEN,,MIL,,,Distribution,,In service,DMM,,,,50,2.00,0,DMM pipelines,E:/SEURECA KISUMU/MARCH ANALYSIS REDONE/POTENTIAL CONNECTIONS/Manyatta/DMM pipelines.shp
KATUORO,,,,,24.905,0,0.1,OPEN,,MIL,,,Distribution,,In service,DMM,,,,17,0.50,0,DMM pipelines,E:/SEURECA KISUMU/MARCH ANALYSIS REDONE/POTENTIAL CONNECTIONS/Manyatta/DMM pipelines.shp
KATUORO,,,,,12.532,0,0.1,OPEN,,MIL,,,Distribution,,In service,DMM,,,,17,0.50,0,DMM pipelines,E:/SEURECA KISUMU/MARCH ANALYSIS REDONE/POTENTIAL CONNECTIONS/Manyatta/DMM pipelines.shp
KATUORO,,,,,66.073,0,0.1,OPEN,,MIL,,,Distribution,,In service,DMM,,,,17,0.50,0,DMM pipelines,E:/SEURECA KISUMU/MARCH ANALYSIS REDONE/POTENTIAL CONNECTIONS/Manyatta/DMM pipelines.shp
KATUORO,,,,,77.379,0,0.1,OPEN,,MIL,,,Distribution,,In service,DMM,,,,17,0.50,0,DMM pipelines,E:/SEURECA KISUMU/MARCH ANALYSIS REDONE/POTENTIAL CONNECTIONS/Manyatta/DMM pipelines.shp
KATUORO,,,,,95.646,0,0.1,OPEN,,MIL,,,Distribution,,In service,DMM,,,,50,2.00,0,DMM pipelines,E:/SEURECA KISUMU/MARCH ANALYSIS REDONE/POTENTIAL CONNECTIONS/Manyatta/DMM pipelines.shp
KATUORO,,,,,82.500,0,0.1,OPEN,,MIL,,,Distribution,,In service,DMM,,,,17,0.50,0,DMM pipelines,E:/SEURECA KISUMU/MARCH ANALYSIS REDONE/POTENTIAL CONNECTIONS/Manyatta/DMM pipelines.shp
KATUORO,,,,,50.354,0,0.1,OPEN,,MIL,,,Distribution,,In service,DMM,,,,17,0.50,0,DMM pipelines,E:/SEURECA KISUMU/MARCH ANALYSIS REDONE/POTENTIAL CONNECTIONS/Manyatta/DMM pipelines.shp
KATUORO,,,,,58.075,0,0.1,OPEN,,MIL,,,Distribution,,In service,DMM,,,,17,0.50,0,DMM pipelines,E:/SEURECA KISUMU/MARCH ANALYSIS REDONE/POTENTIAL CONNECTIONS/Manyatta/DMM pipelines.shp
KATUORO,,,,,45.521,0,0.1,OPEN,,MIL,,,Distribution,,In service,DMM,,,,17,0.50,0,DMM pipelines,E:/SEURECA KISUMU/MARCH ANALYSIS REDONE/POTENTIAL CONNECTIONS/Manyatta/DMM pipelines.shp
KATUORO,,,,,28.124,0,0.1,OPEN,,MIL,,,Distribution,,In service,DMM,,,,17,0.50,0,DMM pipelines,E:/SEURECA KISUMU/MARCH ANALYSIS REDONE/POTENTIAL CONNECTIONS/Manyatta/DMM pipelines.shp
KATUORO,,,,,57.809,0,0.1,OPEN,,MIL,,,Distribution,,In service,DMM,,,,17,0.50,0,DMM pipelines,E:/SEURECA KISUMU/MARCH ANALYSIS REDONE/POTENTIAL CONNECTIONS/Manyatta/DMM pipelines.shp
KATUORO,,,,,61.735,0,0.1,OPEN,,MIL,,,Distribution,,In service,DMM,,,,50,2.00,0,DMM pipelines,E:/SEURECA KISUMU/MARCH ANALYSIS REDONE/POTENTIAL CONNECTIONS/Manyatta/DMM pipelines.shp
KATUORO,,,,,83.178,0,0.1,OPEN,,MIL,,,Distribution,,In service,DMM,,,,20,0.75,0,DMM pipelines,E:/SEURECA KISUMU/MARCH ANALYSIS REDONE/POTENTIAL CONNECTIONS/Manyatta/DMM pipelines.shp
KATUORO,,,,,2.025,0,0.1,OPEN,,MIL,,,Distribution,,In service,DMM,,,,17,0.50,0,DMM pipelines,E:/SEURECA KISUMU/MARCH ANALYSIS REDONE/POTENTIAL CONNECTIONS/Manyatta/DMM pipelines.shp
KATUORO,,,,,97.422,0,0.1,OPEN,,MIL,,,Distribution,,In service,DMM,,,,50,2.00,0,DMM pipelines,E:/SEURECA KISUMU/MARCH ANALYSIS REDONE/POTENTIAL CONNECTIONS/Manyatta/DMM pipelines.shp
KATUORO,,,,,5.425,0,0.1,OPEN,,MIL,,,Distribution,,In service,DMM,,,,50,2.00,0,DMM pipelines,E:/SEURECA KISUMU/MARCH ANALYSIS REDONE/POTENTIAL CONNECTIONS/Manyatta/DMM pipelines.shp
KATUORO,,,,,7.311,0,0.1,OPEN,,MIL,,,Distribution,,In service,DMM,,,,50,2.00,0,DMM pipelines,E:/SEURECA KISUMU/MARCH ANALYSIS REDONE/POTENTIAL CONNECTIONS/Manyatta/DMM pipelines.shp
KATUORO,,,,,3.246,0,0.1,OPEN,,MIL,,,Distribution,,In service,DMM,,,,50,2.00,0,DMM pipelines,E:/SEURECA KISUMU/MARCH ANALYSIS REDONE/POTENTIAL CONNECTIONS/Manyatta/DMM pipelines.shp
KATUORO,,,,,19.514,0,0.1,OPEN,,MIL,,,Distribution,,In service,DMM,,,,17,0.50,0,DMM pipelines,E:/SEURECA KISUMU/MARCH ANALYSIS REDONE/POTENTIAL CONNECTIONS/Manyatta/DMM pipelines.shp
KATUORO,,,,,55.767,0,0.1,OPEN,,MIL,,,Distribution,,In service,DMM,,,,17,0.50,0,DMM pipelines,E:/SEURECA KISUMU/MARCH ANALYSIS REDONE/POTENTIAL CONNECTIONS/Manyatta/DMM pipelines.shp
KATUORO,,,,,38.980,0,0.1,OPEN,,MIL,,,Distribution,,In service,DMM,,,,17,0.50,0,DMM pipelines,E:/SEURECA KISUMU/MARCH ANALYSIS REDONE/POTENTIAL CONNECTIONS/Manyatta/DMM pipelines.shp
KATUORO,,,,,17.422,0,0.1,OPEN,,MIL,,,Distribution,,In service,DMM,,,,50,2.00,0,DMM pipelines,E:/SEURECA KISUMU/MARCH ANALYSIS REDONE/POTENTIAL CONNECTIONS/Manyatta/DMM pipelines.shp
KATUORO,,,,,52.826,0,0.1,OPEN,,MIL,,,Distribution,,In service,DMM,,,,17,0.50,0,DMM pipelines,E:/SEURECA KISUMU/MARCH ANALYSIS REDONE/POTENTIAL CONNECTIONS/Manyatta/DMM pipelines.shp
KATUORO,,,,,9.670,0,0.1,OPEN,,MIL,,,Distribution,,In service,DMM,,,,50,2.00,0,DMM pipelines,E:/SEURECA KISUMU/MARCH ANALYSIS REDONE/POTENTIAL CONNECTIONS/Manyatta/DMM pipelines.shp
KATUORO,,,,,30.505,0,0.1,OPEN,,MIL,,,Distribution,,In service,DMM,,,,17,0.50,0,DMM pipelines,E:/SEURECA KISUMU/MARCH ANALYSIS REDONE/POTENTIAL CONNECTIONS/Manyatta/DMM pipelines.shp
KATUORO,,,,,45.740,0,0.1,OPEN,,MIL,,,Distribution,,In service,DMM,,,,50,2.00,0,DMM pipelines,E:/SEURECA KISUMU/MARCH ANALYSIS REDONE/POTENTIAL CONNECTIONS/Manyatta/DMM pipelines.shp
KATUORO,,,,,195.274,0,0.1,OPEN,,MIL,,,Distribution,,In service,DMM,,,,50,2.00,0,DMM pipelines,E:/SEURECA KISUMU/MARCH ANALYSIS REDONE/POTENTIAL CONNECTIONS/Manyatta/DMM pipelines.shp
KATUORO,,,,,40.185,0,0.1,OPEN,,MIL,,,Distribution,,In service,DMM,,,,17,0.50,0,DMM pipelines,E:/SEURECA KISUMU/MARCH ANALYSIS REDONE/POTENTIAL CONNECTIONS/Manyatta/DMM pipelines.shp
KATUORO,,,,,89.296,0,0.1,OPEN,,MIL,,,Distribution,,In service,DMM,,,,20,0.75,0,DMM pipelines,E:/SEURECA KISUMU/MARCH ANALYSIS REDONE/POTENTIAL CONNECTIONS/Manyatta/DMM pipelines.shp
KATUORO,,,,,69.680,0,0.1,OPEN,,MIL,,,Distribution,,In service,DMM,,,,20,0.75,0,DMM pipelines,E:/SEURECA KISUMU/MARCH ANALYSIS REDONE/POTENTIAL CONNECTIONS/Manyatta/DMM pipelines.shp
KATUORO,,,,,10.089,0,0.1,OPEN,,MIL,,,Distribution,,In service,DMM,,,,17,0.50,0,DMM pipelines,E:/SEURECA KISUMU/MARCH ANALYSIS REDONE/POTENTIAL CONNECTIONS/Manyatta/DMM pipelines.shp
KATUORO,,,,,27.209,0,0.1,OPEN,,MIL,,,Distribution,,In service,DMM,,,,17,0.50,0,DMM pipelines,E:/SEURECA KISUMU/MARCH ANALYSIS REDONE/POTENTIAL CONNECTIONS/Manyatta/DMM pipelines.shp
KATUORO,,,,,31.245,0,0.1,OPEN,,MIL,,,Distribution,,In service,DMM,,,,17,0.50,0,DMM pipelines,E:/SEURECA KISUMU/MARCH ANALYSIS REDONE/POTENTIAL CONNECTIONS/Manyatta/DMM pipelines.shp
KATUORO,,,,,45.012,0,0.1,OPEN,,MIL,,,Distribution,,In service,DMM,,,,17,0.50,0,DMM pipelines,E:/SEURECA KISUMU/MARCH ANALYSIS REDONE/POTENTIAL CONNECTIONS/Manyatta/DMM pipelines.shp
KATUORO,,,,,24.910,0,0.1,OPEN,,MIL,,,Distribution,,In service,DMM,,,,17,0.50,0,DMM pipelines,E:/SEURECA KISUMU/MARCH ANALYSIS REDONE/POTENTIAL CONNECTIONS/Manyatta/DMM pipelines.shp
KATUORO,,,,,36.381,0,0.1,OPEN,,MIL,,,Distribution,,In service,DMM,,,,17,0.50,0,DMM pipelines,E:/SEURECA KISUMU/MARCH ANALYSIS REDONE/POTENTIAL CONNECTIONS/Manyatta/DMM pipelines.shp
KATUORO,,,,,11.424,0,0.1,OPEN,,MIL,,,Distribution,,In service,DMM,,,,17,0.50,0,DMM pipelines,E:/SEURECA KISUMU/MARCH ANALYSIS REDONE/POTENTIAL CONNECTIONS/Manyatta/DMM pipelines.shp
KATUORO,,,,,11.744,0,0.1,OPEN,,MIL,,,Distribution,,In service,DMM,,,,50,2.00,0,DMM pipelines,E:/SEURECA KISUMU/MARCH ANALYSIS REDONE/POTENTIAL CONNECTIONS/Manyatta/DMM pipelines.shp
KATUORO,,,,,31.306,0,0.1,OPEN,,MIL,,,Distribution,,In service,DMM,,,,17,0.50,0,DMM pipelines,E:/SEURECA KISUMU/MARCH ANALYSIS REDONE/POTENTIAL CONNECTIONS/Manyatta/DMM pipelines.shp
KATUORO,,,,,17.692,0,0.1,OPEN,,MIL,,,Distribution,,In service,DMM,,,,17,0.50,0,DMM pipelines,E:/SEURECA KISUMU/MARCH ANALYSIS REDONE/POTENTIAL CONNECTIONS/Manyatta/DMM pipelines.shp
KATUORO,,,,,140.852,0,0.1,OPEN,,MIL,,,Distribution,,In service,DMM,,,,50,2.00,0,DMM pipelines,E:/SEURECA KISUMU/MARCH ANALYSIS REDONE/POTENTIAL CONNECTIONS/Manyatta/DMM pipelines.shp
KATUORO,,,,,144.407,0,0.1,OPEN,,MIL,,,Distribution,,In service,DMM,,,,50,2.00,0,DMM pipelines,E:/SEURECA KISUMU/MARCH ANALYSIS REDONE/POTENTIAL CONNECTIONS/Manyatta/DMM pipelines.shp
KATUORO,,,,,16.194,0,0.1,OPEN,,MIL,,,Distribution,,In service,DMM,,,,17,0.50,0,DMM pipelines,E:/SEURECA KISUMU/MARCH ANALYSIS REDONE/POTENTIAL CONNECTIONS/Manyatta/DMM pipelines.shp
KATUORO,,,,,25.718,0,0.1,OPEN,,MIL,,,Distribution,,In service,DMM,,,,17,0.50,0,DMM pipelines,E:/SEURECA KISUMU/MARCH ANALYSIS REDONE/POTENTIAL CONNECTIONS/Manyatta/DMM pipelines.shp
KATUORO,,,,,37.908,0,0.1,OPEN,,MIL,,,Distribution,,In service,DMM,,,,17,0.50,0,DMM pipelines,E:/SEURECA KISUMU/MARCH ANALYSIS REDONE/POTENTIAL CONNECTIONS/Manyatta/DMM pipelines.shp
KATUORO,,,,,18.323,0,0.1,OPEN,,MIL,,,Distribution,,In service,DMM,,,,17,0.50,0,DMM pipelines,E:/SEURECA KISUMU/MARCH ANALYSIS REDONE/POTENTIAL CONNECTIONS/Manyatta/DMM pipelines.shp
SIMBA,,,,,48.306,0,0.1,OPEN,,MIL,,,Distribution,,In service,2 inch offtake from 8 8 inch,,,,50,2.00,0,DMM pipelines,E:/SEURECA KISUMU/MARCH ANALYSIS REDONE/POTENTIAL CONNECTIONS/Manyatta/DMM pipelines.shp
SIMBA,,,,,33.424,0,0.1,OPEN,,MIL,,,Distribution,,In service,2 inch offtake from 8 inch,,,,50,2.00,0,DMM pipelines,E:/SEURECA KISUMU/MARCH ANALYSIS REDONE/POTENTIAL CONNECTIONS/Manyatta/DMM pipelines.shp
SIMBA,,,,,6.943,0,0.1,OPEN,,MIL,,,Distribution,,In service,2 inch offtake from 8 inch,,,,50,2.00,0,DMM pipelines,E:/SEURECA KISUMU/MARCH ANALYSIS REDONE/POTENTIAL CONNECTIONS/Manyatta/DMM pipelines.shp
SIMBA,,,,,39.185,0,0.1,OPEN,,MIL,,,Distribution,,In service,1 inch offtake from 2 inch,,,,25,1.00,0,DMM pipelines,E:/SEURECA KISUMU/MARCH ANALYSIS REDONE/POTENTIAL CONNECTIONS/Manyatta/DMM pipelines.shp
SIMBA,,,,,32.338,0,0.1,OPEN,,MIL,,,Distribution,,In service,2 inch offtake from 8 inch,,,,50,2.00,0,DMM pipelines,E:/SEURECA KISUMU/MARCH ANALYSIS REDONE/POTENTIAL CONNECTIONS/Manyatta/DMM pipelines.shp
SIMBA,,,,,26.431,0,0.1,OPEN,,MIL,,,Distribution,,In service,2 inch offtake from 8 inch,,,,50,2.00,0,DMM pipelines,E:/SEURECA KISUMU/MARCH ANALYSIS REDONE/POTENTIAL CONNECTIONS/Manyatta/DMM pipelines.shp
SIMBA,,,,,3.492,0,0.1,OPEN,,MIL,,,Distribution,,In service,2 inch offtake from 8 8 inch,,,,50,2.00,0,DMM pipelines,E:/SEURECA KISUMU/MARCH ANALYSIS REDONE/POTENTIAL CONNECTIONS/Manyatta/DMM pipelines.shp
KATUORO,,,,,159.265,0,0.1,OPEN,,MIL,,,Distribution,,In service,DMM,,,,50,2.00,0,DMM pipelines,E:/SEURECA KISUMU/MARCH ANALYSIS REDONE/POTENTIAL CONNECTIONS/Manyatta/DMM pipelines.shp
KATUORO,,,,,0.000,0,0.1,OPEN,,MYT,,,Distribution,,In service,DMM,,,,50,2.00,0,DMM pipelines,E:/SEURECA KISUMU/MARCH ANALYSIS REDONE/POTENTIAL CONNECTIONS/Manyatta/DMM pipelines.shp
KATUORO,,,,,73.725,0,0.1,OPEN,,MIL,,,Distribution,,In service,DMM,,,,50,2.00,0,DMM pipelines,E:/SEURECA KISUMU/MARCH ANALYSIS REDONE/POTENTIAL CONNECTIONS/Manyatta/DMM pipelines.shp
KATUORO,,,,,0.929,0,0.1,OPEN,,MIL,,,Distribution,,In service,DMM,,,,50,2.00,0,DMM pipelines,E:/SEURECA KISUMU/MARCH ANALYSIS REDONE/POTENTIAL CONNECTIONS/Manyatta/DMM pipelines.shp
KATUORO,,,,,6.352,0,0.1,OPEN,,MIL,,,Distribution,,In service,DMM,,,,50,2.00,0,DMM pipelines,E:/SEURECA KISUMU/MARCH ANALYSIS REDONE/POTENTIAL CONNECTIONS/Manyatta/DMM pipelines.shp
KATUORO,,,,,79.620,0,0.1,OPEN,,MIL,,,Distribution,,In service,DMM,,,,50,2.00,0,DMM pipelines,E:/SEURECA KISUMU/MARCH ANALYSIS REDONE/POTENTIAL CONNECTIONS/Manyatta/DMM pipelines.shp
KATUORO,,,,,12.437,0,0.1,OPEN,,MIL,,,Distribution,,In service,DMM,,,,50,2.00,0,DMM pipelines,E:/SEURECA KISUMU/MARCH ANALYSIS REDONE/POTENTIAL CONNECTIONS/Manyatta/DMM pipelines.shp
KATUORO,,,,,44.281,0,0.1,OPEN,,MIL,,,Distribution,,In service,DMM,,,,50,2.00,0,DMM pipelines,E:/SEURECA KISUMU/MARCH ANALYSIS REDONE/POTENTIAL CONNECTIONS/Manyatta/DMM pipelines.shp
KATUORO,,,,,9.969,0,0.1,OPEN,,MIL,,,Distribution,,In service,DMM,,,,50,2.00,0,DMM pipelines,E:/SEURECA KISUMU/MARCH ANALYSIS REDONE/POTENTIAL CONNECTIONS/Manyatta/DMM pipelines.shp
KATUORO,,,,,0.024,0,0.1,OPEN,,MIL,,,Distribution,,In service,DMM,,,,50,2.00,0,DMM pipelines,E:/SEURECA KISUMU/MARCH ANALYSIS REDONE/POTENTIAL CONNECTIONS/Manyatta/DMM pipelines.shp
KATUORO,,,,,1.158,0,0.1,OPEN,,MIL,,,Distribution,,In service,DMM,,,,50,2.00,0,DMM pipelines,E:/SEURECA KISUMU/MARCH ANALYSIS REDONE/POTENTIAL CONNECTIONS/Manyatta/DMM pipelines.shp
KATUORO,,,,,14.756,0,0.1,OPEN,,MIL,,,Distribution,,In service,DMM,,,,20,0.75,0,DMM pipelines,E:/SEURECA KISUMU/MARCH ANALYSIS REDONE/POTENTIAL CONNECTIONS/Manyatta/DMM pipelines.shp
KATUORO,,,,,76.219,0,0.1,OPEN,,MIL,,,Distribution,,In service,DMM,,,,20,0.75,0,DMM pipelines,E:/SEURECA KISUMU/MARCH ANALYSIS REDONE/POTENTIAL CONNECTIONS/Manyatta/DMM pipelines.shp
SIMBA,,,,,9.129,0,0.1,OPEN,,MIL,,,Distribution,,In service,2 inch offtake from 8 inch,,,,50,2.00,0,DMM pipelines,E:/SEURECA KISUMU/MARCH ANALYSIS REDONE/POTENTIAL CONNECTIONS/Manyatta/DMM pipelines.shp
SIMBA,,,,,68.696,0,0.1,OPEN,,MIL,,,Distribution,,In service,2 inch offtake from 8 inch,,,,50,2.00,0,DMM pipelines,E:/SEURECA KISUMU/MARCH ANALYSIS REDONE/POTENTIAL CONNECTIONS/Manyatta/DMM pipelines.shp
SIMBA,,,,,95.427,0,0.1,OPEN,,MIL,,,Distribution,,In service,2 inch offtake from 8 inch,,,,50,2.00,0,DMM pipelines,E:/SEURECA KISUMU/MARCH ANALYSIS REDONE/POTENTIAL CONNECTIONS/Manyatta/DMM pipelines.shp
SIMBA,,,,,67.564,0,0.1,OPEN,,MIL,,,Distribution,,In service,2 inch offtake from 8 inch,,,,50,2.00,0,DMM pipelines,E:/SEURECA KISUMU/MARCH ANALYSIS REDONE/POTENTIAL CONNECTIONS/Manyatta/DMM pipelines.shp
SIMBA,,,,,69.100,0,0.1,OPEN,,MIL,,,Distribution,,In service,2 inch offtake from 8 inch,,,,50,2.00,0,DMM pipelines,E:/SEURECA KISUMU/MARCH ANALYSIS REDONE/POTENTIAL CONNECTIONS/Manyatta/DMM pipelines.shp
SIMBA,,,,,37.490,0,0.1,OPEN,,MIL,,,Distribution,,In service,2 inch offtake from 8 inch,,,,50,2.00,0,DMM pipelines,E:/SEURECA KISUMU/MARCH ANALYSIS REDONE/POTENTIAL CONNECTIONS/Manyatta/DMM pipelines.shp
SIMBA,,,,,11.161,0,0.1,OPEN,,MIL,,,Distribution,,In service,2 inch offtake from 8 inch,,,,50,2.00,0,DMM pipelines,E:/SEURECA KISUMU/MARCH ANALYSIS REDONE/POTENTIAL CONNECTIONS/Manyatta/DMM pipelines.shp
SIMBA,,,,,67.104,0,0.1,OPEN,,MIL,,,Distribution,,In service,2 inch offtake from 8 inch,,,,50,2.00,0,DMM pipelines,E:/SEURECA KISUMU/MARCH ANALYSIS REDONE/POTENTIAL CONNECTIONS/Manyatta/DMM pipelines.shp
SIMBA,,,,,7.745,0,0.1,OPEN,,MIL,,,Distribution,,In service,2 inch offtake from 8 inch,,,,50,2.00,0,DMM pipelines,E:/SEURECA KISUMU/MARCH ANALYSIS REDONE/POTENTIAL CONNECTIONS/Manyatta/DMM pipelines.shp
SIMBA,,,,,13.209,0,0.1,OPEN,,MIL,,,Distribution,,In service,2 inch offtake from 8 inch,,,,50,2.00,0,DMM pipelines,E:/SEURECA KISUMU/MARCH ANALYSIS REDONE/POTENTIAL CONNECTIONS/Manyatta/DMM pipelines.shp
SIMBA,,,,,18.654,0,0.1,OPEN,,MIL,,,Distribution,,In service,2 inch offtake from 8 inch,,,,50,2.00,0,DMM pipelines,E:/SEURECA KISUMU/MARCH ANALYSIS REDONE/POTENTIAL CONNECTIONS/Manyatta/DMM pipelines.shp
SIMBA,,,,,46.809,0,0.1,OPEN,,MIL,,,Distribution,,In service,2 inch offtake from 8 inch,,,,50,2.00,0,DMM pipelines,E:/SEURECA KISUMU/MARCH ANALYSIS REDONE/POTENTIAL CONNECTIONS/Manyatta/DMM pipelines.shp
SIMBA,,,,,3.796,0,0.1,OPEN,,MIL,,,Distribution,,In service,2 inch offtake from 8 inch,,,,50,2.00,0,DMM pipelines,E:/SEURECA KISUMU/MARCH ANALYSIS REDONE/POTENTIAL CONNECTIONS/Manyatta/DMM pipelines.shp
SIMBA,,,,,8.958,0,0.1,OPEN,,MIL,,,Distribution,,In service,2 inch offtake from 8 inch,,,,50,2.00,0,DMM pipelines,E:/SEURECA KISUMU/MARCH ANALYSIS REDONE/POTENTIAL CONNECTIONS/Manyatta/DMM pipelines.shp
SIMBA,,,,,58.228,0,0.1,OPEN,,MIL,,,Distribution,,In service,2 inch offtake from 8 inch,,,,50,2.00,0,DMM pipelines,E:/SEURECA KISUMU/MARCH ANALYSIS REDONE/POTENTIAL CONNECTIONS/Manyatta/DMM pipelines.shp
SIMBA,,,,,57.166,0,0.1,OPEN,,MIL,,,Distribution,,In service,3/4'' offtake from 2'',,,,20,0.75,0,DMM pipelines,E:/SEURECA KISUMU/MARCH ANALYSIS REDONE/POTENTIAL CONNECTIONS/Manyatta/DMM pipelines.shp
SIMBA,,,,,22.051,0,0.1,OPEN,,MIL,,,Distribution,,In service,2 inch offtake from 8 inch,,,,50,2.00,0,DMM pipelines,E:/SEURECA KISUMU/MARCH ANALYSIS REDONE/POTENTIAL CONNECTIONS/Manyatta/DMM pipelines.shp
SIMBA,,,,,43.286,0,0.1,OPEN,,MIL,,,Distribution,,In service,2 inch offtake from 8 inch,,,,50,2.00,0,DMM pipelines,E:/SEURECA KISUMU/MARCH ANALYSIS REDONE/POTENTIAL CONNECTIONS/Manyatta/DMM pipelines.shp
SIMBA,,,,,0.000,0,0.1,OPEN,,MIL,,,Distribution,,In service,2 inch offtake from 8 inch,,,,50,2.00,0,DMM pipelines,E:/SEURECA KISUMU/MARCH ANALYSIS REDONE/POTENTIAL CONNECTIONS/Manyatta/DMM pipelines.shp
SIMBA,,,,,37.952,0,0.1,OPEN,,MIL,,,Distribution,,In service,2 inch offtake from 8 inch,,,,50,2.00,0,DMM pipelines,E:/SEURECA KISUMU/MARCH ANALYSIS REDONE/POTENTIAL CONNECTIONS/Manyatta/DMM pipelines.shp
SIMBA,,,,,0.000,0,0.1,OPEN,,MIL,,,Distribution,,In service,2 inch offtake from 8 inch,,,,50,2.00,0,DMM pipelines,E:/SEURECA KISUMU/MARCH ANALYSIS REDONE/POTENTIAL CONNECTIONS/Manyatta/DMM pipelines.shp
SIMBA,,,,,20.381,0,0.1,OPEN,,MIL,,,Distribution,,In service,2 inch offtake from 8 inch,,,,50,2.00,0,DMM pipelines,E:/SEURECA KISUMU/MARCH ANALYSIS REDONE/POTENTIAL CONNECTIONS/Manyatta/DMM pipelines.shp
SIMBA,,,,,43.225,0,0.1,OPEN,,MIL,,,Distribution,,In service,2 inch offtake from 8 inch,,,,50,2.00,0,DMM pipelines,E:/SEURECA KISUMU/MARCH ANALYSIS REDONE/POTENTIAL CONNECTIONS/Manyatta/DMM pipelines.shp
SIMBA,,,,,3.812,0,0.1,OPEN,,MIL,,,Distribution,,In service,2 inch offtake from 8 inch,,,,50,2.00,0,DMM pipelines,E:/SEURECA KISUMU/MARCH ANALYSIS REDONE/POTENTIAL CONNECTIONS/Manyatta/DMM pipelines.shp
SIMBA,,,,,52.595,0,0.1,OPEN,,MIL,,,Distribution,,In service,2 inch offtake from 8 inch,,,,50,2.00,0,DMM pipelines,E:/SEURECA KISUMU/MARCH ANALYSIS REDONE/POTENTIAL CONNECTIONS/Manyatta/DMM pipelines.shp
SIMBA,,,,,184.748,0,0.1,OPEN,,MIL,,,Distribution,,In service,2 inch offtake from 8 inch,,,,50,2.00,0,DMM pipelines,E:/SEURECA KISUMU/MARCH ANALYSIS REDONE/POTENTIAL CONNECTIONS/Manyatta/DMM pipelines.shp
SIMBA,,,,,40.436,0,0.1,OPEN,,MIL,,,Distribution,,In service,2 inch offtake from 8 inch,,,,50,2.00,0,DMM pipelines,E:/SEURECA KISUMU/MARCH ANALYSIS REDONE/POTENTIAL CONNECTIONS/Manyatta/DMM pipelines.shp
SIMBA,,,,,28.916,0,0.1,OPEN,,MIL,,,Distribution,,In service,3/4 '' offtake from 1.25'',,,,20,0.75,0,DMM pipelines,E:/SEURECA KISUMU/MARCH ANALYSIS REDONE/POTENTIAL CONNECTIONS/Manyatta/DMM pipelines.shp
SIMBA,,,,,85.847,0,0.1,OPEN,,MIL,,,Distribution,,In service,1.25 inch offtake from 2 inch,,,,32,1.25,0,DMM pipelines,E:/SEURECA KISUMU/MARCH ANALYSIS REDONE/POTENTIAL CONNECTIONS/Manyatta/DMM pipelines.shp
SIMBA,,,,,51.672,0,0.1,OPEN,,MIL,,,Distribution,,In service,2 inch offtake from 8 8 inch,,,,50,2.00,0,DMM pipelines,E:/SEURECA KISUMU/MARCH ANALYSIS REDONE/POTENTIAL CONNECTIONS/Manyatta/DMM pipelines.shp
SIMBA,,,,,50.307,0,0.1,OPEN,,MIL,,,Distribution,,In service,2 inch offtake from 8 8 inch,,,,50,2.00,0,DMM pipelines,E:/SEURECA KISUMU/MARCH ANALYSIS REDONE/POTENTIAL CONNECTIONS/Manyatta/DMM pipelines.shp
KATUORO,,,,,8.763,0,0.1,OPEN,,MIL,,,Distribution,,In service,DMM,,,,50,2.00,0,DMM pipelines,E:/SEURECA KISUMU/MARCH ANALYSIS REDONE/POTENTIAL CONNECTIONS/Manyatta/DMM pipelines.shp
KATUORO,,,,,18.401,0,0.1,OPEN,,MIL,,,Distribution,,In service,DMM,,,,50,2.00,0,DMM pipelines,E:/SEURECA KISUMU/MARCH ANALYSIS REDONE/POTENTIAL CONNECTIONS/Manyatta/DMM pipelines.shp
KATUORO,,,,,14.981,0,0.1,OPEN,,MIL,,,Distribution,,In service,DMM,,,,50,2.00,0,DMM pipelines,E:/SEURECA KISUMU/MARCH ANALYSIS REDONE/POTENTIAL CONNECTIONS/Manyatta/DMM pipelines.shp
KATUORO,,,,,3.023,0,0.1,OPEN,,MIL,,,Distribution,,In service,DMM,,,,50,2.00,0,DMM pipelines,E:/SEURECA KISUMU/MARCH ANALYSIS REDONE/POTENTIAL CONNECTIONS/Manyatta/DMM pipelines.shp
KATUORO,,,,,7.508,0,0.1,OPEN,,MIL,,,Distribution,,In service,DMM,,,,50,2.00,0,DMM pipelines,E:/SEURECA KISUMU/MARCH ANALYSIS REDONE/POTENTIAL CONNECTIONS/Manyatta/DMM pipelines.shp
N/A,,,,,132.342,0,0.1,OPEN,,MIL,,,Distribution,N/A,In service,0.5 inch offtake from 1 inch,,,,25,1.00,0,DMM pipelines,E:/SEURECA KISUMU/MARCH ANALYSIS REDONE/POTENTIAL CONNECTIONS/Manyatta/DMM pipelines.shp
N/A,,,,,105.071,0,0.1,OPEN,,MIL,,,Distribution,N/A,In service,2inch offtake from 8inch,,,,50,2.00,0,DMM pipelines,E:/SEURECA KISUMU/MARCH ANALYSIS REDONE/POTENTIAL CONNECTIONS/Manyatta/DMM pipelines.shp
N/A,,,,,131.803,0,0.1,OPEN,,MIL,,,Distribution,N/A,In service,2inch offtake from 8inch,,,,50,2.00,0,DMM pipelines,E:/SEURECA KISUMU/MARCH ANALYSIS REDONE/POTENTIAL CONNECTIONS/Manyatta/DMM pipelines.shp
N/A,,,,,37.416,0,0.1,OPEN,,MIL,,,Distribution,N/A,In service,2inch offtake from 8inch,,,,50,2.00,0,DMM pipelines,E:/SEURECA KISUMU/MARCH ANALYSIS REDONE/POTENTIAL CONNECTIONS/Manyatta/DMM pipelines.shp
N/A,,,,,0.000,0,0.1,OPEN,,MIL,,,Distribution,N/A,In service,2inch offtake from 8inch,,,,50,2.00,0,DMM pipelines,E:/SEURECA KISUMU/MARCH ANALYSIS REDONE/POTENTIAL CONNECTIONS/Manyatta/DMM pipelines.shp
N/A,,,,,76.905,0,0.1,OPEN,,MIL,,,Distribution,N/A,In service,2inch offtake from 8inch,,,,50,2.00,0,DMM pipelines,E:/SEURECA KISUMU/MARCH ANALYSIS REDONE/POTENTIAL CONNECTIONS/Manyatta/DMM pipelines.shp
N/A,,,,,71.357,0,0.1,OPEN,,MIL,,,Distribution,N/A,In service,2inch offtake from 8inch,,,,50,2.00,0,DMM pipelines,E:/SEURECA KISUMU/MARCH ANALYSIS REDONE/POTENTIAL CONNECTIONS/Manyatta/DMM pipelines.shp
N/A,,,,,65.231,0,0.1,OPEN,,MIL,,,Distribution,N/A,In service,2inch offtake from 8inch,,,,50,2.00,0,DMM pipelines,E:/SEURECA KISUMU/MARCH ANALYSIS REDONE/POTENTIAL CONNECTIONS/Manyatta/DMM pipelines.shp
N/A,,,,,61.123,0,0.1,OPEN,,MIL,,,Distribution,N/A,In service,2inch offtake from 8inch,,,,50,2.00,0,DMM pipelines,E:/SEURECA KISUMU/MARCH ANALYSIS REDONE/POTENTIAL CONNECTIONS/Manyatta/DMM pipelines.shp
N/A,,,,,63.807,0,0.1,OPEN,,MIL,,,Distribution,N/A,In service,2inch offtake from 8inch,,,,50,2.00,0,DMM pipelines,E:/SEURECA KISUMU/MARCH ANALYSIS REDONE/POTENTIAL CONNECTIONS/Manyatta/DMM pipelines.shp
N/A,,,,,47.777,0,0.1,OPEN,,MIL,,,Distribution,N/A,In service,2inch offtake from 8inch,,,,50,2.00,0,DMM pipelines,E:/SEURECA KISUMU/MARCH ANALYSIS REDONE/POTENTIAL CONNECTIONS/Manyatta/DMM pipelines.shp
N/A,,,,,35.355,0,0.1,OPEN,,MIL,,,Distribution,N/A,In service,2inch offtake from 8inch,,,,50,2.00,0,DMM pipelines,E:/SEURECA KISUMU/MARCH ANALYSIS REDONE/POTENTIAL CONNECTIONS/Manyatta/DMM pipelines.shp
N/A,,,,,49.491,0,0.1,OPEN,,MIL,,,Distribution,N/A,In service,2inch offtake from 8inch,,,,50,2.00,0,DMM pipelines,E:/SEURECA KISUMU/MARCH ANALYSIS REDONE/POTENTIAL CONNECTIONS/Manyatta/DMM pipelines.shp
N/A,,,,,0.000,0,0.1,OPEN,,MIL,,,Distribution,N/A,In service,0.5 inch offtake from 2 inch,,,,17,0.50,0,DMM pipelines,E:/SEURECA KISUMU/MARCH ANALYSIS REDONE/POTENTIAL CONNECTIONS/Manyatta/DMM pipelines.shp
N/A,,,,,0.000,0,0.1,OPEN,,MIL,,,Distribution,N/A,In service,0.5 inch offtake from 2 inch,,,,17,0.50,0,DMM pipelines,E:/SEURECA KISUMU/MARCH ANALYSIS REDONE/POTENTIAL CONNECTIONS/Manyatta/DMM pipelines.shp
N/A,,,,,15.501,0,0.1,OPEN,,MIL,,,Distribution,N/A,In service,0.5 inch offtake from 2 inch,,,,17,0.50,0,DMM pipelines,E:/SEURECA KISUMU/MARCH ANALYSIS REDONE/POTENTIAL CONNECTIONS/Manyatta/DMM pipelines.shp
N/A,,,,,13.468,0,0.1,OPEN,,MIL,,,Distribution,N/A,In service,0.5 inch offtake from 2 inch,,,,17,0.50,0,DMM pipelines,E:/SEURECA KISUMU/MARCH ANALYSIS REDONE/POTENTIAL CONNECTIONS/Manyatta/DMM pipelines.shp
N/A,,,,,212.756,0,0.1,OPEN,,MIL,,,Distribution,N/A,In service,2inch offtake from 8 inch,,,,50,2.00,0,DMM pipelines,E:/SEURECA KISUMU/MARCH ANALYSIS REDONE/POTENTIAL CONNECTIONS/Manyatta/DMM pipelines.shp
N/A,,,,,83.113,0,0.1,OPEN,,MIL,,,Distribution,N/A,In service,2inch offtake from 8 inch,,,,50,2.00,0,DMM pipelines,E:/SEURECA KISUMU/MARCH ANALYSIS REDONE/POTENTIAL CONNECTIONS/Manyatta/DMM pipelines.shp
N/A,,,,,84.070,0,0.1,OPEN,,MIL,,,Distribution,N/A,In service,2inch offtake from 8 inch,,,,50,2.00,0,DMM pipelines,E:/SEURECA KISUMU/MARCH ANALYSIS REDONE/POTENTIAL CONNECTIONS/Manyatta/DMM pipelines.shp
N/A,,,,,60.569,0,0.1,OPEN,,MIL,,,Distribution,N/A,In service,2inch offtake from 8 inch,,,,50,2.00,0,DMM pipelines,E:/SEURECA KISUMU/MARCH ANALYSIS REDONE/POTENTIAL CONNECTIONS/Manyatta/DMM pipelines.shp
N/A,,,,,44.139,0,0.1,OPEN,,MIL,,,Distribution,N/A,In service,2inch offtake from 8 inch,,,,50,2.00,0,DMM pipelines,E:/SEURECA KISUMU/MARCH ANALYSIS REDONE/POTENTIAL CONNECTIONS/Manyatta/DMM pipelines.shp
N/A,,,,,14.043,0,0.1,OPEN,,MIL,,,Distribution,N/A,In service,2inch offtake from 8 inch,,,,50,2.00,0,DMM pipelines,E:/SEURECA KISUMU/MARCH ANALYSIS REDONE/POTENTIAL CONNECTIONS/Manyatta/DMM pipelines.shp
N/A,,,,,1.808,0,0.1,OPEN,,MIL,,,Distribution,N/A,In service,2inch offtake from 8 inch,,,,50,2.00,0,DMM pipelines,E:/SEURECA KISUMU/MARCH ANALYSIS REDONE/POTENTIAL CONNECTIONS/Manyatta/DMM pipelines.shp
N/A,,,,,69.127,0,0.1,OPEN,,MIL,,,Distribution,N/A,In service,0.5 inch offtake from 2 inch,,,,17,0.50,0,DMM pipelines,E:/SEURECA KISUMU/MARCH ANALYSIS REDONE/POTENTIAL CONNECTIONS/Manyatta/DMM pipelines.shp
N/A,,,,,87.921,0,0.1,OPEN,,MIL,,,Distribution,N/A,In service,0.5 inch offtake from 2 inch,,,,17,0.50,0,DMM pipelines,E:/SEURECA KISUMU/MARCH ANALYSIS REDONE/POTENTIAL CONNECTIONS/Manyatta/DMM pipelines.shp
N/A,,,,,82.682,0,0.1,OPEN,,MIL,,,Distribution,N/A,In service,0.5 inch offtake from 2 inch,,,,17,0.50,0,DMM pipelines,E:/SEURECA KISUMU/MARCH ANALYSIS REDONE/POTENTIAL CONNECTIONS/Manyatta/DMM pipelines.shp
N/A,,,,,12.049,0,0.1,OPEN,,MIL,,,Distribution,N/A,In service,0.5 inch offtake from 2 inch,,,,17,0.50,0,DMM pipelines,E:/SEURECA KISUMU/MARCH ANALYSIS REDONE/POTENTIAL CONNECTIONS/Manyatta/DMM pipelines.shp
N/A,,,,,154.608,0,0.1,OPEN,,MIL,,,Distribution,N/A,In service,2 inch offtake from 8 inch,,,,50,2.00,0,DMM pipelines,E:/SEURECA KISUMU/MARCH ANALYSIS REDONE/POTENTIAL CONNECTIONS/Manyatta/DMM pipelines.shp
N/A,,,,,282.082,0,0.1,OPEN,,MIL,,,Distribution,N/A,In service,2 inch offtake from 8 inch,,,,50,2.00,0,DMM pipelines,E:/SEURECA KISUMU/MARCH ANALYSIS REDONE/POTENTIAL CONNECTIONS/Manyatta/DMM pipelines.shp
N/A,,,,,124.541,0,0.1,OPEN,,MIL,,,Distribution,N/A,In service,2 inch offtake from 8 inch,,,,50,2.00,0,DMM pipelines,E:/SEURECA KISUMU/MARCH ANALYSIS REDONE/POTENTIAL CONNECTIONS/Manyatta/DMM pipelines.shp
N/A,,,,,42.245,0,0.1,OPEN,,MIL,,,Distribution,N/A,In service,2 inch offtake from 8 inch,,,,50,2.00,0,DMM pipelines,E:/SEURECA KISUMU/MARCH ANALYSIS REDONE/POTENTIAL CONNECTIONS/Manyatta/DMM pipelines.shp
N/A,,,,,76.677,0,0.1,OPEN,,MIL,,,Distribution,N/A,In service,2 inch offtake from 8 inch,,,,50,2.00,0,DMM pipelines,E:/SEURECA KISUMU/MARCH ANALYSIS REDONE/POTENTIAL CONNECTIONS/Manyatta/DMM pipelines.shp
N/A,,,,,88.855,0,0.1,OPEN,,MIL,,,Distribution,N/A,In service,2 inch offtake from 8 inch,,,,50,2.00,0,DMM pipelines,E:/SEURECA KISUMU/MARCH ANALYSIS REDONE/POTENTIAL CONNECTIONS/Manyatta/DMM pipelines.shp
N/A,,,,,40.662,0,0.1,OPEN,,MIL,,,Distribution,N/A,In service,2 inch offtake from 8 inch,,,,50,2.00,0,DMM pipelines,E:/SEURECA KISUMU/MARCH ANALYSIS REDONE/POTENTIAL CONNECTIONS/Manyatta/DMM pipelines.shp
N/A,,,,,106.560,0,0.1,OPEN,,MIL,,,Distribution,N/A,In service,2 inch offtake from 8 inch,,,,50,2.00,0,DMM pipelines,E:/SEURECA KISUMU/MARCH ANALYSIS REDONE/POTENTIAL CONNECTIONS/Manyatta/DMM pipelines.shp
N/A,,,,,107.507,0,0.1,OPEN,,MIL,,,Distribution,N/A,In service,2 inch offtake from 8 inch,,,,50,2.00,0,DMM pipelines,E:/SEURECA KISUMU/MARCH ANALYSIS REDONE/POTENTIAL CONNECTIONS/Manyatta/DMM pipelines.shp
N/A,,,,,24.099,0,0.1,OPEN,,MIL,,,Distribution,N/A,In service,2 inch offtake from 8 inch,,,,50,2.00,0,DMM pipelines,E:/SEURECA KISUMU/MARCH ANALYSIS REDONE/POTENTIAL CONNECTIONS/Manyatta/DMM pipelines.shp
N/A,,,,,15.075,0,0.1,OPEN,,MIL,,,Distribution,N/A,In service,2 inch offtake from 8 inch,,,,50,2.00,0,DMM pipelines,E:/SEURECA KISUMU/MARCH ANALYSIS REDONE/POTENTIAL CONNECTIONS/Manyatta/DMM pipelines.shp
N/A,,,,,4.672,0,0.1,OPEN,,MIL,,,Distribution,N/A,In service,2 inch offtake from 8 inch,,,,50,2.00,0,DMM pipelines,E:/SEURECA KISUMU/MARCH ANALYSIS REDONE/POTENTIAL CONNECTIONS/Manyatta/DMM pipelines.shp
N/A,,,,,57.994,0,0.1,OPEN,,MIL,,,Distribution,N/A,In service,2 inch offtake from 8 inch,,,,50,2.00,0,DMM pipelines,E:/SEURECA KISUMU/MARCH ANALYSIS REDONE/POTENTIAL CONNECTIONS/Manyatta/DMM pipelines.shp
N/A,,,,,54.868,0,0.1,OPEN,,MIL,,,Distribution,N/A,In service,2 inch offtake from 8 inch,,,,50,2.00,0,DMM pipelines,E:/SEURECA KISUMU/MARCH ANALYSIS REDONE/POTENTIAL CONNECTIONS/Manyatta/DMM pipelines.shp
N/A,,,,,53.966,0,0.1,OPEN,,MIL,,,Distribution,N/A,In service,2 inch offtake from 8 inch,,,,50,2.00,0,DMM pipelines,E:/SEURECA KISUMU/MARCH ANALYSIS REDONE/POTENTIAL CONNECTIONS/Manyatta/DMM pipelines.shp
N/A,,,,,107.188,0,0.1,OPEN,,MIL,,,Distribution,N/A,In service,2 inch offtake from 8 inch,,,,50,2.00,0,DMM pipelines,E:/SEURECA KISUMU/MARCH ANALYSIS REDONE/POTENTIAL CONNECTIONS/Manyatta/DMM pipelines.shp
N/A,,,,,6.864,0,0.1,OPEN,,MIL,,,Distribution,N/A,In service,2 inch offtake from 8 inch,,,,50,2.00,0,DMM pipelines,E:/SEURECA KISUMU/MARCH ANALYSIS REDONE/POTENTIAL CONNECTIONS/Manyatta/DMM pipelines.shp
N/A,,,,,35.932,0,0.1,OPEN,,MIL,,,Distribution,N/A,In service,2 inch offtake from 8 inch,,,,50,2.00,0,DMM pipelines,E:/SEURECA KISUMU/MARCH ANALYSIS REDONE/POTENTIAL CONNECTIONS/Manyatta/DMM pipelines.shp
N/A,,,,,73.103,0,0.1,OPEN,,MIL,,,Distribution,N/A,In service,2 inch offtake from 8 inch,,,,50,2.00,0,DMM pipelines,E:/SEURECA KISUMU/MARCH ANALYSIS REDONE/POTENTIAL CONNECTIONS/Manyatta/DMM pipelines.shp
N/A,,,,,42.076,0,0.1,OPEN,,MIL,,,Distribution,N/A,In service,2 inch offtake from 8 inch,,,,50,2.00,0,DMM pipelines,E:/SEURECA KISUMU/MARCH ANALYSIS REDONE/POTENTIAL CONNECTIONS/Manyatta/DMM pipelines.shp
N/A,,,,,9.850,0,0.1,OPEN,,MIL,,,Distribution,N/A,In service,2 inch offtake from 8 inch,,,,50,2.00,0,DMM pipelines,E:/SEURECA KISUMU/MARCH ANALYSIS REDONE/POTENTIAL CONNECTIONS/Manyatta/DMM pipelines.shp
N/A,,,,,10.990,0,0.1,OPEN,,MIL,,,Distribution,N/A,In service,2 inch offtake from 8 inch,,,,50,2.00,0,DMM pipelines,E:/SEURECA KISUMU/MARCH ANALYSIS REDONE/POTENTIAL CONNECTIONS/Manyatta/DMM pipelines.shp
N/A,,,,,76.400,0,0.1,OPEN,,MIL,,,Distribution,N/A,In service,2 inch offtake from 8 inch,,,,50,2.00,0,DMM pipelines,E:/SEURECA KISUMU/MARCH ANALYSIS REDONE/POTENTIAL CONNECTIONS/Manyatta/DMM pipelines.shp
N/A,,,,,88.897,0,0.1,OPEN,,MIL,,,Distribution,N/A,In service,2 inch offtake from 8 inch,,,,50,2.00,0,DMM pipelines,E:/SEURECA KISUMU/MARCH ANALYSIS REDONE/POTENTIAL CONNECTIONS/Manyatta/DMM pipelines.shp
N/A,,,,,26.103,0,0.1,OPEN,,MIL,,,Distribution,N/A,In service,2 inch offtake from 8 inch,,,,50,2.00,0,DMM pipelines,E:/SEURECA KISUMU/MARCH ANALYSIS REDONE/POTENTIAL CONNECTIONS/Manyatta/DMM pipelines.shp
N/A,,,,,7.052,0,0.1,OPEN,,MIL,,,Distribution,N/A,In service,2 inch offtake from 8 inch,,,,50,2.00,0,DMM pipelines,E:/SEURECA KISUMU/MARCH ANALYSIS REDONE/POTENTIAL CONNECTIONS/Manyatta/DMM pipelines.shp
,,,,,63.676,0,0.1,OPEN,,MIL,,,Distribution,,In service,DMM,,,,50,2.00,0,DMM pipelines,E:/SEURECA KISUMU/MARCH ANALYSIS REDONE/POTENTIAL CONNECTIONS/Manyatta/DMM pipelines.shp
N/A,,,,,18.893,0,0.1,OPEN,,MIL,,,Distribution,N/A,In service,0.5inch offtake from 2 inch,,,,17,0.50,0,DMM pipelines,E:/SEURECA KISUMU/MARCH ANALYSIS REDONE/POTENTIAL CONNECTIONS/Manyatta/DMM pipelines.shp
N/A,,,,,119.796,0,0.1,OPEN,,MIL,,,Distribution,N/A,In service,0.5inch offtake from 2 inch,,,,17,0.50,0,DMM pipelines,E:/SEURECA KISUMU/MARCH ANALYSIS REDONE/POTENTIAL CONNECTIONS/Manyatta/DMM pipelines.shp
N/A,,,,,75.369,0,0.1,OPEN,,MIL,,,Distribution,N/A,In service,0.5 inch offtate from 2 inch,,,,17,0.50,0,DMM pipelines,E:/SEURECA KISUMU/MARCH ANALYSIS REDONE/POTENTIAL CONNECTIONS/Manyatta/DMM pipelines.shp
WAMLANDA,,,,,168.835,0,0.1,OPEN,,MIL,,,Distribution,,In service,DMM,,,,50,2.00,0,DMM pipelines,E:/SEURECA KISUMU/MARCH ANALYSIS REDONE/POTENTIAL CONNECTIONS/Manyatta/DMM pipelines.shp
WAMLANDA,,,,,14.216,0,0.1,OPEN,,MIL,,,Distribution,,In service,DMM,,,,50,2.00,0,DMM pipelines,E:/SEURECA KISUMU/MARCH ANALYSIS REDONE/POTENTIAL CONNECTIONS/Manyatta/DMM pipelines.shp
WAMLANDA,,,,,51.230,0,0.1,OPEN,,MIL,,,Distribution,,In service,DMM,,,,50,2.00,0,DMM pipelines,E:/SEURECA KISUMU/MARCH ANALYSIS REDONE/POTENTIAL CONNECTIONS/Manyatta/DMM pipelines.shp
WAMLANDA,,,,,36.701,0,0.1,OPEN,,MIL,,,Distribution,,In service,DMM,,,,50,2.00,0,DMM pipelines,E:/SEURECA KISUMU/MARCH ANALYSIS REDONE/POTENTIAL CONNECTIONS/Manyatta/DMM pipelines.shp
WAMLANDA,,,,,51.575,0,0.1,OPEN,,MIL,,,Distribution,,In service,DMM,,,,50,2.00,0,DMM pipelines,E:/SEURECA KISUMU/MARCH ANALYSIS REDONE/POTENTIAL CONNECTIONS/Manyatta/DMM pipelines.shp
WAMLANDA,,,,,35.922,0,0.1,OPEN,,MIL,,,Distribution,,In service,DMM,,,,50,2.00,0,DMM pipelines,E:/SEURECA KISUMU/MARCH ANALYSIS REDONE/POTENTIAL CONNECTIONS/Manyatta/DMM pipelines.shp
WAMLANDA,,,,,33.368,0,0.1,OPEN,,MIL,,,Distribution,,In service,DMM,,,,50,2.00,0,DMM pipelines,E:/SEURECA KISUMU/MARCH ANALYSIS REDONE/POTENTIAL CONNECTIONS/Manyatta/DMM pipelines.shp
WAMLANDA,,,,,43.522,0,0.1,OPEN,,MIL,,,Distribution,,In service,DMM,,,,50,2.00,0,DMM pipelines,E:/SEURECA KISUMU/MARCH ANALYSIS REDONE/POTENTIAL CONNECTIONS/Manyatta/DMM pipelines.shp
WAMLANDA,,,,,52.951,0,0.1,OPEN,,MIL,,,Distribution,,In service,DMM,,,,50,2.00,0,DMM pipelines,E:/SEURECA KISUMU/MARCH ANALYSIS REDONE/POTENTIAL CONNECTIONS/Manyatta/DMM pipelines.shp
WAMLANDA,,,,,50.241,0,0.1,OPEN,,MIL,,,Distribution,,In service,DMM,,,,50,2.00,0,DMM pipelines,E:/SEURECA KISUMU/MARCH ANALYSIS REDONE/POTENTIAL CONNECTIONS/Manyatta/DMM pipelines.shp
WAMLANDA,,,,,54.466,0,0.1,OPEN,,MIL,,,Distribution,,In service,DMM,,,,50,2.00,0,DMM pipelines,E:/SEURECA KISUMU/MARCH ANALYSIS REDONE/POTENTIAL CONNECTIONS/Manyatta/DMM pipelines.shp
WAMLANDA,,,,,39.917,0,0.1,OPEN,,MIL,,,Distribution,,In service,DMM,,,,50,2.00,0,DMM pipelines,E:/SEURECA KISUMU/MARCH ANALYSIS REDONE/POTENTIAL CONNECTIONS/Manyatta/DMM pipelines.shp
WAMLANDA,,,,,114.626,0,0.1,OPEN,,MIL,,,Distribution,,In service,DMM,,,,50,2.00,0,DMM pipelines,E:/SEURECA KISUMU/MARCH ANALYSIS REDONE/POTENTIAL CONNECTIONS/Manyatta/DMM pipelines.shp
VILAGE CAR,,,,,8.896,0,0.1,OPEN,,MIL,,,Distribution,,In service,DMM,,,,50,2.00,0,DMM pipelines,E:/SEURECA KISUMU/MARCH ANALYSIS REDONE/POTENTIAL CONNECTIONS/Manyatta/DMM pipelines.shp
VILAGE CAR,,,,,88.300,0,0.1,OPEN,,MIL,,,Distribution,,In service,DMM,,,,50,2.00,0,DMM pipelines,E:/SEURECA KISUMU/MARCH ANALYSIS REDONE/POTENTIAL CONNECTIONS/Manyatta/DMM pipelines.shp
VILAGE CAR,,,,,45.082,0,0.1,OPEN,,MIL,,,Distribution,,In service,DMM,,,,50,2.00,0,DMM pipelines,E:/SEURECA KISUMU/MARCH ANALYSIS REDONE/POTENTIAL CONNECTIONS/Manyatta/DMM pipelines.shp
VILAGE CAR,,,,,75.932,0,0.1,OPEN,,MIL,,,Distribution,,In service,DMM,,,,50,2.00,0,DMM pipelines,E:/SEURECA KISUMU/MARCH ANALYSIS REDONE/POTENTIAL CONNECTIONS/Manyatta/DMM pipelines.shp
VILAGE CAR,,,,,49.151,0,0.1,OPEN,,MIL,,,Distribution,,In service,DMM,,,,50,2.00,0,DMM pipelines,E:/SEURECA KISUMU/MARCH ANALYSIS REDONE/POTENTIAL CONNECTIONS/Manyatta/DMM pipelines.shp
VILAGE CAR,,,,,61.101,0,0.1,OPEN,,MIL,,,Distribution,,In service,DMM,,,,50,2.00,0,DMM pipelines,E:/SEURECA KISUMU/MARCH ANALYSIS REDONE/POTENTIAL CONNECTIONS/Manyatta/DMM pipelines.shp
VILAGE CAR,,,,,153.951,0,0.1,OPEN,,MIL,,,Distribution,,In service,DMM,,,,50,2.00,0,DMM pipelines,E:/SEURECA KISUMU/MARCH ANALYSIS REDONE/POTENTIAL CONNECTIONS/Manyatta/DMM pipelines.shp
VILAGE CAR,,,,,58.104,0,0.1,OPEN,,MIL,,,Distribution,,In service,DMM,,,,50,2.00,0,DMM pipelines,E:/SEURECA KISUMU/MARCH ANALYSIS REDONE/POTENTIAL CONNECTIONS/Manyatta/DMM pipelines.shp
VILAGE CAR,,,,,52.463,0,0.1,OPEN,,MIL,,,Distribution,,In service,DMM,,,,50,2.00,0,DMM pipelines,E:/SEURECA KISUMU/MARCH ANALYSIS REDONE/POTENTIAL CONNECTIONS/Manyatta/DMM pipelines.shp
VILAGE CAR,,,,,43.786,0,0.1,OPEN,,MIL,,,Distribution,,In service,DMM,,,,50,2.00,0,DMM pipelines,E:/SEURECA KISUMU/MARCH ANALYSIS REDONE/POTENTIAL CONNECTIONS/Manyatta/DMM pipelines.shp
VILAGE CAR,,,,,54.333,0,0.1,OPEN,,MIL,,,Distribution,,In service,DMM,,,,50,2.00,0,DMM pipelines,E:/SEURECA KISUMU/MARCH ANALYSIS REDONE/POTENTIAL CONNECTIONS/Manyatta/DMM pipelines.shp
VILAGE CAR,,,,,0.919,0,0.1,OPEN,,MIL,,,Distribution,,In service,DMM,,,,50,2.00,0,DMM pipelines,E:/SEURECA KISUMU/MARCH ANALYSIS REDONE/POTENTIAL CONNECTIONS/Manyatta/DMM pipelines.shp
VILAGE CAR,,,,,28.875,0,0.1,OPEN,,MIL,,,Distribution,,In service,DMM,,,,40,1.50,0,DMM pipelines,E:/SEURECA KISUMU/MARCH ANALYSIS REDONE/POTENTIAL CONNECTIONS/Manyatta/DMM pipelines.shp
VILAGE CAR,,,,,54.006,0,0.1,OPEN,,MIL,,,Distribution,,In service,DMM,,,,40,1.50,0,DMM pipelines,E:/SEURECA KISUMU/MARCH ANALYSIS REDONE/POTENTIAL CONNECTIONS/Manyatta/DMM pipelines.shp
VILAGE CAR,,,,,3.429,0,0.1,OPEN,,MIL,,,Distribution,,In service,DMM,,,,20,0.75,0,DMM pipelines,E:/SEURECA KISUMU/MARCH ANALYSIS REDONE/POTENTIAL CONNECTIONS/Manyatta/DMM pipelines.shp
VILAGE CAR,,,,,3.415,0,0.1,OPEN,,MIL,,,Distribution,,In service,DMM,,,,50,2.00,0,DMM pipelines,E:/SEURECA KISUMU/MARCH ANALYSIS REDONE/POTENTIAL CONNECTIONS/Manyatta/DMM pipelines.shp
VILAGE CAR,,,,,16.114,0,0.1,OPEN,,MIL,,,Distribution,,In service,DMM,,,,20,0.75,0,DMM pipelines,E:/SEURECA KISUMU/MARCH ANALYSIS REDONE/POTENTIAL CONNECTIONS/Manyatta/DMM pipelines.shp
VILAGE CAR,,,,,22.574,0,0.1,OPEN,,MIL,,,Distribution,,In service,DMM,,,,20,0.75,0,DMM pipelines,E:/SEURECA KISUMU/MARCH ANALYSIS REDONE/POTENTIAL CONNECTIONS/Manyatta/DMM pipelines.shp
VILAGE CAR,,,,,4.648,0,0.1,OPEN,,MIL,,,Distribution,,In service,DMM,,,,20,0.75,0,DMM pipelines,E:/SEURECA KISUMU/MARCH ANALYSIS REDONE/POTENTIAL CONNECTIONS/Manyatta/DMM pipelines.shp
VILAGE CAR,,,,,57.027,0,0.1,OPEN,,MIL,,,Distribution,,In service,DMM,,,,20,0.75,0,DMM pipelines,E:/SEURECA KISUMU/MARCH ANALYSIS REDONE/POTENTIAL CONNECTIONS/Manyatta/DMM pipelines.shp
,,,,,48.158,0,0.1,OPEN,,MIL,,,Distribution,,In service,2'' offtake from 8'',,,,50,2.00,0,DMM pipelines,E:/SEURECA KISUMU/MARCH ANALYSIS REDONE/POTENTIAL CONNECTIONS/Manyatta/DMM pipelines.shp
,,,,,89.271,0,0.1,OPEN,,MIL,,,Distribution,,In service,2'' offtake from 8'',,,,50,2.00,0,DMM pipelines,E:/SEURECA KISUMU/MARCH ANALYSIS REDONE/POTENTIAL CONNECTIONS/Manyatta/DMM pipelines.shp
,,,,,100.434,0,0.1,OPEN,,MIL,,,Distribution,,In service,2'' offtake from 8'',,,,50,2.00,0,DMM pipelines,E:/SEURECA KISUMU/MARCH ANALYSIS REDONE/POTENTIAL CONNECTIONS/Manyatta/DMM pipelines.shp
,,,,,77.772,0,0.1,OPEN,,MIL,,,Distribution,,In service,2'' offtake from 8'',,,,50,2.00,0,DMM pipelines,E:/SEURECA KISUMU/MARCH ANALYSIS REDONE/POTENTIAL CONNECTIONS/Manyatta/DMM pipelines.shp
,,,,,78.843,0,0.1,OPEN,,MIL,,,Distribution,,In service,2'' offtake from 8'',,,,50,2.00,0,DMM pipelines,E:/SEURECA KISUMU/MARCH ANALYSIS REDONE/POTENTIAL CONNECTIONS/Manyatta/DMM pipelines.shp
,,,,,139.191,0,0.1,OPEN,,MIL,,,Distribution,,In service,2'' offtake from 8'',,,,50,2.00,0,DMM pipelines,E:/SEURECA KISUMU/MARCH ANALYSIS REDONE/POTENTIAL CONNECTIONS/Manyatta/DMM pipelines.shp
JAVAISHA,,,,,1.950,0,0.1,OPEN,,MIL,,,Distribution,,In service,DMM,,,,50,2.00,0,DMM pipelines,E:/SEURECA KISUMU/MARCH ANALYSIS REDONE/POTENTIAL CONNECTIONS/Manyatta/DMM pipelines.shp
JAVAISHA,,,,,77.198,0,0.1,OPEN,,MIL,,,Distribution main,,In service,DMM,,,,50,2.00,0,DMM pipelines,E:/SEURECA KISUMU/MARCH ANALYSIS REDONE/POTENTIAL CONNECTIONS/Manyatta/DMM pipelines.shp
JAVAISHA,,,,,25.997,0,0.1,OPEN,,MIL,,,Distribution main,,In service,DMM,,,,50,2.00,0,DMM pipelines,E:/SEURECA KISUMU/MARCH ANALYSIS REDONE/POTENTIAL CONNECTIONS/Manyatta/DMM pipelines.shp
JAVAISHA,,,,,138.267,0,0.1,OPEN,,MIL,,,Distribution main,,In service,DMM,,,,50,2.00,0,DMM pipelines,E:/SEURECA KISUMU/MARCH ANALYSIS REDONE/POTENTIAL CONNECTIONS/Manyatta/DMM pipelines.shp
JAVAISHA,,,,,28.481,0,0.1,OPEN,,MIL,,,Distribution main,,In service,DMM,,,,50,2.00,0,DMM pipelines,E:/SEURECA KISUMU/MARCH ANALYSIS REDONE/POTENTIAL CONNECTIONS/Manyatta/DMM pipelines.shp
JAVAISHA,,,,,12.262,0,0.1,OPEN,,MIL,,,Distribution main,,In service,DMM,,,,50,2.00,0,DMM pipelines,E:/SEURECA KISUMU/MARCH ANALYSIS REDONE/POTENTIAL CONNECTIONS/Manyatta/DMM pipelines.shp
JAVAISHA,,,,,0.649,0,0.1,OPEN,,MIL,,,Distribution,,In service,DMM,,,,20,0.75,0,DMM pipelines,E:/SEURECA KISUMU/MARCH ANALYSIS REDONE/POTENTIAL CONNECTIONS/Manyatta/DMM pipelines.shp
JAVAISHA,,,,,75.846,0,0.1,OPEN,,MIL,,,Distribution main,,In service,DMM,,,,50,2.00,0,DMM pipelines,E:/SEURECA KISUMU/MARCH ANALYSIS REDONE/POTENTIAL CONNECTIONS/Manyatta/DMM pipelines.shp
JAVAISHA,,,,,0.378,0,0.1,OPEN,,MIL,,,Distribution,,In service,DMM,,,,20,0.75,0,DMM pipelines,E:/SEURECA KISUMU/MARCH ANALYSIS REDONE/POTENTIAL CONNECTIONS/Manyatta/DMM pipelines.shp
Kabisa,,,,,76.359,0,0.1,OPEN,,MIL,,,Distribution,,In service,2'' offtake from 8 '',,,,50,2.00,0,DMM pipelines,E:/SEURECA KISUMU/MARCH ANALYSIS REDONE/POTENTIAL CONNECTIONS/Manyatta/DMM pipelines.shp
Kabisa,,,,,166.501,0,0.1,OPEN,,MIL,,,Distribution,,In service,2'' offtake from 8 '',,,,50,2.00,0,DMM pipelines,E:/SEURECA KISUMU/MARCH ANALYSIS REDONE/POTENTIAL CONNECTIONS/Manyatta/DMM pipelines.shp
Kabisa,,,,,0.000,0,0.1,OPEN,,MIL,,,Distribution,,In service,2'' offtake from 8 '',,,,50,2.00,0,DMM pipelines,E:/SEURECA KISUMU/MARCH ANALYSIS REDONE/POTENTIAL CONNECTIONS/Manyatta/DMM pipelines.shp
Kabisa,,,,,15.013,0,0.1,OPEN,,MIL,,,Distribution,,In service,2'' offtake from 8 '',,,,50,2.00,0,DMM pipelines,E:/SEURECA KISUMU/MARCH ANALYSIS REDONE/POTENTIAL CONNECTIONS/Manyatta/DMM pipelines.shp
Kabisa,,,,,74.287,0,0.1,OPEN,,MIL,,,Distribution,,In service,2'' offtake from 8 '',,,,50,2.00,0,DMM pipelines,E:/SEURECA KISUMU/MARCH ANALYSIS REDONE/POTENTIAL CONNECTIONS/Manyatta/DMM pipelines.shp
Kabisa,,,,,8.348,0,0.1,OPEN,,MIL,,,Distribution,,In service,2'' offtake from 8 '',,,,50,2.00,0,DMM pipelines,E:/SEURECA KISUMU/MARCH ANALYSIS REDONE/POTENTIAL CONNECTIONS/Manyatta/DMM pipelines.shp
Kabisa,,,,,43.778,0,0.1,OPEN,,MIL,,,Distribution,,In service,2'' offtake from 8 '',,,,50,2.00,0,DMM pipelines,E:/SEURECA KISUMU/MARCH ANALYSIS REDONE/POTENTIAL CONNECTIONS/Manyatta/DMM pipelines.shp
Kabisa,,,,,29.564,0,0.1,OPEN,,MIL,,,Distribution,,In service,DMM,,,,17,0.50,0,DMM pipelines,E:/SEURECA KISUMU/MARCH ANALYSIS REDONE/POTENTIAL CONNECTIONS/Manyatta/DMM pipelines.shp
KATU,,,,,109.274,0,0.1,OPEN,,MIL,,,Distribution,,In service,DMM,,,,50,2.00,0,DMM pipelines,E:/SEURECA KISUMU/MARCH ANALYSIS REDONE/POTENTIAL CONNECTIONS/Manyatta/DMM pipelines.shp
SIMBA,,,,,39.771,0,0.1,OPEN,,MIL,,,Distribution,,In service,2 inch offtake from 8 inch,,,,50,2.00,0,DMM pipelines,E:/SEURECA KISUMU/MARCH ANALYSIS REDONE/POTENTIAL CONNECTIONS/Manyatta/DMM pipelines.shp
SIMBA,,,,,20.830,0,0.1,OPEN,,MIL,,,Distribution,,In service,2 inch offtake from 8 inch,,,,50,2.00,0,DMM pipelines,E:/SEURECA KISUMU/MARCH ANALYSIS REDONE/POTENTIAL CONNECTIONS/Manyatta/DMM pipelines.shp
SIMBA,,,,,5.008,0,0.1,OPEN,,MIL,,,Distribution,,In service,2 inch offtake from 8 inch,,,,50,2.00,0,DMM pipelines,E:/SEURECA KISUMU/MARCH ANALYSIS REDONE/POTENTIAL CONNECTIONS/Manyatta/DMM pipelines.shp
SIMBA,,,,,84.650,0,0.1,OPEN,,MIL,,,Distribution,,In service,2 inch offtake from 8 inch,,,,50,2.00,0,DMM pipelines,E:/SEURECA KISUMU/MARCH ANALYSIS REDONE/POTENTIAL CONNECTIONS/Manyatta/DMM pipelines.shp
SIMBA,,,,,2.461,0,0.1,OPEN,,MIL,,,Distribution,,In service,2 inch offtake from 8 inch,,,,50,2.00,0,DMM pipelines,E:/SEURECA KISUMU/MARCH ANALYSIS REDONE/POTENTIAL CONNECTIONS/Manyatta/DMM pipelines.shp
KATUORO,,,,,21.206,0,0.1,OPEN,,MIL,,,Distribution,,In service,DMM,,,,50,2.00,0,DMM pipelines,E:/SEURECA KISUMU/MARCH ANALYSIS REDONE/POTENTIAL CONNECTIONS/Manyatta/DMM pipelines.shp
SIMBA,,,,,10.778,0,0.1,OPEN,,MIL,,,Distribution,,In service,3/4'' offtake from 2'',,,,20,0.75,0,DMM pipelines,E:/SEURECA KISUMU/MARCH ANALYSIS REDONE/POTENTIAL CONNECTIONS/Manyatta/DMM pipelines.shp
KATUORO,,,,,93.863,0,0.1,OPEN,,MIL,,,Distribution,,In service,DMM,,,,50,2.00,0,DMM pipelines,E:/SEURECA KISUMU/MARCH ANALYSIS REDONE/POTENTIAL CONNECTIONS/Manyatta/DMM pipelines.shp
KATUORO,,,,,5.134,0,0.1,OPEN,,MIL,,,Distribution,,In service,DMM,,,,50,2.00,0,DMM pipelines,E:/SEURECA KISUMU/MARCH ANALYSIS REDONE/POTENTIAL CONNECTIONS/Manyatta/DMM pipelines.shp
KATUORO,,,,,6.704,0,0.1,OPEN,,MIL,,,Distribution,,In service,DMM,,,,50,2.00,0,DMM pipelines,E:/SEURECA KISUMU/MARCH ANALYSIS REDONE/POTENTIAL CONNECTIONS/Manyatta/DMM pipelines.shp
KATUORO,,,,,0.496,0,0.1,OPEN,,MIL,,,Distribution,,In service,DMM,,,,50,2.00,0,DMM pipelines,E:/SEURECA KISUMU/MARCH ANALYSIS REDONE/POTENTIAL CONNECTIONS/Manyatta/DMM pipelines.shp
Kabisa,,,,,101.833,0,0.1,OPEN,,MIL,,,Distribution,,In service,DMM,,,,20,0.75,0,DMM pipelines,E:/SEURECA KISUMU/MARCH ANALYSIS REDONE/POTENTIAL CONNECTIONS/Manyatta/DMM pipelines.shp
RIWOLWEDO,,,,,30.508,0,0.1,OPEN,,MIL,,,Distribution,,In service,DMM,,,,50,2.00,0,DMM pipelines,E:/SEURECA KISUMU/MARCH ANALYSIS REDONE/POTENTIAL CONNECTIONS/Manyatta/DMM pipelines.shp
RIWOLWEDO,,,,,14.826,0,0.1,OPEN,,MIL,,,Distribution,,In service,DMM,,,,50,2.00,0,DMM pipelines,E:/SEURECA KISUMU/MARCH ANALYSIS REDONE/POTENTIAL CONNECTIONS/Manyatta/DMM pipelines.shp
RIWOLWEDO,,,,,120.486,0,0.1,OPEN,,MIL,,,Distribution,,In service,DMM,,,,20,0.75,0,DMM pipelines,E:/SEURECA KISUMU/MARCH ANALYSIS REDONE/POTENTIAL CONNECTIONS/Manyatta/DMM pipelines.shp
RIWOLWEDO,,,,,28.818,0,0.1,OPEN,,MIL,,,Distribution,,In service,DMM,,,,17,0.50,0,DMM pipelines,E:/SEURECA KISUMU/MARCH ANALYSIS REDONE/POTENTIAL CONNECTIONS/Manyatta/DMM pipelines.shp
RIWOLWEDO,,,,,42.820,0,0.1,OPEN,,MIL,,,Distribution,,In service,DMM,,,,17,0.50,0,DMM pipelines,E:/SEURECA KISUMU/MARCH ANALYSIS REDONE/POTENTIAL CONNECTIONS/Manyatta/DMM pipelines.shp
RIWOLWEDO,,,,,43.538,0,0.1,OPEN,,MIL,,,Distribution,,In service,DMM,,,,17,0.50,0,DMM pipelines,E:/SEURECA KISUMU/MARCH ANALYSIS REDONE/POTENTIAL CONNECTIONS/Manyatta/DMM pipelines.shp
RIWOLWEDO,,,,,40.399,0,0.1,OPEN,,MIL,,,Distribution,,In service,DMM,,,,17,0.50,0,DMM pipelines,E:/SEURECA KISUMU/MARCH ANALYSIS REDONE/POTENTIAL CONNECTIONS/Manyatta/DMM pipelines.shp
RIWOLWEDO,,,,,79.333,0,0.1,OPEN,,MIL,,,Distribution,,In service,DMM,,,,50,2.00,0,DMM pipelines,E:/SEURECA KISUMU/MARCH ANALYSIS REDONE/POTENTIAL CONNECTIONS/Manyatta/DMM pipelines.shp
RIWOLWEDO,,,,,4.488,0,0.1,OPEN,,MIL,,,Distribution,,In service,DMM,,,,50,2.00,0,DMM pipelines,E:/SEURECA KISUMU/MARCH ANALYSIS REDONE/POTENTIAL CONNECTIONS/Manyatta/DMM pipelines.shp
RIWOLWEDO,,,,,42.071,0,0.1,OPEN,,MIL,,,Distribution,,In service,DMM,,,,17,0.50,0,DMM pipelines,E:/SEURECA KISUMU/MARCH ANALYSIS REDONE/POTENTIAL CONNECTIONS/Manyatta/DMM pipelines.shp
RIWOLWEDO,,,,,28.155,0,0.1,OPEN,,MIL,,,Distribution,,In service,DMM,,,,17,0.50,0,DMM pipelines,E:/SEURECA KISUMU/MARCH ANALYSIS REDONE/POTENTIAL CONNECTIONS/Manyatta/DMM pipelines.shp
RIWOLWEDO,,,,,26.301,0,0.1,OPEN,,MIL,,,Distribution,,In service,DMM,,,,17,0.50,0,DMM pipelines,E:/SEURECA KISUMU/MARCH ANALYSIS REDONE/POTENTIAL CONNECTIONS/Manyatta/DMM pipelines.shp
RIWOLWEDO,,,,,36.451,0,0.1,OPEN,,MIL,,,Distribution,,In service,DMM,,,,17,0.50,0,DMM pipelines,E:/SEURECA KISUMU/MARCH ANALYSIS REDONE/POTENTIAL CONNECTIONS/Manyatta/DMM pipelines.shp
RIWOLWEDO,,,,,12.204,0,0.1,OPEN,,MIL,,,Distribution,,In service,DMM,,,,17,0.50,0,DMM pipelines,E:/SEURECA KISUMU/MARCH ANALYSIS REDONE/POTENTIAL CONNECTIONS/Manyatta/DMM pipelines.shp
RIWOLWEDO,,,,,95.124,0,0.1,OPEN,,MIL,,,Distribution,,In service,DMM,,,,32,1.25,0,DMM pipelines,E:/SEURECA KISUMU/MARCH ANALYSIS REDONE/POTENTIAL CONNECTIONS/Manyatta/DMM pipelines.shp
RIWOLWEDO,,,,,33.133,0,0.1,OPEN,,MIL,,,Distribution,,In service,DMM,,,,17,0.50,0,DMM pipelines,E:/SEURECA KISUMU/MARCH ANALYSIS REDONE/POTENTIAL CONNECTIONS/Manyatta/DMM pipelines.shp
RIWOLWEDO,,,,,18.335,0,0.1,OPEN,,MIL,,,Distribution,,In service,DMM,,,,17,0.50,0,DMM pipelines,E:/SEURECA KISUMU/MARCH ANALYSIS REDONE/POTENTIAL CONNECTIONS/Manyatta/DMM pipelines.shp
RIWOLWEDO,,,,,7.052,0,0.1,OPEN,,MIL,,,Distribution,,In service,DMM,,,,17,0.50,0,DMM pipelines,E:/SEURECA KISUMU/MARCH ANALYSIS REDONE/POTENTIAL CONNECTIONS/Manyatta/DMM pipelines.shp
RIWOLWEDO,,,,,0.000,0,0.1,OPEN,,MYT,,,Distribution,,In service,DMM,,,,40,1.50,0,DMM pipelines,E:/SEURECA KISUMU/MARCH ANALYSIS REDONE/POTENTIAL CONNECTIONS/Manyatta/DMM pipelines.shp
RIWOLWEDO,,,,,34.563,0,0.1,OPEN,,MIL,,,Distribution,,In service,DMM,,,,17,0.50,0,DMM pipelines,E:/SEURECA KISUMU/MARCH ANALYSIS REDONE/POTENTIAL CONNECTIONS/Manyatta/DMM pipelines.shp
RIWOLWEDO,,,,,42.994,0,0.1,OPEN,,MIL,,,Distribution,,In service,DMM,,,,32,1.25,0,DMM pipelines,E:/SEURECA KISUMU/MARCH ANALYSIS REDONE/POTENTIAL CONNECTIONS/Manyatta/DMM pipelines.shp
RIWOLWEDO,,,,,29.079,0,0.1,OPEN,,MIL,,,Distribution,,In service,DMM,,,,32,1.25,0,DMM pipelines,E:/SEURECA KISUMU/MARCH ANALYSIS REDONE/POTENTIAL CONNECTIONS/Manyatta/DMM pipelines.shp
RIWOLWEDO,,,,,19.302,0,0.1,OPEN,,MIL,,,Distribution,,In service,DMM,,,,20,0.75,0,DMM pipelines,E:/SEURECA KISUMU/MARCH ANALYSIS REDONE/POTENTIAL CONNECTIONS/Manyatta/DMM pipelines.shp
RIWOLWEDO,,,,,30.387,0,0.1,OPEN,,MIL,,,Distribution,,In service,DMM,,,,17,0.50,0,DMM pipelines,E:/SEURECA KISUMU/MARCH ANALYSIS REDONE/POTENTIAL CONNECTIONS/Manyatta/DMM pipelines.shp
RIWOLWEDO,,,,,36.754,0,0.1,OPEN,,MIL,,,Distribution,,In service,DMM,,,,17,0.50,0,DMM pipelines,E:/SEURECA KISUMU/MARCH ANALYSIS REDONE/POTENTIAL CONNECTIONS/Manyatta/DMM pipelines.shp
RIWOLWEDO,,,,,27.410,0,0.1,OPEN,,MIL,,,Distribution,,In service,DMM,,,,17,0.50,0,DMM pipelines,E:/SEURECA KISUMU/MARCH ANALYSIS REDONE/POTENTIAL CONNECTIONS/Manyatta/DMM pipelines.shp
RIWOLWEDO,,,,,24.081,0,0.1,OPEN,,MIL,,,Distribution,,In service,DMM,,,,20,0.75,0,DMM pipelines,E:/SEURECA KISUMU/MARCH ANALYSIS REDONE/POTENTIAL CONNECTIONS/Manyatta/DMM pipelines.shp
RIWOLWEDO,,,,,9.364,0,0.1,OPEN,,MIL,,,Distribution,,In service,DMM,,,,32,1.25,0,DMM pipelines,E:/SEURECA KISUMU/MARCH ANALYSIS REDONE/POTENTIAL CONNECTIONS/Manyatta/DMM pipelines.shp
RIWOLWEDO,,,,,13.410,0,0.1,OPEN,,MIL,,,Distribution,,In service,DMM,,,,32,1.25,0,DMM pipelines,E:/SEURECA KISUMU/MARCH ANALYSIS REDONE/POTENTIAL CONNECTIONS/Manyatta/DMM pipelines.shp
RIWOLWEDO,,,,,14.676,0,0.1,OPEN,,MIL,,,Distribution,,In service,DMM,,,,40,1.50,0,DMM pipelines,E:/SEURECA KISUMU/MARCH ANALYSIS REDONE/POTENTIAL CONNECTIONS/Manyatta/DMM pipelines.shp
RIWOLWEDO,,,,,60.676,0,0.1,OPEN,,MIL,,,Distribution,,In service,DMM,,,,40,1.50,0,DMM pipelines,E:/SEURECA KISUMU/MARCH ANALYSIS REDONE/POTENTIAL CONNECTIONS/Manyatta/DMM pipelines.shp
RIWOLWEDO,,,,,53.291,0,0.1,OPEN,,MIL,,,Distribution,,In service,DMM,,,,32,1.25,0,DMM pipelines,E:/SEURECA KISUMU/MARCH ANALYSIS REDONE/POTENTIAL CONNECTIONS/Manyatta/DMM pipelines.shp
RIWOLWEDO,,,,,51.160,0,0.1,OPEN,,MIL,,,Distribution,,In service,DMM,,,,32,1.25,0,DMM pipelines,E:/SEURECA KISUMU/MARCH ANALYSIS REDONE/POTENTIAL CONNECTIONS/Manyatta/DMM pipelines.shp
RIWOLWEDO,,,,,33.281,0,0.1,OPEN,,MIL,,,Distribution,,In service,DMM,,,,32,1.25,0,DMM pipelines,E:/SEURECA KISUMU/MARCH ANALYSIS REDONE/POTENTIAL CONNECTIONS/Manyatta/DMM pipelines.shp
RIWOLWEDO,,,,,42.763,0,0.1,OPEN,,MIL,,,Distribution,,In service,DMM,,,,32,1.25,0,DMM pipelines,E:/SEURECA KISUMU/MARCH ANALYSIS REDONE/POTENTIAL CONNECTIONS/Manyatta/DMM pipelines.shp
RIWOLWEDO,,,,,25.722,0,0.1,OPEN,,MIL,,,Distribution,,In service,DMM,,,,17,0.50,0,DMM pipelines,E:/SEURECA KISUMU/MARCH ANALYSIS REDONE/POTENTIAL CONNECTIONS/Manyatta/DMM pipelines.shp
RIWOLWEDO,,,,,9.901,0,0.1,OPEN,,MIL,,,Distribution,,In service,DMM,,,,17,0.50,0,DMM pipelines,E:/SEURECA KISUMU/MARCH ANALYSIS REDONE/POTENTIAL CONNECTIONS/Manyatta/DMM pipelines.shp
RIWOLWEDO,,,,,0.251,0,0.1,OPEN,,MIL,,,Distribution,,In service,DMM,,,,40,1.50,0,DMM pipelines,E:/SEURECA KISUMU/MARCH ANALYSIS REDONE/POTENTIAL CONNECTIONS/Manyatta/DMM pipelines.shp
RIWOLWEDO,,,,,17.306,0,0.1,OPEN,,MIL,,,Distribution,,In service,DMM,,,,20,0.75,0,DMM pipelines,E:/SEURECA KISUMU/MARCH ANALYSIS REDONE/POTENTIAL CONNECTIONS/Manyatta/DMM pipelines.shp
RIWOLWEDO,,,,,21.140,0,0.1,OPEN,,MIL,,,Distribution,,In service,DMM,,,,20,0.75,0,DMM pipelines,E:/SEURECA KISUMU/MARCH ANALYSIS REDONE/POTENTIAL CONNECTIONS/Manyatta/DMM pipelines.shp
RIWOLWEDO,,,,,65.977,0,0.1,OPEN,,MIL,,,Distribution,,In service,DMM,,,,40,1.50,0,DMM pipelines,E:/SEURECA KISUMU/MARCH ANALYSIS REDONE/POTENTIAL CONNECTIONS/Manyatta/DMM pipelines.shp
RIWOLWEDO,,,,,9.584,0,0.1,OPEN,,MIL,,,Distribution,,In service,DMM,,,,32,1.25,0,DMM pipelines,E:/SEURECA KISUMU/MARCH ANALYSIS REDONE/POTENTIAL CONNECTIONS/Manyatta/DMM pipelines.shp
RIWOLWEDO,,,,,8.613,0,0.1,OPEN,,MIL,,,Distribution,,In service,DMM,,,,20,0.75,0,DMM pipelines,E:/SEURECA KISUMU/MARCH ANALYSIS REDONE/POTENTIAL CONNECTIONS/Manyatta/DMM pipelines.shp
RIWOLWEDO,,,,,7.610,0,0.1,OPEN,,MIL,,,Distribution,,In service,DMM,,,,17,0.50,0,DMM pipelines,E:/SEURECA KISUMU/MARCH ANALYSIS REDONE/POTENTIAL CONNECTIONS/Manyatta/DMM pipelines.shp
RIWOLWEDO,,,,,16.908,0,0.1,OPEN,,MIL,,,Distribution,,In service,DMM,,,,17,0.50,0,DMM pipelines,E:/SEURECA KISUMU/MARCH ANALYSIS REDONE/POTENTIAL CONNECTIONS/Manyatta/DMM pipelines.shp
RIWOLWEDO,,,,,5.467,0,0.1,OPEN,,MIL,,,Distribution,,In service,DMM,,,,32,1.25,0,DMM pipelines,E:/SEURECA KISUMU/MARCH ANALYSIS REDONE/POTENTIAL CONNECTIONS/Manyatta/DMM pipelines.shp
RIWOLWEDO,,,,,24.371,0,0.1,OPEN,,MIL,,,Distribution,,In service,DMM,,,,20,0.75,0,DMM pipelines,E:/SEURECA KISUMU/MARCH ANALYSIS REDONE/POTENTIAL CONNECTIONS/Manyatta/DMM pipelines.shp
RIWOLWEDO,,,,,69.385,0,0.1,OPEN,,MIL,,,Distribution,,In service,DMM,,,,17,0.50,0,DMM pipelines,E:/SEURECA KISUMU/MARCH ANALYSIS REDONE/POTENTIAL CONNECTIONS/Manyatta/DMM pipelines.shp
RIWOLWEDO,,,,,45.105,0,0.1,OPEN,,MIL,,,Distribution,,In service,DMM,,,,32,1.25,0,DMM pipelines,E:/SEURECA KISUMU/MARCH ANALYSIS REDONE/POTENTIAL CONNECTIONS/Manyatta/DMM pipelines.shp
RIWOLWEDO,,,,,22.735,0,0.1,OPEN,,MIL,,,Distribution,,In service,DMM,,,,17,0.50,0,DMM pipelines,E:/SEURECA KISUMU/MARCH ANALYSIS REDONE/POTENTIAL CONNECTIONS/Manyatta/DMM pipelines.shp
RIWOLWEDO,,,,,14.396,0,0.1,OPEN,,MIL,,,Distribution,,In service,DMM,,,,17,0.50,0,DMM pipelines,E:/SEURECA KISUMU/MARCH ANALYSIS REDONE/POTENTIAL CONNECTIONS/Manyatta/DMM pipelines.shp
RIWOLWEDO,,,,,17.581,0,0.1,OPEN,,MIL,,,Distribution,,In service,DMM,,,,17,0.50,0,DMM pipelines,E:/SEURECA KISUMU/MARCH ANALYSIS REDONE/POTENTIAL CONNECTIONS/Manyatta/DMM pipelines.shp
RIWOLWEDO,,,,,11.859,0,0.1,OPEN,,MIL,,,Distribution,,In service,DMM,,,,20,0.75,0,DMM pipelines,E:/SEURECA KISUMU/MARCH ANALYSIS REDONE/POTENTIAL CONNECTIONS/Manyatta/DMM pipelines.shp
RIWOLWEDO,,,,,31.101,0,0.1,OPEN,,MIL,,,Distribution,,In service,DMM,,,,17,0.50,0,DMM pipelines,E:/SEURECA KISUMU/MARCH ANALYSIS REDONE/POTENTIAL CONNECTIONS/Manyatta/DMM pipelines.shp
RIWOLWEDO,,,,,20.221,0,0.1,OPEN,,MIL,,,Distribution,,In service,DMM,,,,17,0.50,0,DMM pipelines,E:/SEURECA KISUMU/MARCH ANALYSIS REDONE/POTENTIAL CONNECTIONS/Manyatta/DMM pipelines.shp
RIWOLWEDO,,,,,89.212,0,0.1,OPEN,,MIL,,,Distribution,,In service,DMM,,,,32,1.25,0,DMM pipelines,E:/SEURECA KISUMU/MARCH ANALYSIS REDONE/POTENTIAL CONNECTIONS/Manyatta/DMM pipelines.shp
RIWOLWEDO,,,,,35.880,0,0.1,OPEN,,MIL,,,Distribution,,In service,DMM,,,,20,0.75,0,DMM pipelines,E:/SEURECA KISUMU/MARCH ANALYSIS REDONE/POTENTIAL CONNECTIONS/Manyatta/DMM pipelines.shp
RIWOLWEDO,,,,,41.628,0,0.1,OPEN,,MIL,,,Distribution,,In service,DMM,,,,17,0.50,0,DMM pipelines,E:/SEURECA KISUMU/MARCH ANALYSIS REDONE/POTENTIAL CONNECTIONS/Manyatta/DMM pipelines.shp
RIWOLWEDO,,,,,9.315,0,0.1,OPEN,,MIL,,,Distribution,,In service,DMM,,,,17,0.50,0,DMM pipelines,E:/SEURECA KISUMU/MARCH ANALYSIS REDONE/POTENTIAL CONNECTIONS/Manyatta/DMM pipelines.shp
RIWOLWEDO,,,,,42.003,0,0.1,OPEN,,MIL,,,Distribution,,In service,DMM,,,,17,0.50,0,DMM pipelines,E:/SEURECA KISUMU/MARCH ANALYSIS REDONE/POTENTIAL CONNECTIONS/Manyatta/DMM pipelines.shp
RIWOLWEDO,,,,,49.735,0,0.1,OPEN,,MIL,,,Distribution,,In service,DMM,,,,17,0.50,0,DMM pipelines,E:/SEURECA KISUMU/MARCH ANALYSIS REDONE/POTENTIAL CONNECTIONS/Manyatta/DMM pipelines.shp
RIWOLWEDO,,,,,51.779,0,0.1,OPEN,,MIL,,,Distribution,,In service,DMM,,,,32,1.25,0,DMM pipelines,E:/SEURECA KISUMU/MARCH ANALYSIS REDONE/POTENTIAL CONNECTIONS/Manyatta/DMM pipelines.shp
RIWOLWEDO,,,,,37.200,0,0.1,OPEN,,MIL,,,Distribution,,In service,DMM,,,,32,1.25,0,DMM pipelines,E:/SEURECA KISUMU/MARCH ANALYSIS REDONE/POTENTIAL CONNECTIONS/Manyatta/DMM pipelines.shp
RIWOLWEDO,,,,,70.855,0,0.1,OPEN,,MIL,,,Distribution,,In service,DMM,,,,20,0.75,0,DMM pipelines,E:/SEURECA KISUMU/MARCH ANALYSIS REDONE/POTENTIAL CONNECTIONS/Manyatta/DMM pipelines.shp
RIWOLWEDO,,,,,39.407,0,0.1,OPEN,,MIL,,,Distribution,,In service,DMM,,,,32,1.25,0,DMM pipelines,E:/SEURECA KISUMU/MARCH ANALYSIS REDONE/POTENTIAL CONNECTIONS/Manyatta/DMM pipelines.shp
RIWOLWEDO,,,,,15.216,0,0.1,OPEN,,MIL,,,Distribution,,In service,DMM,,,,20,0.75,0,DMM pipelines,E:/SEURECA KISUMU/MARCH ANALYSIS REDONE/POTENTIAL CONNECTIONS/Manyatta/DMM pipelines.shp
RIWOLWEDO,,,,,58.996,0,0.1,OPEN,,MIL,,,Distribution,,In service,DMM,,,,17,0.50,0,DMM pipelines,E:/SEURECA KISUMU/MARCH ANALYSIS REDONE/POTENTIAL CONNECTIONS/Manyatta/DMM pipelines.shp
RIWOLWEDO,,,,,41.073,0,0.1,OPEN,,MIL,,,Distribution,,In service,DMM,,,,32,1.25,0,DMM pipelines,E:/SEURECA KISUMU/MARCH ANALYSIS REDONE/POTENTIAL CONNECTIONS/Manyatta/DMM pipelines.shp
RIWOLWEDO,,,,,25.396,0,0.1,OPEN,,MIL,,,Distribution,,In service,DMM,,,,17,0.50,0,DMM pipelines,E:/SEURECA KISUMU/MARCH ANALYSIS REDONE/POTENTIAL CONNECTIONS/Manyatta/DMM pipelines.shp
RIWOLWEDO,,,,,1.766,0,0.1,OPEN,,MIL,,,Distribution,,In service,DMM,,,,17,0.50,0,DMM pipelines,E:/SEURECA KISUMU/MARCH ANALYSIS REDONE/POTENTIAL CONNECTIONS/Manyatta/DMM pipelines.shp
RIWOLWEDO,,,,,20.947,0,0.1,OPEN,,MIL,,,Distribution,,In service,DMM,,,,17,0.50,0,DMM pipelines,E:/SEURECA KISUMU/MARCH ANALYSIS REDONE/POTENTIAL CONNECTIONS/Manyatta/DMM pipelines.shp
RIWOLWEDO,,,,,24.748,0,0.1,OPEN,,MIL,,,Distribution,,In service,DMM,,,,17,0.50,0,DMM pipelines,E:/SEURECA KISUMU/MARCH ANALYSIS REDONE/POTENTIAL CONNECTIONS/Manyatta/DMM pipelines.shp
RIWOLWEDO,,,,,31.591,0,0.1,OPEN,,MIL,,,Distribution,,In service,DMM,,,,17,0.50,0,DMM pipelines,E:/SEURECA KISUMU/MARCH ANALYSIS REDONE/POTENTIAL CONNECTIONS/Manyatta/DMM pipelines.shp
RIWOLWEDO,,,,,14.719,0,0.1,OPEN,,MIL,,,Distribution,,In service,DMM,,,,17,0.50,0,DMM pipelines,E:/SEURECA KISUMU/MARCH ANALYSIS REDONE/POTENTIAL CONNECTIONS/Manyatta/DMM pipelines.shp
RIWOLWEDO,,,,,31.577,0,0.1,OPEN,,MIL,,,Distribution,,In service,DMM,,,,20,0.75,0,DMM pipelines,E:/SEURECA KISUMU/MARCH ANALYSIS REDONE/POTENTIAL CONNECTIONS/Manyatta/DMM pipelines.shp
RIWOLWEDO,,,,,18.847,0,0.1,OPEN,,MIL,,,Distribution,,In service,DMM,,,,17,0.50,0,DMM pipelines,E:/SEURECA KISUMU/MARCH ANALYSIS REDONE/POTENTIAL CONNECTIONS/Manyatta/DMM pipelines.shp
RIWOLWEDO,,,,,13.851,0,0.1,OPEN,,MIL,,,Distribution,,In service,DMM,,,,17,0.50,0,DMM pipelines,E:/SEURECA KISUMU/MARCH ANALYSIS REDONE/POTENTIAL CONNECTIONS/Manyatta/DMM pipelines.shp
RIWOLWEDO,,,,,36.380,0,0.1,OPEN,,MIL,,,Distribution,,In service,DMM,,,,17,0.50,0,DMM pipelines,E:/SEURECA KISUMU/MARCH ANALYSIS REDONE/POTENTIAL CONNECTIONS/Manyatta/DMM pipelines.shp
RIWOLWEDO,,,,,66.568,0,0.1,OPEN,,MIL,,,Distribution,,In service,DMM,,,,17,0.50,0,DMM pipelines,E:/SEURECA KISUMU/MARCH ANALYSIS REDONE/POTENTIAL CONNECTIONS/Manyatta/DMM pipelines.shp
RIWOLWEDO,,,,,27.607,0,0.1,OPEN,,MIL,,,Distribution,,In service,DMM,,,,17,0.50,0,DMM pipelines,E:/SEURECA KISUMU/MARCH ANALYSIS REDONE/POTENTIAL CONNECTIONS/Manyatta/DMM pipelines.shp
RIWOLWEDO,,,,,41.853,0,0.1,OPEN,,MIL,,,Distribution,,In service,DMM,,,,40,1.50,0,DMM pipelines,E:/SEURECA KISUMU/MARCH ANALYSIS REDONE/POTENTIAL CONNECTIONS/Manyatta/DMM pipelines.shp
RIWOLWEDO,,,,,42.810,0,0.1,OPEN,,MIL,,,Distribution,,In service,DMM,,,,17,0.50,0,DMM pipelines,E:/SEURECA KISUMU/MARCH ANALYSIS REDONE/POTENTIAL CONNECTIONS/Manyatta/DMM pipelines.shp
RIWOLWEDO,,,,,47.006,0,0.1,OPEN,,MIL,,,Distribution,,In service,DMM,,,,17,0.50,0,DMM pipelines,E:/SEURECA KISUMU/MARCH ANALYSIS REDONE/POTENTIAL CONNECTIONS/Manyatta/DMM pipelines.shp
RIWOLWEDO,,,,,32.764,0,0.1,OPEN,,MIL,,,Distribution,,In service,DMM,,,,32,1.25,0,DMM pipelines,E:/SEURECA KISUMU/MARCH ANALYSIS REDONE/POTENTIAL CONNECTIONS/Manyatta/DMM pipelines.shp
RIWOLWEDO,,,,,52.369,0,0.1,OPEN,,MIL,,,Distribution,,In service,DMM,,,,17,0.50,0,DMM pipelines,E:/SEURECA KISUMU/MARCH ANALYSIS REDONE/POTENTIAL CONNECTIONS/Manyatta/DMM pipelines.shp
RIWOLWEDO,,,,,24.937,0,0.1,OPEN,,MIL,,,Distribution,,In service,DMM,,,,17,0.50,0,DMM pipelines,E:/SEURECA KISUMU/MARCH ANALYSIS REDONE/POTENTIAL CONNECTIONS/Manyatta/DMM pipelines.shp
RIWOLWEDO,,,,,11.757,0,0.1,OPEN,,MIL,,,Distribution,,In service,DMM,,,,17,0.50,0,DMM pipelines,E:/SEURECA KISUMU/MARCH ANALYSIS REDONE/POTENTIAL CONNECTIONS/Manyatta/DMM pipelines.shp
RIWOLWEDO,,,,,73.838,0,0.1,OPEN,,MIL,,,Distribution,,In service,DMM,,,,50,2.00,0,DMM pipelines,E:/SEURECA KISUMU/MARCH ANALYSIS REDONE/POTENTIAL CONNECTIONS/Manyatta/DMM pipelines.shp
RIWOLWEDO,,,,,36.205,0,0.1,OPEN,,MIL,,,Distribution,,In service,DMM,,,,50,2.00,0,DMM pipelines,E:/SEURECA KISUMU/MARCH ANALYSIS REDONE/POTENTIAL CONNECTIONS/Manyatta/DMM pipelines.shp
RIWOLWEDO,,,,,0.843,0,0.1,OPEN,,MIL,,,Distribution,,In service,DMM,,,,50,2.00,0,DMM pipelines,E:/SEURECA KISUMU/MARCH ANALYSIS REDONE/POTENTIAL CONNECTIONS/Manyatta/DMM pipelines.shp
RIWOLWEDO,,,,,3.396,0,0.1,OPEN,,MIL,,,Distribution,,In service,DMM,,,,50,2.00,0,DMM pipelines,E:/SEURECA KISUMU/MARCH ANALYSIS REDONE/POTENTIAL CONNECTIONS/Manyatta/DMM pipelines.shp
RIWOLWEDO,,,,,4.889,0,0.1,OPEN,,MIL,,,Distribution,,In service,DMM,,,,50,2.00,0,DMM pipelines,E:/SEURECA KISUMU/MARCH ANALYSIS REDONE/POTENTIAL CONNECTIONS/Manyatta/DMM pipelines.shp
RIWOLWEDO,,,,,17.817,0,0.1,OPEN,,MIL,,,Distribution,,In service,DMM,,,,40,1.50,0,DMM pipelines,E:/SEURECA KISUMU/MARCH ANALYSIS REDONE/POTENTIAL CONNECTIONS/Manyatta/DMM pipelines.shp
RIWOLWEDO,,,,,24.341,0,0.1,OPEN,,MIL,,,Distribution,,In service,DMM,,,,20,0.75,0,DMM pipelines,E:/SEURECA KISUMU/MARCH ANALYSIS REDONE/POTENTIAL CONNECTIONS/Manyatta/DMM pipelines.shp
RIWOLWEDO,,,,,82.015,0,0.1,OPEN,,MIL,,,Distribution,,In service,DMM,,,,50,2.00,0,DMM pipelines,E:/SEURECA KISUMU/MARCH ANALYSIS REDONE/POTENTIAL CONNECTIONS/Manyatta/DMM pipelines.shp
RIWOLWEDO,,,,,1.229,0,0.1,OPEN,,MIL,,,Distribution,,In service,DMM,,,,32,1.25,0,DMM pipelines,E:/SEURECA KISUMU/MARCH ANALYSIS REDONE/POTENTIAL CONNECTIONS/Manyatta/DMM pipelines.shp
RIWOLWEDO,,,,,0.165,0,0.1,OPEN,,MIL,,,Distribution,,In service,DMM,,,,32,1.25,0,DMM pipelines,E:/SEURECA KISUMU/MARCH ANALYSIS REDONE/POTENTIAL CONNECTIONS/Manyatta/DMM pipelines.shp
RIWOLWEDO,,,,,29.053,0,0.1,OPEN,,MIL,,,Distribution,,In service,DMM,,,,32,1.25,0,DMM pipelines,E:/SEURECA KISUMU/MARCH ANALYSIS REDONE/POTENTIAL CONNECTIONS/Manyatta/DMM pipelines.shp
RIWOLWEDO,,,,,27.786,0,0.1,OPEN,,MIL,,,Distribution,,In service,DMM,,,,32,1.25,0,DMM pipelines,E:/SEURECA KISUMU/MARCH ANALYSIS REDONE/POTENTIAL CONNECTIONS/Manyatta/DMM pipelines.shp
RIWOLWEDO,,,,,36.097,0,0.1,OPEN,,MIL,,,Distribution,,In service,DMM,,,,32,1.25,0,DMM pipelines,E:/SEURECA KISUMU/MARCH ANALYSIS REDONE/POTENTIAL CONNECTIONS/Manyatta/DMM pipelines.shp
RIWOLWEDO,,,,,8.234,0,0.1,OPEN,,MIL,,,Distribution,,In service,DMM,,,,20,0.75,0,DMM pipelines,E:/SEURECA KISUMU/MARCH ANALYSIS REDONE/POTENTIAL CONNECTIONS/Manyatta/DMM pipelines.shp
RIWOLWEDO,,,,,32.664,0,0.1,OPEN,,MIL,,,Distribution,,In service,DMM,,,,32,1.25,0,DMM pipelines,E:/SEURECA KISUMU/MARCH ANALYSIS REDONE/POTENTIAL CONNECTIONS/Manyatta/DMM pipelines.shp
RIWOLWEDO,,,,,27.058,0,0.1,OPEN,,MIL,,,Distribution,,In service,DMM,,,,20,0.75,0,DMM pipelines,E:/SEURECA KISUMU/MARCH ANALYSIS REDONE/POTENTIAL CONNECTIONS/Manyatta/DMM pipelines.shp
RIWOLWEDO,,,,,88.455,0,0.1,OPEN,,MIL,,,Distribution,,In service,DMM,,,,40,1.50,0,DMM pipelines,E:/SEURECA KISUMU/MARCH ANALYSIS REDONE/POTENTIAL CONNECTIONS/Manyatta/DMM pipelines.shp
RIWOLWEDO,,,,,8.132,0,0.1,OPEN,,MIL,,,Distribution,,In service,DMM,,,,20,0.75,0,DMM pipelines,E:/SEURECA KISUMU/MARCH ANALYSIS REDONE/POTENTIAL CONNECTIONS/Manyatta/DMM pipelines.shp
RIWOLWEDO,,,,,0.669,0,0.1,OPEN,,MIL,,,Distribution,,In service,DMM,,,,32,1.25,0,DMM pipelines,E:/SEURECA KISUMU/MARCH ANALYSIS REDONE/POTENTIAL CONNECTIONS/Manyatta/DMM pipelines.shp
RIWOLWEDO,,,,,84.107,0,0.1,OPEN,,MIL,,,Distribution,,In service,DMM,,,,32,1.25,0,DMM pipelines,E:/SEURECA KISUMU/MARCH ANALYSIS REDONE/POTENTIAL CONNECTIONS/Manyatta/DMM pipelines.shp
RIWOLWEDO,,,,,75.090,0,0.1,OPEN,,MIL,,,Distribution,,In service,DMM,,,,32,1.25,0,DMM pipelines,E:/SEURECA KISUMU/MARCH ANALYSIS REDONE/POTENTIAL CONNECTIONS/Manyatta/DMM pipelines.shp
RIWOLWEDO,,,,,22.879,0,0.1,OPEN,,MIL,,,Distribution,,In service,DMM,,,,32,1.25,0,DMM pipelines,E:/SEURECA KISUMU/MARCH ANALYSIS REDONE/POTENTIAL CONNECTIONS/Manyatta/DMM pipelines.shp
RIWOLWEDO,,,,,59.319,0,0.1,OPEN,,MIL,,,Distribution,,In service,DMM,,,,20,0.75,0,DMM pipelines,E:/SEURECA KISUMU/MARCH ANALYSIS REDONE/POTENTIAL CONNECTIONS/Manyatta/DMM pipelines.shp
RIWOLWEDO,,,,,46.831,0,0.1,OPEN,,MIL,,,Distribution,,In service,DMM,,,,50,2.00,0,DMM pipelines,E:/SEURECA KISUMU/MARCH ANALYSIS REDONE/POTENTIAL CONNECTIONS/Manyatta/DMM pipelines.shp
RIWOLWEDO,,,,,8.132,0,0.1,OPEN,,MIL,,,Distribution,,In service,DMM,,,,50,2.00,0,DMM pipelines,E:/SEURECA KISUMU/MARCH ANALYSIS REDONE/POTENTIAL CONNECTIONS/Manyatta/DMM pipelines.shp
RIWOLWEDO,,,,,2.376,0,0.1,OPEN,,MIL,,,Distribution,,In service,DMM,,,,50,2.00,0,DMM pipelines,E:/SEURECA KISUMU/MARCH ANALYSIS REDONE/POTENTIAL CONNECTIONS/Manyatta/DMM pipelines.shp
RIWOLWEDO,,,,,30.249,0,0.1,OPEN,,MIL,,,Distribution,,In service,DMM,,,,50,2.00,0,DMM pipelines,E:/SEURECA KISUMU/MARCH ANALYSIS REDONE/POTENTIAL CONNECTIONS/Manyatta/DMM pipelines.shp
RIWOLWEDO,,,,,6.421,0,0.1,OPEN,,MIL,,,Distribution,,In service,DMM,,,,40,1.50,0,DMM pipelines,E:/SEURECA KISUMU/MARCH ANALYSIS REDONE/POTENTIAL CONNECTIONS/Manyatta/DMM pipelines.shp
RIWOLWEDO,,,,,43.331,0,0.1,OPEN,,MIL,,,Distribution,,In service,DMM,,,,50,2.00,0,DMM pipelines,E:/SEURECA KISUMU/MARCH ANALYSIS REDONE/POTENTIAL CONNECTIONS/Manyatta/DMM pipelines.shp
RIWOLWEDO,,,,,33.113,0,0.1,OPEN,,MIL,,,Distribution,,In service,DMM,,,,50,2.00,0,DMM pipelines,E:/SEURECA KISUMU/MARCH ANALYSIS REDONE/POTENTIAL CONNECTIONS/Manyatta/DMM pipelines.shp
RIWOLWEDO,,,,,46.111,0,0.1,OPEN,,MIL,,,Distribution,,In service,DMM,,,,50,2.00,0,DMM pipelines,E:/SEURECA KISUMU/MARCH ANALYSIS REDONE/POTENTIAL CONNECTIONS/Manyatta/DMM pipelines.shp
RIWOLWEDO,,,,,147.577,0,0.1,OPEN,,MIL,,,Distribution,,In service,DMM,,,,50,2.00,0,DMM pipelines,E:/SEURECA KISUMU/MARCH ANALYSIS REDONE/POTENTIAL CONNECTIONS/Manyatta/DMM pipelines.shp
RIWOLWEDO,,,,,14.162,0,0.1,OPEN,,MIL,,,Distribution,,In service,DMM,,,,50,2.00,0,DMM pipelines,E:/SEURECA KISUMU/MARCH ANALYSIS REDONE/POTENTIAL CONNECTIONS/Manyatta/DMM pipelines.shp
RIWOLWEDO,,,,,9.441,0,0.1,OPEN,,MIL,,,Distribution,,In service,DMM,,,,50,2.00,0,DMM pipelines,E:/SEURECA KISUMU/MARCH ANALYSIS REDONE/POTENTIAL CONNECTIONS/Manyatta/DMM pipelines.shp
RIWOLWEDO,,,,,34.279,0,0.1,OPEN,,MIL,,,Distribution,,In service,DMM,,,,50,2.00,0,DMM pipelines,E:/SEURECA KISUMU/MARCH ANALYSIS REDONE/POTENTIAL CONNECTIONS/Manyatta/DMM pipelines.shp
RIWOLWEDO,,,,,30.324,0,0.1,OPEN,,MIL,,,Distribution,,In service,DMM,,,,50,2.00,0,DMM pipelines,E:/SEURECA KISUMU/MARCH ANALYSIS REDONE/POTENTIAL CONNECTIONS/Manyatta/DMM pipelines.shp
RIWOLWEDO,,,,,37.348,0,0.1,OPEN,,MIL,,,Distribution,,In service,DMM,,,,50,2.00,0,DMM pipelines,E:/SEURECA KISUMU/MARCH ANALYSIS REDONE/POTENTIAL CONNECTIONS/Manyatta/DMM pipelines.shp
RIWOLWEDO,,,,,4.258,0,0.1,OPEN,,MIL,,,Distribution,,In service,DMM,,,,40,1.50,0,DMM pipelines,E:/SEURECA KISUMU/MARCH ANALYSIS REDONE/POTENTIAL CONNECTIONS/Manyatta/DMM pipelines.shp
RIWOLWEDO,,,,,0.970,0,0.1,OPEN,,MIL,,,Distribution,,In service,DMM,,,,50,2.00,0,DMM pipelines,E:/SEURECA KISUMU/MARCH ANALYSIS REDONE/POTENTIAL CONNECTIONS/Manyatta/DMM pipelines.shp
RIWOLWEDO,,,,,87.103,0,0.1,OPEN,,MIL,,,Distribution,,In service,DMM,,,,50,2.00,0,DMM pipelines,E:/SEURECA KISUMU/MARCH ANALYSIS REDONE/POTENTIAL CONNECTIONS/Manyatta/DMM pipelines.shp
RIWOLWEDO,,,,,3.512,0,0.1,OPEN,,MIL,,,Distribution,,In service,DMM,,,,50,2.00,0,DMM pipelines,E:/SEURECA KISUMU/MARCH ANALYSIS REDONE/POTENTIAL CONNECTIONS/Manyatta/DMM pipelines.shp
RIWOLWEDO,,,,,0.486,0,0.1,OPEN,,MIL,,,Distribution,,In service,DMM,,,,50,2.00,0,DMM pipelines,E:/SEURECA KISUMU/MARCH ANALYSIS REDONE/POTENTIAL CONNECTIONS/Manyatta/DMM pipelines.shp
RIWOLWEDO,,,,,44.870,0,0.1,OPEN,,MIL,,,Distribution,,In service,DMM,,,,50,2.00,0,DMM pipelines,E:/SEURECA KISUMU/MARCH ANALYSIS REDONE/POTENTIAL CONNECTIONS/Manyatta/DMM pipelines.shp
RIWOLWEDO,,,,,24.403,0,0.1,OPEN,,MIL,,,Distribution,,In service,DMM,,,,17,0.50,0,DMM pipelines,E:/SEURECA KISUMU/MARCH ANALYSIS REDONE/POTENTIAL CONNECTIONS/Manyatta/DMM pipelines.shp
RIWOLWEDO,,,,,24.311,0,0.1,OPEN,,MIL,,,Distribution,,In service,DMM,,,,17,0.50,0,DMM pipelines,E:/SEURECA KISUMU/MARCH ANALYSIS REDONE/POTENTIAL CONNECTIONS/Manyatta/DMM pipelines.shp
RIWOLWEDO,,,,,22.117,0,0.1,OPEN,,MIL,,,Distribution,,In service,DMM,,,,50,2.00,0,DMM pipelines,E:/SEURECA KISUMU/MARCH ANALYSIS REDONE/POTENTIAL CONNECTIONS/Manyatta/DMM pipelines.shp
RIWOLWEDO,,,,,52.899,0,0.1,OPEN,,MIL,,,Distribution,,In service,DMM,,,,50,2.00,0,DMM pipelines,E:/SEURECA KISUMU/MARCH ANALYSIS REDONE/POTENTIAL CONNECTIONS/Manyatta/DMM pipelines.shp
RIWOLWEDO,,,,,5.113,0,0.1,OPEN,,MIL,,,Distribution,,In service,DMM,,,,32,1.25,0,DMM pipelines,E:/SEURECA KISUMU/MARCH ANALYSIS REDONE/POTENTIAL CONNECTIONS/Manyatta/DMM pipelines.shp
RIWOLWEDO,,,,,10.407,0,0.1,OPEN,,MIL,,,Distribution,,In service,DMM,,,,32,1.25,0,DMM pipelines,E:/SEURECA KISUMU/MARCH ANALYSIS REDONE/POTENTIAL CONNECTIONS/Manyatta/DMM pipelines.shp
RIWOLWEDO,,,,,4.474,0,0.1,OPEN,,MIL,,,Distribution,,In service,DMM,,,,32,1.25,0,DMM pipelines,E:/SEURECA KISUMU/MARCH ANALYSIS REDONE/POTENTIAL CONNECTIONS/Manyatta/DMM pipelines.shp
RIWOLWEDO,,,,,25.118,0,0.1,OPEN,,MIL,,,Distribution,,In service,DMM,,,,32,1.25,0,DMM pipelines,E:/SEURECA KISUMU/MARCH ANALYSIS REDONE/POTENTIAL CONNECTIONS/Manyatta/DMM pipelines.shp
RIWOLWEDO,,,,,38.791,0,0.1,OPEN,,MIL,,,Distribution,,In service,DMM,,,,32,1.25,0,DMM pipelines,E:/SEURECA KISUMU/MARCH ANALYSIS REDONE/POTENTIAL CONNECTIONS/Manyatta/DMM pipelines.shp
RIWOLWEDO,,,,,38.525,0,0.1,OPEN,,MIL,,,Distribution,,In service,DMM,,,,32,1.25,0,DMM pipelines,E:/SEURECA KISUMU/MARCH ANALYSIS REDONE/POTENTIAL CONNECTIONS/Manyatta/DMM pipelines.shp
RIWOLWEDO,,,,,57.540,0,0.1,OPEN,,MIL,,,Distribution,,In service,DMM,,,,17,0.50,0,DMM pipelines,E:/SEURECA KISUMU/MARCH ANALYSIS REDONE/POTENTIAL CONNECTIONS/Manyatta/DMM pipelines.shp
JAVAISHA,,,,,14.589,0,0.1,OPEN,,MIL,,,Distribution,,In service,DMM,,,,17,0.50,0,DMM pipelines,E:/SEURECA KISUMU/MARCH ANALYSIS REDONE/POTENTIAL CONNECTIONS/Manyatta/DMM pipelines.shp
N/A,,,,,34.826,0,0.1,OPEN,,MIL,,,Distribution,N/A,In service,0.5 inch offtake from 2 inch,,,,17,0.50,0,DMM pipelines,E:/SEURECA KISUMU/MARCH ANALYSIS REDONE/POTENTIAL CONNECTIONS/Manyatta/DMM pipelines.shp
RIWOLWEDO,,,,,118.782,0,0.1,OPEN,,MIL,,,Distribution,,In service,DMM,,,,50,2.00,0,DMM pipelines,E:/SEURECA KISUMU/MARCH ANALYSIS REDONE/POTENTIAL CONNECTIONS/Manyatta/DMM pipelines.shp
RIWOLWEDO,,,,,68.360,0,0.1,OPEN,,MIL,,,Distribution,,In service,DMM,,,,50,2.00,0,DMM pipelines,E:/SEURECA KISUMU/MARCH ANALYSIS REDONE/POTENTIAL CONNECTIONS/Manyatta/DMM pipelines.shp
RIWOLWEDO,,,,,5.441,0,0.1,OPEN,,MIL,,,Distribution,,In service,DMM,,,,50,2.00,0,DMM pipelines,E:/SEURECA KISUMU/MARCH ANALYSIS REDONE/POTENTIAL CONNECTIONS/Manyatta/DMM pipelines.shp
SIMBA,,,,,83.795,0,0.1,OPEN,,MIL,,,Distribution,,In service,3/4'' offtake from 2'',,,,20,0.75,0,DMM pipelines,E:/SEURECA KISUMU/MARCH ANALYSIS REDONE/POTENTIAL CONNECTIONS/Manyatta/DMM pipelines.shp
N/A,,,,,70.256,0,0.1,OPEN,,MIL,,,Distribution,N/A,In service,0.5 inch offtake from 2 inch,,,,17,0.50,0,DMM pipelines,E:/SEURECA KISUMU/MARCH ANALYSIS REDONE/POTENTIAL CONNECTIONS/Manyatta/DMM pipelines.shp
N/A,,,,,49.503,0,0.1,OPEN,,MIL,,,Distribution,N/A,In service,2inch offtake from 8 inch,,,,50,2.00,0,DMM pipelines,E:/SEURECA KISUMU/MARCH ANALYSIS REDONE/POTENTIAL CONNECTIONS/Manyatta/DMM pipelines.shp
KOYUGA,,,,,90.296,0,0.1,OPEN,,MYT,,,Distribution,,In service,DMM,,,,50,2.00,0,DMM pipelines,E:/SEURECA KISUMU/MARCH ANALYSIS REDONE/POTENTIAL CONNECTIONS/Manyatta/DMM pipelines.shp
KOYUGA,,,,,27.311,0,0.1,OPEN,,MYT,,,Distribution,,In service,DMM,,,,32,1.25,0,DMM pipelines,E:/SEURECA KISUMU/MARCH ANALYSIS REDONE/POTENTIAL CONNECTIONS/Manyatta/DMM pipelines.shp
KOYUGA,,,,,283.790,0,0.1,OPEN,,MYT,,,Distribution,,In service,DMM,,,,32,1.25,0,DMM pipelines,E:/SEURECA KISUMU/MARCH ANALYSIS REDONE/POTENTIAL CONNECTIONS/Manyatta/DMM pipelines.shp
KOYUGA,,,,,22.415,0,0.1,OPEN,,MYT,,,Distribution,,In service,DMM,,,,17,0.50,0,DMM pipelines,E:/SEURECA KISUMU/MARCH ANALYSIS REDONE/POTENTIAL CONNECTIONS/Manyatta/DMM pipelines.shp
KOYUGA,,,,,21.146,0,0.1,OPEN,,MYT,,,Distribution,,In service,DMM,,,,17,0.50,0,DMM pipelines,E:/SEURECA KISUMU/MARCH ANALYSIS REDONE/POTENTIAL CONNECTIONS/Manyatta/DMM pipelines.shp
KOYUGA,,,,,37.878,0,0.1,OPEN,,MYT,,,Distribution,,In service,DMM,,,,25,1.00,0,DMM pipelines,E:/SEURECA KISUMU/MARCH ANALYSIS REDONE/POTENTIAL CONNECTIONS/Manyatta/DMM pipelines.shp
KOYUGA,,,,,47.583,0,0.1,OPEN,,MYT,,,Distribution,,In service,DMM,,,,20,0.75,0,DMM pipelines,E:/SEURECA KISUMU/MARCH ANALYSIS REDONE/POTENTIAL CONNECTIONS/Manyatta/DMM pipelines.shp
KOYUGA,,,,,18.077,0,0.1,OPEN,,MYT,,,Distribution,,In service,DMM,,,,17,0.50,0,DMM pipelines,E:/SEURECA KISUMU/MARCH ANALYSIS REDONE/POTENTIAL CONNECTIONS/Manyatta/DMM pipelines.shp
KOYUGA,,,,,44.911,0,0.1,OPEN,,MYT,,,Distribution,,In service,DMM,,,,20,0.75,0,DMM pipelines,E:/SEURECA KISUMU/MARCH ANALYSIS REDONE/POTENTIAL CONNECTIONS/Manyatta/DMM pipelines.shp
KOYUGA,,,,,35.390,0,0.1,OPEN,,MYT,,,Distribution,,In service,DMM,,,,25,1.00,0,DMM pipelines,E:/SEURECA KISUMU/MARCH ANALYSIS REDONE/POTENTIAL CONNECTIONS/Manyatta/DMM pipelines.shp
KOYUGA,,,,,22.393,0,0.1,OPEN,,MYT,,,Distribution,,In service,DMM,,,,32,1.25,0,DMM pipelines,E:/SEURECA KISUMU/MARCH ANALYSIS REDONE/POTENTIAL CONNECTIONS/Manyatta/DMM pipelines.shp
KOYUGA,,,,,45.886,0,0.1,OPEN,,MYT,,,Distribution,,In service,DMM,,,,20,0.75,0,DMM pipelines,E:/SEURECA KISUMU/MARCH ANALYSIS REDONE/POTENTIAL CONNECTIONS/Manyatta/DMM pipelines.shp
KIBUYE,,,,,58.891,0,0.1,OPEN,,MYT,,,Distribution,,In service,DMM,,,,20,0.75,0,DMM pipelines,E:/SEURECA KISUMU/MARCH ANALYSIS REDONE/POTENTIAL CONNECTIONS/Manyatta/DMM pipelines.shp
KOYUGA,,,,,14.786,0,0.1,OPEN,,MYT,,,Distribution,,In service,DMM,,,,20,0.75,0,DMM pipelines,E:/SEURECA KISUMU/MARCH ANALYSIS REDONE/POTENTIAL CONNECTIONS/Manyatta/DMM pipelines.shp
KOYUGA,,,,,46.404,0,0.1,OPEN,,MYT,,,Distribution,,In service,DMM,,,,17,0.50,0,DMM pipelines,E:/SEURECA KISUMU/MARCH ANALYSIS REDONE/POTENTIAL CONNECTIONS/Manyatta/DMM pipelines.shp
KOYUGA,,,,,40.588,0,0.1,OPEN,,MYT,,,Distribution,,In service,DMM,,,,17,0.50,0,DMM pipelines,E:/SEURECA KISUMU/MARCH ANALYSIS REDONE/POTENTIAL CONNECTIONS/Manyatta/DMM pipelines.shp
KOYUGA,,,,,29.440,0,0.1,OPEN,,MYT,,,Distribution,,In service,DMM,,,,17,0.50,0,DMM pipelines,E:/SEURECA KISUMU/MARCH ANALYSIS REDONE/POTENTIAL CONNECTIONS/Manyatta/DMM pipelines.shp
KOYUGA,,,,,27.567,0,0.1,OPEN,,MYT,,,Distribution,,In service,DMM,,,,20,0.75,0,DMM pipelines,E:/SEURECA KISUMU/MARCH ANALYSIS REDONE/POTENTIAL CONNECTIONS/Manyatta/DMM pipelines.shp
KOYUGA,,,,,11.010,0,0.1,OPEN,,MYT,,,Distribution,,In service,DMM,,,,20,0.75,0,DMM pipelines,E:/SEURECA KISUMU/MARCH ANALYSIS REDONE/POTENTIAL CONNECTIONS/Manyatta/DMM pipelines.shp
KOYUGA,,,,,76.537,0,0.1,OPEN,,MYT,,,Distribution,,In service,DMM,,,,20,0.75,0,DMM pipelines,E:/SEURECA KISUMU/MARCH ANALYSIS REDONE/POTENTIAL CONNECTIONS/Manyatta/DMM pipelines.shp
KOYUGA,,,,,118.141,0,0.1,OPEN,,MYT,,,Distribution,,In service,DMM,,,,20,0.75,0,DMM pipelines,E:/SEURECA KISUMU/MARCH ANALYSIS REDONE/POTENTIAL CONNECTIONS/Manyatta/DMM pipelines.shp
KOYUGA,,,,,5.689,0,0.1,OPEN,,MYT,,,Distribution,,In service,DMM,,,,17,0.50,0,DMM pipelines,E:/SEURECA KISUMU/MARCH ANALYSIS REDONE/POTENTIAL CONNECTIONS/Manyatta/DMM pipelines.shp
KOYUGA,,,,,43.462,0,0.1,OPEN,,MYT,,,Distribution,,In service,DMM,,,,20,0.75,0,DMM pipelines,E:/SEURECA KISUMU/MARCH ANALYSIS REDONE/POTENTIAL CONNECTIONS/Manyatta/DMM pipelines.shp
KOYUGA,,,,,15.731,0,0.1,OPEN,,MYT,,,Distribution,,In service,DMM,,,,17,0.50,0,DMM pipelines,E:/SEURECA KISUMU/MARCH ANALYSIS REDONE/POTENTIAL CONNECTIONS/Manyatta/DMM pipelines.shp
KOYUGA,,,,,45.720,0,0.1,OPEN,,MYT,,,Distribution,,In service,DMM,,,,17,0.50,0,DMM pipelines,E:/SEURECA KISUMU/MARCH ANALYSIS REDONE/POTENTIAL CONNECTIONS/Manyatta/DMM pipelines.shp
KOYUGA,,,,,19.150,0,0.1,OPEN,,MYT,,,Distribution,,In service,DMM,,,,17,0.50,0,DMM pipelines,E:/SEURECA KISUMU/MARCH ANALYSIS REDONE/POTENTIAL CONNECTIONS/Manyatta/DMM pipelines.shp
KOYUGA,,,,,33.632,0,0.1,OPEN,,MYT,,,Distribution,,In service,DMM,,,,17,0.50,0,DMM pipelines,E:/SEURECA KISUMU/MARCH ANALYSIS REDONE/POTENTIAL CONNECTIONS/Manyatta/DMM pipelines.shp
KOTUGA,,,,,120.564,0,0.1,OPEN,,MYT,,,Distribution,,In service,DMM,,,,32,1.25,0,DMM pipelines,E:/SEURECA KISUMU/MARCH ANALYSIS REDONE/POTENTIAL CONNECTIONS/Manyatta/DMM pipelines.shp
KOYUGA,,,,,12.368,0,0.1,OPEN,,MYT,,,Distribution,,In service,DMM,,,,17,0.50,0,DMM pipelines,E:/SEURECA KISUMU/MARCH ANALYSIS REDONE/POTENTIAL CONNECTIONS/Manyatta/DMM pipelines.shp
KOYUGA,,,,,22.012,0,0.1,OPEN,,MYT,,,Distribution,,In service,DMM,,,,20,0.75,0,DMM pipelines,E:/SEURECA KISUMU/MARCH ANALYSIS REDONE/POTENTIAL CONNECTIONS/Manyatta/DMM pipelines.shp
KOYUGA,,,,,49.248,0,0.1,OPEN,,MYT,,,Distribution,,In service,DMM,,,,40,1.50,0,DMM pipelines,E:/SEURECA KISUMU/MARCH ANALYSIS REDONE/POTENTIAL CONNECTIONS/Manyatta/DMM pipelines.shp
KOYUGA,,,,,38.065,0,0.1,OPEN,,MYT,,,Distribution,,In service,DMM,,,,40,1.50,0,DMM pipelines,E:/SEURECA KISUMU/MARCH ANALYSIS REDONE/POTENTIAL CONNECTIONS/Manyatta/DMM pipelines.shp
KOYUGA,,,,,36.833,0,0.1,OPEN,,MYT,,,Distribution,,In service,DMM,,,,32,1.25,0,DMM pipelines,E:/SEURECA KISUMU/MARCH ANALYSIS REDONE/POTENTIAL CONNECTIONS/Manyatta/DMM pipelines.shp
KOYUGA,,,,,22.437,0,0.1,OPEN,,MYT,,,Distribution,,In service,DMM,,,,17,0.50,0,DMM pipelines,E:/SEURECA KISUMU/MARCH ANALYSIS REDONE/POTENTIAL CONNECTIONS/Manyatta/DMM pipelines.shp
KOYUGA,,,,,20.684,0,0.1,OPEN,,MYT,,,Distribution,,In service,DMM,,,,32,1.25,0,DMM pipelines,E:/SEURECA KISUMU/MARCH ANALYSIS REDONE/POTENTIAL CONNECTIONS/Manyatta/DMM pipelines.shp
KOYUGA,,,,,23.695,0,0.1,OPEN,,MYT,,,Distribution,,In service,DMM,,,,17,0.50,0,DMM pipelines,E:/SEURECA KISUMU/MARCH ANALYSIS REDONE/POTENTIAL CONNECTIONS/Manyatta/DMM pipelines.shp
KOYUGA,,,,,3.275,0,0.1,OPEN,,MYT,,,Distribution,,In service,DMM,,,,17,0.50,0,DMM pipelines,E:/SEURECA KISUMU/MARCH ANALYSIS REDONE/POTENTIAL CONNECTIONS/Manyatta/DMM pipelines.shp
KOYUGA,,,,,47.520,0,0.1,OPEN,,MYT,,,Distribution,,In service,DMM,,,,32,1.25,0,DMM pipelines,E:/SEURECA KISUMU/MARCH ANALYSIS REDONE/POTENTIAL CONNECTIONS/Manyatta/DMM pipelines.shp
KOYUGA,,,,,11.862,0,0.1,OPEN,,MYT,,,Distribution,,In service,DMM,,,,17,0.50,0,DMM pipelines,E:/SEURECA KISUMU/MARCH ANALYSIS REDONE/POTENTIAL CONNECTIONS/Manyatta/DMM pipelines.shp
KOYUGA,,,,,7.145,0,0.1,OPEN,,MYT,,,Distribution,,In service,DMM,,,,17,0.50,0,DMM pipelines,E:/SEURECA KISUMU/MARCH ANALYSIS REDONE/POTENTIAL CONNECTIONS/Manyatta/DMM pipelines.shp
KOYUGA,,,,,10.716,0,0.1,OPEN,,MYT,,,Distribution,,In service,DMM,,,,32,1.25,0,DMM pipelines,E:/SEURECA KISUMU/MARCH ANALYSIS REDONE/POTENTIAL CONNECTIONS/Manyatta/DMM pipelines.shp
KOYUGA,,,,,18.009,0,0.1,OPEN,,MYT,,,Distribution,,In service,DMM,,,,17,0.50,0,DMM pipelines,E:/SEURECA KISUMU/MARCH ANALYSIS REDONE/POTENTIAL CONNECTIONS/Manyatta/DMM pipelines.shp
KOYUGA,,,,,7.934,0,0.1,OPEN,,MYT,,,Distribution,,In service,DMM,,,,32,1.25,0,DMM pipelines,E:/SEURECA KISUMU/MARCH ANALYSIS REDONE/POTENTIAL CONNECTIONS/Manyatta/DMM pipelines.shp
KOYUGA,,,,,25.591,0,0.1,OPEN,,MYT,,,Distribution,,In service,DMM,,,,17,0.50,0,DMM pipelines,E:/SEURECA KISUMU/MARCH ANALYSIS REDONE/POTENTIAL CONNECTIONS/Manyatta/DMM pipelines.shp
KOYUGA,,,,,134.408,0,0.1,OPEN,,MYT,,,Distribution,,In service,DMM,,,,50,2.00,0,DMM pipelines,E:/SEURECA KISUMU/MARCH ANALYSIS REDONE/POTENTIAL CONNECTIONS/Manyatta/DMM pipelines.shp
KOYUGA,,,,,45.988,0,0.1,OPEN,,MYT,,,Distribution,,In service,DMM,,,,32,1.25,0,DMM pipelines,E:/SEURECA KISUMU/MARCH ANALYSIS REDONE/POTENTIAL CONNECTIONS/Manyatta/DMM pipelines.shp
KOYUGA,,,,,59.143,0,0.1,OPEN,,MYT,,,Distribution,,In service,DMM,,,,32,1.25,0,DMM pipelines,E:/SEURECA KISUMU/MARCH ANALYSIS REDONE/POTENTIAL CONNECTIONS/Manyatta/DMM pipelines.shp
KOYUGA,,,,,21.502,0,0.1,OPEN,,MYT,,,Distribution,,In service,DMM,,,,17,0.50,0,DMM pipelines,E:/SEURECA KISUMU/MARCH ANALYSIS REDONE/POTENTIAL CONNECTIONS/Manyatta/DMM pipelines.shp
KOYUGA,,,,,21.502,0,0.1,OPEN,,MYT,,,Distribution,,In service,,,,,17,0.50,0,DMM pipelines,E:/SEURECA KISUMU/MARCH ANALYSIS REDONE/POTENTIAL CONNECTIONS/Manyatta/DMM pipelines.shp
KOYUGA,,,,,58.343,0,0.1,OPEN,,MYT,,,Distribution,,In service,DMM,,,,32,1.25,0,DMM pipelines,E:/SEURECA KISUMU/MARCH ANALYSIS REDONE/POTENTIAL CONNECTIONS/Manyatta/DMM pipelines.shp
KOYUGA,,,,,21.702,0,0.1,OPEN,,MYT,,,Distribution,,In service,DMM,,,,32,1.25,0,DMM pipelines,E:/SEURECA KISUMU/MARCH ANALYSIS REDONE/POTENTIAL CONNECTIONS/Manyatta/DMM pipelines.shp
KOYUGA,,,,,14.882,0,0.1,OPEN,,MYT,,,Distribution,,In service,DMM,,,,20,0.75,0,DMM pipelines,E:/SEURECA KISUMU/MARCH ANALYSIS REDONE/POTENTIAL CONNECTIONS/Manyatta/DMM pipelines.shp
KOYUGA,,,,,18.311,0,0.1,OPEN,,MYT,,,Distribution,,In service,DMM,,,,17,0.50,0,DMM pipelines,E:/SEURECA KISUMU/MARCH ANALYSIS REDONE/POTENTIAL CONNECTIONS/Manyatta/DMM pipelines.shp
KOYUGA,,,,,6.869,0,0.1,OPEN,,MYT,,,Distribution,,In service,DMM,,,,20,0.75,0,DMM pipelines,E:/SEURECA KISUMU/MARCH ANALYSIS REDONE/POTENTIAL CONNECTIONS/Manyatta/DMM pipelines.shp
KOYUGA,,,,,55.701,0,0.1,OPEN,,MYT,,,Distribution,,In service,DMM,,,,20,0.75,0,DMM pipelines,E:/SEURECA KISUMU/MARCH ANALYSIS REDONE/POTENTIAL CONNECTIONS/Manyatta/DMM pipelines.shp
KOYUGA,,,,,4.861,0,0.1,OPEN,,MYT,,,Distribution,,In service,DMM,,,,20,0.75,0,DMM pipelines,E:/SEURECA KISUMU/MARCH ANALYSIS REDONE/POTENTIAL CONNECTIONS/Manyatta/DMM pipelines.shp
KOYUGA,,,,,5.962,0,0.1,OPEN,,MYT,,,Distribution,,In service,DMM,,,,17,0.50,0,DMM pipelines,E:/SEURECA KISUMU/MARCH ANALYSIS REDONE/POTENTIAL CONNECTIONS/Manyatta/DMM pipelines.shp
M-UNIT,,,,,55.436,0,0.1,OPEN,,MYT,,,Distribution,,In service,DMM,,,,50,2.00,0,DMM pipelines,E:/SEURECA KISUMU/MARCH ANALYSIS REDONE/POTENTIAL CONNECTIONS/Manyatta/DMM pipelines.shp
M-UNIT,,,,,54.287,0,0.1,OPEN,,MYT,,,Distribution,,In service,DMM,,,,40,1.50,0,DMM pipelines,E:/SEURECA KISUMU/MARCH ANALYSIS REDONE/POTENTIAL CONNECTIONS/Manyatta/DMM pipelines.shp
M-UNIT,,,,,1.665,0,0.1,OPEN,,MYT,,,Distribution,,In service,DMM,,,,50,2.00,0,DMM pipelines,E:/SEURECA KISUMU/MARCH ANALYSIS REDONE/POTENTIAL CONNECTIONS/Manyatta/DMM pipelines.shp
M-UNIT,,,,,15.704,0,0.1,OPEN,,MYT,,,Distribution,,In service,DMM,,,,17,0.50,0,DMM pipelines,E:/SEURECA KISUMU/MARCH ANALYSIS REDONE/POTENTIAL CONNECTIONS/Manyatta/DMM pipelines.shp
M-UNIT,,,,,112.639,0,0.1,OPEN,,MYT,,,Distribution,,In service,DMM,,,,32,1.25,0,DMM pipelines,E:/SEURECA KISUMU/MARCH ANALYSIS REDONE/POTENTIAL CONNECTIONS/Manyatta/DMM pipelines.shp
M-UNIT,,,,,12.795,0,0.1,OPEN,,MYT,,,Distribution,,In service,DMM,,,,32,1.25,0,DMM pipelines,E:/SEURECA KISUMU/MARCH ANALYSIS REDONE/POTENTIAL CONNECTIONS/Manyatta/DMM pipelines.shp
M-UNIT,,,,,28.113,0,0.1,OPEN,,MYT,,,Distribution,,In service,DMM,,,,17,0.50,0,DMM pipelines,E:/SEURECA KISUMU/MARCH ANALYSIS REDONE/POTENTIAL CONNECTIONS/Manyatta/DMM pipelines.shp
M-UNIT,,,,,6.466,0,0.1,OPEN,,MYT,,,Distribution,,In service,DMM,,,,17,0.50,0,DMM pipelines,E:/SEURECA KISUMU/MARCH ANALYSIS REDONE/POTENTIAL CONNECTIONS/Manyatta/DMM pipelines.shp
M-UNIT,,,,,10.357,0,0.1,OPEN,,MYT,,,Distribution,,In service,DMM,,,,17,0.50,0,DMM pipelines,E:/SEURECA KISUMU/MARCH ANALYSIS REDONE/POTENTIAL CONNECTIONS/Manyatta/DMM pipelines.shp
M-UNIT,,,,,4.447,0,0.1,OPEN,,MYT,,,Distribution,,In service,DMM,,,,17,0.50,0,DMM pipelines,E:/SEURECA KISUMU/MARCH ANALYSIS REDONE/POTENTIAL CONNECTIONS/Manyatta/DMM pipelines.shp
M-UNIT,,,,,7.955,0,0.1,OPEN,,MYT,,,Distribution,,In service,DMM,,,,17,0.50,0,DMM pipelines,E:/SEURECA KISUMU/MARCH ANALYSIS REDONE/POTENTIAL CONNECTIONS/Manyatta/DMM pipelines.shp
M-UNIT,,,,,11.192,0,0.1,OPEN,,MYT,,,Distribution,,In service,DMM,,,,17,0.50,0,DMM pipelines,E:/SEURECA KISUMU/MARCH ANALYSIS REDONE/POTENTIAL CONNECTIONS/Manyatta/DMM pipelines.shp
M-UNIT,,,,,31.064,0,0.1,OPEN,,MYT,,,Distribution,,In service,DMM,,,,17,0.50,0,DMM pipelines,E:/SEURECA KISUMU/MARCH ANALYSIS REDONE/POTENTIAL CONNECTIONS/Manyatta/DMM pipelines.shp
M-UNIT,,,,,16.624,0,0.1,OPEN,,MYT,,,Distribution,,In service,DMM,,,,17,0.50,0,DMM pipelines,E:/SEURECA KISUMU/MARCH ANALYSIS REDONE/POTENTIAL CONNECTIONS/Manyatta/DMM pipelines.shp
KOYUGA,,,,,36.236,0,0.1,OPEN,,MYT,,,Distribution,,In service,DMM,,,,20,0.75,0,DMM pipelines,E:/SEURECA KISUMU/MARCH ANALYSIS REDONE/POTENTIAL CONNECTIONS/Manyatta/DMM pipelines.shp
KOYUGA,,,,,23.131,0,0.1,OPEN,,MYT,,,Distribution,,In service,DMM,,,,17,0.50,0,DMM pipelines,E:/SEURECA KISUMU/MARCH ANALYSIS REDONE/POTENTIAL CONNECTIONS/Manyatta/DMM pipelines.shp
KOYUGA,,,,,20.578,0,0.1,OPEN,,MYT,,,Distribution,,In service,DMM,,,,17,0.50,0,DMM pipelines,E:/SEURECA KISUMU/MARCH ANALYSIS REDONE/POTENTIAL CONNECTIONS/Manyatta/DMM pipelines.shp
KOYUGA,,,,,44.426,0,0.1,OPEN,,MYT,,,Distribution,,In service,DMM,,,,20,0.75,0,DMM pipelines,E:/SEURECA KISUMU/MARCH ANALYSIS REDONE/POTENTIAL CONNECTIONS/Manyatta/DMM pipelines.shp
KOYUGA,,,,,22.922,0,0.1,OPEN,,MYT,,,Distribution,,In service,DMM,,,,17,0.50,0,DMM pipelines,E:/SEURECA KISUMU/MARCH ANALYSIS REDONE/POTENTIAL CONNECTIONS/Manyatta/DMM pipelines.shp
KOYUGA,,,,,19.189,0,0.1,OPEN,,MYT,,,Distribution,,In service,DMM,,,,17,0.50,0,DMM pipelines,E:/SEURECA KISUMU/MARCH ANALYSIS REDONE/POTENTIAL CONNECTIONS/Manyatta/DMM pipelines.shp
KOYUGA,,,,,64.818,0,0.1,OPEN,,MYT,,,Distribution,,In service,DMM,,,,17,0.50,0,DMM pipelines,E:/SEURECA KISUMU/MARCH ANALYSIS REDONE/POTENTIAL CONNECTIONS/Manyatta/DMM pipelines.shp
KOYUGA,,,,,6.427,0,0.1,OPEN,,MYT,,,Distribution,,In service,DMM,,,,17,0.50,0,DMM pipelines,E:/SEURECA KISUMU/MARCH ANALYSIS REDONE/POTENTIAL CONNECTIONS/Manyatta/DMM pipelines.shp
KOYUGA,,,,,53.571,0,0.1,OPEN,,MYT,,,Distribution,,In service,DMM,,,,17,0.50,0,DMM pipelines,E:/SEURECA KISUMU/MARCH ANALYSIS REDONE/POTENTIAL CONNECTIONS/Manyatta/DMM pipelines.shp
KOYUGA,,,,,107.079,0,0.1,OPEN,,MYT,,,Distribution,,In service,DMM,,,,32,1.25,0,DMM pipelines,E:/SEURECA KISUMU/MARCH ANALYSIS REDONE/POTENTIAL CONNECTIONS/Manyatta/DMM pipelines.shp
KOYUGA,,,,,21.413,0,0.1,OPEN,,MYT,,,Distribution,,In service,DMM,,,,20,0.75,0,DMM pipelines,E:/SEURECA KISUMU/MARCH ANALYSIS REDONE/POTENTIAL CONNECTIONS/Manyatta/DMM pipelines.shp
KOYUGA,,,,,17.714,0,0.1,OPEN,,MYT,,,Distribution,,In service,DMM,,,,17,0.50,0,DMM pipelines,E:/SEURECA KISUMU/MARCH ANALYSIS REDONE/POTENTIAL CONNECTIONS/Manyatta/DMM pipelines.shp
KOYUGA,,,,,61.054,0,0.1,OPEN,,MYT,,,Distribution,,In service,DMM,,,,32,1.25,0,DMM pipelines,E:/SEURECA KISUMU/MARCH ANALYSIS REDONE/POTENTIAL CONNECTIONS/Manyatta/DMM pipelines.shp
KOYUGA,,,,,35.421,0,0.1,OPEN,,MYT,,,Distribution,,In service,DMM,,,,32,1.25,0,DMM pipelines,E:/SEURECA KISUMU/MARCH ANALYSIS REDONE/POTENTIAL CONNECTIONS/Manyatta/DMM pipelines.shp
KOYUGA,,,,,10.571,0,0.1,OPEN,,MYT,,,Distribution,,In service,DMM,,,,17,0.50,0,DMM pipelines,E:/SEURECA KISUMU/MARCH ANALYSIS REDONE/POTENTIAL CONNECTIONS/Manyatta/DMM pipelines.shp
KOYUGA,,,,,17.776,0,0.1,OPEN,,MYT,,,Distribution,,In service,DMM,,,,17,0.50,0,DMM pipelines,E:/SEURECA KISUMU/MARCH ANALYSIS REDONE/POTENTIAL CONNECTIONS/Manyatta/DMM pipelines.shp
KOYUGA,,,,,30.811,0,0.1,OPEN,,MYT,,,Distribution,,In service,DMM,,,,17,0.50,0,DMM pipelines,E:/SEURECA KISUMU/MARCH ANALYSIS REDONE/POTENTIAL CONNECTIONS/Manyatta/DMM pipelines.shp
KOYUGA,,,,,366.284,0,0.1,OPEN,,MYT,,,Distribution,,In service,DMM,,,,32,1.25,0,DMM pipelines,E:/SEURECA KISUMU/MARCH ANALYSIS REDONE/POTENTIAL CONNECTIONS/Manyatta/DMM pipelines.shp
KOYUGA,,,,,31.117,0,0.1,OPEN,,MYT,,,Distribution,,In service,DMM,,,,20,0.75,0,DMM pipelines,E:/SEURECA KISUMU/MARCH ANALYSIS REDONE/POTENTIAL CONNECTIONS/Manyatta/DMM pipelines.shp
KOYUGA,,,,,43.917,0,0.1,OPEN,,MYT,,,Distribution,,In service,DMM,,,,17,0.50,0,DMM pipelines,E:/SEURECA KISUMU/MARCH ANALYSIS REDONE/POTENTIAL CONNECTIONS/Manyatta/DMM pipelines.shp
KOYUGA,,,,,25.036,0,0.1,OPEN,,MYT,,,Distribution,,In service,DMM,,,,17,0.50,0,DMM pipelines,E:/SEURECA KISUMU/MARCH ANALYSIS REDONE/POTENTIAL CONNECTIONS/Manyatta/DMM pipelines.shp
KOYUGA,,,,,63.409,0,0.1,OPEN,,MYT,,,Distribution,,In service,DMM,,,,17,0.50,0,DMM pipelines,E:/SEURECA KISUMU/MARCH ANALYSIS REDONE/POTENTIAL CONNECTIONS/Manyatta/DMM pipelines.shp
KOYUGA,,,,,6.670,0,0.1,OPEN,,MYT,,,Distribution,,In service,DMM,,,,17,0.50,0,DMM pipelines,E:/SEURECA KISUMU/MARCH ANALYSIS REDONE/POTENTIAL CONNECTIONS/Manyatta/DMM pipelines.shp
KOYUGA,,,,,23.156,0,0.1,OPEN,,MYT,,,Distribution,,In service,DMM,,,,17,0.50,0,DMM pipelines,E:/SEURECA KISUMU/MARCH ANALYSIS REDONE/POTENTIAL CONNECTIONS/Manyatta/DMM pipelines.shp
KOYUGA,,,,,60.149,0,0.1,OPEN,,MYT,,,Distribution,,In service,DMM,,,,32,1.25,0,DMM pipelines,E:/SEURECA KISUMU/MARCH ANALYSIS REDONE/POTENTIAL CONNECTIONS/Manyatta/DMM pipelines.shp
KOYUGA,,,,,17.365,0,0.1,OPEN,,MYT,,,Distribution,,In service,DMM,,,,20,0.75,0,DMM pipelines,E:/SEURECA KISUMU/MARCH ANALYSIS REDONE/POTENTIAL CONNECTIONS/Manyatta/DMM pipelines.shp
KOYUGA,,,,,27.692,0,0.1,OPEN,,MYT,,,Distribution,,In service,DMM,,,,17,0.50,0,DMM pipelines,E:/SEURECA KISUMU/MARCH ANALYSIS REDONE/POTENTIAL CONNECTIONS/Manyatta/DMM pipelines.shp
KOYUGA,,,,,14.623,0,0.1,OPEN,,MYT,,,Distribuiton,,In service,DMM,,,,17,0.50,0,DMM pipelines,E:/SEURECA KISUMU/MARCH ANALYSIS REDONE/POTENTIAL CONNECTIONS/Manyatta/DMM pipelines.shp
KOYUGA,,,,,23.194,0,0.1,OPEN,,MYT,,,Distribution,,In service,DMM,,,,20,0.75,0,DMM pipelines,E:/SEURECA KISUMU/MARCH ANALYSIS REDONE/POTENTIAL CONNECTIONS/Manyatta/DMM pipelines.shp
KOYUGA,,,,,108.336,0,0.1,OPEN,,MYT,,,Distribution,,In service,DMM,,,,50,2.00,0,DMM pipelines,E:/SEURECA KISUMU/MARCH ANALYSIS REDONE/POTENTIAL CONNECTIONS/Manyatta/DMM pipelines.shp
KOYUGA,,,,,44.516,0,0.1,OPEN,,MYT,,,Distribution,,In service,DMM,,,,50,2.00,0,DMM pipelines,E:/SEURECA KISUMU/MARCH ANALYSIS REDONE/POTENTIAL CONNECTIONS/Manyatta/DMM pipelines.shp
KOYUGA,,,,,68.515,0,0.1,OPEN,,MYT,,,Distribution,,In service,DMM,,,,32,1.25,0,DMM pipelines,E:/SEURECA KISUMU/MARCH ANALYSIS REDONE/POTENTIAL CONNECTIONS/Manyatta/DMM pipelines.shp
KOYUGA,,,,,29.291,0,0.1,OPEN,,MYT,,,Distribution,,In service,DMM,,,,32,1.25,0,DMM pipelines,E:/SEURECA KISUMU/MARCH ANALYSIS REDONE/POTENTIAL CONNECTIONS/Manyatta/DMM pipelines.shp
KOYUGA,,,,,34.019,0,0.1,OPEN,,MYT,,,Distribution,,In service,DMM,,,,17,0.50,0,DMM pipelines,E:/SEURECA KISUMU/MARCH ANALYSIS REDONE/POTENTIAL CONNECTIONS/Manyatta/DMM pipelines.shp
KOYUGA,,,,,32.510,0,0.1,OPEN,,MYT,,,Distribution,,In service,DMM,,,,32,1.25,0,DMM pipelines,E:/SEURECA KISUMU/MARCH ANALYSIS REDONE/POTENTIAL CONNECTIONS/Manyatta/DMM pipelines.shp
KOYUGA,,,,,66.208,0,0.1,OPEN,,MYT,,,Distribution,,In service,DMM,,,,32,1.25,0,DMM pipelines,E:/SEURECA KISUMU/MARCH ANALYSIS REDONE/POTENTIAL CONNECTIONS/Manyatta/DMM pipelines.shp
KOYUGA,,,,,82.371,0,0.1,OPEN,,MYT,,,Distribution,,In service,DMM,,,,20,0.75,0,DMM pipelines,E:/SEURECA KISUMU/MARCH ANALYSIS REDONE/POTENTIAL CONNECTIONS/Manyatta/DMM pipelines.shp
KOYUGA,,,,,62.139,0,0.1,OPEN,,MYT,,,Distribution,,In service,DMM,,,,20,0.75,0,DMM pipelines,E:/SEURECA KISUMU/MARCH ANALYSIS REDONE/POTENTIAL CONNECTIONS/Manyatta/DMM pipelines.shp
KOYUGA,,,,,9.574,0,0.1,OPEN,,MYT,,,Distribution,,In service,DMM,,,,17,0.50,0,DMM pipelines,E:/SEURECA KISUMU/MARCH ANALYSIS REDONE/POTENTIAL CONNECTIONS/Manyatta/DMM pipelines.shp
KOYUGA,,,,,36.614,0,0.1,OPEN,,MYT,,,Distribution,,In service,DMM,,,,17,0.50,0,DMM pipelines,E:/SEURECA KISUMU/MARCH ANALYSIS REDONE/POTENTIAL CONNECTIONS/Manyatta/DMM pipelines.shp
KOYUGA,,,,,8.017,0,0.1,OPEN,,MYT,,,Distribution,,In service,DMM,,,,17,0.50,0,DMM pipelines,E:/SEURECA KISUMU/MARCH ANALYSIS REDONE/POTENTIAL CONNECTIONS/Manyatta/DMM pipelines.shp
KOYUGA,,,,,6.176,0,0.1,OPEN,,MYT,,,Distribution,,In service,DMM,,,,17,0.50,0,DMM pipelines,E:/SEURECA KISUMU/MARCH ANALYSIS REDONE/POTENTIAL CONNECTIONS/Manyatta/DMM pipelines.shp
KOYUGA,,,,,103.274,0,0.1,OPEN,,MYT,,,Distribution,,In service,DMM,,,,20,0.75,0,DMM pipelines,E:/SEURECA KISUMU/MARCH ANALYSIS REDONE/POTENTIAL CONNECTIONS/Manyatta/DMM pipelines.shp
KOYUGA,,,,,18.648,0,0.1,OPEN,,MYT,,,Distribution,,In service,DMM,,,,25,1.00,0,DMM pipelines,E:/SEURECA KISUMU/MARCH ANALYSIS REDONE/POTENTIAL CONNECTIONS/Manyatta/DMM pipelines.shp
KOYUGA,,,,,108.999,0,0.1,OPEN,,MYT,,,Distribution,,In service,DMM,,,,32,1.25,0,DMM pipelines,E:/SEURECA KISUMU/MARCH ANALYSIS REDONE/POTENTIAL CONNECTIONS/Manyatta/DMM pipelines.shp
KOYUGA,,,,,10.758,0,0.1,OPEN,,MYT,,,Distribution,,In service,DMM,,,,20,0.75,0,DMM pipelines,E:/SEURECA KISUMU/MARCH ANALYSIS REDONE/POTENTIAL CONNECTIONS/Manyatta/DMM pipelines.shp
KOYUGA,,,,,34.659,0,0.1,OPEN,,MYT,,,Distribution,,In service,DMM,,,,17,0.50,0,DMM pipelines,E:/SEURECA KISUMU/MARCH ANALYSIS REDONE/POTENTIAL CONNECTIONS/Manyatta/DMM pipelines.shp
KOYUGA,,,,,55.042,0,0.1,OPEN,,MYT,,,Distribution,,In service,DMM,,,,32,1.25,0,DMM pipelines,E:/SEURECA KISUMU/MARCH ANALYSIS REDONE/POTENTIAL CONNECTIONS/Manyatta/DMM pipelines.shp
KOYUGA,,,,,14.323,0,0.1,OPEN,,MYT,,,Distribution,,In service,DMM,,,,17,0.50,0,DMM pipelines,E:/SEURECA KISUMU/MARCH ANALYSIS REDONE/POTENTIAL CONNECTIONS/Manyatta/DMM pipelines.shp
KOYUGA,,,,,57.146,0,0.1,OPEN,,MYT,,,Distribution,,In service,DMM,,,,20,0.75,0,DMM pipelines,E:/SEURECA KISUMU/MARCH ANALYSIS REDONE/POTENTIAL CONNECTIONS/Manyatta/DMM pipelines.shp
KOYUGA,,,,,20.025,0,0.1,OPEN,,MYT,,,Distribution,,In service,DMM,,,,17,0.50,0,DMM pipelines,E:/SEURECA KISUMU/MARCH ANALYSIS REDONE/POTENTIAL CONNECTIONS/Manyatta/DMM pipelines.shp
KOYUGA,,,,,66.303,0,0.1,OPEN,,MYT,,,Distribution,,In service,DMM,,,,20,0.75,0,DMM pipelines,E:/SEURECA KISUMU/MARCH ANALYSIS REDONE/POTENTIAL CONNECTIONS/Manyatta/DMM pipelines.shp
KOYUGA,,,,,10.854,0,0.1,OPEN,,MYT,,,Distribution,,In service,DMM,,,,17,0.50,0,DMM pipelines,E:/SEURECA KISUMU/MARCH ANALYSIS REDONE/POTENTIAL CONNECTIONS/Manyatta/DMM pipelines.shp
KOYUGA,,,,,109.124,0,0.1,OPEN,,MYT,,,Distribution,,In service,DMM,,,,32,1.25,0,DMM pipelines,E:/SEURECA KISUMU/MARCH ANALYSIS REDONE/POTENTIAL CONNECTIONS/Manyatta/DMM pipelines.shp
KOYUGA,,,,,49.172,0,0.1,OPEN,,MYT,,,Distribution,,In service,DMM,,,,20,0.75,0,DMM pipelines,E:/SEURECA KISUMU/MARCH ANALYSIS REDONE/POTENTIAL CONNECTIONS/Manyatta/DMM pipelines.shp
KOYUGA,,,,,244.705,0,0.1,OPEN,,MYT,,,Distribution,,In service,DMM,,,,50,2.00,0,DMM pipelines,E:/SEURECA KISUMU/MARCH ANALYSIS REDONE/POTENTIAL CONNECTIONS/Manyatta/DMM pipelines.shp
KOYUGA,,,,,22.653,0,0.1,OPEN,,MYT,,,Distribution,,In service,DMM,,,,17,0.50,0,DMM pipelines,E:/SEURECA KISUMU/MARCH ANALYSIS REDONE/POTENTIAL CONNECTIONS/Manyatta/DMM pipelines.shp
KOYUGA,,,,,19.464,0,0.1,OPEN,,MYT,,,Distribution,,In service,DMM,,,,17,0.50,0,DMM pipelines,E:/SEURECA KISUMU/MARCH ANALYSIS REDONE/POTENTIAL CONNECTIONS/Manyatta/DMM pipelines.shp
KOYUGA,,,,,8.421,0,0.1,OPEN,,MYT,,,Distribution,,In service,DMM,,,,17,0.50,0,DMM pipelines,E:/SEURECA KISUMU/MARCH ANALYSIS REDONE/POTENTIAL CONNECTIONS/Manyatta/DMM pipelines.shp
KOYUGA,,,,,17.502,0,0.1,OPEN,,MYT,,,Distribution,,In service,DMM,,,,17,0.50,0,DMM pipelines,E:/SEURECA KISUMU/MARCH ANALYSIS REDONE/POTENTIAL CONNECTIONS/Manyatta/DMM pipelines.shp
KOYUGA,,,,,49.050,0,0.1,OPEN,,MYT,,,Distribution,,In service,DMM,,,,17,0.50,0,DMM pipelines,E:/SEURECA KISUMU/MARCH ANALYSIS REDONE/POTENTIAL CONNECTIONS/Manyatta/DMM pipelines.shp
KOYUGA,,,,,32.262,0,0.1,OPEN,,MYT,,,Distribution,,In service,DMM,,,,17,0.50,0,DMM pipelines,E:/SEURECA KISUMU/MARCH ANALYSIS REDONE/POTENTIAL CONNECTIONS/Manyatta/DMM pipelines.shp
KOYUGA,,,,,33.694,0,0.1,OPEN,,MYT,,,Distribution,,In service,DMM,,,,17,0.50,0,DMM pipelines,E:/SEURECA KISUMU/MARCH ANALYSIS REDONE/POTENTIAL CONNECTIONS/Manyatta/DMM pipelines.shp
KOYUGA,,,,,54.281,0,0.1,OPEN,,MYT,,,Distribution,,In service,DMM,,,,17,0.50,0,DMM pipelines,E:/SEURECA KISUMU/MARCH ANALYSIS REDONE/POTENTIAL CONNECTIONS/Manyatta/DMM pipelines.shp
KOYUGA,,,,,15.742,0,0.1,OPEN,,MYT,,,Distribution,,In service,DMM,,,,32,1.25,0,DMM pipelines,E:/SEURECA KISUMU/MARCH ANALYSIS REDONE/POTENTIAL CONNECTIONS/Manyatta/DMM pipelines.shp
KOYUGA,,,,,15.645,0,0.1,OPEN,,MYT,,,Distribution,,In service,DMM,,,,20,0.75,0,DMM pipelines,E:/SEURECA KISUMU/MARCH ANALYSIS REDONE/POTENTIAL CONNECTIONS/Manyatta/DMM pipelines.shp
KOYUGA,,,,,25.037,0,0.1,OPEN,,MYT,,,Distribution,,In service,DMM,,,,17,0.50,0,DMM pipelines,E:/SEURECA KISUMU/MARCH ANALYSIS REDONE/POTENTIAL CONNECTIONS/Manyatta/DMM pipelines.shp
KOYUGA,,,,,33.997,0,0.1,OPEN,,MYT,,,Distribution,,In service,DMM,,,,20,0.75,0,DMM pipelines,E:/SEURECA KISUMU/MARCH ANALYSIS REDONE/POTENTIAL CONNECTIONS/Manyatta/DMM pipelines.shp
KOYUGA,,,,,63.478,0,0.1,OPEN,,MYT,,,Distribution,,In service,DMM,,,,32,1.25,0,DMM pipelines,E:/SEURECA KISUMU/MARCH ANALYSIS REDONE/POTENTIAL CONNECTIONS/Manyatta/DMM pipelines.shp
KOYUGA,,,,,23.965,0,0.1,OPEN,,MYT,,,Distribution,,In service,DMM,,,,17,0.50,0,DMM pipelines,E:/SEURECA KISUMU/MARCH ANALYSIS REDONE/POTENTIAL CONNECTIONS/Manyatta/DMM pipelines.shp
KOYUGA,,,,,72.192,0,0.1,OPEN,,MYT,,,Distribution,,In service,DMM,,,,20,0.75,0,DMM pipelines,E:/SEURECA KISUMU/MARCH ANALYSIS REDONE/POTENTIAL CONNECTIONS/Manyatta/DMM pipelines.shp
KOYUGA,,,,,49.269,0,0.1,OPEN,,MYT,,,Distribution,,In service,DMM,,,,20,0.75,0,DMM pipelines,E:/SEURECA KISUMU/MARCH ANALYSIS REDONE/POTENTIAL CONNECTIONS/Manyatta/DMM pipelines.shp
KOYUGA,,,,,69.893,0,0.1,OPEN,,MYT,,,PVC,,In service,DMM,,,,17,0.50,0,DMM pipelines,E:/SEURECA KISUMU/MARCH ANALYSIS REDONE/POTENTIAL CONNECTIONS/Manyatta/DMM pipelines.shp
KOYUGA,,,,,82.060,0,0.1,OPEN,,MYT,,,Distribution,,In service,DMM,,,,17,0.50,0,DMM pipelines,E:/SEURECA KISUMU/MARCH ANALYSIS REDONE/POTENTIAL CONNECTIONS/Manyatta/DMM pipelines.shp
KOYUGA,,,,,25.867,0,0.1,OPEN,,MYT,,,Distribution,,In service,DMM,,,,17,0.50,0,DMM pipelines,E:/SEURECA KISUMU/MARCH ANALYSIS REDONE/POTENTIAL CONNECTIONS/Manyatta/DMM pipelines.shp
KOYUGA,,,,,24.863,0,0.1,OPEN,,MYT,,,Distribution,,In service,DMM,,,,17,0.50,0,DMM pipelines,E:/SEURECA KISUMU/MARCH ANALYSIS REDONE/POTENTIAL CONNECTIONS/Manyatta/DMM pipelines.shp
KOYUGA,,,,,39.340,0,0.1,OPEN,,MYT,,,Distribution,,In service,DMM,,,,17,0.50,0,DMM pipelines,E:/SEURECA KISUMU/MARCH ANALYSIS REDONE/POTENTIAL CONNECTIONS/Manyatta/DMM pipelines.shp
KOYUGA,,,,,9.932,0,0.1,OPEN,,MYT,,,Distribution,,In service,DMM,,,,17,0.50,0,DMM pipelines,E:/SEURECA KISUMU/MARCH ANALYSIS REDONE/POTENTIAL CONNECTIONS/Manyatta/DMM pipelines.shp
KOYUGA,,,,,25.381,0,0.1,OPEN,,MYT,,,Distribution,,In service,DMM,,,,17,0.50,0,DMM pipelines,E:/SEURECA KISUMU/MARCH ANALYSIS REDONE/POTENTIAL CONNECTIONS/Manyatta/DMM pipelines.shp
KOYUGA,,,,,48.013,0,0.1,OPEN,,MYT,,,Distribution,,In service,DMM,,,,20,0.75,0,DMM pipelines,E:/SEURECA KISUMU/MARCH ANALYSIS REDONE/POTENTIAL CONNECTIONS/Manyatta/DMM pipelines.shp
KOYUGA,,,,,56.272,0,0.1,OPEN,,MYT,,,Distribution,,In service,DMM,,,,32,1.25,0,DMM pipelines,E:/SEURECA KISUMU/MARCH ANALYSIS REDONE/POTENTIAL CONNECTIONS/Manyatta/DMM pipelines.shp
KOYUGA,,,,,11.258,0,0.1,OPEN,,MYT,,,Distribution,,In service,DMM,,,,17,0.50,0,DMM pipelines,E:/SEURECA KISUMU/MARCH ANALYSIS REDONE/POTENTIAL CONNECTIONS/Manyatta/DMM pipelines.shp
KOYUGA,,,,,10.419,0,0.1,OPEN,,MYT,,,Distribution,,In service,DMM,,,,17,0.50,0,DMM pipelines,E:/SEURECA KISUMU/MARCH ANALYSIS REDONE/POTENTIAL CONNECTIONS/Manyatta/DMM pipelines.shp
KOYUGA,,,,,12.656,0,0.1,OPEN,,MYT,,,Distribution,,In service,DMM,,,,32,1.25,0,DMM pipelines,E:/SEURECA KISUMU/MARCH ANALYSIS REDONE/POTENTIAL CONNECTIONS/Manyatta/DMM pipelines.shp
KOYUGA,,,,,9.543,0,0.1,OPEN,,MYT,,,Distribution,,In service,DMM,,,,20,0.75,0,DMM pipelines,E:/SEURECA KISUMU/MARCH ANALYSIS REDONE/POTENTIAL CONNECTIONS/Manyatta/DMM pipelines.shp
KOYUGA,,,,,9.995,0,0.1,OPEN,,MYT,,,Distribution,,In service,DMM,,,,20,0.75,0,DMM pipelines,E:/SEURECA KISUMU/MARCH ANALYSIS REDONE/POTENTIAL CONNECTIONS/Manyatta/DMM pipelines.shp
KOYUGA,,,,,9.331,0,0.1,OPEN,,MYT,,,Distribution,,In service,DMM,,,,17,0.50,0,DMM pipelines,E:/SEURECA KISUMU/MARCH ANALYSIS REDONE/POTENTIAL CONNECTIONS/Manyatta/DMM pipelines.shp
KOYUGA,,,,,123.092,0,0.1,OPEN,,MYT,,,Distribution,,In service,DMM,,,,40,1.50,0,DMM pipelines,E:/SEURECA KISUMU/MARCH ANALYSIS REDONE/POTENTIAL CONNECTIONS/Manyatta/DMM pipelines.shp
KOYUGA,,,,,12.807,0,0.1,OPEN,,MYT,,,Distribution,,In service,DMM,,,,40,1.50,0,DMM pipelines,E:/SEURECA KISUMU/MARCH ANALYSIS REDONE/POTENTIAL CONNECTIONS/Manyatta/DMM pipelines.shp
KOYUGA,,,,,42.226,0,0.1,OPEN,,MYT,,,Distribution,,In service,DMM,,,,40,1.50,0,DMM pipelines,E:/SEURECA KISUMU/MARCH ANALYSIS REDONE/POTENTIAL CONNECTIONS/Manyatta/DMM pipelines.shp
KOYUGA,,,,,6.063,0,0.1,OPEN,,MYT,,,Distribution,,In service,DMM,,,,40,1.50,0,DMM pipelines,E:/SEURECA KISUMU/MARCH ANALYSIS REDONE/POTENTIAL CONNECTIONS/Manyatta/DMM pipelines.shp
KOYUGA,,,,,32.260,0,0.1,OPEN,,MYT,,,Distribution,,In service,DMM,,,,40,1.50,0,DMM pipelines,E:/SEURECA KISUMU/MARCH ANALYSIS REDONE/POTENTIAL CONNECTIONS/Manyatta/DMM pipelines.shp
KOYUGA,,,,,56.407,0,0.1,OPEN,,MYT,,,Distribution,,In service,DMM,,,,40,1.50,0,DMM pipelines,E:/SEURECA KISUMU/MARCH ANALYSIS REDONE/POTENTIAL CONNECTIONS/Manyatta/DMM pipelines.shp
KOYUGA,,,,,48.794,0,0.1,OPEN,,MYT,,,Distribution,,In service,DMM,,,,40,1.50,0,DMM pipelines,E:/SEURECA KISUMU/MARCH ANALYSIS REDONE/POTENTIAL CONNECTIONS/Manyatta/DMM pipelines.shp
KOYUGA,,,,,29.242,0,0.1,OPEN,,MYT,,,Distribution,,In service,DMM,,,,40,1.50,0,DMM pipelines,E:/SEURECA KISUMU/MARCH ANALYSIS REDONE/POTENTIAL CONNECTIONS/Manyatta/DMM pipelines.shp
KOYUGA,,,,,126.660,0,0.1,OPEN,,MYT,,,Distribution,,In service,DMM,,,,40,1.50,0,DMM pipelines,E:/SEURECA KISUMU/MARCH ANALYSIS REDONE/POTENTIAL CONNECTIONS/Manyatta/DMM pipelines.shp
KOYUGA,,,,,17.929,0,0.1,OPEN,,MYT,,,Distribution,,In service,DMM,,,,40,1.50,0,DMM pipelines,E:/SEURECA KISUMU/MARCH ANALYSIS REDONE/POTENTIAL CONNECTIONS/Manyatta/DMM pipelines.shp
KOYUGA,,,,,1.809,0,0.1,OPEN,,MYT,,,Distribution,,In service,DMM,,,,17,0.50,0,DMM pipelines,E:/SEURECA KISUMU/MARCH ANALYSIS REDONE/POTENTIAL CONNECTIONS/Manyatta/DMM pipelines.shp
KOYUGA,,,,,15.172,0,0.1,OPEN,,MYT,,,Distribution,,In service,DMM,,,,40,1.50,0,DMM pipelines,E:/SEURECA KISUMU/MARCH ANALYSIS REDONE/POTENTIAL CONNECTIONS/Manyatta/DMM pipelines.shp
KOYUGA,,,,,15.457,0,0.1,OPEN,,MYT,,,Distribution,,In service,DMM,,,,40,1.50,0,DMM pipelines,E:/SEURECA KISUMU/MARCH ANALYSIS REDONE/POTENTIAL CONNECTIONS/Manyatta/DMM pipelines.shp
KOYUGA,,,,,127.670,0,0.1,OPEN,,MYT,,,Distribution,,In service,DMM,,,,40,1.50,0,DMM pipelines,E:/SEURECA KISUMU/MARCH ANALYSIS REDONE/POTENTIAL CONNECTIONS/Manyatta/DMM pipelines.shp
KOYUGA,,,,,42.780,0,0.1,OPEN,,MYT,,,Distribution,,In service,DMM,,,,40,1.50,0,DMM pipelines,E:/SEURECA KISUMU/MARCH ANALYSIS REDONE/POTENTIAL CONNECTIONS/Manyatta/DMM pipelines.shp
KOYUGA,,,,,153.678,0,0.1,OPEN,,MYT,,,Distribution,,In service,DMM,,,,40,1.50,0,DMM pipelines,E:/SEURECA KISUMU/MARCH ANALYSIS REDONE/POTENTIAL CONNECTIONS/Manyatta/DMM pipelines.shp
KOYUGA,,,,,37.137,0,0.1,OPEN,,MYT,,,Distribution,,In service,DMM,,,,32,1.25,0,DMM pipelines,E:/SEURECA KISUMU/MARCH ANALYSIS REDONE/POTENTIAL CONNECTIONS/Manyatta/DMM pipelines.shp
KOYUGA,,,,,215.904,0,0.1,OPEN,,MYT,,,Distribution,,In service,DMM,,,,32,1.25,0,DMM pipelines,E:/SEURECA KISUMU/MARCH ANALYSIS REDONE/POTENTIAL CONNECTIONS/Manyatta/DMM pipelines.shp
KOYUGA,,,,,94.053,0,0.1,OPEN,,MYT,,,Distribution,,In service,DMM,,,,32,1.25,0,DMM pipelines,E:/SEURECA KISUMU/MARCH ANALYSIS REDONE/POTENTIAL CONNECTIONS/Manyatta/DMM pipelines.shp
KOYUGA,,,,,15.722,0,0.1,OPEN,,MYT,,,Distribution,,In service,DMM,,,,32,1.25,0,DMM pipelines,E:/SEURECA KISUMU/MARCH ANALYSIS REDONE/POTENTIAL CONNECTIONS/Manyatta/DMM pipelines.shp
KOYUGA,,,,,65.226,0,0.1,OPEN,,MYT,,,Distribution,,In service,DMM,,,,32,1.25,0,DMM pipelines,E:/SEURECA KISUMU/MARCH ANALYSIS REDONE/POTENTIAL CONNECTIONS/Manyatta/DMM pipelines.shp
KOYUGA,,,,,138.499,0,0.1,OPEN,,MYT,,,Distribution,,In service,DMM,,,,20,0.75,0,DMM pipelines,E:/SEURECA KISUMU/MARCH ANALYSIS REDONE/POTENTIAL CONNECTIONS/Manyatta/DMM pipelines.shp
KOYUGA,,,,,64.730,0,0.1,OPEN,,MYT,,,Distribution,,In service,DMM,,,,50,2.00,0,DMM pipelines,E:/SEURECA KISUMU/MARCH ANALYSIS REDONE/POTENTIAL CONNECTIONS/Manyatta/DMM pipelines.shp
KOYUGA,,,,,28.839,0,0.1,OPEN,,MYT,,,Distribution,,In service,DMM,,,,50,2.00,0,DMM pipelines,E:/SEURECA KISUMU/MARCH ANALYSIS REDONE/POTENTIAL CONNECTIONS/Manyatta/DMM pipelines.shp
KOYUGA,,,,,74.812,0,0.1,OPEN,,MYT,,,Distribution,,In service,DMM,,,,50,2.00,0,DMM pipelines,E:/SEURECA KISUMU/MARCH ANALYSIS REDONE/POTENTIAL CONNECTIONS/Manyatta/DMM pipelines.shp
KOYUGA,,,,,16.602,0,0.1,OPEN,,MYT,,,Distribution,,In service,DMM,,,,32,1.25,0,DMM pipelines,E:/SEURECA KISUMU/MARCH ANALYSIS REDONE/POTENTIAL CONNECTIONS/Manyatta/DMM pipelines.shp
KOYUGA,,,,,86.412,0,0.1,OPEN,,MYT,,,Distribution,,In service,DMM,,,,32,1.25,0,DMM pipelines,E:/SEURECA KISUMU/MARCH ANALYSIS REDONE/POTENTIAL CONNECTIONS/Manyatta/DMM pipelines.shp
KOYUGA,,,,,48.412,0,0.1,OPEN,,MYT,,,Distribution,,In service,DMM,,,,32,1.25,0,DMM pipelines,E:/SEURECA KISUMU/MARCH ANALYSIS REDONE/POTENTIAL CONNECTIONS/Manyatta/DMM pipelines.shp
KOYUGA,,,,,11.925,0,0.1,OPEN,,MYT,,,Distribution,,In service,DMM,,,,32,1.25,0,DMM pipelines,E:/SEURECA KISUMU/MARCH ANALYSIS REDONE/POTENTIAL CONNECTIONS/Manyatta/DMM pipelines.shp
KOYUGA,,,,,6.812,0,0.1,OPEN,,MYT,,,Distribution,,In service,DMM,,,,32,1.25,0,DMM pipelines,E:/SEURECA KISUMU/MARCH ANALYSIS REDONE/POTENTIAL CONNECTIONS/Manyatta/DMM pipelines.shp
KOYUGA,,,,,39.041,0,0.1,OPEN,,MYT,,,Distribution,,In service,DMM,,,,17,0.50,0,DMM pipelines,E:/SEURECA KISUMU/MARCH ANALYSIS REDONE/POTENTIAL CONNECTIONS/Manyatta/DMM pipelines.shp
KOYUGA,,,,,3.610,0,0.1,OPEN,,MYT,,,Distribution,,In service,DMM,,,,32,1.25,0,DMM pipelines,E:/SEURECA KISUMU/MARCH ANALYSIS REDONE/POTENTIAL CONNECTIONS/Manyatta/DMM pipelines.shp
KOYUGA,,,,,12.522,0,0.1,OPEN,,MYT,,,Distribution,,In service,DMM,,,,32,1.25,0,DMM pipelines,E:/SEURECA KISUMU/MARCH ANALYSIS REDONE/POTENTIAL CONNECTIONS/Manyatta/DMM pipelines.shp
KOYUGA,,,,,21.546,0,0.1,OPEN,,MYT,,,Distribution,,In service,DMM,,,,50,2.00,0,DMM pipelines,E:/SEURECA KISUMU/MARCH ANALYSIS REDONE/POTENTIAL CONNECTIONS/Manyatta/DMM pipelines.shp
KOYUGA,,,,,58.368,0,0.1,OPEN,,MYT,,,Distribution,,In service,DMM,,,,50,2.00,0,DMM pipelines,E:/SEURECA KISUMU/MARCH ANALYSIS REDONE/POTENTIAL CONNECTIONS/Manyatta/DMM pipelines.shp
KOYUGA,,,,,9.125,0,0.1,OPEN,,MYT,,,Distribution,,In service,DMM,,,,50,2.00,0,DMM pipelines,E:/SEURECA KISUMU/MARCH ANALYSIS REDONE/POTENTIAL CONNECTIONS/Manyatta/DMM pipelines.shp
KOYUGA,,,,,107.794,0,0.1,OPEN,,MYT,,,Distribution,,In service,DMM,,,,50,2.00,0,DMM pipelines,E:/SEURECA KISUMU/MARCH ANALYSIS REDONE/POTENTIAL CONNECTIONS/Manyatta/DMM pipelines.shp
KOYUGA,,,,,227.579,0,0.1,OPEN,,MYT,,,Distribution,,In service,DMM,,,,50,2.00,0,DMM pipelines,E:/SEURECA KISUMU/MARCH ANALYSIS REDONE/POTENTIAL CONNECTIONS/Manyatta/DMM pipelines.shp
KOYUGA,,,,,32.921,0,0.1,OPEN,,MYT,,,Distribution,,In service,DMM,,,,50,2.00,0,DMM pipelines,E:/SEURECA KISUMU/MARCH ANALYSIS REDONE/POTENTIAL CONNECTIONS/Manyatta/DMM pipelines.shp
KOYUGA,,,,,62.934,0,0.1,OPEN,,MYT,,,Distribution,,In service,DMM,,,,50,2.00,0,DMM pipelines,E:/SEURECA KISUMU/MARCH ANALYSIS REDONE/POTENTIAL CONNECTIONS/Manyatta/DMM pipelines.shp
KOYUGA,,,,,7.281,0,0.1,OPEN,,MYT,,,Distribution,,In service,DMM,,,,50,2.00,0,DMM pipelines,E:/SEURECA KISUMU/MARCH ANALYSIS REDONE/POTENTIAL CONNECTIONS/Manyatta/DMM pipelines.shp
KOYUGA,,,,,13.376,0,0.1,OPEN,,MYT,,,Distribution,,In service,DMM,,,,50,2.00,0,DMM pipelines,E:/SEURECA KISUMU/MARCH ANALYSIS REDONE/POTENTIAL CONNECTIONS/Manyatta/DMM pipelines.shp
KOYUGA,,,,,35.310,0,0.1,OPEN,,MYT,,,Distribution,,In service,DMM,,,,50,2.00,0,DMM pipelines,E:/SEURECA KISUMU/MARCH ANALYSIS REDONE/POTENTIAL CONNECTIONS/Manyatta/DMM pipelines.shp
KOYUGA,,,,,142.934,0,0.1,OPEN,,MYT,,,Distribution,,In service,DMM,,,,50,2.00,0,DMM pipelines,E:/SEURECA KISUMU/MARCH ANALYSIS REDONE/POTENTIAL CONNECTIONS/Manyatta/DMM pipelines.shp
KOYUGA,,,,,51.768,0,0.1,OPEN,,MYT,,,Distribution,,In service,DMM,,,,50,2.00,0,DMM pipelines,E:/SEURECA KISUMU/MARCH ANALYSIS REDONE/POTENTIAL CONNECTIONS/Manyatta/DMM pipelines.shp
KOYUGA,,,,,15.323,0,0.1,OPEN,,MYT,,,Distribution,,In service,DMM,,,,50,2.00,0,DMM pipelines,E:/SEURECA KISUMU/MARCH ANALYSIS REDONE/POTENTIAL CONNECTIONS/Manyatta/DMM pipelines.shp
KOYUGA,,,,,12.321,0,0.1,OPEN,,MYT,,,Distribution,,In service,DMM,,,,50,2.00,0,DMM pipelines,E:/SEURECA KISUMU/MARCH ANALYSIS REDONE/POTENTIAL CONNECTIONS/Manyatta/DMM pipelines.shp
KOYUGA,,,,,23.821,0,0.1,OPEN,,MYT,,,Distribution,,In service,DMM,,,,50,2.00,0,DMM pipelines,E:/SEURECA KISUMU/MARCH ANALYSIS REDONE/POTENTIAL CONNECTIONS/Manyatta/DMM pipelines.shp
KOYUGA,,,,,26.817,0,0.1,OPEN,,MYT,,,Distribution,,In service,DMM,,,,50,2.00,0,DMM pipelines,E:/SEURECA KISUMU/MARCH ANALYSIS REDONE/POTENTIAL CONNECTIONS/Manyatta/DMM pipelines.shp
KOYUGA,,,,,52.878,0,0.1,OPEN,,MYT,,,Distribution,,In service,DMM,,,,50,2.00,0,DMM pipelines,E:/SEURECA KISUMU/MARCH ANALYSIS REDONE/POTENTIAL CONNECTIONS/Manyatta/DMM pipelines.shp
KOYUGA,,,,,17.932,0,0.1,OPEN,,MYT,,,Distribution,,In service,DMM,,,,50,2.00,0,DMM pipelines,E:/SEURECA KISUMU/MARCH ANALYSIS REDONE/POTENTIAL CONNECTIONS/Manyatta/DMM pipelines.shp
KOYUGA,,,,,7.219,0,0.1,OPEN,,MYT,,,Distribution,,In service,DMM,,,,50,2.00,0,DMM pipelines,E:/SEURECA KISUMU/MARCH ANALYSIS REDONE/POTENTIAL CONNECTIONS/Manyatta/DMM pipelines.shp
KOYUGA,,,,,2.326,0,0.1,OPEN,,MYT,,,Distribution,,In service,DMM,,,,50,2.00,0,DMM pipelines,E:/SEURECA KISUMU/MARCH ANALYSIS REDONE/POTENTIAL CONNECTIONS/Manyatta/DMM pipelines.shp
KOYUGA,,,,,34.426,0,0.1,OPEN,,MYT,,,Distribution,,In service,DMM,,,,50,2.00,0,DMM pipelines,E:/SEURECA KISUMU/MARCH ANALYSIS REDONE/POTENTIAL CONNECTIONS/Manyatta/DMM pipelines.shp
KOYUGA,,,,,186.506,0,0.1,OPEN,,MYT,,,Distribution,,In service,DMM,,,,50,2.00,0,DMM pipelines,E:/SEURECA KISUMU/MARCH ANALYSIS REDONE/POTENTIAL CONNECTIONS/Manyatta/DMM pipelines.shp
KOYUGA,,,,,31.587,0,0.1,OPEN,,MYT,,,Distribution,,In service,DMM,,,,50,2.00,0,DMM pipelines,E:/SEURECA KISUMU/MARCH ANALYSIS REDONE/POTENTIAL CONNECTIONS/Manyatta/DMM pipelines.shp
KOYUGA,,,,,216.079,0,0.1,OPEN,,MYT,,,Distribution,,In service,DMM,,,,50,2.00,0,DMM pipelines,E:/SEURECA KISUMU/MARCH ANALYSIS REDONE/POTENTIAL CONNECTIONS/Manyatta/DMM pipelines.shp
KOYUGA,,,,,90.406,0,0.1,OPEN,,MYT,,,Distribution,,In service,DMM,,,,50,2.00,0,DMM pipelines,E:/SEURECA KISUMU/MARCH ANALYSIS REDONE/POTENTIAL CONNECTIONS/Manyatta/DMM pipelines.shp
KOYUGA,,,,,78.345,0,0.1,OPEN,,MYT,,,Distribution,,In service,DMM,,,,20,0.75,0,DMM pipelines,E:/SEURECA KISUMU/MARCH ANALYSIS REDONE/POTENTIAL CONNECTIONS/Manyatta/DMM pipelines.shp
KOYUGA,,,,,110.566,0,0.1,OPEN,,MYT,,,Distribution,,In service,DMM,,,,20,0.75,0,DMM pipelines,E:/SEURECA KISUMU/MARCH ANALYSIS REDONE/POTENTIAL CONNECTIONS/Manyatta/DMM pipelines.shp
OLIKETI,,,,,82.735,0,0.1,OPEN,,MIL,,,Distribution,,In service,DMM,,,,50,2.00,0,DMM pipelines,E:/SEURECA KISUMU/MARCH ANALYSIS REDONE/POTENTIAL CONNECTIONS/Manyatta/DMM pipelines.shp
OLIKETI,,,,,31.107,0,0.1,OPEN,,MIL,,,Distribution,,In service,DMM,,,,20,0.75,0,DMM pipelines,E:/SEURECA KISUMU/MARCH ANALYSIS REDONE/POTENTIAL CONNECTIONS/Manyatta/DMM pipelines.shp
OLIKETI,,,,,22.933,0,0.1,OPEN,,MIL,,,Distribution,,In service,DMM,,,,25,1.00,0,DMM pipelines,E:/SEURECA KISUMU/MARCH ANALYSIS REDONE/POTENTIAL CONNECTIONS/Manyatta/DMM pipelines.shp
OLIKETI,,,,,19.170,0,0.1,OPEN,,MIL,,,Distribution,,In service,DMM,,,,17,0.50,0,DMM pipelines,E:/SEURECA KISUMU/MARCH ANALYSIS REDONE/POTENTIAL CONNECTIONS/Manyatta/DMM pipelines.shp
OLIKETI,,,,,26.585,0,0.1,OPEN,,MIL,,,Distribution,,In service,DMM,,,,17,0.50,0,DMM pipelines,E:/SEURECA KISUMU/MARCH ANALYSIS REDONE/POTENTIAL CONNECTIONS/Manyatta/DMM pipelines.shp
OLIKETI,,,,,27.023,0,0.1,OPEN,,MIL,,,Distribution,,In service,DMM,,,,17,0.50,0,DMM pipelines,E:/SEURECA KISUMU/MARCH ANALYSIS REDONE/POTENTIAL CONNECTIONS/Manyatta/DMM pipelines.shp
OLIKETI,,,,,22.360,0,0.1,OPEN,,MIL,,,Distribution,,In service,DMM,,,,20,0.75,0,DMM pipelines,E:/SEURECA KISUMU/MARCH ANALYSIS REDONE/POTENTIAL CONNECTIONS/Manyatta/DMM pipelines.shp
OLIKETI,,,,,18.351,0,0.1,OPEN,,MIL,,,Distribution,,In service,DMM,,,,17,0.50,0,DMM pipelines,E:/SEURECA KISUMU/MARCH ANALYSIS REDONE/POTENTIAL CONNECTIONS/Manyatta/DMM pipelines.shp
OLIKETI,,,,,25.693,0,0.1,OPEN,,MIL,,,Distribution,,In service,DMM,,,,17,0.50,0,DMM pipelines,E:/SEURECA KISUMU/MARCH ANALYSIS REDONE/POTENTIAL CONNECTIONS/Manyatta/DMM pipelines.shp
OLIKETI,,,,,22.539,0,0.1,OPEN,,MIL,,,Distribution,,In service,DMM,,,,17,0.50,0,DMM pipelines,E:/SEURECA KISUMU/MARCH ANALYSIS REDONE/POTENTIAL CONNECTIONS/Manyatta/DMM pipelines.shp
OLIKETI,,,,,13.618,0,0.1,OPEN,,MIL,,,Distribution,,In service,DMM,,,,17,0.50,0,DMM pipelines,E:/SEURECA KISUMU/MARCH ANALYSIS REDONE/POTENTIAL CONNECTIONS/Manyatta/DMM pipelines.shp
OLIKETI,,,,,28.944,0,0.1,OPEN,,MIL,,,Distribution,,In service,DMM,,,,20,0.75,0,DMM pipelines,E:/SEURECA KISUMU/MARCH ANALYSIS REDONE/POTENTIAL CONNECTIONS/Manyatta/DMM pipelines.shp
OLIKETI,,,,,4.998,0,0.1,OPEN,,MIL,,,Distribution,,In service,DMM,,,,17,0.50,0,DMM pipelines,E:/SEURECA KISUMU/MARCH ANALYSIS REDONE/POTENTIAL CONNECTIONS/Manyatta/DMM pipelines.shp
OLIKETI,,,,,18.681,0,0.1,OPEN,,MIL,,,Distribution,,In service,DMM,,,,17,0.50,0,DMM pipelines,E:/SEURECA KISUMU/MARCH ANALYSIS REDONE/POTENTIAL CONNECTIONS/Manyatta/DMM pipelines.shp
OLIKETI,,,,,9.299,0,0.1,OPEN,,MIL,,,Distribution,,In service,DMM,,,,17,0.50,0,DMM pipelines,E:/SEURECA KISUMU/MARCH ANALYSIS REDONE/POTENTIAL CONNECTIONS/Manyatta/DMM pipelines.shp
OLIKETI,,,,,13.445,0,0.1,OPEN,,MIL,,,Distribution,,In service,DMM,,,,17,0.50,0,DMM pipelines,E:/SEURECA KISUMU/MARCH ANALYSIS REDONE/POTENTIAL CONNECTIONS/Manyatta/DMM pipelines.shp
OLIKETI,,,,,44.189,0,0.1,OPEN,,MIL,,,Distribution,,In service,DMM,,,,17,0.50,0,DMM pipelines,E:/SEURECA KISUMU/MARCH ANALYSIS REDONE/POTENTIAL CONNECTIONS/Manyatta/DMM pipelines.shp
OLIKETI,,,,,29.666,0,0.1,OPEN,,MIL,,,Distribution,,In service,DMM,,,,17,0.50,0,DMM pipelines,E:/SEURECA KISUMU/MARCH ANALYSIS REDONE/POTENTIAL CONNECTIONS/Manyatta/DMM pipelines.shp
OLIKETI,,,,,4.414,0,0.1,OPEN,,MIL,,,Distribution,,In service,DMM,,,,17,0.50,0,DMM pipelines,E:/SEURECA KISUMU/MARCH ANALYSIS REDONE/POTENTIAL CONNECTIONS/Manyatta/DMM pipelines.shp
OLIKETI,,,,,41.794,0,0.1,OPEN,,MIL,,,Distribution,,In service,DMM,,,,17,0.50,0,DMM pipelines,E:/SEURECA KISUMU/MARCH ANALYSIS REDONE/POTENTIAL CONNECTIONS/Manyatta/DMM pipelines.shp
OLIKETI,,,,,144.425,0,0.1,OPEN,,MIL,,,Distribution,,In service,DMM,,,,20,0.75,0,DMM pipelines,E:/SEURECA KISUMU/MARCH ANALYSIS REDONE/POTENTIAL CONNECTIONS/Manyatta/DMM pipelines.shp
OLIKETI,,,,,3.852,0,0.1,OPEN,,MIL,,,Distribution,,In service,DMM,,,,17,0.50,0,DMM pipelines,E:/SEURECA KISUMU/MARCH ANALYSIS REDONE/POTENTIAL CONNECTIONS/Manyatta/DMM pipelines.shp
OLIKETI,,,,,28.837,0,0.1,OPEN,,MIL,,,Distribution,,In service,DMM,,,,17,0.50,0,DMM pipelines,E:/SEURECA KISUMU/MARCH ANALYSIS REDONE/POTENTIAL CONNECTIONS/Manyatta/DMM pipelines.shp
OLIKETI,,,,,52.411,0,0.1,OPEN,,MIL,,,Distribution,,In service,DMM,,,,17,0.50,0,DMM pipelines,E:/SEURECA KISUMU/MARCH ANALYSIS REDONE/POTENTIAL CONNECTIONS/Manyatta/DMM pipelines.shp
OLIKETI,,,,,19.618,0,0.1,OPEN,,MIL,,,Distribution,,In service,DMM,,,,17,0.50,0,DMM pipelines,E:/SEURECA KISUMU/MARCH ANALYSIS REDONE/POTENTIAL CONNECTIONS/Manyatta/DMM pipelines.shp
OLIKETI,,,,,25.734,0,0.1,OPEN,,MIL,,,Distribution,,In service,DMM,,,,17,0.50,0,DMM pipelines,E:/SEURECA KISUMU/MARCH ANALYSIS REDONE/POTENTIAL CONNECTIONS/Manyatta/DMM pipelines.shp
OLIKETI,,,,,31.638,0,0.1,OPEN,,MIL,,,Distribution,,In service,DMM,,,,17,0.50,0,DMM pipelines,E:/SEURECA KISUMU/MARCH ANALYSIS REDONE/POTENTIAL CONNECTIONS/Manyatta/DMM pipelines.shp
OLIKETI,,,,,17.546,0,0.1,OPEN,,MIL,,,Distribution,,In service,DMM,,,,17,0.50,0,DMM pipelines,E:/SEURECA KISUMU/MARCH ANALYSIS REDONE/POTENTIAL CONNECTIONS/Manyatta/DMM pipelines.shp
RIWOLWEDO,,,,,80.967,0,0.1,OPEN,,MIL,,,Distribution,,In service,DMM,,,,20,0.75,0,DMM pipelines,E:/SEURECA KISUMU/MARCH ANALYSIS REDONE/POTENTIAL CONNECTIONS/Manyatta/DMM pipelines.shp
OLIKETI,,,,,7.429,0,0.1,OPEN,,MIL,,,Distribution,,In service,DMM,,,,17,0.50,0,DMM pipelines,E:/SEURECA KISUMU/MARCH ANALYSIS REDONE/POTENTIAL CONNECTIONS/Manyatta/DMM pipelines.shp
RIWOLWEDO,,,,,24.756,0,0.1,OPEN,,MIL,,,Distribution,,In service,DMM,,,,20,0.75,0,DMM pipelines,E:/SEURECA KISUMU/MARCH ANALYSIS REDONE/POTENTIAL CONNECTIONS/Manyatta/DMM pipelines.shp
OLIKETI,,,,,20.574,0,0.1,OPEN,,MIL,,,Distribution,,In service,DMM,,,,17,0.50,0,DMM pipelines,E:/SEURECA KISUMU/MARCH ANALYSIS REDONE/POTENTIAL CONNECTIONS/Manyatta/DMM pipelines.shp
OLIKETI,,,,,215.928,0,0.1,OPEN,,MIL,,,Distribution,,In service,DMM,,,,50,2.00,0,DMM pipelines,E:/SEURECA KISUMU/MARCH ANALYSIS REDONE/POTENTIAL CONNECTIONS/Manyatta/DMM pipelines.shp
OLIKETI,,,,,204.871,0,0.1,OPEN,,MIL,,,Distribution,,In service,DMM,,,,25,1.00,0,DMM pipelines,E:/SEURECA KISUMU/MARCH ANALYSIS REDONE/POTENTIAL CONNECTIONS/Manyatta/DMM pipelines.shp
OLIKETI,,,,,541.714,0,0.1,OPEN,,MIL,,,Distridution,,In service,DMM,,,,25,1.00,0,DMM pipelines,E:/SEURECA KISUMU/MARCH ANALYSIS REDONE/POTENTIAL CONNECTIONS/Manyatta/DMM pipelines.shp
OLIKETI,,,,,215.066,0,0.1,OPEN,,MIL,,,Distribution,,In service,DMM,,,,20,0.75,0,DMM pipelines,E:/SEURECA KISUMU/MARCH ANALYSIS REDONE/POTENTIAL CONNECTIONS/Manyatta/DMM pipelines.shp
OLIKETI,,,,,72.495,0,0.1,OPEN,,MIL,,,Distribution,,In service,DMM,,,,17,0.50,0,DMM pipelines,E:/SEURECA KISUMU/MARCH ANALYSIS REDONE/POTENTIAL CONNECTIONS/Manyatta/DMM pipelines.shp
OLIKETI,,,,,8.214,0,0.1,OPEN,,MIL,,,Distribution,,In service,DMM,,,,17,0.50,0,DMM pipelines,E:/SEURECA KISUMU/MARCH ANALYSIS REDONE/POTENTIAL CONNECTIONS/Manyatta/DMM pipelines.shp
OLIKETI,,,,,25.758,0,0.1,OPEN,,MIL,,,Distribution,,In service,DMM,,,,17,0.50,0,DMM pipelines,E:/SEURECA KISUMU/MARCH ANALYSIS REDONE/POTENTIAL CONNECTIONS/Manyatta/DMM pipelines.shp
OLIKETI,,,,,29.184,0,0.1,OPEN,,MIL,,,Distribution,,In service,DMM,,,,17,0.50,0,DMM pipelines,E:/SEURECA KISUMU/MARCH ANALYSIS REDONE/POTENTIAL CONNECTIONS/Manyatta/DMM pipelines.shp
OLIKETI,,,,,14.348,0,0.1,OPEN,,MIL,,,Distribution,,In service,DMM,,,,17,0.50,0,DMM pipelines,E:/SEURECA KISUMU/MARCH ANALYSIS REDONE/POTENTIAL CONNECTIONS/Manyatta/DMM pipelines.shp
OLIKETI,,,,,30.337,0,0.1,OPEN,,MIL,,,Distribution,,In service,DMM,,,,17,0.50,0,DMM pipelines,E:/SEURECA KISUMU/MARCH ANALYSIS REDONE/POTENTIAL CONNECTIONS/Manyatta/DMM pipelines.shp
OLIKETI,,,,,21.652,0,0.1,OPEN,,MIL,,,Distribution,,In service,DMM,,,,17,0.50,0,DMM pipelines,E:/SEURECA KISUMU/MARCH ANALYSIS REDONE/POTENTIAL CONNECTIONS/Manyatta/DMM pipelines.shp
OLIKETI,,,,,56.678,0,0.1,OPEN,,MIL,,,Distribution,,In service,DMM,,,,17,0.50,0,DMM pipelines,E:/SEURECA KISUMU/MARCH ANALYSIS REDONE/POTENTIAL CONNECTIONS/Manyatta/DMM pipelines.shp
OLIKETI,,,,,46.617,0,0.1,OPEN,,MIL,,,Distribution,,In service,DMM,,,,17,0.50,0,DMM pipelines,E:/SEURECA KISUMU/MARCH ANALYSIS REDONE/POTENTIAL CONNECTIONS/Manyatta/DMM pipelines.shp
OLIKETI,,,,,27.801,0,0.1,OPEN,,MIL,,,Distribution,,In service,DMM,,,,17,0.50,0,DMM pipelines,E:/SEURECA KISUMU/MARCH ANALYSIS REDONE/POTENTIAL CONNECTIONS/Manyatta/DMM pipelines.shp
OLIKETI,,,,,63.399,0,0.1,OPEN,,MIL,,,Distribution,,In service,DMM,,,,17,0.50,0,DMM pipelines,E:/SEURECA KISUMU/MARCH ANALYSIS REDONE/POTENTIAL CONNECTIONS/Manyatta/DMM pipelines.shp
OLIKETI,,,,,20.165,0,0.1,OPEN,,MIL,,,Distribution,,In service,DMM,,,,17,0.50,0,DMM pipelines,E:/SEURECA KISUMU/MARCH ANALYSIS REDONE/POTENTIAL CONNECTIONS/Manyatta/DMM pipelines.shp
OLIKETI,,,,,77.423,0,0.1,OPEN,,MIL,,,Distribution,,In service,DMM,,,,17,0.50,0,DMM pipelines,E:/SEURECA KISUMU/MARCH ANALYSIS REDONE/POTENTIAL CONNECTIONS/Manyatta/DMM pipelines.shp
OLIKETI,,,,,48.799,0,0.1,OPEN,,MIL,,,Distribution,,In service,DMM,,,,17,0.50,0,DMM pipelines,E:/SEURECA KISUMU/MARCH ANALYSIS REDONE/POTENTIAL CONNECTIONS/Manyatta/DMM pipelines.shp
OLIKETI,,,,,45.970,0,0.1,OPEN,,MIL,,,Distribution,,In service,DMM,,,,17,0.50,0,DMM pipelines,E:/SEURECA KISUMU/MARCH ANALYSIS REDONE/POTENTIAL CONNECTIONS/Manyatta/DMM pipelines.shp
OLIKETI,,,,,15.624,0,0.1,OPEN,,MIL,,,Distribution,,In service,DMM,,,,20,0.75,0,DMM pipelines,E:/SEURECA KISUMU/MARCH ANALYSIS REDONE/POTENTIAL CONNECTIONS/Manyatta/DMM pipelines.shp
OLIKETI,,,,,35.107,0,0.1,OPEN,,MIL,,,Distribution,,In service,DMM,,,,17,0.50,0,DMM pipelines,E:/SEURECA KISUMU/MARCH ANALYSIS REDONE/POTENTIAL CONNECTIONS/Manyatta/DMM pipelines.shp
OLIKETI,,,,,37.183,0,0.1,OPEN,,MIL,,,Distribution,,In service,DMM,,,,17,0.50,0,DMM pipelines,E:/SEURECA KISUMU/MARCH ANALYSIS REDONE/POTENTIAL CONNECTIONS/Manyatta/DMM pipelines.shp
OLIKETI,,,,,31.223,0,0.1,OPEN,,MIL,,,Distribution,,In service,DMM,,,,20,0.75,0,DMM pipelines,E:/SEURECA KISUMU/MARCH ANALYSIS REDONE/POTENTIAL CONNECTIONS/Manyatta/DMM pipelines.shp
OLIKETI,,,,,20.945,0,0.1,OPEN,,MIL,,,Distribution,,In service,DMM,,,,17,0.50,0,DMM pipelines,E:/SEURECA KISUMU/MARCH ANALYSIS REDONE/POTENTIAL CONNECTIONS/Manyatta/DMM pipelines.shp
OLIKETI,,,,,19.622,0,0.1,OPEN,,MIL,,,Distribution,,In service,DMM,,,,17,0.50,0,DMM pipelines,E:/SEURECA KISUMU/MARCH ANALYSIS REDONE/POTENTIAL CONNECTIONS/Manyatta/DMM pipelines.shp
OLIKETI,,,,,33.676,0,0.1,OPEN,,MIL,,,Distribution,,In service,DMM,,,,17,0.50,0,DMM pipelines,E:/SEURECA KISUMU/MARCH ANALYSIS REDONE/POTENTIAL CONNECTIONS/Manyatta/DMM pipelines.shp
OLIKETI,,,,,349.214,0,0.1,OPEN,,MIL,,,Distribution,,In service,DMM,,,,17,0.50,0,DMM pipelines,E:/SEURECA KISUMU/MARCH ANALYSIS REDONE/POTENTIAL CONNECTIONS/Manyatta/DMM pipelines.shp
OLIKETI,,,,,42.599,0,0.1,OPEN,,MIL,,,Distribution,,In service,DMM,,,,17,0.50,0,DMM pipelines,E:/SEURECA KISUMU/MARCH ANALYSIS REDONE/POTENTIAL CONNECTIONS/Manyatta/DMM pipelines.shp
OLIKETI,,,,,30.107,0,0.1,OPEN,,MIL,,,Distribution,,In service,DMM,,,,17,0.50,0,DMM pipelines,E:/SEURECA KISUMU/MARCH ANALYSIS REDONE/POTENTIAL CONNECTIONS/Manyatta/DMM pipelines.shp
OLIKETI,,,,,163.529,0,0.1,OPEN,,MIL,,,Distribution,,In service,DMM,,,,17,0.50,0,DMM pipelines,E:/SEURECA KISUMU/MARCH ANALYSIS REDONE/POTENTIAL CONNECTIONS/Manyatta/DMM pipelines.shp
OLIKETI,,,,,14.034,0,0.1,OPEN,,MIL,,,Distribution,,In service,DMM,,,,17,0.50,0,DMM pipelines,E:/SEURECA KISUMU/MARCH ANALYSIS REDONE/POTENTIAL CONNECTIONS/Manyatta/DMM pipelines.shp
OLIKETI,,,,,33.664,0,0.1,OPEN,,MIL,,,Distribution,,In service,DMM,,,,17,0.50,0,DMM pipelines,E:/SEURECA KISUMU/MARCH ANALYSIS REDONE/POTENTIAL CONNECTIONS/Manyatta/DMM pipelines.shp
OLIKETI,,,,,46.438,0,0.1,OPEN,,MIL,,,Distribution,,In service,DMM,,,,17,0.50,0,DMM pipelines,E:/SEURECA KISUMU/MARCH ANALYSIS REDONE/POTENTIAL CONNECTIONS/Manyatta/DMM pipelines.shp
OLIKETI,,,,,66.899,0,0.1,OPEN,,MYT,,,Distribution,,In service,DMM,,,,32,1.25,0,DMM pipelines,E:/SEURECA KISUMU/MARCH ANALYSIS REDONE/POTENTIAL CONNECTIONS/Manyatta/DMM pipelines.shp
OLIKETI,,,,,13.744,0,0.1,OPEN,,MYT,,,Distribution,,In service,DMM,,,,40,1.50,0,DMM pipelines,E:/SEURECA KISUMU/MARCH ANALYSIS REDONE/POTENTIAL CONNECTIONS/Manyatta/DMM pipelines.shp
OLIKETI,,,,,22.561,0,0.1,OPEN,,MYT,,,Distribution,,In service,DMM,,,,40,1.50,0,DMM pipelines,E:/SEURECA KISUMU/MARCH ANALYSIS REDONE/POTENTIAL CONNECTIONS/Manyatta/DMM pipelines.shp
OLIKETI,,,,,17.688,0,0.1,OPEN,,MYT,,,Distribution,,In service,DMM,,,,40,1.50,0,DMM pipelines,E:/SEURECA KISUMU/MARCH ANALYSIS REDONE/POTENTIAL CONNECTIONS/Manyatta/DMM pipelines.shp
OLIKETI,,,,,2.745,0,0.1,OPEN,,MYT,,,Distribution,,In service,DMM,,,,17,0.50,0,DMM pipelines,E:/SEURECA KISUMU/MARCH ANALYSIS REDONE/POTENTIAL CONNECTIONS/Manyatta/DMM pipelines.shp
OLIKETI,,,,,17.922,0,0.1,OPEN,,MYT,,,Distribution,,In service,DMM,,,,32,1.25,0,DMM pipelines,E:/SEURECA KISUMU/MARCH ANALYSIS REDONE/POTENTIAL CONNECTIONS/Manyatta/DMM pipelines.shp
OLIKETI,,,,,25.905,0,0.1,OPEN,,MYT,,,Distribution,,In service,DMM,,,,32,1.25,0,DMM pipelines,E:/SEURECA KISUMU/MARCH ANALYSIS REDONE/POTENTIAL CONNECTIONS/Manyatta/DMM pipelines.shp
OLIKETI,,,,,44.966,0,0.1,OPEN,,MYT,,,Distribution,,In service,DMM,,,,32,1.25,0,DMM pipelines,E:/SEURECA KISUMU/MARCH ANALYSIS REDONE/POTENTIAL CONNECTIONS/Manyatta/DMM pipelines.shp
OLIKETI,,,,,18.791,0,0.1,OPEN,,MYT,,,Distribution,,In service,DMM,,,,32,1.25,0,DMM pipelines,E:/SEURECA KISUMU/MARCH ANALYSIS REDONE/POTENTIAL CONNECTIONS/Manyatta/DMM pipelines.shp
KOYUGA,,,,,203.948,0,0.1,OPEN,,MYT,,,Distribution,,In service,DMM,,,,17,0.50,0,DMM pipelines,E:/SEURECA KISUMU/MARCH ANALYSIS REDONE/POTENTIAL CONNECTIONS/Manyatta/DMM pipelines.shp
KOYUGA,,,,,40.040,0,0.1,OPEN,,MYT,,,Distribution,,In service,DMM,,,,50,2.00,0,DMM pipelines,E:/SEURECA KISUMU/MARCH ANALYSIS REDONE/POTENTIAL CONNECTIONS/Manyatta/DMM pipelines.shp
OLIKETI,,,,,469.812,0,0.1,OPEN,,MIL,,,Distribution main,,In service,DMM,,,,75,3.00,0,DMM pipelines,E:/SEURECA KISUMU/MARCH ANALYSIS REDONE/POTENTIAL CONNECTIONS/Manyatta/DMM pipelines.shp
OLIKETI,,,,,91.013,0,0.1,OPEN,,MIL,,,Distribution,,In service,DMM,,,,50,2.00,0,DMM pipelines,E:/SEURECA KISUMU/MARCH ANALYSIS REDONE/POTENTIAL CONNECTIONS/Manyatta/DMM pipelines.shp
OLIKETI,,,,,0.000,0,0.1,OPEN,,MIL,,,Distribution,,In service,DMM,,,,17,0.50,0,DMM pipelines,E:/SEURECA KISUMU/MARCH ANALYSIS REDONE/POTENTIAL CONNECTIONS/Manyatta/DMM pipelines.shp
OLIKETI,,,,,11.372,0,0.1,OPEN,,MIL,,,Distribution,,In service,DMM,,,,17,0.50,0,DMM pipelines,E:/SEURECA KISUMU/MARCH ANALYSIS REDONE/POTENTIAL CONNECTIONS/Manyatta/DMM pipelines.shp
OLIKETI,,,,,7.883,0,0.1,OPEN,,MIL,,,Distribution,,In service,DMM,,,,17,0.50,0,DMM pipelines,E:/SEURECA KISUMU/MARCH ANALYSIS REDONE/POTENTIAL CONNECTIONS/Manyatta/DMM pipelines.shp
OLIKETI,,,,,51.762,0,0.1,OPEN,,MIL,,,Distribution,,In service,DMM,,,,17,0.50,0,DMM pipelines,E:/SEURECA KISUMU/MARCH ANALYSIS REDONE/POTENTIAL CONNECTIONS/Manyatta/DMM pipelines.shp
OLIKETI,,,,,78.293,0,0.1,OPEN,,MIL,,,Distribution,,In service,DMM,,,,17,0.50,0,DMM pipelines,E:/SEURECA KISUMU/MARCH ANALYSIS REDONE/POTENTIAL CONNECTIONS/Manyatta/DMM pipelines.shp
OLIKETI,,,,,69.901,0,0.1,OPEN,,MIL,,,Distribution,,In service,DMM,,,,25,1.00,0,DMM pipelines,E:/SEURECA KISUMU/MARCH ANALYSIS REDONE/POTENTIAL CONNECTIONS/Manyatta/DMM pipelines.shp
OLIKETI,,,,,22.053,0,0.1,OPEN,,MIL,,,Distribution,,In service,DMM,,,,25,1.00,0,DMM pipelines,E:/SEURECA KISUMU/MARCH ANALYSIS REDONE/POTENTIAL CONNECTIONS/Manyatta/DMM pipelines.shp
OLIKETI,,,,,226.629,0,0.1,OPEN,,MIL,,,Distribution,,In service,DMM,,,,50,2.00,0,DMM pipelines,E:/SEURECA KISUMU/MARCH ANALYSIS REDONE/POTENTIAL CONNECTIONS/Manyatta/DMM pipelines.shp
OLIKETI,,,,,51.342,0,0.1,OPEN,,MIL,,,Distribution,,In service,DMM,,,,50,2.00,0,DMM pipelines,E:/SEURECA KISUMU/MARCH ANALYSIS REDONE/POTENTIAL CONNECTIONS/Manyatta/DMM pipelines.shp
OLIKETI,,,,,54.671,0,0.1,OPEN,,MIL,,,Distribution,,In service,DMM,,,,50,2.00,0,DMM pipelines,E:/SEURECA KISUMU/MARCH ANALYSIS REDONE/POTENTIAL CONNECTIONS/Manyatta/DMM pipelines.shp
OLIKETI,,,,,34.475,0,0.1,OPEN,,MIL,,,Distribution,,In service,DMM,,,,50,2.00,0,DMM pipelines,E:/SEURECA KISUMU/MARCH ANALYSIS REDONE/POTENTIAL CONNECTIONS/Manyatta/DMM pipelines.shp
OLIKETI,,,,,41.742,0,0.1,OPEN,,MIL,,,Distribution,,In service,DMM,,,,50,2.00,0,DMM pipelines,E:/SEURECA KISUMU/MARCH ANALYSIS REDONE/POTENTIAL CONNECTIONS/Manyatta/DMM pipelines.shp
OLIKETI,,,,,23.438,0,0.1,OPEN,,MIL,,,Distribution,,In service,DMM,,,,17,0.50,0,DMM pipelines,E:/SEURECA KISUMU/MARCH ANALYSIS REDONE/POTENTIAL CONNECTIONS/Manyatta/DMM pipelines.shp
OLIKETI,,,,,51.248,0,0.1,OPEN,,MIL,,,Distribution,,In service,DMM,,,,17,0.50,0,DMM pipelines,E:/SEURECA KISUMU/MARCH ANALYSIS REDONE/POTENTIAL CONNECTIONS/Manyatta/DMM pipelines.shp
OLIKETI,,,,,88.115,0,0.1,OPEN,,MIL,,,Distribution,,In service,DMM,,,,50,2.00,0,DMM pipelines,E:/SEURECA KISUMU/MARCH ANALYSIS REDONE/POTENTIAL CONNECTIONS/Manyatta/DMM pipelines.shp
OLIKETI,,,,,10.474,0,0.1,OPEN,,MIL,,,Distribution,,In service,DMM,,,,50,2.00,0,DMM pipelines,E:/SEURECA KISUMU/MARCH ANALYSIS REDONE/POTENTIAL CONNECTIONS/Manyatta/DMM pipelines.shp
OLIKETI,,,,,37.156,0,0.1,OPEN,,MIL,,,Distribution,,In service,DMM,,,,50,2.00,0,DMM pipelines,E:/SEURECA KISUMU/MARCH ANALYSIS REDONE/POTENTIAL CONNECTIONS/Manyatta/DMM pipelines.shp
OLIKETI,,,,,116.494,0,0.1,OPEN,,MIL,,,Distribution,,In service,DMM,,,,50,2.00,0,DMM pipelines,E:/SEURECA KISUMU/MARCH ANALYSIS REDONE/POTENTIAL CONNECTIONS/Manyatta/DMM pipelines.shp
OLIKETI,,,,,11.021,0,0.1,OPEN,,MIL,,,Distribution,,In service,DMM,,,,50,2.00,0,DMM pipelines,E:/SEURECA KISUMU/MARCH ANALYSIS REDONE/POTENTIAL CONNECTIONS/Manyatta/DMM pipelines.shp
OLIKETI,,,,,11.750,0,0.1,OPEN,,MIL,,,Distribution,,In service,DMM,,,,20,0.75,0,DMM pipelines,E:/SEURECA KISUMU/MARCH ANALYSIS REDONE/POTENTIAL CONNECTIONS/Manyatta/DMM pipelines.shp
OLIKETI,,,,,4.997,0,0.1,OPEN,,MIL,,,Distribution,,In service,DMM,,,,17,0.50,0,DMM pipelines,E:/SEURECA KISUMU/MARCH ANALYSIS REDONE/POTENTIAL CONNECTIONS/Manyatta/DMM pipelines.shp
OLIKETI,,,,,36.546,0,0.1,OPEN,,MIL,,,Distribution,,In service,DMM,,,,17,0.50,0,DMM pipelines,E:/SEURECA KISUMU/MARCH ANALYSIS REDONE/POTENTIAL CONNECTIONS/Manyatta/DMM pipelines.shp
OLIKETI,,,,,171.187,0,0.1,OPEN,,MIL,,,Distribution,,In service,DMM,,,,17,0.50,0,DMM pipelines,E:/SEURECA KISUMU/MARCH ANALYSIS REDONE/POTENTIAL CONNECTIONS/Manyatta/DMM pipelines.shp
OLIKETI,,,,,49.828,0,0.1,OPEN,,MIL,,,Distribution,,In service,DMM,,,,20,0.75,0,DMM pipelines,E:/SEURECA KISUMU/MARCH ANALYSIS REDONE/POTENTIAL CONNECTIONS/Manyatta/DMM pipelines.shp
OLIKETI,,,,,41.989,0,0.1,OPEN,,MIL,,,Distribution,,In service,DMM,,,,20,0.75,0,DMM pipelines,E:/SEURECA KISUMU/MARCH ANALYSIS REDONE/POTENTIAL CONNECTIONS/Manyatta/DMM pipelines.shp
OLIKETI,,,,,19.024,0,0.1,OPEN,,MIL,,,Distribution,,In service,DMM,,,,20,0.75,0,DMM pipelines,E:/SEURECA KISUMU/MARCH ANALYSIS REDONE/POTENTIAL CONNECTIONS/Manyatta/DMM pipelines.shp
OLIKETI,,,,,9.260,0,0.1,OPEN,,MIL,,,Distribution,,In service,DMM,,,,20,0.75,0,DMM pipelines,E:/SEURECA KISUMU/MARCH ANALYSIS REDONE/POTENTIAL CONNECTIONS/Manyatta/DMM pipelines.shp
OLIKETI,,,,,13.514,0,0.1,OPEN,,MIL,,,Distribution,,In service,DMM,,,,20,0.75,0,DMM pipelines,E:/SEURECA KISUMU/MARCH ANALYSIS REDONE/POTENTIAL CONNECTIONS/Manyatta/DMM pipelines.shp
OLIKETI,,,,,41.319,0,0.1,OPEN,,MIL,,,Distribution,,In service,DMM,,,,20,0.75,0,DMM pipelines,E:/SEURECA KISUMU/MARCH ANALYSIS REDONE/POTENTIAL CONNECTIONS/Manyatta/DMM pipelines.shp
OLIKETI,,,,,24.709,0,0.1,OPEN,,MIL,,,Distribution,,In service,DMM,,,,20,0.75,0,DMM pipelines,E:/SEURECA KISUMU/MARCH ANALYSIS REDONE/POTENTIAL CONNECTIONS/Manyatta/DMM pipelines.shp
OLIKETI,,,,,192.156,0,0.1,OPEN,,MIL,,,Distribution,,In service,DMM,,,,20,0.75,0,DMM pipelines,E:/SEURECA KISUMU/MARCH ANALYSIS REDONE/POTENTIAL CONNECTIONS/Manyatta/DMM pipelines.shp
OLIKETI,,,,,10.198,0,0.1,OPEN,,MIL,,,Distribution,,In service,DMM,,,,20,0.75,0,DMM pipelines,E:/SEURECA KISUMU/MARCH ANALYSIS REDONE/POTENTIAL CONNECTIONS/Manyatta/DMM pipelines.shp
OLIKETI,,,,,31.121,0,0.1,OPEN,,MIL,,,Distribution,,In service,DMM,,,,20,0.75,0,DMM pipelines,E:/SEURECA KISUMU/MARCH ANALYSIS REDONE/POTENTIAL CONNECTIONS/Manyatta/DMM pipelines.shp
OLIKETI,,,,,444.700,0,0.1,OPEN,,MIL,,,Distribution,,In service,DMM,,,,25,1.00,0,DMM pipelines,E:/SEURECA KISUMU/MARCH ANALYSIS REDONE/POTENTIAL CONNECTIONS/Manyatta/DMM pipelines.shp
OLIKETI,,,,,33.935,0,0.1,OPEN,,MIL,,,Distribution,,In service,DMM,,,,17,0.50,0,DMM pipelines,E:/SEURECA KISUMU/MARCH ANALYSIS REDONE/POTENTIAL CONNECTIONS/Manyatta/DMM pipelines.shp
OLIKETI,,,,,43.063,0,0.1,OPEN,,MIL,,,Distribution,,In service,DMM,,,,17,0.50,0,DMM pipelines,E:/SEURECA KISUMU/MARCH ANALYSIS REDONE/POTENTIAL CONNECTIONS/Manyatta/DMM pipelines.shp
OLIKETI,,,,,61.961,0,0.1,OPEN,,MIL,,,Distribution,,In service,DMM,,,,17,0.50,0,DMM pipelines,E:/SEURECA KISUMU/MARCH ANALYSIS REDONE/POTENTIAL CONNECTIONS/Manyatta/DMM pipelines.shp
OLIKETI,,,,,20.809,0,0.1,OPEN,,MIL,,,Distribution,,In service,DMM,,,,17,0.50,0,DMM pipelines,E:/SEURECA KISUMU/MARCH ANALYSIS REDONE/POTENTIAL CONNECTIONS/Manyatta/DMM pipelines.shp
OLIKETI,,,,,29.771,0,0.1,OPEN,,MIL,,,Distribution,,In service,DMM,,,,17,0.50,0,DMM pipelines,E:/SEURECA KISUMU/MARCH ANALYSIS REDONE/POTENTIAL CONNECTIONS/Manyatta/DMM pipelines.shp
OLIKETI,,,,,43.292,0,0.1,OPEN,,MIL,,,Distribution,,In service,DMM,,,,17,0.50,0,DMM pipelines,E:/SEURECA KISUMU/MARCH ANALYSIS REDONE/POTENTIAL CONNECTIONS/Manyatta/DMM pipelines.shp
OLIKETI,,,,,2.023,0,0.1,OPEN,,MIL,,,Distribution,,In service,DMM,,,,17,0.50,0,DMM pipelines,E:/SEURECA KISUMU/MARCH ANALYSIS REDONE/POTENTIAL CONNECTIONS/Manyatta/DMM pipelines.shp
OLIKETI,,,,,2.237,0,0.1,OPEN,,MIL,,,Distribution,,In service,DMM,,,,17,0.50,0,DMM pipelines,E:/SEURECA KISUMU/MARCH ANALYSIS REDONE/POTENTIAL CONNECTIONS/Manyatta/DMM pipelines.shp
OLIKETI,,,,,565.137,0,0.1,OPEN,,MIL,,,Distribution,,In service,DMM,,,,50,2.00,0,DMM pipelines,E:/SEURECA KISUMU/MARCH ANALYSIS REDONE/POTENTIAL CONNECTIONS/Manyatta/DMM pipelines.shp
OLIKETI,,,,,216.182,0,0.1,OPEN,,MIL,,,Distribution,,In service,DMM,,,,20,0.75,0,DMM pipelines,E:/SEURECA KISUMU/MARCH ANALYSIS REDONE/POTENTIAL CONNECTIONS/Manyatta/DMM pipelines.shp
OLIKETI,,,,,70.149,0,0.1,OPEN,,MIL,,,Distribution,,In service,DMM,,,,17,0.50,0,DMM pipelines,E:/SEURECA KISUMU/MARCH ANALYSIS REDONE/POTENTIAL CONNECTIONS/Manyatta/DMM pipelines.shp
OLIKETI,,,,,19.205,0,0.1,OPEN,,MIL,,,Distribution,,In service,DMM,,,,17,0.50,0,DMM pipelines,E:/SEURECA KISUMU/MARCH ANALYSIS REDONE/POTENTIAL CONNECTIONS/Manyatta/DMM pipelines.shp
OLIKETI,,,,,183.931,0,0.1,OPEN,,MIL,,,Distribution,,In service,DMM,,,,40,1.50,0,DMM pipelines,E:/SEURECA KISUMU/MARCH ANALYSIS REDONE/POTENTIAL CONNECTIONS/Manyatta/DMM pipelines.shp
OLIKETI,,,,,16.523,0,0.1,OPEN,,MIL,,,Distribution,,In service,DMM,,,,17,0.50,0,DMM pipelines,E:/SEURECA KISUMU/MARCH ANALYSIS REDONE/POTENTIAL CONNECTIONS/Manyatta/DMM pipelines.shp
OLIKETI,,,,,38.567,0,0.1,OPEN,,MIL,,,Distribution,,In service,DMM,,,,17,0.50,0,DMM pipelines,E:/SEURECA KISUMU/MARCH ANALYSIS REDONE/POTENTIAL CONNECTIONS/Manyatta/DMM pipelines.shp
OLIKETI,,,,,44.972,0,0.1,OPEN,,MIL,,,Distribution,,In service,DMM,,,,40,1.50,0,DMM pipelines,E:/SEURECA KISUMU/MARCH ANALYSIS REDONE/POTENTIAL CONNECTIONS/Manyatta/DMM pipelines.shp
OLIKETI,,,,,16.141,0,0.1,OPEN,,MIL,,,Distribution,,In service,DMM,,,,17,0.50,0,DMM pipelines,E:/SEURECA KISUMU/MARCH ANALYSIS REDONE/POTENTIAL CONNECTIONS/Manyatta/DMM pipelines.shp
OLIKETI,,,,,19.495,0,0.1,OPEN,,MIL,,,Distribution,,In service,DMM,,,,17,0.50,0,DMM pipelines,E:/SEURECA KISUMU/MARCH ANALYSIS REDONE/POTENTIAL CONNECTIONS/Manyatta/DMM pipelines.shp
OLIKETI,,,,,14.846,0,0.1,OPEN,,MIL,,,Distribution,,In service,DMM,,,,17,0.50,0,DMM pipelines,E:/SEURECA KISUMU/MARCH ANALYSIS REDONE/POTENTIAL CONNECTIONS/Manyatta/DMM pipelines.shp
OLIKETI,,,,,127.816,0,0.1,OPEN,,MIL,,,Distribution,,In service,DMM,,,,25,1.00,0,DMM pipelines,E:/SEURECA KISUMU/MARCH ANALYSIS REDONE/POTENTIAL CONNECTIONS/Manyatta/DMM pipelines.shp
OLIKETI,,,,,45.980,0,0.1,OPEN,,MIL,,,Distribution,,In service,DMM,,,,17,0.50,0,DMM pipelines,E:/SEURECA KISUMU/MARCH ANALYSIS REDONE/POTENTIAL CONNECTIONS/Manyatta/DMM pipelines.shp
OLIKETI,,,,,9.573,0,0.1,OPEN,,MIL,,,Distribution,,In service,DMM,,,,17,0.50,0,DMM pipelines,E:/SEURECA KISUMU/MARCH ANALYSIS REDONE/POTENTIAL CONNECTIONS/Manyatta/DMM pipelines.shp
OLIKETI,,,,,77.056,0,0.1,OPEN,,MIL,,,Distribution,,In service,DMM,,,,17,0.50,0,DMM pipelines,E:/SEURECA KISUMU/MARCH ANALYSIS REDONE/POTENTIAL CONNECTIONS/Manyatta/DMM pipelines.shp
OLIKETI,,,,,23.190,0,0.1,OPEN,,MIL,,,Distribution,,In service,DMM,,,,17,0.50,0,DMM pipelines,E:/SEURECA KISUMU/MARCH ANALYSIS REDONE/POTENTIAL CONNECTIONS/Manyatta/DMM pipelines.shp
OLIKETI,,,,,15.724,0,0.1,OPEN,,MIL,,,Distribution,,In service,DMM,,,,17,0.50,0,DMM pipelines,E:/SEURECA KISUMU/MARCH ANALYSIS REDONE/POTENTIAL CONNECTIONS/Manyatta/DMM pipelines.shp
OLIKETI,,,,,37.801,0,0.1,OPEN,,MIL,,,Distribution,,In service,DMM,,,,17,0.50,0,DMM pipelines,E:/SEURECA KISUMU/MARCH ANALYSIS REDONE/POTENTIAL CONNECTIONS/Manyatta/DMM pipelines.shp
OLIKETI,,,,,101.722,0,0.1,OPEN,,MIL,,,Distribution,,In service,DMM,,,,17,0.50,0,DMM pipelines,E:/SEURECA KISUMU/MARCH ANALYSIS REDONE/POTENTIAL CONNECTIONS/Manyatta/DMM pipelines.shp
OLIKETI,,,,,27.550,0,0.1,OPEN,,MIL,,,Distribution,,In service,DMM,,,,17,0.50,0,DMM pipelines,E:/SEURECA KISUMU/MARCH ANALYSIS REDONE/POTENTIAL CONNECTIONS/Manyatta/DMM pipelines.shp
OLIKETI,,,,,92.430,0,0.1,OPEN,,MIL,,,Distribution,,In service,DMM,,,,17,0.50,0,DMM pipelines,E:/SEURECA KISUMU/MARCH ANALYSIS REDONE/POTENTIAL CONNECTIONS/Manyatta/DMM pipelines.shp
OLIKETI,,,,,10.975,0,0.1,OPEN,,MIL,,,Distribution,,In service,DMM,,,,17,0.50,0,DMM pipelines,E:/SEURECA KISUMU/MARCH ANALYSIS REDONE/POTENTIAL CONNECTIONS/Manyatta/DMM pipelines.shp
OLIKETI,,,,,31.026,0,0.1,OPEN,,MIL,,,Distribution,,In service,DMM,,,,17,0.50,0,DMM pipelines,E:/SEURECA KISUMU/MARCH ANALYSIS REDONE/POTENTIAL CONNECTIONS/Manyatta/DMM pipelines.shp
OLIKETI,,,,,12.209,0,0.1,OPEN,,MIL,,,Distribution,,In service,DMM,,,,17,0.50,0,DMM pipelines,E:/SEURECA KISUMU/MARCH ANALYSIS REDONE/POTENTIAL CONNECTIONS/Manyatta/DMM pipelines.shp
M UNIT,,,,,36.355,0,0.1,OPEN,,MYT,,,Distribution,,In service,DMM,,,,32,1.25,0,DMM pipelines,E:/SEURECA KISUMU/MARCH ANALYSIS REDONE/POTENTIAL CONNECTIONS/Manyatta/DMM pipelines.shp
M-UNIT,,,,,0.378,0,0.1,OPEN,,MYT,,,Distribution,,In service,DMM,,,,25,1.00,0,DMM pipelines,E:/SEURECA KISUMU/MARCH ANALYSIS REDONE/POTENTIAL CONNECTIONS/Manyatta/DMM pipelines.shp
M-UNIT,,,,,122.276,0,0.1,OPEN,,MYT,,,Distribution,,In service,DMM,,,,32,1.25,0,DMM pipelines,E:/SEURECA KISUMU/MARCH ANALYSIS REDONE/POTENTIAL CONNECTIONS/Manyatta/DMM pipelines.shp
M-UNIT,,,,,43.129,0,0.1,OPEN,,MYT,,,Distribution,,In service,DMM,,,,17,0.50,0,DMM pipelines,E:/SEURECA KISUMU/MARCH ANALYSIS REDONE/POTENTIAL CONNECTIONS/Manyatta/DMM pipelines.shp
M-UNIT,,,,,3.867,0,0.1,OPEN,,MYT,,,Disstribution,,In service,DMM,,,,17,0.50,0,DMM pipelines,E:/SEURECA KISUMU/MARCH ANALYSIS REDONE/POTENTIAL CONNECTIONS/Manyatta/DMM pipelines.shp
M-UNIT,,,,,22.113,0,0.1,OPEN,,MYT,,,Distribution,,In service,DMM,,,,17,0.50,0,DMM pipelines,E:/SEURECA KISUMU/MARCH ANALYSIS REDONE/POTENTIAL CONNECTIONS/Manyatta/DMM pipelines.shp
M-UNIT,,,,,14.863,0,0.1,OPEN,,MYT,,,Distribution,,In service,DMM,,,,17,0.50,0,DMM pipelines,E:/SEURECA KISUMU/MARCH ANALYSIS REDONE/POTENTIAL CONNECTIONS/Manyatta/DMM pipelines.shp
M-UNIT,,,,,29.503,0,0.1,OPEN,,MYT,,,Distribution,,In service,DMM,,,,17,0.50,0,DMM pipelines,E:/SEURECA KISUMU/MARCH ANALYSIS REDONE/POTENTIAL CONNECTIONS/Manyatta/DMM pipelines.shp
M-UNIT,,,,,9.367,0,0.1,OPEN,,MYT,,,Distribution,,In service,DMM,,,,40,1.50,0,DMM pipelines,E:/SEURECA KISUMU/MARCH ANALYSIS REDONE/POTENTIAL CONNECTIONS/Manyatta/DMM pipelines.shp
M-UNIT,,,,,673.614,0,0.1,OPEN,,MYT,,,Distribution,,In service,DMM,,,,32,1.25,0,DMM pipelines,E:/SEURECA KISUMU/MARCH ANALYSIS REDONE/POTENTIAL CONNECTIONS/Manyatta/DMM pipelines.shp
M-UNIT,,,,,51.078,0,0.1,OPEN,,MYT,,,Distribution,,In service,DMM,,,,17,0.50,0,DMM pipelines,E:/SEURECA KISUMU/MARCH ANALYSIS REDONE/POTENTIAL CONNECTIONS/Manyatta/DMM pipelines.shp
M-UNIT,,,,,105.793,0,0.1,OPEN,,MYT,,,Distribution,,In service,DMM,,,,17,0.50,0,DMM pipelines,E:/SEURECA KISUMU/MARCH ANALYSIS REDONE/POTENTIAL CONNECTIONS/Manyatta/DMM pipelines.shp
M-UNIT,,,,,41.527,0,0.1,OPEN,,MYT,,,Distribution,,In service,DMM,,,,17,0.50,0,DMM pipelines,E:/SEURECA KISUMU/MARCH ANALYSIS REDONE/POTENTIAL CONNECTIONS/Manyatta/DMM pipelines.shp
M-UNIT,,,,,32.588,0,0.1,OPEN,,MYT,,,Distribution,,In service,DMM,,,,17,0.50,0,DMM pipelines,E:/SEURECA KISUMU/MARCH ANALYSIS REDONE/POTENTIAL CONNECTIONS/Manyatta/DMM pipelines.shp
M-UNIT,,,,,17.350,0,0.1,OPEN,,MYT,,,Distribution,,In service,DMM,,,,17,0.50,0,DMM pipelines,E:/SEURECA KISUMU/MARCH ANALYSIS REDONE/POTENTIAL CONNECTIONS/Manyatta/DMM pipelines.shp
M-UNIT,,,,,35.449,0,0.1,OPEN,,MYT,,,Distribution,,In service,DMM,,,,17,0.50,0,DMM pipelines,E:/SEURECA KISUMU/MARCH ANALYSIS REDONE/POTENTIAL CONNECTIONS/Manyatta/DMM pipelines.shp
M-UNIT,,,,,25.842,0,0.1,OPEN,,MYT,,,Distribution,,In service,DMM,,,,17,0.50,0,DMM pipelines,E:/SEURECA KISUMU/MARCH ANALYSIS REDONE/POTENTIAL CONNECTIONS/Manyatta/DMM pipelines.shp
M-UNIT,,,,,9.023,0,0.1,OPEN,,MYT,,,Distribution,,In service,DMM,,,,17,0.50,0,DMM pipelines,E:/SEURECA KISUMU/MARCH ANALYSIS REDONE/POTENTIAL CONNECTIONS/Manyatta/DMM pipelines.shp
M-UNIT,,,,,11.662,0,0.1,OPEN,,MYT,,,Distribution,,In service,DMM,,,,17,0.50,0,DMM pipelines,E:/SEURECA KISUMU/MARCH ANALYSIS REDONE/POTENTIAL CONNECTIONS/Manyatta/DMM pipelines.shp
M-UNIT,,,,,24.393,0,0.1,OPEN,,MYT,,,Distribution,,In service,DMM,,,,17,0.50,0,DMM pipelines,E:/SEURECA KISUMU/MARCH ANALYSIS REDONE/POTENTIAL CONNECTIONS/Manyatta/DMM pipelines.shp
M-UNIT,,,,,17.932,0,0.1,OPEN,,MYT,,,Distribution,,In service,DMM,,,,17,0.50,0,DMM pipelines,E:/SEURECA KISUMU/MARCH ANALYSIS REDONE/POTENTIAL CONNECTIONS/Manyatta/DMM pipelines.shp
M-UNIT,,,,,28.301,0,0.1,OPEN,,MYT,,,Distribution,,In service,DMM,,,,17,0.50,0,DMM pipelines,E:/SEURECA KISUMU/MARCH ANALYSIS REDONE/POTENTIAL CONNECTIONS/Manyatta/DMM pipelines.shp
M-UNIT,,,,,31.347,0,0.1,OPEN,,MYT,,,Distribution,,In service,DMM,,,,17,0.50,0,DMM pipelines,E:/SEURECA KISUMU/MARCH ANALYSIS REDONE/POTENTIAL CONNECTIONS/Manyatta/DMM pipelines.shp
M-UNIT,,,,,8.767,0,0.1,OPEN,,MYT,,,Distribution,,In service,DMM,,,,17,0.50,0,DMM pipelines,E:/SEURECA KISUMU/MARCH ANALYSIS REDONE/POTENTIAL CONNECTIONS/Manyatta/DMM pipelines.shp
M-UNIT,,,,,9.232,0,0.1,OPEN,,MYT,,,Distribution,,In service,DMM,,,,17,0.50,0,DMM pipelines,E:/SEURECA KISUMU/MARCH ANALYSIS REDONE/POTENTIAL CONNECTIONS/Manyatta/DMM pipelines.shp
M-UNIT,,,,,39.027,0,0.1,OPEN,,MYT,,,Distribution,,In service,DMM,,,,17,0.50,0,DMM pipelines,E:/SEURECA KISUMU/MARCH ANALYSIS REDONE/POTENTIAL CONNECTIONS/Manyatta/DMM pipelines.shp
M-UNIT,,,,,19.119,0,0.1,OPEN,,MYT,,,Distribution,,In service,DMM,,,,32,1.25,0,DMM pipelines,E:/SEURECA KISUMU/MARCH ANALYSIS REDONE/POTENTIAL CONNECTIONS/Manyatta/DMM pipelines.shp
M-UNIT,,,,,91.330,0,0.1,OPEN,,MYT,,,Distribution,,In service,DMM,,,,32,1.25,0,DMM pipelines,E:/SEURECA KISUMU/MARCH ANALYSIS REDONE/POTENTIAL CONNECTIONS/Manyatta/DMM pipelines.shp
M-UNIT,,,,,45.388,0,0.1,OPEN,,MYT,,,Distribution,,In service,DMM,,,,40,1.50,0,DMM pipelines,E:/SEURECA KISUMU/MARCH ANALYSIS REDONE/POTENTIAL CONNECTIONS/Manyatta/DMM pipelines.shp
M-UNIT,,,,,112.064,0,0.1,OPEN,,MYT,,,Distribution,,In service,DMM,,,,32,1.25,0,DMM pipelines,E:/SEURECA KISUMU/MARCH ANALYSIS REDONE/POTENTIAL CONNECTIONS/Manyatta/DMM pipelines.shp
M-UNIT,,,,,34.625,0,0.1,OPEN,,MYT,,,Distribution,,In service,DMM,,,,17,0.50,0,DMM pipelines,E:/SEURECA KISUMU/MARCH ANALYSIS REDONE/POTENTIAL CONNECTIONS/Manyatta/DMM pipelines.shp
M-UNIT,,,,,4.019,0,0.1,OPEN,,MYT,,,Distribution,,In service,DMM,,,,17,0.50,0,DMM pipelines,E:/SEURECA KISUMU/MARCH ANALYSIS REDONE/POTENTIAL CONNECTIONS/Manyatta/DMM pipelines.shp
M-UNIT,,,,,17.235,0,0.1,OPEN,,MYT,,,Distribution,,In service,DMM,,,,17,0.50,0,DMM pipelines,E:/SEURECA KISUMU/MARCH ANALYSIS REDONE/POTENTIAL CONNECTIONS/Manyatta/DMM pipelines.shp
M-UNIT,,,,,9.759,0,0.1,OPEN,,MYT,,,Distribution,,In service,DMM,,,,17,0.50,0,DMM pipelines,E:/SEURECA KISUMU/MARCH ANALYSIS REDONE/POTENTIAL CONNECTIONS/Manyatta/DMM pipelines.shp
M-UNIT,,,,,3.251,0,0.1,OPEN,,MYT,,,Distribution,,In service,DMM,,,,17,0.50,0,DMM pipelines,E:/SEURECA KISUMU/MARCH ANALYSIS REDONE/POTENTIAL CONNECTIONS/Manyatta/DMM pipelines.shp
M-UNIT,,,,,2.313,0,0.1,OPEN,,MYT,,,Distribution,,In service,DMM,,,,17,0.50,0,DMM pipelines,E:/SEURECA KISUMU/MARCH ANALYSIS REDONE/POTENTIAL CONNECTIONS/Manyatta/DMM pipelines.shp
M-UNIT,,,,,39.870,0,0.1,OPEN,,MYT,,,Distribution,,In service,DMM,,,,17,0.50,0,DMM pipelines,E:/SEURECA KISUMU/MARCH ANALYSIS REDONE/POTENTIAL CONNECTIONS/Manyatta/DMM pipelines.shp
M-UNIT,,,,,171.692,0,0.1,OPEN,,MYT,,,Distribution,,In service,DMM,,,,17,0.50,0,DMM pipelines,E:/SEURECA KISUMU/MARCH ANALYSIS REDONE/POTENTIAL CONNECTIONS/Manyatta/DMM pipelines.shp
M-UNIT,,,,,59.434,0,0.1,OPEN,,MYT,,,Distribution,,In service,DMM,,,,17,0.50,0,DMM pipelines,E:/SEURECA KISUMU/MARCH ANALYSIS REDONE/POTENTIAL CONNECTIONS/Manyatta/DMM pipelines.shp
M-UNIT,,,,,52.399,0,0.1,OPEN,,MYT,,,Distribution,,In service,DMM,,,,32,1.25,0,DMM pipelines,E:/SEURECA KISUMU/MARCH ANALYSIS REDONE/POTENTIAL CONNECTIONS/Manyatta/DMM pipelines.shp
M-UNIT,,,,,11.087,0,0.1,OPEN,,MYT,,,Distribution,,In service,DMM,,,,17,0.50,0,DMM pipelines,E:/SEURECA KISUMU/MARCH ANALYSIS REDONE/POTENTIAL CONNECTIONS/Manyatta/DMM pipelines.shp
M-UNIT,,,,,2.464,0,0.1,OPEN,,MYT,,,Distribution,,In service,DMM,,,,17,0.50,0,DMM pipelines,E:/SEURECA KISUMU/MARCH ANALYSIS REDONE/POTENTIAL CONNECTIONS/Manyatta/DMM pipelines.shp
M-UNIT,,,,,1.608,0,0.1,OPEN,,MYT,,,Distribution,,In service,DMM,,,,17,0.50,0,DMM pipelines,E:/SEURECA KISUMU/MARCH ANALYSIS REDONE/POTENTIAL CONNECTIONS/Manyatta/DMM pipelines.shp
M-UNIT,,,,,9.168,0,0.1,OPEN,,MYT,,,Distribution,,In service,DMM,,,,17,0.50,0,DMM pipelines,E:/SEURECA KISUMU/MARCH ANALYSIS REDONE/POTENTIAL CONNECTIONS/Manyatta/DMM pipelines.shp
M-UNIT,,,,,42.600,0,0.1,OPEN,,MYT,,,Distribution,,In service,DMM,,,,17,0.50,0,DMM pipelines,E:/SEURECA KISUMU/MARCH ANALYSIS REDONE/POTENTIAL CONNECTIONS/Manyatta/DMM pipelines.shp
M-UNIT,,,,,78.205,0,0.1,OPEN,,MYT,,,Distribution,,In service,DMM,,,,32,1.25,0,DMM pipelines,E:/SEURECA KISUMU/MARCH ANALYSIS REDONE/POTENTIAL CONNECTIONS/Manyatta/DMM pipelines.shp
M-UNIT,,,,,38.916,0,0.1,OPEN,,MYT,,,Distribution,,In service,DMM,,,,32,1.25,0,DMM pipelines,E:/SEURECA KISUMU/MARCH ANALYSIS REDONE/POTENTIAL CONNECTIONS/Manyatta/DMM pipelines.shp
M-UNIT,,,,,23.212,0,0.1,OPEN,,MYT,,,Distribution,,In service,DMM,,,,25,1.00,0,DMM pipelines,E:/SEURECA KISUMU/MARCH ANALYSIS REDONE/POTENTIAL CONNECTIONS/Manyatta/DMM pipelines.shp
M-UNIT,,,,,17.758,0,0.1,OPEN,,MYT,,,Distribution,,In service,DMM,,,,20,0.75,0,DMM pipelines,E:/SEURECA KISUMU/MARCH ANALYSIS REDONE/POTENTIAL CONNECTIONS/Manyatta/DMM pipelines.shp
M-UNIT,,,,,44.321,0,0.1,OPEN,,MYT,,,Distribution,,In service,DMM,,,,17,0.50,0,DMM pipelines,E:/SEURECA KISUMU/MARCH ANALYSIS REDONE/POTENTIAL CONNECTIONS/Manyatta/DMM pipelines.shp
M-UNIT,,,,,38.667,0,0.1,OPEN,,MYT,,,Distribution,,In service,DMM,,,,17,0.50,0,DMM pipelines,E:/SEURECA KISUMU/MARCH ANALYSIS REDONE/POTENTIAL CONNECTIONS/Manyatta/DMM pipelines.shp
M-UNIT,,,,,34.419,0,0.1,OPEN,,MYT,,,Distribution,,In service,DMM,,,,17,0.50,0,DMM pipelines,E:/SEURECA KISUMU/MARCH ANALYSIS REDONE/POTENTIAL CONNECTIONS/Manyatta/DMM pipelines.shp
M-UNIT,,,,,4.916,0,0.1,OPEN,,MYT,,,Distribution,,In service,DMM,,,,17,0.50,0,DMM pipelines,E:/SEURECA KISUMU/MARCH ANALYSIS REDONE/POTENTIAL CONNECTIONS/Manyatta/DMM pipelines.shp
M-UNIT,,,,,31.216,0,0.1,OPEN,,MYT,,,Distribution,,In service,DMM,,,,17,0.50,0,DMM pipelines,E:/SEURECA KISUMU/MARCH ANALYSIS REDONE/POTENTIAL CONNECTIONS/Manyatta/DMM pipelines.shp
M-UNIT,,,,,43.770,0,0.1,OPEN,,MYT,,,Distribution,,In service,DMM,,,,17,0.50,0,DMM pipelines,E:/SEURECA KISUMU/MARCH ANALYSIS REDONE/POTENTIAL CONNECTIONS/Manyatta/DMM pipelines.shp
M-UNIT,,,,,44.284,0,0.1,OPEN,,MYT,,,Distribution,,In service,DMM,,,,32,1.25,0,DMM pipelines,E:/SEURECA KISUMU/MARCH ANALYSIS REDONE/POTENTIAL CONNECTIONS/Manyatta/DMM pipelines.shp
M-UNIT,,,,,110.101,0,0.1,OPEN,,MYT,,,Distribution,,In service,DMM,,,,17,0.50,0,DMM pipelines,E:/SEURECA KISUMU/MARCH ANALYSIS REDONE/POTENTIAL CONNECTIONS/Manyatta/DMM pipelines.shp
M-UNIT,,,,,12.260,0,0.1,OPEN,,MYT,,,Distribution,,In service,DMM,,,,17,0.50,0,DMM pipelines,E:/SEURECA KISUMU/MARCH ANALYSIS REDONE/POTENTIAL CONNECTIONS/Manyatta/DMM pipelines.shp
M-UNIT,,,,,48.415,0,0.1,OPEN,,MYT,,,Distribution,,In service,DMM,,,,17,0.50,0,DMM pipelines,E:/SEURECA KISUMU/MARCH ANALYSIS REDONE/POTENTIAL CONNECTIONS/Manyatta/DMM pipelines.shp
M-UNIT,,,,,27.645,0,0.1,OPEN,,MYT,,,Distribution,,In service,DMM,,,,17,0.50,0,DMM pipelines,E:/SEURECA KISUMU/MARCH ANALYSIS REDONE/POTENTIAL CONNECTIONS/Manyatta/DMM pipelines.shp
M-UNIT,,,,,23.014,0,0.1,OPEN,,MYT,,,Distribution,,In service,DMM,,,,17,0.50,0,DMM pipelines,E:/SEURECA KISUMU/MARCH ANALYSIS REDONE/POTENTIAL CONNECTIONS/Manyatta/DMM pipelines.shp
M-UNIT,,,,,10.632,0,0.1,OPEN,,MYT,,,Distribution,,In service,DMM,,,,17,0.50,0,DMM pipelines,E:/SEURECA KISUMU/MARCH ANALYSIS REDONE/POTENTIAL CONNECTIONS/Manyatta/DMM pipelines.shp
M-UNIT,,,,,77.837,0,0.1,OPEN,,MYT,,,Distribution,,In service,DMM,,,,17,0.50,0,DMM pipelines,E:/SEURECA KISUMU/MARCH ANALYSIS REDONE/POTENTIAL CONNECTIONS/Manyatta/DMM pipelines.shp
M-UNIT,,,,,369.537,0,0.1,OPEN,,MYT,,,Distribution,,In service,DMM,,,,40,1.50,0,DMM pipelines,E:/SEURECA KISUMU/MARCH ANALYSIS REDONE/POTENTIAL CONNECTIONS/Manyatta/DMM pipelines.shp
M-UNIT,,,,,86.244,0,0.1,OPEN,,MYT,,,Distribution,,In service,DMM,,,,32,1.25,0,DMM pipelines,E:/SEURECA KISUMU/MARCH ANALYSIS REDONE/POTENTIAL CONNECTIONS/Manyatta/DMM pipelines.shp
M-UNIT,,,,,220.807,0,0.1,OPEN,,MYT,22/06/2016,,Distribution,,In service,DMM,,,,32,1.25,0,DMM pipelines,E:/SEURECA KISUMU/MARCH ANALYSIS REDONE/POTENTIAL CONNECTIONS/Manyatta/DMM pipelines.shp
M-UNIT,,,,,74.627,0,0.1,OPEN,,MYT,22/06/2015,,Distribution,,In service,DMM,,,,17,0.50,0,DMM pipelines,E:/SEURECA KISUMU/MARCH ANALYSIS REDONE/POTENTIAL CONNECTIONS/Manyatta/DMM pipelines.shp
M-UNIT,,,,,7.923,0,0.1,OPEN,,MYT,22/06/2015,,Distribution,,In service,DMM,,,,20,0.75,0,DMM pipelines,E:/SEURECA KISUMU/MARCH ANALYSIS REDONE/POTENTIAL CONNECTIONS/Manyatta/DMM pipelines.shp
M-UNIT,,,,,29.974,0,0.1,OPEN,,MYT,22/06/2015,,Distribution,,In service,DMM,,,,20,0.75,0,DMM pipelines,E:/SEURECA KISUMU/MARCH ANALYSIS REDONE/POTENTIAL CONNECTIONS/Manyatta/DMM pipelines.shp
M-UNIT,,,,,43.975,0,0.1,OPEN,,MYT,22/06/2015,,Distribution,,In service,DMM,,,,17,0.50,0,DMM pipelines,E:/SEURECA KISUMU/MARCH ANALYSIS REDONE/POTENTIAL CONNECTIONS/Manyatta/DMM pipelines.shp
M-UNIT,,,,,92.348,0,0.1,OPEN,,MYT,22.6.2015,,Distribution,,In service,DMM,,,,32,1.25,0,DMM pipelines,E:/SEURECA KISUMU/MARCH ANALYSIS REDONE/POTENTIAL CONNECTIONS/Manyatta/DMM pipelines.shp
M-UNIT,,,,,153.081,0,0.1,OPEN,,MYT,22.06.2015,,Distribution,,In service,DMM,,,,17,0.50,0,DMM pipelines,E:/SEURECA KISUMU/MARCH ANALYSIS REDONE/POTENTIAL CONNECTIONS/Manyatta/DMM pipelines.shp
M-UNIT,,,,,23.820,0,0.1,OPEN,,MYT,22.05.2015,,Distribution,,In service,DMM,,,,17,0.50,0,DMM pipelines,E:/SEURECA KISUMU/MARCH ANALYSIS REDONE/POTENTIAL CONNECTIONS/Manyatta/DMM pipelines.shp
M-UNIT,,,,,13.727,0,0.1,OPEN,,MYT,22.06.2015,,Distribution,,In service,DMM,,,,17,0.50,0,DMM pipelines,E:/SEURECA KISUMU/MARCH ANALYSIS REDONE/POTENTIAL CONNECTIONS/Manyatta/DMM pipelines.shp
M-UNIT,,,,,134.167,0,0.1,OPEN,,MYT,22.06.2015,,Distribution,,In service,DMM,,,,17,0.50,0,DMM pipelines,E:/SEURECA KISUMU/MARCH ANALYSIS REDONE/POTENTIAL CONNECTIONS/Manyatta/DMM pipelines.shp
M-UNIT,,,,,34.492,0,0.1,OPEN,,MYT,22.06.2015,,Distribution,,In service,DMM,,,,17,0.50,0,DMM pipelines,E:/SEURECA KISUMU/MARCH ANALYSIS REDONE/POTENTIAL CONNECTIONS/Manyatta/DMM pipelines.shp
M-UNIT,,,,,6.582,0,0.1,OPEN,,MYT,22.06.2015,,Distribution,,In service,DMM,,,,17,0.50,0,DMM pipelines,E:/SEURECA KISUMU/MARCH ANALYSIS REDONE/POTENTIAL CONNECTIONS/Manyatta/DMM pipelines.shp
M-UNIT,,,,,29.516,0,0.1,OPEN,,MYT,22.06.2015,,Distribution,,In service,DMM,,,,17,0.50,0,DMM pipelines,E:/SEURECA KISUMU/MARCH ANALYSIS REDONE/POTENTIAL CONNECTIONS/Manyatta/DMM pipelines.shp
M-UNIT,,,,,21.136,0,0.1,OPEN,,MYT,22.06.2015,,Distribution,,In service,DMM,,,,17,0.50,0,DMM pipelines,E:/SEURECA KISUMU/MARCH ANALYSIS REDONE/POTENTIAL CONNECTIONS/Manyatta/DMM pipelines.shp
M-UNIT,,,,,39.588,0,0.1,OPEN,,MYT,22.06.2015,,Distribution,,In service,DMM,,,,17,0.50,0,DMM pipelines,E:/SEURECA KISUMU/MARCH ANALYSIS REDONE/POTENTIAL CONNECTIONS/Manyatta/DMM pipelines.shp
M-UNIT,,,,,20.605,0,0.1,OPEN,,MYT,22.06.2015,,Distribution,,In service,DMM,,,,17,0.50,0,DMM pipelines,E:/SEURECA KISUMU/MARCH ANALYSIS REDONE/POTENTIAL CONNECTIONS/Manyatta/DMM pipelines.shp
M-UNIT,,,,,9.451,0,0.1,OPEN,,MYT,22.06.2015,,Distribution,,In service,DMM,,,,17,0.50,0,DMM pipelines,E:/SEURECA KISUMU/MARCH ANALYSIS REDONE/POTENTIAL CONNECTIONS/Manyatta/DMM pipelines.shp
M-UNIT,,,,,47.621,0,0.1,OPEN,,MYT,22.06.2015,,Distribution,,In service,DMM,,,,17,0.50,0,DMM pipelines,E:/SEURECA KISUMU/MARCH ANALYSIS REDONE/POTENTIAL CONNECTIONS/Manyatta/DMM pipelines.shp
M-UNIT,,,,,27.940,0,0.1,OPEN,,MYT,22.06.2015,,Distribution,,In service,DMM,,,,17,0.50,0,DMM pipelines,E:/SEURECA KISUMU/MARCH ANALYSIS REDONE/POTENTIAL CONNECTIONS/Manyatta/DMM pipelines.shp
M-UNIT,,,,,15.818,0,0.1,OPEN,,MYT,22.06.2015,,Distribution,,In service,DMM,,,,17,0.50,0,DMM pipelines,E:/SEURECA KISUMU/MARCH ANALYSIS REDONE/POTENTIAL CONNECTIONS/Manyatta/DMM pipelines.shp
M-UNIT,,,,,2.730,0,0.1,OPEN,,MYT,22.06.2015,,Distribution,,In service,DMM,,,,17,0.50,0,DMM pipelines,E:/SEURECA KISUMU/MARCH ANALYSIS REDONE/POTENTIAL CONNECTIONS/Manyatta/DMM pipelines.shp
M-UNIT,,,,,33.811,0,0.1,OPEN,,MYT,22.06.2015,,Distribution,,In service,DMM,,,,17,0.50,0,DMM pipelines,E:/SEURECA KISUMU/MARCH ANALYSIS REDONE/POTENTIAL CONNECTIONS/Manyatta/DMM pipelines.shp
M-UNIT,,,,,125.353,0,0.1,OPEN,,MYT,22.06.2015,,Distribution,,In service,DMM,,,,17,0.50,0,DMM pipelines,E:/SEURECA KISUMU/MARCH ANALYSIS REDONE/POTENTIAL CONNECTIONS/Manyatta/DMM pipelines.shp
M-UNIT,,,,,6.144,0,0.1,OPEN,,MYT,22.06.2015,,Distribution,,In service,DMM,,,,17,0.50,0,DMM pipelines,E:/SEURECA KISUMU/MARCH ANALYSIS REDONE/POTENTIAL CONNECTIONS/Manyatta/DMM pipelines.shp
M-UNIT,,,,,76.117,0,0.1,OPEN,,MYT,22.06.2015,,Distribution,,In service,DMM,,,,17,0.50,0,DMM pipelines,E:/SEURECA KISUMU/MARCH ANALYSIS REDONE/POTENTIAL CONNECTIONS/Manyatta/DMM pipelines.shp
M-UNIT,,,,,3.686,0,0.1,OPEN,,MYT,22.06.2015,,Distribution,,In service,DMM,,,,20,0.75,0,DMM pipelines,E:/SEURECA KISUMU/MARCH ANALYSIS REDONE/POTENTIAL CONNECTIONS/Manyatta/DMM pipelines.shp
M-UNIT,,,,,85.861,0,0.1,OPEN,,MYT,22.06.2015,,Distribution,,In service,DMM,,,,20,0.75,0,DMM pipelines,E:/SEURECA KISUMU/MARCH ANALYSIS REDONE/POTENTIAL CONNECTIONS/Manyatta/DMM pipelines.shp
M-UNIT,,,,,31.519,0,0.1,OPEN,,MYT,22.06.2015,,Distribution,,In service,DMM,,,,17,0.50,0,DMM pipelines,E:/SEURECA KISUMU/MARCH ANALYSIS REDONE/POTENTIAL CONNECTIONS/Manyatta/DMM pipelines.shp
M-UNIT,,,,,59.957,0,0.1,OPEN,,MYT,22.06.2015,,Distribution,,In service,DMM,,,,20,0.75,0,DMM pipelines,E:/SEURECA KISUMU/MARCH ANALYSIS REDONE/POTENTIAL CONNECTIONS/Manyatta/DMM pipelines.shp
M-UNIT,,,,,181.644,0,0.1,OPEN,,MYT,22.06.2015,,Distribution,,In service,DMM,,,,17,0.50,0,DMM pipelines,E:/SEURECA KISUMU/MARCH ANALYSIS REDONE/POTENTIAL CONNECTIONS/Manyatta/DMM pipelines.shp
M-UNIT,,,,,261.934,0,0.1,OPEN,,MYT,22.06.2015,,Distribution,,In service,DMM,,,,32,1.25,0,DMM pipelines,E:/SEURECA KISUMU/MARCH ANALYSIS REDONE/POTENTIAL CONNECTIONS/Manyatta/DMM pipelines.shp
M-UNIT,,,,,14.360,0,0.1,OPEN,,MYT,22.06.2015,,Distribution,,In service,DMM,,,,17,0.50,0,DMM pipelines,E:/SEURECA KISUMU/MARCH ANALYSIS REDONE/POTENTIAL CONNECTIONS/Manyatta/DMM pipelines.shp
M-UNIT,,,,,19.357,0,0.1,OPEN,,MYT,22.06.2015,,Distribution,,In service,DMM,,,,17,0.50,0,DMM pipelines,E:/SEURECA KISUMU/MARCH ANALYSIS REDONE/POTENTIAL CONNECTIONS/Manyatta/DMM pipelines.shp
M-UNIT,,,,,11.987,0,0.1,OPEN,,MYT,22.06.2015,,Distribution,,In service,DMM,,,,17,0.50,0,DMM pipelines,E:/SEURECA KISUMU/MARCH ANALYSIS REDONE/POTENTIAL CONNECTIONS/Manyatta/DMM pipelines.shp
M-UNIT,,,,,10.368,0,0.1,OPEN,,MYT,22.06.2015,,Distribution,,In service,DMM,,,,17,0.50,0,DMM pipelines,E:/SEURECA KISUMU/MARCH ANALYSIS REDONE/POTENTIAL CONNECTIONS/Manyatta/DMM pipelines.shp
M-UNIT,,,,,27.590,0,0.1,OPEN,,MYT,22.06.2015,,Distribution,,In service,DMM,,,,17,0.50,0,DMM pipelines,E:/SEURECA KISUMU/MARCH ANALYSIS REDONE/POTENTIAL CONNECTIONS/Manyatta/DMM pipelines.shp
M-UNIT,,,,,20.898,0,0.1,OPEN,,MYT,22.06.2015,,Distribution,,In service,DMM,,,,17,0.50,0,DMM pipelines,E:/SEURECA KISUMU/MARCH ANALYSIS REDONE/POTENTIAL CONNECTIONS/Manyatta/DMM pipelines.shp
M-UNIT,,,,,38.488,0,0.1,OPEN,,MYT,22.06.2015,,Distribution,,In service,DMM,,,,17,0.50,0,DMM pipelines,E:/SEURECA KISUMU/MARCH ANALYSIS REDONE/POTENTIAL CONNECTIONS/Manyatta/DMM pipelines.shp
M-UNIT,,,,,9.807,0,0.1,OPEN,,MYT,22.06.2015,,Distribution,,In service,DMM,,,,17,0.50,0,DMM pipelines,E:/SEURECA KISUMU/MARCH ANALYSIS REDONE/POTENTIAL CONNECTIONS/Manyatta/DMM pipelines.shp
M-UNIT,,,,,19.029,0,0.1,OPEN,,MYT,22.06.2015,,Distribution,,In service,DMM,,,,17,0.50,0,DMM pipelines,E:/SEURECA KISUMU/MARCH ANALYSIS REDONE/POTENTIAL CONNECTIONS/Manyatta/DMM pipelines.shp
M-UNIT,,,,,16.086,0,0.1,OPEN,,MYT,22.06.2015,,Distribution,,In service,DMM,,,,17,0.50,0,DMM pipelines,E:/SEURECA KISUMU/MARCH ANALYSIS REDONE/POTENTIAL CONNECTIONS/Manyatta/DMM pipelines.shp
M-UNIT,,,,,73.296,0,0.1,OPEN,,MYT,22.06.2015,,Distribution,,In service,DMM,,,,17,0.50,0,DMM pipelines,E:/SEURECA KISUMU/MARCH ANALYSIS REDONE/POTENTIAL CONNECTIONS/Manyatta/DMM pipelines.shp
M-UNIT,,,,,15.114,0,0.1,OPEN,,MYT,22.06.2015,,Distribution,,In service,DMM,,,,17,0.50,0,DMM pipelines,E:/SEURECA KISUMU/MARCH ANALYSIS REDONE/POTENTIAL CONNECTIONS/Manyatta/DMM pipelines.shp
M-UNIT,,,,,77.655,0,0.1,OPEN,,MYT,22.06.2015,,Distribution,,In service,DMM,,,,17,0.50,0,DMM pipelines,E:/SEURECA KISUMU/MARCH ANALYSIS REDONE/POTENTIAL CONNECTIONS/Manyatta/DMM pipelines.shp
M-UNIT,,,,,145.401,0,0.1,OPEN,,MYT,22.06.2015,,Distribution,,In service,DMM,,,,17,0.50,0,DMM pipelines,E:/SEURECA KISUMU/MARCH ANALYSIS REDONE/POTENTIAL CONNECTIONS/Manyatta/DMM pipelines.shp
M-UNIT,,,,,14.539,0,0.1,OPEN,,MYT,22.06.2015,,Distribution,,In service,DMM,,,,17,0.50,0,DMM pipelines,E:/SEURECA KISUMU/MARCH ANALYSIS REDONE/POTENTIAL CONNECTIONS/Manyatta/DMM pipelines.shp
M-UNIT,,,,,8.936,0,0.1,OPEN,,MYT,22.06.2015,,Distribution,,In service,DMM,,,,17,0.50,0,DMM pipelines,E:/SEURECA KISUMU/MARCH ANALYSIS REDONE/POTENTIAL CONNECTIONS/Manyatta/DMM pipelines.shp
M-UNIT,,,,,96.779,0,0.1,OPEN,,MYT,22.06.2015,,Distribution,,In service,DMM,,,,17,0.50,0,DMM pipelines,E:/SEURECA KISUMU/MARCH ANALYSIS REDONE/POTENTIAL CONNECTIONS/Manyatta/DMM pipelines.shp
M-UNIT,,,,,14.454,0,0.1,OPEN,,MYT,22.06.2015,,Distribution,,In service,DMM,,,,17,0.50,0,DMM pipelines,E:/SEURECA KISUMU/MARCH ANALYSIS REDONE/POTENTIAL CONNECTIONS/Manyatta/DMM pipelines.shp
M-UNIT,,,,,9.336,0,0.1,OPEN,,MYT,22.06.2015,,Distribution,,In service,DMM,,,,17,0.50,0,DMM pipelines,E:/SEURECA KISUMU/MARCH ANALYSIS REDONE/POTENTIAL CONNECTIONS/Manyatta/DMM pipelines.shp
M-UNIT,,,,,12.427,0,0.1,OPEN,,MYT,22.06.2015,,Distribution,,In service,DMM,,,,17,0.50,0,DMM pipelines,E:/SEURECA KISUMU/MARCH ANALYSIS REDONE/POTENTIAL CONNECTIONS/Manyatta/DMM pipelines.shp
M-UNIT,,,,,95.871,0,0.1,OPEN,,MYT,22.06.2015,,Distribution,,In service,DMM,,,,17,0.50,0,DMM pipelines,E:/SEURECA KISUMU/MARCH ANALYSIS REDONE/POTENTIAL CONNECTIONS/Manyatta/DMM pipelines.shp
M-UNIT,,,,,8.480,0,0.1,OPEN,,MYT,22.06.2015,,Distribution,,In service,DMM,,,,17,0.50,0,DMM pipelines,E:/SEURECA KISUMU/MARCH ANALYSIS REDONE/POTENTIAL CONNECTIONS/Manyatta/DMM pipelines.shp
M-UNIT,,,,,167.018,0,0.1,OPEN,,MYT,22.06.2015,,Distribution,,In service,DMM,,,,32,1.25,0,DMM pipelines,E:/SEURECA KISUMU/MARCH ANALYSIS REDONE/POTENTIAL CONNECTIONS/Manyatta/DMM pipelines.shp
M-UNIT,,,,,52.738,0,0.1,OPEN,,MYT,22.06.2015,,Distribution,,In service,DMM,,,,17,0.50,0,DMM pipelines,E:/SEURECA KISUMU/MARCH ANALYSIS REDONE/POTENTIAL CONNECTIONS/Manyatta/DMM pipelines.shp
M-UNIT,,,,,74.896,0,0.1,OPEN,,MYT,22.06.2015,,Distribution,,In service,DMM,,,,17,0.50,0,DMM pipelines,E:/SEURECA KISUMU/MARCH ANALYSIS REDONE/POTENTIAL CONNECTIONS/Manyatta/DMM pipelines.shp
M-AKADO,,,,,126.216,0,0.1,OPEN,,MYT,24.06.2015,,Distribution,,In service,DMM,,,,75,3.00,0,DMM pipelines,E:/SEURECA KISUMU/MARCH ANALYSIS REDONE/POTENTIAL CONNECTIONS/Manyatta/DMM pipelines.shp
M-AKADO,,,,,1540.822,0,0.1,OPEN,,MYT,24.06.2015,,Distribution,,In service,DMM,,,,50,2.00,0,DMM pipelines,E:/SEURECA KISUMU/MARCH ANALYSIS REDONE/POTENTIAL CONNECTIONS/Manyatta/DMM pipelines.shp
M-AKADO,,,,,1198.914,0,0.1,OPEN,,MYT,24.06.2015,,Distribution,,In service,DMM,,,,32,1.25,0,DMM pipelines,E:/SEURECA KISUMU/MARCH ANALYSIS REDONE/POTENTIAL CONNECTIONS/Manyatta/DMM pipelines.shp
M-AKADO,,,,,19.671,0,0.1,OPEN,,MYT,24.06.2015,,Distribution,,In service,DMM,,,,50,2.00,0,DMM pipelines,E:/SEURECA KISUMU/MARCH ANALYSIS REDONE/POTENTIAL CONNECTIONS/Manyatta/DMM pipelines.shp
M-AKADO,,,,,100.982,0,0.1,OPEN,,MYT,24.06.2015,,Distribution,,In service,DMM,,,,50,2.00,0,DMM pipelines,E:/SEURECA KISUMU/MARCH ANALYSIS REDONE/POTENTIAL CONNECTIONS/Manyatta/DMM pipelines.shp
M-AKADO,,,,,79.637,0,0.1,OPEN,,MYT,24.06.2015,,Distribution,,In service,DMM,,,,50,2.00,0,DMM pipelines,E:/SEURECA KISUMU/MARCH ANALYSIS REDONE/POTENTIAL CONNECTIONS/Manyatta/DMM pipelines.shp
M-AKADO,,,,,116.166,0,0.1,OPEN,,MYT,24.06.2015,,Distribution,,In service,DMM,,,,50,2.00,0,DMM pipelines,E:/SEURECA KISUMU/MARCH ANALYSIS REDONE/POTENTIAL CONNECTIONS/Manyatta/DMM pipelines.shp
M-AKADO,,,,,120.039,0,0.1,OPEN,,MYT,24.06.2015,,Distribution,,In service,DMM,,,,50,2.00,0,DMM pipelines,E:/SEURECA KISUMU/MARCH ANALYSIS REDONE/POTENTIAL CONNECTIONS/Manyatta/DMM pipelines.shp
M-AKADO,,,,,91.391,0,0.1,OPEN,,MYT,24.06.2015,,Distribution,,In service,DMM,,,,50,2.00,0,DMM pipelines,E:/SEURECA KISUMU/MARCH ANALYSIS REDONE/POTENTIAL CONNECTIONS/Manyatta/DMM pipelines.shp
M-AKADO,,,,,152.146,0,0.1,OPEN,,MYT,24.06.2015,,Distribution,,In service,DMM,,,,50,2.00,0,DMM pipelines,E:/SEURECA KISUMU/MARCH ANALYSIS REDONE/POTENTIAL CONNECTIONS/Manyatta/DMM pipelines.shp
M-AKADO,,,,,51.902,0,0.1,OPEN,,MYT,24.06.2015,,Distribution,,In service,DMM,,,,50,2.00,0,DMM pipelines,E:/SEURECA KISUMU/MARCH ANALYSIS REDONE/POTENTIAL CONNECTIONS/Manyatta/DMM pipelines.shp
OLIKETI,,,,,49.806,0,0.1,OPEN,,MIL,25.06.2015,,Distribution,,In service,DMM,,,,17,0.50,0,DMM pipelines,E:/SEURECA KISUMU/MARCH ANALYSIS REDONE/POTENTIAL CONNECTIONS/Manyatta/DMM pipelines.shp
M-AKADO,,,,,40.753,0,0.1,OPEN,,MIL,24.06.2015,,Distribution,,In service,DMM,,,,17,0.50,0,DMM pipelines,E:/SEURECA KISUMU/MARCH ANALYSIS REDONE/POTENTIAL CONNECTIONS/Manyatta/DMM pipelines.shp
OLIKETI,,,,,55.145,0,0.1,OPEN,,MIL,05.06.2015,,Distribution,,In service,DMM,,,,20,0.75,0,DMM pipelines,E:/SEURECA KISUMU/MARCH ANALYSIS REDONE/POTENTIAL CONNECTIONS/Manyatta/DMM pipelines.shp
M-AKADO,,,,,438.661,0,0.1,OPEN,,MYT,24.06.2015,,Distribution,,In service,DMM,,,,50,2.00,0,DMM pipelines,E:/SEURECA KISUMU/MARCH ANALYSIS REDONE/POTENTIAL CONNECTIONS/Manyatta/DMM pipelines.shp
M-AKADO,,,,,242.022,0,0.1,OPEN,,MYT,24.06.2015,,Distribution,,In service,DMM,,,,32,1.25,0,DMM pipelines,E:/SEURECA KISUMU/MARCH ANALYSIS REDONE/POTENTIAL CONNECTIONS/Manyatta/DMM pipelines.shp
M-AKADO,,,,,58.663,0,0.1,OPEN,,MYT,24.06.2015,,Distribution,,In service,DMM,,,,32,1.25,0,DMM pipelines,E:/SEURECA KISUMU/MARCH ANALYSIS REDONE/POTENTIAL CONNECTIONS/Manyatta/DMM pipelines.shp
M-AKADO,,,,,227.684,0,0.1,OPEN,,MYT,24.06.2015,,Distribution,,In service,DMM,,,,32,1.25,0,DMM pipelines,E:/SEURECA KISUMU/MARCH ANALYSIS REDONE/POTENTIAL CONNECTIONS/Manyatta/DMM pipelines.shp
M-AKADO,,,,,165.171,0,0.1,OPEN,,MYT,24.06.2015,,Distribution,,In service,DMM,,,,32,1.25,0,DMM pipelines,E:/SEURECA KISUMU/MARCH ANALYSIS REDONE/POTENTIAL CONNECTIONS/Manyatta/DMM pipelines.shp
M-AKADO,,,,,65.184,0,0.1,OPEN,,MYT,24.06.2015,,Distribution,,In service,DMM,,,,32,1.25,0,DMM pipelines,E:/SEURECA KISUMU/MARCH ANALYSIS REDONE/POTENTIAL CONNECTIONS/Manyatta/DMM pipelines.shp
M-AKADO,,,,,30.185,0,0.1,OPEN,,MYT,24.06.2015,,Distribution,,In service,DMM,,,,20,0.75,0,DMM pipelines,E:/SEURECA KISUMU/MARCH ANALYSIS REDONE/POTENTIAL CONNECTIONS/Manyatta/DMM pipelines.shp
M-AKADO,,,,,29.647,0,0.1,OPEN,,MYT,24.06.2015,,Distribution,,In service,DMM,,,,32,1.25,0,DMM pipelines,E:/SEURECA KISUMU/MARCH ANALYSIS REDONE/POTENTIAL CONNECTIONS/Manyatta/DMM pipelines.shp
M-AKADO,,,,,33.553,0,0.1,OPEN,,MYT,24.06.2015,,Distribution,,In service,DMM,,,,17,0.50,0,DMM pipelines,E:/SEURECA KISUMU/MARCH ANALYSIS REDONE/POTENTIAL CONNECTIONS/Manyatta/DMM pipelines.shp
M-AKADO,,,,,26.086,0,0.1,OPEN,,MYT,24.06.2015,,Distribution,,In service,DMM,,,,17,0.50,0,DMM pipelines,E:/SEURECA KISUMU/MARCH ANALYSIS REDONE/POTENTIAL CONNECTIONS/Manyatta/DMM pipelines.shp
M-AKADO,,,,,36.083,0,0.1,OPEN,,MYT,24.06.2015,,Distribution,,In service,DMM,,,,17,0.50,0,DMM pipelines,E:/SEURECA KISUMU/MARCH ANALYSIS REDONE/POTENTIAL CONNECTIONS/Manyatta/DMM pipelines.shp
M-AKADO,,,,,36.149,0,0.1,OPEN,,MYT,24.06.2015,,Distribution,,In service,DMM,,,,17,0.50,0,DMM pipelines,E:/SEURECA KISUMU/MARCH ANALYSIS REDONE/POTENTIAL CONNECTIONS/Manyatta/DMM pipelines.shp
M-AKADO,,,,,14.613,0,0.1,OPEN,,MYT,24.06.2015,,Distribution,,In service,DMM,,,,17,0.50,0,DMM pipelines,E:/SEURECA KISUMU/MARCH ANALYSIS REDONE/POTENTIAL CONNECTIONS/Manyatta/DMM pipelines.shp
M-AKADO,,,,,17.136,0,0.1,OPEN,,MYT,24.06.2015,,Distribution,,In service,DMM,,,,17,0.50,0,DMM pipelines,E:/SEURECA KISUMU/MARCH ANALYSIS REDONE/POTENTIAL CONNECTIONS/Manyatta/DMM pipelines.shp
M-AKADO,,,,,19.819,0,0.1,OPEN,,MYT,24.06.2015,,Distribution,,In service,DMM,,,,17,0.50,0,DMM pipelines,E:/SEURECA KISUMU/MARCH ANALYSIS REDONE/POTENTIAL CONNECTIONS/Manyatta/DMM pipelines.shp
M-AKADO,,,,,25.377,0,0.1,OPEN,,MYT,24.06.2015,,Distribution,,In service,DMM,,,,17,0.50,0,DMM pipelines,E:/SEURECA KISUMU/MARCH ANALYSIS REDONE/POTENTIAL CONNECTIONS/Manyatta/DMM pipelines.shp
M-AKADO,,,,,32.693,0,0.1,OPEN,,MYT,24.06.2015,,Distribution,,In service,DMM,,,,17,0.50,0,DMM pipelines,E:/SEURECA KISUMU/MARCH ANALYSIS REDONE/POTENTIAL CONNECTIONS/Manyatta/DMM pipelines.shp
M-AKADO,,,,,25.799,0,0.1,OPEN,,MYT,24.06.2015,,Distribution,,In service,DMM,,,,17,0.50,0,DMM pipelines,E:/SEURECA KISUMU/MARCH ANALYSIS REDONE/POTENTIAL CONNECTIONS/Manyatta/DMM pipelines.shp
M-AKADO,,,,,10.711,0,0.1,OPEN,,MYT,24.06.2015,,Distribution,,In service,DMM,,,,17,0.50,0,DMM pipelines,E:/SEURECA KISUMU/MARCH ANALYSIS REDONE/POTENTIAL CONNECTIONS/Manyatta/DMM pipelines.shp
M-AKADO,,,,,20.017,0,0.1,OPEN,,MYT,24.06.2015,,Distribution,,In service,DMM,,,,17,0.50,0,DMM pipelines,E:/SEURECA KISUMU/MARCH ANALYSIS REDONE/POTENTIAL CONNECTIONS/Manyatta/DMM pipelines.shp
M-AKADO,,,,,33.183,0,0.1,OPEN,,MYT,24.06.2015,,Distribution,,In service,DMM,,,,17,0.50,0,DMM pipelines,E:/SEURECA KISUMU/MARCH ANALYSIS REDONE/POTENTIAL CONNECTIONS/Manyatta/DMM pipelines.shp
M-AKADO,,,,,10.784,0,0.1,OPEN,,MYT,24.06.2015,,Distribution,,In service,DMM,,,,17,0.50,0,DMM pipelines,E:/SEURECA KISUMU/MARCH ANALYSIS REDONE/POTENTIAL CONNECTIONS/Manyatta/DMM pipelines.shp
M-AKADO,,,,,30.539,0,0.1,OPEN,,MYT,24.06.2015,,Distribution,,In service,DMM,,,,17,0.50,0,DMM pipelines,E:/SEURECA KISUMU/MARCH ANALYSIS REDONE/POTENTIAL CONNECTIONS/Manyatta/DMM pipelines.shp
M-AKADO,,,,,47.793,0,0.1,OPEN,,MYT,24.06.2015,,Distribution,,In service,DMM,,,,17,0.50,0,DMM pipelines,E:/SEURECA KISUMU/MARCH ANALYSIS REDONE/POTENTIAL CONNECTIONS/Manyatta/DMM pipelines.shp
M-AKADO,,,,,37.729,0,0.1,OPEN,,MYT,24.06.2015,,Distribution,,In service,DMM,,,,17,0.50,0,DMM pipelines,E:/SEURECA KISUMU/MARCH ANALYSIS REDONE/POTENTIAL CONNECTIONS/Manyatta/DMM pipelines.shp
M-AKADO,,,,,12.009,0,0.1,OPEN,,MYT,24.06.2015,,Distribution,,In service,DMM,,,,17,0.50,0,DMM pipelines,E:/SEURECA KISUMU/MARCH ANALYSIS REDONE/POTENTIAL CONNECTIONS/Manyatta/DMM pipelines.shp
M-AKADO,,,,,37.239,0,0.1,OPEN,,MYT,24.06.2015,,Distribution,,In service,DMM,,,,17,0.50,0,DMM pipelines,E:/SEURECA KISUMU/MARCH ANALYSIS REDONE/POTENTIAL CONNECTIONS/Manyatta/DMM pipelines.shp
M-AKADO,,,,,78.335,0,0.1,OPEN,,MYT,24.06.2015,,Distribution,,In service,DMM,,,,17,0.50,0,DMM pipelines,E:/SEURECA KISUMU/MARCH ANALYSIS REDONE/POTENTIAL CONNECTIONS/Manyatta/DMM pipelines.shp
M-AKADO,,,,,40.561,0,0.1,OPEN,,MYT,24.06.2015,,Distribution,,In service,DMM,,,,17,0.50,0,DMM pipelines,E:/SEURECA KISUMU/MARCH ANALYSIS REDONE/POTENTIAL CONNECTIONS/Manyatta/DMM pipelines.shp
M-AKADO,,,,,11.675,0,0.1,OPEN,,MYT,24.06.2015,,Distribution,,In service,DMM,,,,17,0.50,0,DMM pipelines,E:/SEURECA KISUMU/MARCH ANALYSIS REDONE/POTENTIAL CONNECTIONS/Manyatta/DMM pipelines.shp
M-AKADO,,,,,38.810,0,0.1,OPEN,,MYT,24.06.2015,,Distribution,,In service,DMM,,,,17,0.50,0,DMM pipelines,E:/SEURECA KISUMU/MARCH ANALYSIS REDONE/POTENTIAL CONNECTIONS/Manyatta/DMM pipelines.shp
M-AKADO,,,,,9.558,0,0.1,OPEN,,MYT,24.06.2015,,Distribution,,In service,DMM,,,,17,0.50,0,DMM pipelines,E:/SEURECA KISUMU/MARCH ANALYSIS REDONE/POTENTIAL CONNECTIONS/Manyatta/DMM pipelines.shp
M-AKADO,,,,,23.422,0,0.1,OPEN,,MYT,24.06.2015,,Distribution,,In service,DMM,,,,17,0.50,0,DMM pipelines,E:/SEURECA KISUMU/MARCH ANALYSIS REDONE/POTENTIAL CONNECTIONS/Manyatta/DMM pipelines.shp
M-AKADO,,,,,20.795,0,0.1,OPEN,,MYT,24.06.2015,,Distribution,,In service,DMM,,,,17,0.50,0,DMM pipelines,E:/SEURECA KISUMU/MARCH ANALYSIS REDONE/POTENTIAL CONNECTIONS/Manyatta/DMM pipelines.shp
M-AKADO,,,,,5.771,0,0.1,OPEN,,MYT,24.06.2015,,Distribution,,In service,DMM,,,,17,0.50,0,DMM pipelines,E:/SEURECA KISUMU/MARCH ANALYSIS REDONE/POTENTIAL CONNECTIONS/Manyatta/DMM pipelines.shp
M-AKADO,,,,,3.029,0,0.1,OPEN,,MYT,24.06.2015,,Distribution,,In service,DMM,,,,17,0.50,0,DMM pipelines,E:/SEURECA KISUMU/MARCH ANALYSIS REDONE/POTENTIAL CONNECTIONS/Manyatta/DMM pipelines.shp
M-AKADO,,,,,52.435,0,0.1,OPEN,,MYT,24.06.2015,,Distribution,,In service,DMM,,,,17,0.50,0,DMM pipelines,E:/SEURECA KISUMU/MARCH ANALYSIS REDONE/POTENTIAL CONNECTIONS/Manyatta/DMM pipelines.shp
M-AKADO,,,,,31.987,0,0.1,OPEN,,MYT,24.06.2015,,Distribution,,In service,DMM,,,,17,0.50,0,DMM pipelines,E:/SEURECA KISUMU/MARCH ANALYSIS REDONE/POTENTIAL CONNECTIONS/Manyatta/DMM pipelines.shp
M-AKADO,,,,,10.297,0,0.1,OPEN,,MYT,24.06.2015,,Distribution,,In service,DMM,,,,17,0.50,0,DMM pipelines,E:/SEURECA KISUMU/MARCH ANALYSIS REDONE/POTENTIAL CONNECTIONS/Manyatta/DMM pipelines.shp
M-AKADO,,,,,10.029,0,0.1,OPEN,,MYT,24.06.2015,,Distribution,,In service,DMM,,,,17,0.50,0,DMM pipelines,E:/SEURECA KISUMU/MARCH ANALYSIS REDONE/POTENTIAL CONNECTIONS/Manyatta/DMM pipelines.shp
M-AKADO,,,,,43.639,0,0.1,OPEN,,MYT,24.06.2015,,Distribution,,In service,DMM,,,,17,0.50,0,DMM pipelines,E:/SEURECA KISUMU/MARCH ANALYSIS REDONE/POTENTIAL CONNECTIONS/Manyatta/DMM pipelines.shp
M-AKADO,,,,,17.728,0,0.1,OPEN,,MYT,24.06.2015,,Distribution,,In service,DMM,,,,17,0.50,0,DMM pipelines,E:/SEURECA KISUMU/MARCH ANALYSIS REDONE/POTENTIAL CONNECTIONS/Manyatta/DMM pipelines.shp
M-AKADO,,,,,562.857,0,0.1,OPEN,,MYT,25.06.2015,,Distribution,,In service,DMM,,,,50,2.00,0,DMM pipelines,E:/SEURECA KISUMU/MARCH ANALYSIS REDONE/POTENTIAL CONNECTIONS/Manyatta/DMM pipelines.shp
M-AKADO,,,,,343.441,0,0.1,OPEN,,MYT,25.05.2015,,Distribution,,In service,DMM,,,,40,1.50,0,DMM pipelines,E:/SEURECA KISUMU/MARCH ANALYSIS REDONE/POTENTIAL CONNECTIONS/Manyatta/DMM pipelines.shp
M-AKADO,,,,,373.632,0,0.1,OPEN,,,25.06.2015,,Distribution,,In service,DMM,,,,32,1.25,0,DMM pipelines,E:/SEURECA KISUMU/MARCH ANALYSIS REDONE/POTENTIAL CONNECTIONS/Manyatta/DMM pipelines.shp
M-AKADO,,,,,163.680,0,0.1,OPEN,,,25.06.2015,,Distribution,,In service,DMM,,,,32,1.25,0,DMM pipelines,E:/SEURECA KISUMU/MARCH ANALYSIS REDONE/POTENTIAL CONNECTIONS/Manyatta/DMM pipelines.shp
M-AKADO,,,,,559.352,0,0.1,OPEN,,,25.06.2015,,Distribution,,In service,DMM,,,,32,1.25,0,DMM pipelines,E:/SEURECA KISUMU/MARCH ANALYSIS REDONE/POTENTIAL CONNECTIONS/Manyatta/DMM pipelines.shp
M-AKADO,,,,,20.187,0,0.1,OPEN,,,25.06.2015,,Distribution,,In service,DMM,,,,32,1.25,0,DMM pipelines,E:/SEURECA KISUMU/MARCH ANALYSIS REDONE/POTENTIAL CONNECTIONS/Manyatta/DMM pipelines.shp
M-AKADO,,,,,450.107,0,0.1,OPEN,,,25.06.2015,,Distribution,,In service,DMM,,,,32,1.25,0,DMM pipelines,E:/SEURECA KISUMU/MARCH ANALYSIS REDONE/POTENTIAL CONNECTIONS/Manyatta/DMM pipelines.shp
M-AKADO,,,,,6.561,0,0.1,OPEN,,,25.06.2015,,Distribution,,In service,DMM,,,,20,0.75,0,DMM pipelines,E:/SEURECA KISUMU/MARCH ANALYSIS REDONE/POTENTIAL CONNECTIONS/Manyatta/DMM pipelines.shp
M-AKADO,,,,,89.253,0,0.1,OPEN,,,25.06.2015,,Distribution,,In service,DMM,,,,20,0.75,0,DMM pipelines,E:/SEURECA KISUMU/MARCH ANALYSIS REDONE/POTENTIAL CONNECTIONS/Manyatta/DMM pipelines.shp
M-AKADO,,,,,9.050,0,0.1,OPEN,,,25.06.2015,,Distribution,,In service,DMM,,,,20,0.75,0,DMM pipelines,E:/SEURECA KISUMU/MARCH ANALYSIS REDONE/POTENTIAL CONNECTIONS/Manyatta/DMM pipelines.shp
M-AKADO,,,,,17.163,0,0.1,OPEN,,,25.06.2015,,Distribution,,In service,DMM,,,,20,0.75,0,DMM pipelines,E:/SEURECA KISUMU/MARCH ANALYSIS REDONE/POTENTIAL CONNECTIONS/Manyatta/DMM pipelines.shp
M-AKADO,,,,,312.556,0,0.1,OPEN,,,25.06.2015,,Distribution,,In service,DMM,,,,20,0.75,0,DMM pipelines,E:/SEURECA KISUMU/MARCH ANALYSIS REDONE/POTENTIAL CONNECTIONS/Manyatta/DMM pipelines.shp
M-AKADO,,,,,107.284,0,0.1,OPEN,,,25.06.2015,,Distribution,,In service,DMM,,,,20,0.75,0,DMM pipelines,E:/SEURECA KISUMU/MARCH ANALYSIS REDONE/POTENTIAL CONNECTIONS/Manyatta/DMM pipelines.shp
M-AKADO,,,,,29.983,0,0.1,OPEN,,,25.06.2015,,Distribution,,In service,DMM,,,,20,0.75,0,DMM pipelines,E:/SEURECA KISUMU/MARCH ANALYSIS REDONE/POTENTIAL CONNECTIONS/Manyatta/DMM pipelines.shp
M-AKADO,,,,,62.214,0,0.1,OPEN,,MYT,25.06.2015,,Distribution,,In service,DMM,,,,25,1.00,0,DMM pipelines,E:/SEURECA KISUMU/MARCH ANALYSIS REDONE/POTENTIAL CONNECTIONS/Manyatta/DMM pipelines.shp
M-AKADO,,,,,25.692,0,0.1,OPEN,,,25.06.2015,,Distribution,,In service,DMM,,,,20,0.75,0,DMM pipelines,E:/SEURECA KISUMU/MARCH ANALYSIS REDONE/POTENTIAL CONNECTIONS/Manyatta/DMM pipelines.shp
M-AKADO,,,,,14.024,0,0.1,OPEN,,,25.06.2015,,Distribution,,In service,DMM,,,,20,0.75,0,DMM pipelines,E:/SEURECA KISUMU/MARCH ANALYSIS REDONE/POTENTIAL CONNECTIONS/Manyatta/DMM pipelines.shp
M-AKADO,,,,,27.509,0,0.1,OPEN,,,25.06.2015,,Distribution,,In service,DMM,,,,20,0.75,0,DMM pipelines,E:/SEURECA KISUMU/MARCH ANALYSIS REDONE/POTENTIAL CONNECTIONS/Manyatta/DMM pipelines.shp
M-AKADO,,,,,43.381,0,0.1,OPEN,,,25.06.2015,,Distribution,,In service,DMM,,,,20,0.75,0,DMM pipelines,E:/SEURECA KISUMU/MARCH ANALYSIS REDONE/POTENTIAL CONNECTIONS/Manyatta/DMM pipelines.shp
M-AKADO,,,,,31.162,0,0.1,OPEN,,,25.06.2015,,Distribution,,In service,DMM,,,,20,0.75,0,DMM pipelines,E:/SEURECA KISUMU/MARCH ANALYSIS REDONE/POTENTIAL CONNECTIONS/Manyatta/DMM pipelines.shp
M-AKADO,,,,,8.901,0,0.1,OPEN,,,25.06.2015,,Distribution,,In service,DMM,,,,20,0.75,0,DMM pipelines,E:/SEURECA KISUMU/MARCH ANALYSIS REDONE/POTENTIAL CONNECTIONS/Manyatta/DMM pipelines.shp
M-AKADO,,,,,126.140,0,0.1,OPEN,,MYT,25.06.2015,,Distribution,,In service,DMM,,,,32,1.25,0,DMM pipelines,E:/SEURECA KISUMU/MARCH ANALYSIS REDONE/POTENTIAL CONNECTIONS/Manyatta/DMM pipelines.shp
M-AKADO,,,,,25.945,0,0.1,OPEN,,,25.06.2015,,Distribution,,In service,DMM,,,,20,0.75,0,DMM pipelines,E:/SEURECA KISUMU/MARCH ANALYSIS REDONE/POTENTIAL CONNECTIONS/Manyatta/DMM pipelines.shp
M-AKADO,,,,,7.332,0,0.1,OPEN,,,25.06.2015,,Distribution,,In service,DMM,,,,20,0.75,0,DMM pipelines,E:/SEURECA KISUMU/MARCH ANALYSIS REDONE/POTENTIAL CONNECTIONS/Manyatta/DMM pipelines.shp
M-AKADO,,,,,29.091,0,0.1,OPEN,,,25.06.2015,,Distribution,,In service,DMM,,,,20,0.75,0,DMM pipelines,E:/SEURECA KISUMU/MARCH ANALYSIS REDONE/POTENTIAL CONNECTIONS/Manyatta/DMM pipelines.shp
M-AKADO,,,,,14.714,0,0.1,OPEN,,,24.06.2015,,Distribution,,In service,DMM,,,,20,0.75,0,DMM pipelines,E:/SEURECA KISUMU/MARCH ANALYSIS REDONE/POTENTIAL CONNECTIONS/Manyatta/DMM pipelines.shp
M-AKADO,,,,,57.554,0,0.1,OPEN,,,24.06.2015,,Distribution,,In service,DMM,,,,20,0.75,0,DMM pipelines,E:/SEURECA KISUMU/MARCH ANALYSIS REDONE/POTENTIAL CONNECTIONS/Manyatta/DMM pipelines.shp
M-AKADO,,,,,49.301,0,0.1,OPEN,,,24.06.2015,,Distribution,,In service,DMM,,,,20,0.75,0,DMM pipelines,E:/SEURECA KISUMU/MARCH ANALYSIS REDONE/POTENTIAL CONNECTIONS/Manyatta/DMM pipelines.shp
M-AKADO,,,,,41.650,0,0.1,OPEN,,,24.06.2015,,Distribution,,In service,DMM,,,,20,0.75,0,DMM pipelines,E:/SEURECA KISUMU/MARCH ANALYSIS REDONE/POTENTIAL CONNECTIONS/Manyatta/DMM pipelines.shp
M-AKADO,,,,,59.302,0,0.1,OPEN,,,24.06.2015,,Distribution,,In service,DMM,,,,20,0.75,0,DMM pipelines,E:/SEURECA KISUMU/MARCH ANALYSIS REDONE/POTENTIAL CONNECTIONS/Manyatta/DMM pipelines.shp
M-AKADO,,,,,68.861,0,0.1,OPEN,,,24.06.2015,,Distribution,,In service,DMM,,,,20,0.75,0,DMM pipelines,E:/SEURECA KISUMU/MARCH ANALYSIS REDONE/POTENTIAL CONNECTIONS/Manyatta/DMM pipelines.shp
M-AKADO,,,,,27.859,0,0.1,OPEN,,,24.06.2015,,Distribution,,In service,DMM,,,,20,0.75,0,DMM pipelines,E:/SEURECA KISUMU/MARCH ANALYSIS REDONE/POTENTIAL CONNECTIONS/Manyatta/DMM pipelines.shp
M-AKADO,,,,,61.457,0,0.1,OPEN,,,24.06.2015,,Distribution,,In service,DMM,,,,20,0.75,0,DMM pipelines,E:/SEURECA KISUMU/MARCH ANALYSIS REDONE/POTENTIAL CONNECTIONS/Manyatta/DMM pipelines.shp
M-AKADO,,,,,366.692,0,0.1,OPEN,,MYT,25.06.2015,,Distribution,,In service,DMM,,,,17,0.50,0,DMM pipelines,E:/SEURECA KISUMU/MARCH ANALYSIS REDONE/POTENTIAL CONNECTIONS/Manyatta/DMM pipelines.shp
M-AKADO,,,,,52.819,0,0.1,OPEN,,MYT,25.06.2015,,Distribution,,In service,DMM,,,,17,0.50,0,DMM pipelines,E:/SEURECA KISUMU/MARCH ANALYSIS REDONE/POTENTIAL CONNECTIONS/Manyatta/DMM pipelines.shp
M-AKADO,,,,,66.326,0,0.1,OPEN,,MYT,25.06.2015,,Distribution,,In service,DMM,,,,17,0.50,0,DMM pipelines,E:/SEURECA KISUMU/MARCH ANALYSIS REDONE/POTENTIAL CONNECTIONS/Manyatta/DMM pipelines.shp
M-AKADO,,,,,25.263,0,0.1,OPEN,,MYT,25.06.2015,,Distribution,,In service,DMM,,,,17,0.50,0,DMM pipelines,E:/SEURECA KISUMU/MARCH ANALYSIS REDONE/POTENTIAL CONNECTIONS/Manyatta/DMM pipelines.shp
M-AKADO,,,,,38.814,0,0.1,OPEN,,MYT,25.06.2015,,Distribution,,In service,DMM,,,,17,0.50,0,DMM pipelines,E:/SEURECA KISUMU/MARCH ANALYSIS REDONE/POTENTIAL CONNECTIONS/Manyatta/DMM pipelines.shp
M-AKADO,,,,,7.389,0,0.1,OPEN,,MYT,25.06.2015,,Distribution,,In service,DMM,,,,17,0.50,0,DMM pipelines,E:/SEURECA KISUMU/MARCH ANALYSIS REDONE/POTENTIAL CONNECTIONS/Manyatta/DMM pipelines.shp
M-AKADO,,,,,17.808,0,0.1,OPEN,,MYT,25.06.2015,,Distribution,,In service,DMM,,,,17,0.50,0,DMM pipelines,E:/SEURECA KISUMU/MARCH ANALYSIS REDONE/POTENTIAL CONNECTIONS/Manyatta/DMM pipelines.shp
M-AKADO,,,,,40.497,0,0.1,OPEN,,MYT,25.06.2015,,Distribution,,In service,DMM,,,,17,0.50,0,DMM pipelines,E:/SEURECA KISUMU/MARCH ANALYSIS REDONE/POTENTIAL CONNECTIONS/Manyatta/DMM pipelines.shp
M-AKADO,,,,,40.033,0,0.1,OPEN,,MYT,25.06.2015,,Distribution,,In service,DMM,,,,17,0.50,0,DMM pipelines,E:/SEURECA KISUMU/MARCH ANALYSIS REDONE/POTENTIAL CONNECTIONS/Manyatta/DMM pipelines.shp
M-AKADO,,,,,38.100,0,0.1,OPEN,,MYT,25.06.2015,,Distribution,,In service,DMM,,,,17,0.50,0,DMM pipelines,E:/SEURECA KISUMU/MARCH ANALYSIS REDONE/POTENTIAL CONNECTIONS/Manyatta/DMM pipelines.shp
M-AKADO,,,,,26.418,0,0.1,OPEN,,MYT,25.06.2015,,Distribution,,In service,DMM,,,,17,0.50,0,DMM pipelines,E:/SEURECA KISUMU/MARCH ANALYSIS REDONE/POTENTIAL CONNECTIONS/Manyatta/DMM pipelines.shp
M-AKADO,,,,,27.561,0,0.1,OPEN,,MYT,25.06.2015,,Distribution,,In service,DMM,,,,17,0.50,0,DMM pipelines,E:/SEURECA KISUMU/MARCH ANALYSIS REDONE/POTENTIAL CONNECTIONS/Manyatta/DMM pipelines.shp
M-AKADO,,,,,27.929,0,0.1,OPEN,,MYT,25.06.2015,,Distribution,,In service,DMM,,,,17,0.50,0,DMM pipelines,E:/SEURECA KISUMU/MARCH ANALYSIS REDONE/POTENTIAL CONNECTIONS/Manyatta/DMM pipelines.shp
M-AKADO,,,,,44.744,0,0.1,OPEN,,MYT,25.06.2015,,Distribution,,In service,DMM,,,,17,0.50,0,DMM pipelines,E:/SEURECA KISUMU/MARCH ANALYSIS REDONE/POTENTIAL CONNECTIONS/Manyatta/DMM pipelines.shp
M-AKADO,,,,,62.553,0,0.1,OPEN,,MYT,25.06.2015,,Distribution,,In service,DMM,,,,17,0.50,0,DMM pipelines,E:/SEURECA KISUMU/MARCH ANALYSIS REDONE/POTENTIAL CONNECTIONS/Manyatta/DMM pipelines.shp
M-AKADO,,,,,61.418,0,0.1,OPEN,,MYT,25.06.2015,,Distribution,,In service,DMM,,,,17,0.50,0,DMM pipelines,E:/SEURECA KISUMU/MARCH ANALYSIS REDONE/POTENTIAL CONNECTIONS/Manyatta/DMM pipelines.shp
M-AKADO,,,,,26.464,0,0.1,OPEN,,MYT,25.06.2015,,Distribution,,In service,DMM,,,,17,0.50,0,DMM pipelines,E:/SEURECA KISUMU/MARCH ANALYSIS REDONE/POTENTIAL CONNECTIONS/Manyatta/DMM pipelines.shp
M-AKADO,,,,,26.590,0,0.1,OPEN,,MYT,25.06.2015,,Distribution,,In service,DMM,,,,17,0.50,0,DMM pipelines,E:/SEURECA KISUMU/MARCH ANALYSIS REDONE/POTENTIAL CONNECTIONS/Manyatta/DMM pipelines.shp
M-AKADO,,,,,18.994,0,0.1,OPEN,,MYT,25.06.2015,,Distribution,,In service,DMM,,,,17,0.50,0,DMM pipelines,E:/SEURECA KISUMU/MARCH ANALYSIS REDONE/POTENTIAL CONNECTIONS/Manyatta/DMM pipelines.shp
M-AKADO,,,,,16.351,0,0.1,OPEN,,MYT,25.06.2015,,Distribution,,In service,DMM,,,,17,0.50,0,DMM pipelines,E:/SEURECA KISUMU/MARCH ANALYSIS REDONE/POTENTIAL CONNECTIONS/Manyatta/DMM pipelines.shp
M-AKADO,,,,,30.232,0,0.1,OPEN,,MYT,25.06.2015,,Distribution,,In service,DMM,,,,17,0.50,0,DMM pipelines,E:/SEURECA KISUMU/MARCH ANALYSIS REDONE/POTENTIAL CONNECTIONS/Manyatta/DMM pipelines.shp
M-AKADO,,,,,37.768,0,0.1,OPEN,,MYT,25.06.2015,,Distribution,,In service,DMM,,,,17,0.50,0,DMM pipelines,E:/SEURECA KISUMU/MARCH ANALYSIS REDONE/POTENTIAL CONNECTIONS/Manyatta/DMM pipelines.shp
M-AKADO,,,,,38.307,0,0.1,OPEN,,MYT,25.06.2015,,Distribution,,In service,DMM,,,,17,0.50,0,DMM pipelines,E:/SEURECA KISUMU/MARCH ANALYSIS REDONE/POTENTIAL CONNECTIONS/Manyatta/DMM pipelines.shp
M-AKADO,,,,,59.942,0,0.1,OPEN,,MYT,25.06.2015,,Distribution,,In service,DMM,,,,17,0.50,0,DMM pipelines,E:/SEURECA KISUMU/MARCH ANALYSIS REDONE/POTENTIAL CONNECTIONS/Manyatta/DMM pipelines.shp
M-AKADO,,,,,43.062,0,0.1,OPEN,,MYT,25.06.2015,,Distribution,,In service,DMM,,,,17,0.50,0,DMM pipelines,E:/SEURECA KISUMU/MARCH ANALYSIS REDONE/POTENTIAL CONNECTIONS/Manyatta/DMM pipelines.shp
M-AKADO,,,,,13.838,0,0.1,OPEN,,MYT,25.06.2015,,Distribution,,In service,DMM,,,,17,0.50,0,DMM pipelines,E:/SEURECA KISUMU/MARCH ANALYSIS REDONE/POTENTIAL CONNECTIONS/Manyatta/DMM pipelines.shp
M-AKADO,,,,,177.029,0,0.1,OPEN,,MYT,25.06.2015,,Distribution,,In service,DMM,,,,17,0.50,0,DMM pipelines,E:/SEURECA KISUMU/MARCH ANALYSIS REDONE/POTENTIAL CONNECTIONS/Manyatta/DMM pipelines.shp
M-AKADO,,,,,46.803,0,0.1,OPEN,,MYT,25.06.2015,,Distribution,,In service,DMM,,,,17,0.50,0,DMM pipelines,E:/SEURECA KISUMU/MARCH ANALYSIS REDONE/POTENTIAL CONNECTIONS/Manyatta/DMM pipelines.shp
M-AKADO,,,,,46.779,0,0.1,OPEN,,MYT,25.06.2015,,Distribution,,In service,DMM,,,,17,0.50,0,DMM pipelines,E:/SEURECA KISUMU/MARCH ANALYSIS REDONE/POTENTIAL CONNECTIONS/Manyatta/DMM pipelines.shp
M-AKADO,,,,,18.581,0,0.1,OPEN,,MYT,25.06.2015,,Distribution,,In service,DMM,,,,17,0.50,0,DMM pipelines,E:/SEURECA KISUMU/MARCH ANALYSIS REDONE/POTENTIAL CONNECTIONS/Manyatta/DMM pipelines.shp
M-AKADO,,,,,17.593,0,0.1,OPEN,,MYT,25.06.2015,,Distribution,,In service,DMM,,,,17,0.50,0,DMM pipelines,E:/SEURECA KISUMU/MARCH ANALYSIS REDONE/POTENTIAL CONNECTIONS/Manyatta/DMM pipelines.shp
M-AKADO,,,,,14.227,0,0.1,OPEN,,MYT,25.06.2015,,Distribution,,In service,DMM,,,,17,0.50,0,DMM pipelines,E:/SEURECA KISUMU/MARCH ANALYSIS REDONE/POTENTIAL CONNECTIONS/Manyatta/DMM pipelines.shp
M-AKADO,,,,,15.886,0,0.1,OPEN,,MYT,25.06.2015,,Distribution,,In service,DMM,,,,17,0.50,0,DMM pipelines,E:/SEURECA KISUMU/MARCH ANALYSIS REDONE/POTENTIAL CONNECTIONS/Manyatta/DMM pipelines.shp
M-AKADO,,,,,22.452,0,0.1,OPEN,,MYT,25.06.2015,,Distribution,,In service,DMM,,,,17,0.50,0,DMM pipelines,E:/SEURECA KISUMU/MARCH ANALYSIS REDONE/POTENTIAL CONNECTIONS/Manyatta/DMM pipelines.shp
M-AKADO,,,,,18.498,0,0.1,OPEN,,MYT,25.06.2015,,Distribution,,In service,DMM,,,,17,0.50,0,DMM pipelines,E:/SEURECA KISUMU/MARCH ANALYSIS REDONE/POTENTIAL CONNECTIONS/Manyatta/DMM pipelines.shp
M-AKADO,,,,,32.695,0,0.1,OPEN,,MYT,25.06.2015,,Distribution,,In service,DMM,,,,17,0.50,0,DMM pipelines,E:/SEURECA KISUMU/MARCH ANALYSIS REDONE/POTENTIAL CONNECTIONS/Manyatta/DMM pipelines.shp
M-AKADO,,,,,69.015,0,0.1,OPEN,,MYT,25.06.2015,,Distribution,,In service,DMM,,,,17,0.50,0,DMM pipelines,E:/SEURECA KISUMU/MARCH ANALYSIS REDONE/POTENTIAL CONNECTIONS/Manyatta/DMM pipelines.shp
M-AKADO,,,,,95.621,0,0.1,OPEN,,MYT,25.06.2015,,Distribution,,In service,DMM,,,,17,0.50,0,DMM pipelines,E:/SEURECA KISUMU/MARCH ANALYSIS REDONE/POTENTIAL CONNECTIONS/Manyatta/DMM pipelines.shp
M-AKADO,,,,,23.528,0,0.1,OPEN,,MYT,25.06.2015,,Distribution,,In service,DMM,,,,17,0.50,0,DMM pipelines,E:/SEURECA KISUMU/MARCH ANALYSIS REDONE/POTENTIAL CONNECTIONS/Manyatta/DMM pipelines.shp
M-AKADO,,,,,108.224,0,0.1,OPEN,,MYT,25.06.2015,,Distribution,,In service,DMM,,,,32,1.25,0,DMM pipelines,E:/SEURECA KISUMU/MARCH ANALYSIS REDONE/POTENTIAL CONNECTIONS/Manyatta/DMM pipelines.shp
M-AKADO,,,,,17.448,0,0.1,OPEN,,MYT,25.06.2015,,Distribution,,In service,DMM,,,,17,0.50,0,DMM pipelines,E:/SEURECA KISUMU/MARCH ANALYSIS REDONE/POTENTIAL CONNECTIONS/Manyatta/DMM pipelines.shp
M-AKADO,,,,,16.238,0,0.1,OPEN,,MYT,25.06.2015,,Distribution,,In service,DMM,,,,32,1.25,0,DMM pipelines,E:/SEURECA KISUMU/MARCH ANALYSIS REDONE/POTENTIAL CONNECTIONS/Manyatta/DMM pipelines.shp
M-AKADO,,,,,6.446,0,0.1,OPEN,,MYT,25.06.2015,,Distribution,,In service,DMM,,,,32,1.25,0,DMM pipelines,E:/SEURECA KISUMU/MARCH ANALYSIS REDONE/POTENTIAL CONNECTIONS/Manyatta/DMM pipelines.shp
M-AKADO,,,,,8.350,0,0.1,OPEN,,MYT,25.06.2015,,Distribution,,In service,DMM,,,,17,0.50,0,DMM pipelines,E:/SEURECA KISUMU/MARCH ANALYSIS REDONE/POTENTIAL CONNECTIONS/Manyatta/DMM pipelines.shp
M-AKADO,,,,,17.228,0,0.1,OPEN,,MYT,25.06.2015,,Distribution,,In service,DMM,,,,17,0.50,0,DMM pipelines,E:/SEURECA KISUMU/MARCH ANALYSIS REDONE/POTENTIAL CONNECTIONS/Manyatta/DMM pipelines.shp
M-AKADO,,,,,15.161,0,0.1,OPEN,,MYT,25.06.2015,,Distribution,,In service,DMM,,,,17,0.50,0,DMM pipelines,E:/SEURECA KISUMU/MARCH ANALYSIS REDONE/POTENTIAL CONNECTIONS/Manyatta/DMM pipelines.shp
M-AKADO,,,,,241.512,0,0.1,OPEN,,,25.06.2015,,Distribution,,In service,DMM,,,,40,1.50,0,DMM pipelines,E:/SEURECA KISUMU/MARCH ANALYSIS REDONE/POTENTIAL CONNECTIONS/Manyatta/DMM pipelines.shp
M-AKADO,,,,,21.216,0,0.1,OPEN,,MYT,25.06.2015,,Distribution,,In service,DMM,,,,17,0.50,0,DMM pipelines,E:/SEURECA KISUMU/MARCH ANALYSIS REDONE/POTENTIAL CONNECTIONS/Manyatta/DMM pipelines.shp
M-AKADO,,,,,51.829,0,0.1,OPEN,,MYT,25.06.2015,,Distribution,,In service,DMM,,,,17,0.50,0,DMM pipelines,E:/SEURECA KISUMU/MARCH ANALYSIS REDONE/POTENTIAL CONNECTIONS/Manyatta/DMM pipelines.shp
M-AKADO,,,,,7.561,0,0.1,OPEN,,MYT,25.06.2015,,Distribution,,In service,DMM,,,,17,0.50,0,DMM pipelines,E:/SEURECA KISUMU/MARCH ANALYSIS REDONE/POTENTIAL CONNECTIONS/Manyatta/DMM pipelines.shp
M-AKADO,,,,,4.061,0,0.1,OPEN,,MYT,25.06.2015,,Distribution,,In service,DMM,,,,17,0.50,0,DMM pipelines,E:/SEURECA KISUMU/MARCH ANALYSIS REDONE/POTENTIAL CONNECTIONS/Manyatta/DMM pipelines.shp
M-AKADO,,,,,8.402,0,0.1,OPEN,,MYT,25.06.2015,,Distribution,,In service,DMM,,,,17,0.50,0,DMM pipelines,E:/SEURECA KISUMU/MARCH ANALYSIS REDONE/POTENTIAL CONNECTIONS/Manyatta/DMM pipelines.shp
M-AKADO,,,,,16.753,0,0.1,OPEN,,MYT,25.06.2015,,Distribution,,In service,DMM,,,,17,0.50,0,DMM pipelines,E:/SEURECA KISUMU/MARCH ANALYSIS REDONE/POTENTIAL CONNECTIONS/Manyatta/DMM pipelines.shp
M-AKADE,,,,,133.026,0,0.1,OPEN,,MYT,25.06.2015,,Distribution,,In service,DMM,,,,20,0.75,0,DMM pipelines,E:/SEURECA KISUMU/MARCH ANALYSIS REDONE/POTENTIAL CONNECTIONS/Manyatta/DMM pipelines.shp
M-AKADO,,,,,34.773,0,0.1,OPEN,,MYT,25.06.2015,,Distribution,,In service,DMM,,,,17,0.50,0,DMM pipelines,E:/SEURECA KISUMU/MARCH ANALYSIS REDONE/POTENTIAL CONNECTIONS/Manyatta/DMM pipelines.shp
M-AKADO,,,,,18.830,0,0.1,OPEN,,MYT,25.06.2015,,Distribution,,In service,DMM,,,,17,0.50,0,DMM pipelines,E:/SEURECA KISUMU/MARCH ANALYSIS REDONE/POTENTIAL CONNECTIONS/Manyatta/DMM pipelines.shp
M-AKADO,,,,,80.068,0,0.1,OPEN,,MYT,25.06.2015,,Distribution,,In service,DMM,,,,17,0.50,0,DMM pipelines,E:/SEURECA KISUMU/MARCH ANALYSIS REDONE/POTENTIAL CONNECTIONS/Manyatta/DMM pipelines.shp
M-AKADO,,,,,53.218,0,0.1,OPEN,,MYT,25.06.2015,,Distribution,,In service,DMM,,,,17,0.50,0,DMM pipelines,E:/SEURECA KISUMU/MARCH ANALYSIS REDONE/POTENTIAL CONNECTIONS/Manyatta/DMM pipelines.shp
M-AKADO,,,,,32.024,0,0.1,OPEN,,MYT,25.06.2015,,Distribution,,In service,DMM,,,,17,0.50,0,DMM pipelines,E:/SEURECA KISUMU/MARCH ANALYSIS REDONE/POTENTIAL CONNECTIONS/Manyatta/DMM pipelines.shp
M-UNIT,,,,,142.613,0,0.1,OPEN,,MYT,,,Distribution,,In service,DMM,,,,40,1.50,0,DMM pipelines,E:/SEURECA KISUMU/MARCH ANALYSIS REDONE/POTENTIAL CONNECTIONS/Manyatta/DMM pipelines.shp
M-UNIT,,,,,78.661,0,0.1,OPEN,,MYT,,,Distribution,,In service,DMM,,,,40,1.50,0,DMM pipelines,E:/SEURECA KISUMU/MARCH ANALYSIS REDONE/POTENTIAL CONNECTIONS/Manyatta/DMM pipelines.shp
M-UNIT,,,,,24.715,0,0.1,OPEN,,MYT,,,Distribution,,In service,DMM,,,,32,1.25,0,DMM pipelines,E:/SEURECA KISUMU/MARCH ANALYSIS REDONE/POTENTIAL CONNECTIONS/Manyatta/DMM pipelines.shp
M-UNIT,,,,,10.209,0,0.1,OPEN,,MYT,,,Distribution,,In service,DMM,,,,32,1.25,0,DMM pipelines,E:/SEURECA KISUMU/MARCH ANALYSIS REDONE/POTENTIAL CONNECTIONS/Manyatta/DMM pipelines.shp
M-UNIT,,,,,27.011,0,0.1,OPEN,,MYT,,,Distribution,,In service,DMM,,,,32,1.25,0,DMM pipelines,E:/SEURECA KISUMU/MARCH ANALYSIS REDONE/POTENTIAL CONNECTIONS/Manyatta/DMM pipelines.shp
M-UNIT,,,,,51.537,0,0.1,OPEN,,MYT,,,Distribution,,In service,DMM,,,,32,1.25,0,DMM pipelines,E:/SEURECA KISUMU/MARCH ANALYSIS REDONE/POTENTIAL CONNECTIONS/Manyatta/DMM pipelines.shp
M-UNIT,,,,,48.732,0,0.1,OPEN,,MYT,,,Distribution,,In service,DMM,,,,32,1.25,0,DMM pipelines,E:/SEURECA KISUMU/MARCH ANALYSIS REDONE/POTENTIAL CONNECTIONS/Manyatta/DMM pipelines.shp
M-UNIT,,,,,23.526,0,0.1,OPEN,,MYT,,,Distribution,,In service,DMM,,,,32,1.25,0,DMM pipelines,E:/SEURECA KISUMU/MARCH ANALYSIS REDONE/POTENTIAL CONNECTIONS/Manyatta/DMM pipelines.shp
M-UNIT,,,,,12.073,0,0.1,OPEN,,MYT,,,Distribution,,In service,DMM,,,,32,1.25,0,DMM pipelines,E:/SEURECA KISUMU/MARCH ANALYSIS REDONE/POTENTIAL CONNECTIONS/Manyatta/DMM pipelines.shp
M-UNIT,,,,,12.829,0,0.1,OPEN,,MYT,,,Distribution,,In service,DMM,,,,32,1.25,0,DMM pipelines,E:/SEURECA KISUMU/MARCH ANALYSIS REDONE/POTENTIAL CONNECTIONS/Manyatta/DMM pipelines.shp
M-UNIT,,,,,34.924,0,0.1,OPEN,,MYT,,,Distribution,,In service,DMM,,,,32,1.25,0,DMM pipelines,E:/SEURECA KISUMU/MARCH ANALYSIS REDONE/POTENTIAL CONNECTIONS/Manyatta/DMM pipelines.shp
M-AKADO,,,,,10.342,0,0.1,OPEN,,MYT,25.06.2015,,Distribution,,In service,DMM,,,,17,0.50,0,DMM pipelines,E:/SEURECA KISUMU/MARCH ANALYSIS REDONE/POTENTIAL CONNECTIONS/Manyatta/DMM pipelines.shp
M-UNIT,,,,,232.138,0,0.1,OPEN,,MYT,,,Distribution,,In service,DMM,,,,32,1.25,0,DMM pipelines,E:/SEURECA KISUMU/MARCH ANALYSIS REDONE/POTENTIAL CONNECTIONS/Manyatta/DMM pipelines.shp
M-UNIT,,,,,50.786,0,0.1,OPEN,,MYT,,,Distribution,,In service,DMM,,,,17,0.50,0,DMM pipelines,E:/SEURECA KISUMU/MARCH ANALYSIS REDONE/POTENTIAL CONNECTIONS/Manyatta/DMM pipelines.shp
M-UNIT,,,,,46.007,0,0.1,OPEN,,MYT,,,Distribution,,In service,DMM,,,,40,1.50,0,DMM pipelines,E:/SEURECA KISUMU/MARCH ANALYSIS REDONE/POTENTIAL CONNECTIONS/Manyatta/DMM pipelines.shp
M-UNIT,,,,,389.126,0,0.1,OPEN,,MYT,,,Distribution,,In service,DMM,,,,32,1.25,0,DMM pipelines,E:/SEURECA KISUMU/MARCH ANALYSIS REDONE/POTENTIAL CONNECTIONS/Manyatta/DMM pipelines.shp
,,,,,151.778,0,0.1,OPEN,,MYT,16.2015,,DM,,In service,DMM,,,,100,4.00,0,DMM pipelines,E:/SEURECA KISUMU/MARCH ANALYSIS REDONE/POTENTIAL CONNECTIONS/Manyatta/DMM pipelines.shp
,,,,,252.244,0,0.1,OPEN,,MYT,16.2015,,DM,,In service,DMM,,,,50,2.00,0,DMM pipelines,E:/SEURECA KISUMU/MARCH ANALYSIS REDONE/POTENTIAL CONNECTIONS/Manyatta/DMM pipelines.shp
,,,,,187.084,0,0.1,OPEN,,MYT,16.2015,,DM,,In service,DMM,,,,75,3.00,0,DMM pipelines,E:/SEURECA KISUMU/MARCH ANALYSIS REDONE/POTENTIAL CONNECTIONS/Manyatta/DMM pipelines.shp
,,,,,62.194,0,0.1,OPEN,,MYT,09.2015,,DM,,In service,DMM,,,,50,2.00,0,DMM pipelines,E:/SEURECA KISUMU/MARCH ANALYSIS REDONE/POTENTIAL CONNECTIONS/Manyatta/DMM pipelines.shp
,,,,,48.996,0,0.1,OPEN,,MYT,09.2015,,DM,,In service,DMM,,,,25,1.00,0,DMM pipelines,E:/SEURECA KISUMU/MARCH ANALYSIS REDONE/POTENTIAL CONNECTIONS/Manyatta/DMM pipelines.shp
,,,,,208.970,0,0.1,OPEN,,MYT,09.2015,,DM,,In service,DMM,,,,50,2.00,0,DMM pipelines,E:/SEURECA KISUMU/MARCH ANALYSIS REDONE/POTENTIAL CONNECTIONS/Manyatta/DMM pipelines.shp
,,,,,158.657,0,0.1,OPEN,,MYT,SEPT 2015,,DMM,,In service,DMM,,,,25,1.00,0,DMM pipelines,E:/SEURECA KISUMU/MARCH ANALYSIS REDONE/POTENTIAL CONNECTIONS/Manyatta/DMM pipelines.shp
,,,,,97.589,0,0.1,OPEN,,MYT,SEPT 2015,,DM,,In service,,,,,25,1.00,0,DMM pipelines,E:/SEURECA KISUMU/MARCH ANALYSIS REDONE/POTENTIAL CONNECTIONS/Manyatta/DMM pipelines.shp
,,,,,131.664,0,0.1,OPEN,,MYT,SEPT 2015,,DM,,In service,DMM,,,,25,1.00,0,DMM pipelines,E:/SEURECA KISUMU/MARCH ANALYSIS REDONE/POTENTIAL CONNECTIONS/Manyatta/DMM pipelines.shp
,,,,,135.186,0,0.1,OPEN,,MYT,SEPT 2015,,DM,,In service,DMM,,,,25,1.00,0,DMM pipelines,E:/SEURECA KISUMU/MARCH ANALYSIS REDONE/POTENTIAL CONNECTIONS/Manyatta/DMM pipelines.shp
,,,,,2.091,0,0.1,OPEN,,MYT,SEPT 2015,,DM,,In service,DMM,,,,25,1.00,0,DMM pipelines,E:/SEURECA KISUMU/MARCH ANALYSIS REDONE/POTENTIAL CONNECTIONS/Manyatta/DMM pipelines.shp
,,,,,2.378,0,0.1,OPEN,,MYT,SEPT 2015,,DM,,In service,DMM,,,,25,1.00,0,DMM pipelines,E:/SEURECA KISUMU/MARCH ANALYSIS REDONE/POTENTIAL CONNECTIONS/Manyatta/DMM pipelines.shp
,,,,,0.239,0,0.1,OPEN,,MYT,SEPT 2015,,DM,,In service,DMM,,,,25,1.00,0,DMM pipelines,E:/SEURECA KISUMU/MARCH ANALYSIS REDONE/POTENTIAL CONNECTIONS/Manyatta/DMM pipelines.shp
,,,,,1.555,0,0.1,OPEN,,MYT,SEPT 2015,,DM,,In service,DMM,,,,25,1.00,0,DMM pipelines,E:/SEURECA KISUMU/MARCH ANALYSIS REDONE/POTENTIAL CONNECTIONS/Manyatta/DMM pipelines.shp
,,,,,0.611,0,0.1,OPEN,,MYT,SEPT 2015,,DM,,In service,DMM,,,,25,1.00,0,DMM pipelines,E:/SEURECA KISUMU/MARCH ANALYSIS REDONE/POTENTIAL CONNECTIONS/Manyatta/DMM pipelines.shp
,,,,,3.542,0,0.1,OPEN,,MYT,2015,,DM,,In service,DMM,,,,25,1.00,0,DMM pipelines,E:/SEURECA KISUMU/MARCH ANALYSIS REDONE/POTENTIAL CONNECTIONS/Manyatta/DMM pipelines.shp
,,,,,1.526,0,0.1,OPEN,,MYT,SEPT 2015,,DM,,In service,DMM,,,,25,1.00,0,DMM pipelines,E:/SEURECA KISUMU/MARCH ANALYSIS REDONE/POTENTIAL CONNECTIONS/Manyatta/DMM pipelines.shp
,,,,,3.302,0,0.1,OPEN,,MYT,SEPT 2015,,DM,,In service,DMM,,,,25,1.00,0,DMM pipelines,E:/SEURECA KISUMU/MARCH ANALYSIS REDONE/POTENTIAL CONNECTIONS/Manyatta/DMM pipelines.shp
,,,,,11.253,0,0.1,OPEN,,MYT,SEPT 2015,,DM,,In service,DMM,,,,25,1.00,0,DMM pipelines,E:/SEURECA KISUMU/MARCH ANALYSIS REDONE/POTENTIAL CONNECTIONS/Manyatta/DMM pipelines.shp
,,,,,5.932,0,0.1,OPEN,,MYT,SEPT 2015,,DM,,In service,DMM,,,,25,1.00,0,DMM pipelines,E:/SEURECA KISUMU/MARCH ANALYSIS REDONE/POTENTIAL CONNECTIONS/Manyatta/DMM pipelines.shp
,,,,,692.054,0,0.1,OPEN,,CBD,FEB/2016,,Distribution Main,,In service,DMM,,,,50,2.00,0,DMM pipelines,E:/SEURECA KISUMU/MARCH ANALYSIS REDONE/POTENTIAL CONNECTIONS/Manyatta/DMM pipelines.shp
,,,,,335.912,0,0.1,OPEN,,CBD,FEB/2016,,Distribution Main,,In service,DMM,,,,40,1.50,0,DMM pipelines,E:/SEURECA KISUMU/MARCH ANALYSIS REDONE/POTENTIAL CONNECTIONS/Manyatta/DMM pipelines.shp
,,,,,222.028,0,0.1,OPEN,,CBD,FEB/2016,,Distribution Main,,In service,DMM,,,,32,32.00,0,DMM pipelines,E:/SEURECA KISUMU/MARCH ANALYSIS REDONE/POTENTIAL CONNECTIONS/Manyatta/DMM pipelines.shp
,,,,,270.209,0,0.1,OPEN,,CBD,feb/2016,,Distribution Main,,In service,DMM,,,,25,1.00,0,DMM pipelines,E:/SEURECA KISUMU/MARCH ANALYSIS REDONE/POTENTIAL CONNECTIONS/Manyatta/DMM pipelines.shp
,,,,,15.209,0,0.1,OPEN,,CBD,FEB/2016,,Service line,,In service,DMM,,,,20,0.75,0,DMM pipelines,E:/SEURECA KISUMU/MARCH ANALYSIS REDONE/POTENTIAL CONNECTIONS/Manyatta/DMM pipelines.shp
,,,,,63.817,0,0.1,OPEN,,CBD,feb/2016,,Service line,,In service,DMM,,,,17,0.50,0,DMM pipelines,E:/SEURECA KISUMU/MARCH ANALYSIS REDONE/POTENTIAL CONNECTIONS/Manyatta/DMM pipelines.shp
,,,,,37.751,0,0.1,OPEN,,CBD,FEB/2016,,Service line,,In service,DMM,,,,17,0.50,0,DMM pipelines,E:/SEURECA KISUMU/MARCH ANALYSIS REDONE/POTENTIAL CONNECTIONS/Manyatta/DMM pipelines.shp
,,,,,75.704,0,0.1,OPEN,,CBD,FEB/2016,,Service line,,In service,DMM,,,,20,0.75,0,DMM pipelines,E:/SEURECA KISUMU/MARCH ANALYSIS REDONE/POTENTIAL CONNECTIONS/Manyatta/DMM pipelines.shp
,,,,,22.375,0,0.1,OPEN,,CBD,FEB/2016,,Service line,,In service,DMM,,,,17,0.50,0,DMM pipelines,E:/SEURECA KISUMU/MARCH ANALYSIS REDONE/POTENTIAL CONNECTIONS/Manyatta/DMM pipelines.shp
,,,,,93.627,0,0.1,OPEN,,CBD,FEB/2016,,Service line,,In service,DMM,,,,20,0.75,0,DMM pipelines,E:/SEURECA KISUMU/MARCH ANALYSIS REDONE/POTENTIAL CONNECTIONS/Manyatta/DMM pipelines.shp
,,,,,80.939,0,0.1,OPEN,,CBD,FEB/2016,,Service line,,In service,DMM,,,,20,0.75,0,DMM pipelines,E:/SEURECA KISUMU/MARCH ANALYSIS REDONE/POTENTIAL CONNECTIONS/Manyatta/DMM pipelines.shp
,,,,,7.591,0,0.1,OPEN,,CBD,FEB/2016,,Service line,,In service,DMM,,,,20,0.75,0,DMM pipelines,E:/SEURECA KISUMU/MARCH ANALYSIS REDONE/POTENTIAL CONNECTIONS/Manyatta/DMM pipelines.shp
,,,,,31.855,0,0.1,OPEN,,CBD,FEB/2016,,Service line,,In service,DMM,,,,20,0.75,0,DMM pipelines,E:/SEURECA KISUMU/MARCH ANALYSIS REDONE/POTENTIAL CONNECTIONS/Manyatta/DMM pipelines.shp
,,,,,199.523,0,0.1,OPEN,,CBD,FEB/2016,,Service line,,In service,DMM,,,,20,0.75,0,DMM pipelines,E:/SEURECA KISUMU/MARCH ANALYSIS REDONE/POTENTIAL CONNECTIONS/Manyatta/DMM pipelines.shp
,,,,,15.033,0,0.1,OPEN,,CBD,FEB/2016,,Service line,,In service,DMM,,,,17,0.50,0,DMM pipelines,E:/SEURECA KISUMU/MARCH ANALYSIS REDONE/POTENTIAL CONNECTIONS/Manyatta/DMM pipelines.shp
,,,,,67.644,0,0.1,OPEN,,CBD,FEB/2016,,Service line,,In service,DMM,,,,17,0.50,0,DMM pipelines,E:/SEURECA KISUMU/MARCH ANALYSIS REDONE/POTENTIAL CONNECTIONS/Manyatta/DMM pipelines.shp
,,,,,131.379,0,0.1,OPEN,,CBD,FEB/2016,,Service line,,In service,DMM,,,,20,0.75,0,DMM pipelines,E:/SEURECA KISUMU/MARCH ANALYSIS REDONE/POTENTIAL CONNECTIONS/Manyatta/DMM pipelines.shp
,,,,,39.990,0,0.1,OPEN,,CBD,FEB/2016,,Service line,,In service,DMM,,,,17,0.50,0,DMM pipelines,E:/SEURECA KISUMU/MARCH ANALYSIS REDONE/POTENTIAL CONNECTIONS/Manyatta/DMM pipelines.shp
,,,,,94.387,0,0.1,OPEN,,CBD,FEB/2016,,Service line,,In service,DMM,,,,20,0.75,0,DMM pipelines,E:/SEURECA KISUMU/MARCH ANALYSIS REDONE/POTENTIAL CONNECTIONS/Manyatta/DMM pipelines.shp
,,,,,86.137,0,0.1,OPEN,,CBD,feb/2016,,Service line,,In service,DMM,,,,20,0.75,0,DMM pipelines,E:/SEURECA KISUMU/MARCH ANALYSIS REDONE/POTENTIAL CONNECTIONS/Manyatta/DMM pipelines.shp
,,,,,221.936,0,0.1,OPEN,,CBD,FEB/2016,,Service line,,In service,DMM,,,,32,1.25,0,DMM pipelines,E:/SEURECA KISUMU/MARCH ANALYSIS REDONE/POTENTIAL CONNECTIONS/Manyatta/DMM pipelines.shp
,,,,,24.847,0,0.1,OPEN,,CBD,FEB/2016,,Service  line,,In service,DMM,,,,20,0.75,0,DMM pipelines,E:/SEURECA KISUMU/MARCH ANALYSIS REDONE/POTENTIAL CONNECTIONS/Manyatta/DMM pipelines.shp
,,,,,37.075,0,0.1,OPEN,,CBD,FEB/2016,,Service line,,In service,DMM,,,,17,0.50,0,DMM pipelines,E:/SEURECA KISUMU/MARCH ANALYSIS REDONE/POTENTIAL CONNECTIONS/Manyatta/DMM pipelines.shp
,,,,,13.930,0,0.1,OPEN,,CBD,FEB/2016,,Service line,,In service,DMM,,,,20,0.75,0,DMM pipelines,E:/SEURECA KISUMU/MARCH ANALYSIS REDONE/POTENTIAL CONNECTIONS/Manyatta/DMM pipelines.shp
,,,,,32.164,0,0.1,OPEN,,CBD,FEB/2016,,Service line,,In service,DMM,,,,20,0.75,0,DMM pipelines,E:/SEURECA KISUMU/MARCH ANALYSIS REDONE/POTENTIAL CONNECTIONS/Manyatta/DMM pipelines.shp
,,,,,55.855,0,0.1,OPEN,,CBD,FEB/2016,,Service line,,In service,DMM,,,,20,0.75,0,DMM pipelines,E:/SEURECA KISUMU/MARCH ANALYSIS REDONE/POTENTIAL CONNECTIONS/Manyatta/DMM pipelines.shp
,,,,,34.399,0,0.1,OPEN,,CBD,FEB/2016,,Service line,,In service,DMM,,,,20,0.75,0,DMM pipelines,E:/SEURECA KISUMU/MARCH ANALYSIS REDONE/POTENTIAL CONNECTIONS/Manyatta/DMM pipelines.shp
,,,,,53.067,0,0.1,OPEN,,CBD,FEB/2016,,Service line,,In service,DMM,,,,20,0.75,0,DMM pipelines,E:/SEURECA KISUMU/MARCH ANALYSIS REDONE/POTENTIAL CONNECTIONS/Manyatta/DMM pipelines.shp
,,,,,77.510,0,0.1,OPEN,,CBD,FEB/2016,,Service line,,In service,DMM,,,,20,0.75,0,DMM pipelines,E:/SEURECA KISUMU/MARCH ANALYSIS REDONE/POTENTIAL CONNECTIONS/Manyatta/DMM pipelines.shp
,,,,,4.944,0,0.1,OPEN,,CBD,FEB/2016,,Service line,,In service,DMM,,,,20,0.75,0,DMM pipelines,E:/SEURECA KISUMU/MARCH ANALYSIS REDONE/POTENTIAL CONNECTIONS/Manyatta/DMM pipelines.shp
,,,,,19.024,0,0.1,OPEN,,CBD,FEB/2016,,Service line,,In service,DMM,,,,20,0.75,0,DMM pipelines,E:/SEURECA KISUMU/MARCH ANALYSIS REDONE/POTENTIAL CONNECTIONS/Manyatta/DMM pipelines.shp
,,,,,15.970,0,0.1,OPEN,,CBD,FEB/2016,,Service line,,In service,DMM,,,,20,0.75,0,DMM pipelines,E:/SEURECA KISUMU/MARCH ANALYSIS REDONE/POTENTIAL CONNECTIONS/Manyatta/DMM pipelines.shp
,,,,,9.383,0,0.1,OPEN,,CBD,FEB/2016,,Service line,,In service,DMM,,,,17,0.50,0,DMM pipelines,E:/SEURECA KISUMU/MARCH ANALYSIS REDONE/POTENTIAL CONNECTIONS/Manyatta/DMM pipelines.shp
,,,,,210.708,0,0.1,OPEN,,CBD,FEB/2016,,Service line,,In service,DMM,,,,20,0.75,0,DMM pipelines,E:/SEURECA KISUMU/MARCH ANALYSIS REDONE/POTENTIAL CONNECTIONS/Manyatta/DMM pipelines.shp
,,,,,36.200,0,0.1,OPEN,,CBD,FEB/2016,,Service line,,In service,DMM,,,,17,0.50,0,DMM pipelines,E:/SEURECA KISUMU/MARCH ANALYSIS REDONE/POTENTIAL CONNECTIONS/Manyatta/DMM pipelines.shp
,,,,,124.354,0,0.1,OPEN,,CBD,FEB/2016,,,,In service,DMM,,,,25,1.00,0,DMM pipelines,E:/SEURECA KISUMU/MARCH ANALYSIS REDONE/POTENTIAL CONNECTIONS/Manyatta/DMM pipelines.shp
,,,,,4.410,0,0.1,OPEN,,CBD,FEB/2016,,Service line,,In service,DMM,,,,20,0.75,0,DMM pipelines,E:/SEURECA KISUMU/MARCH ANALYSIS REDONE/POTENTIAL CONNECTIONS/Manyatta/DMM pipelines.shp
,,,,,408.867,0,0.1,OPEN,,CBD,FEB/2016,,Distribution Main,,In service,DMM,,,,20,0.75,0,DMM pipelines,E:/SEURECA KISUMU/MARCH ANALYSIS REDONE/POTENTIAL CONNECTIONS/Manyatta/DMM pipelines.shp
,,,,,11.207,0,0.1,OPEN,,CBD,FEB/2016,,Service line,,In service,DMM,,,,17,0.50,0,DMM pipelines,E:/SEURECA KISUMU/MARCH ANALYSIS REDONE/POTENTIAL CONNECTIONS/Manyatta/DMM pipelines.shp
,,,,,14.610,0,0.1,OPEN,,CBD,FEB/2016,,Service line,,In service,DMM,,,,17,0.50,0,DMM pipelines,E:/SEURECA KISUMU/MARCH ANALYSIS REDONE/POTENTIAL CONNECTIONS/Manyatta/DMM pipelines.shp
,,,,,63.693,0,0.1,OPEN,,CBD,FEB/2016,,Service line,,In service,DMM,,,,17,0.50,0,DMM pipelines,E:/SEURECA KISUMU/MARCH ANALYSIS REDONE/POTENTIAL CONNECTIONS/Manyatta/DMM pipelines.shp
,,,,,47.720,0,0.1,OPEN,,CBD,FEB/2016,,Service line,,In service,DMM,,,,20,0.75,0,DMM pipelines,E:/SEURECA KISUMU/MARCH ANALYSIS REDONE/POTENTIAL CONNECTIONS/Manyatta/DMM pipelines.shp
,,,,,315.710,0,0.1,OPEN,,CBD,FEB/2016,,Distribution Main,,In service,DMM,,,,20,0.75,0,DMM pipelines,E:/SEURECA KISUMU/MARCH ANALYSIS REDONE/POTENTIAL CONNECTIONS/Manyatta/DMM pipelines.shp
,,,,,13.001,0,0.1,OPEN,,CBD,FEB/2016,,Service line,,In service,DMM,,,,17,0.50,0,DMM pipelines,E:/SEURECA KISUMU/MARCH ANALYSIS REDONE/POTENTIAL CONNECTIONS/Manyatta/DMM pipelines.shp
,,,,,2.197,0,0.1,OPEN,,CBD,FEB/2016,,Service line,,In service,DMM,,,,17,0.50,0,DMM pipelines,E:/SEURECA KISUMU/MARCH ANALYSIS REDONE/POTENTIAL CONNECTIONS/Manyatta/DMM pipelines.shp
,,,,,529.173,0,0.1,OPEN,,CBD,FEB/2016,,Distribution Main,,In service,DMM,,,,25,1.00,0,DMM pipelines,E:/SEURECA KISUMU/MARCH ANALYSIS REDONE/POTENTIAL CONNECTIONS/Manyatta/DMM pipelines.shp
,,,,,139.208,0,0.1,OPEN,,CBD,FEB/2016,,Service line,,In service,DMM,,,,20,0.75,0,DMM pipelines,E:/SEURECA KISUMU/MARCH ANALYSIS REDONE/POTENTIAL CONNECTIONS/Manyatta/DMM pipelines.shp
,,,,,5.908,0,0.1,OPEN,,CBD,FEB/2016,,Service line,,In service,DMM,,,,20,0.75,0,DMM pipelines,E:/SEURECA KISUMU/MARCH ANALYSIS REDONE/POTENTIAL CONNECTIONS/Manyatta/DMM pipelines.shp
,,,,,25.991,0,0.1,OPEN,,CBD,FEB/2016,,Service line,,In service,DMM,,,,20,0.75,0,DMM pipelines,E:/SEURECA KISUMU/MARCH ANALYSIS REDONE/POTENTIAL CONNECTIONS/Manyatta/DMM pipelines.shp
,,,,,147.114,0,0.1,OPEN,,CBD,FEB/2016,,Service line,,In service,DMM,,,,20,0.75,0,DMM pipelines,E:/SEURECA KISUMU/MARCH ANALYSIS REDONE/POTENTIAL CONNECTIONS/Manyatta/DMM pipelines.shp
,,,,,112.532,0,0.1,OPEN,,CBD,FEB/2016,,Service line,,In service,DMM,,,,20,0.75,0,DMM pipelines,E:/SEURECA KISUMU/MARCH ANALYSIS REDONE/POTENTIAL CONNECTIONS/Manyatta/DMM pipelines.shp
,,,,,15.369,0,0.1,OPEN,,CBD,FEB/2016,,Service line,,In service,DMM,,,,17,0.50,0,DMM pipelines,E:/SEURECA KISUMU/MARCH ANALYSIS REDONE/POTENTIAL CONNECTIONS/Manyatta/DMM pipelines.shp
,,,,,7.527,0,0.1,OPEN,,CBD,FEB/2016,,Service line,,In service,DMM,,,,20,0.75,0,DMM pipelines,E:/SEURECA KISUMU/MARCH ANALYSIS REDONE/POTENTIAL CONNECTIONS/Manyatta/DMM pipelines.shp
,,,,,3.638,0,0.1,OPEN,,CBD,FEB/2016,,Service line,,In service,DMM,,,,17,0.50,0,DMM pipelines,E:/SEURECA KISUMU/MARCH ANALYSIS REDONE/POTENTIAL CONNECTIONS/Manyatta/DMM pipelines.shp
,,,,,3.210,0,0.1,OPEN,,,FEB/2016,,Service line,,In service,DMM,,,,20,0.75,0,DMM pipelines,E:/SEURECA KISUMU/MARCH ANALYSIS REDONE/POTENTIAL CONNECTIONS/Manyatta/DMM pipelines.shp
,,,,,20.378,0,0.1,OPEN,,CBD,FEB/2016,,Service line,,In service,DMM,,,,20,0.75,0,DMM pipelines,E:/SEURECA KISUMU/MARCH ANALYSIS REDONE/POTENTIAL CONNECTIONS/Manyatta/DMM pipelines.shp
,,,,,2.488,0,0.1,OPEN,,CDD,FEB/2016,,Service line,,In service,DMM,,,,20,0.75,0,DMM pipelines,E:/SEURECA KISUMU/MARCH ANALYSIS REDONE/POTENTIAL CONNECTIONS/Manyatta/DMM pipelines.shp
,,,,,1958.091,0,0.1,OPEN,,KREKAJ,FEB/2016,,Distribution Main,,In service,Confirm extention termination,,,,100,4.00,0,DMM pipelines,E:/SEURECA KISUMU/MARCH ANALYSIS REDONE/POTENTIAL CONNECTIONS/Manyatta/DMM pipelines.shp
,,,,,32.335,0,0.1,OPEN,,KREKAJ,FEB/2016,,Distribution Main,,In service,DMM,,,,100,4.00,0,DMM pipelines,E:/SEURECA KISUMU/MARCH ANALYSIS REDONE/POTENTIAL CONNECTIONS/Manyatta/DMM pipelines.shp
,,,,,63.283,0,0.1,OPEN,,KREKAJ,FEB/2016,,Distribution Main,,In service,DMM,,,,75,3.00,0,DMM pipelines,E:/SEURECA KISUMU/MARCH ANALYSIS REDONE/POTENTIAL CONNECTIONS/Manyatta/DMM pipelines.shp
,,,,,584.074,0,0.1,OPEN,,KREKAJ,FEB/2016,,Distribution Main,,In service,DMM,,,,40,1.50,0,DMM pipelines,E:/SEURECA KISUMU/MARCH ANALYSIS REDONE/POTENTIAL CONNECTIONS/Manyatta/DMM pipelines.shp
,,,,,123.077,0,0.1,OPEN,,KREKAJ,FEB/2016,,Distribution Main,,In service,,,,,50,2.00,0,DMM pipelines,E:/SEURECA KISUMU/MARCH ANALYSIS REDONE/POTENTIAL CONNECTIONS/Manyatta/DMM pipelines.shp
,,,,,531.218,0,0.1,OPEN,,KREKAJ,FEB/2016,,Distribution Main,,In service,,,,,75,3.00,0,DMM pipelines,E:/SEURECA KISUMU/MARCH ANALYSIS REDONE/POTENTIAL CONNECTIONS/Manyatta/DMM pipelines.shp
,,,,,150.524,0,0.1,OPEN,,KREKAJ,FEB/2016,,Distribution Main,,In service,DMM,,,,40,1.50,0,DMM pipelines,E:/SEURECA KISUMU/MARCH ANALYSIS REDONE/POTENTIAL CONNECTIONS/Manyatta/DMM pipelines.shp
,,,,,76.949,0,0.1,OPEN,,KREKAJ,FEB/2016,,Service line,,In service,DMM,,,,20,0.75,0,DMM pipelines,E:/SEURECA KISUMU/MARCH ANALYSIS REDONE/POTENTIAL CONNECTIONS/Manyatta/DMM pipelines.shp
,,,,,4.181,0,0.1,OPEN,,KREKAJ,FEB/2016,,Service line,,In service,DMM,,,,20,0.75,0,DMM pipelines,E:/SEURECA KISUMU/MARCH ANALYSIS REDONE/POTENTIAL CONNECTIONS/Manyatta/DMM pipelines.shp
,,,,,102.760,0,0.1,OPEN,,KREKAJ,FEB/2016,,Service line,,In service,DMM,,,,25,1.00,0,DMM pipelines,E:/SEURECA KISUMU/MARCH ANALYSIS REDONE/POTENTIAL CONNECTIONS/Manyatta/DMM pipelines.shp
,,,,,52.627,0,0.1,OPEN,,KREKAJ,FEB/2016,,Service line,,In service,DMM,,,,20,0.75,0,DMM pipelines,E:/SEURECA KISUMU/MARCH ANALYSIS REDONE/POTENTIAL CONNECTIONS/Manyatta/DMM pipelines.shp
,,,,,32.292,0,0.1,OPEN,,KREKAJ,FEB/2016,,Service line,,In service,DMM,,,,20,0.75,0,DMM pipelines,E:/SEURECA KISUMU/MARCH ANALYSIS REDONE/POTENTIAL CONNECTIONS/Manyatta/DMM pipelines.shp
,,,,,13.774,0,0.1,OPEN,,KREKAJ,FEB/2016,,Service line,,In service,DMM,,,,,,0,DMM pipelines,E:/SEURECA KISUMU/MARCH ANALYSIS REDONE/POTENTIAL CONNECTIONS/Manyatta/DMM pipelines.shp
,,,,,28.055,0,0.1,OPEN,,KREKAJ,FEB/2016,,Service line,,In service,DMM,,,,20,0.75,0,DMM pipelines,E:/SEURECA KISUMU/MARCH ANALYSIS REDONE/POTENTIAL CONNECTIONS/Manyatta/DMM pipelines.shp
,,,,,199.019,0,0.1,OPEN,,KREKAJ,FEB/2016,,Service line,,In service,DMM,,,,20,0.75,0,DMM pipelines,E:/SEURECA KISUMU/MARCH ANALYSIS REDONE/POTENTIAL CONNECTIONS/Manyatta/DMM pipelines.shp
,,,,,74.804,0,0.1,OPEN,,KREKAJ,FEB/2016,,Service line,,In service,,,,,,,0,DMM pipelines,E:/SEURECA KISUMU/MARCH ANALYSIS REDONE/POTENTIAL CONNECTIONS/Manyatta/DMM pipelines.shp
,,,,,41.267,0,0.1,OPEN,,KREKAJ,FEB/2016,,Service line,,In service,,,,,,,0,DMM pipelines,E:/SEURECA KISUMU/MARCH ANALYSIS REDONE/POTENTIAL CONNECTIONS/Manyatta/DMM pipelines.shp
,,,,,136.856,0,0.1,OPEN,,KREKAJ,FEB/2016,,Service line,,In service,,,,,,,0,DMM pipelines,E:/SEURECA KISUMU/MARCH ANALYSIS REDONE/POTENTIAL CONNECTIONS/Manyatta/DMM pipelines.shp
,,,,,4.316,0,0.1,OPEN,,KREKAJ,FEB/2016,,Service line,,In service,,,,,,,0,DMM pipelines,E:/SEURECA KISUMU/MARCH ANALYSIS REDONE/POTENTIAL CONNECTIONS/Manyatta/DMM pipelines.shp
,,,,,56.537,0,0.1,OPEN,,KREKAJ,FEB/2016,,Service line,,In service,,,,,,,0,DMM pipelines,E:/SEURECA KISUMU/MARCH ANALYSIS REDONE/POTENTIAL CONNECTIONS/Manyatta/DMM pipelines.shp
,,,,,19.952,0,0.1,OPEN,,KREKAJ,FEB/2016,,Service line,,In service,,,,,17,0.50,0,DMM pipelines,E:/SEURECA KISUMU/MARCH ANALYSIS REDONE/POTENTIAL CONNECTIONS/Manyatta/DMM pipelines.shp
,,,,,69.954,0,0.1,OPEN,,KREKAJ,FEB/2016,,Service line,,In service,,,,,,,0,DMM pipelines,E:/SEURECA KISUMU/MARCH ANALYSIS REDONE/POTENTIAL CONNECTIONS/Manyatta/DMM pipelines.shp
,,,,,8.770,0,0.1,OPEN,,KREKAJ,FEB/2016,,Service line,,In service,,,,,,,0,DMM pipelines,E:/SEURECA KISUMU/MARCH ANALYSIS REDONE/POTENTIAL CONNECTIONS/Manyatta/DMM pipelines.shp
,,,,,9.317,0,0.1,OPEN,,KREKAJ,FEB/2016,,Service line,,In service,,,,,,,0,DMM pipelines,E:/SEURECA KISUMU/MARCH ANALYSIS REDONE/POTENTIAL CONNECTIONS/Manyatta/DMM pipelines.shp
,,,,,13.402,0,0.1,OPEN,,KREKAJ,FEB/2016,,Service line,,In service,,,,,,,0,DMM pipelines,E:/SEURECA KISUMU/MARCH ANALYSIS REDONE/POTENTIAL CONNECTIONS/Manyatta/DMM pipelines.shp
,,,,,55.811,0,0.1,OPEN,,KREKAJ,FEB/2016,,Service line,,In service,,,,,,,0,DMM pipelines,E:/SEURECA KISUMU/MARCH ANALYSIS REDONE/POTENTIAL CONNECTIONS/Manyatta/DMM pipelines.shp
,,,,,80.888,0,0.1,OPEN,,KREKAJ,FEB/2016,,Service line,,In service,,,,,,,0,DMM pipelines,E:/SEURECA KISUMU/MARCH ANALYSIS REDONE/POTENTIAL CONNECTIONS/Manyatta/DMM pipelines.shp
,,,,,12.488,0,0.1,OPEN,,KREKAJ,FEB/2016,,Service line,,In service,,,,,,,0,DMM pipelines,E:/SEURECA KISUMU/MARCH ANALYSIS REDONE/POTENTIAL CONNECTIONS/Manyatta/DMM pipelines.shp
,,,,,66.587,0,0.1,OPEN,,KREKAJ,FEB/2016,,Service line,,In service,,,,,,,0,DMM pipelines,E:/SEURECA KISUMU/MARCH ANALYSIS REDONE/POTENTIAL CONNECTIONS/Manyatta/DMM pipelines.shp
,,,,,116.498,0,0.1,OPEN,,KREKAJ,FEB/2016,,Service line,,In service,,,,,,,0,DMM pipelines,E:/SEURECA KISUMU/MARCH ANALYSIS REDONE/POTENTIAL CONNECTIONS/Manyatta/DMM pipelines.shp
,,,,,1.770,0,0.1,OPEN,,KREKAJ,FEB/2016,,Service line,,In service,,,,,,,0,DMM pipelines,E:/SEURECA KISUMU/MARCH ANALYSIS REDONE/POTENTIAL CONNECTIONS/Manyatta/DMM pipelines.shp
,,,,,9.379,0,0.1,OPEN,,KREKAJ,FEB/2016,,Service line,,In service,DMM,,,,40,1.50,0,DMM pipelines,E:/SEURECA KISUMU/MARCH ANALYSIS REDONE/POTENTIAL CONNECTIONS/Manyatta/DMM pipelines.shp
,,,,,177.264,0,0.1,OPEN,,KREKAJ,FEB/2016,,Service line,,In service,,,,,,,0,DMM pipelines,E:/SEURECA KISUMU/MARCH ANALYSIS REDONE/POTENTIAL CONNECTIONS/Manyatta/DMM pipelines.shp
,,,,,30.765,0,0.1,OPEN,,KREKAJ,FEB/2016,,Service line,,In service,,,,,,,0,DMM pipelines,E:/SEURECA KISUMU/MARCH ANALYSIS REDONE/POTENTIAL CONNECTIONS/Manyatta/DMM pipelines.shp
,,,,,145.438,0,0.1,OPEN,,KREKAJ,FEB/2016,,Service line,,In service,,,,,,,0,DMM pipelines,E:/SEURECA KISUMU/MARCH ANALYSIS REDONE/POTENTIAL CONNECTIONS/Manyatta/DMM pipelines.shp
,,,,,160.683,0,0.1,OPEN,,KREKAJ,FEB/2016,,Service line,,In service,,,,,,,0,DMM pipelines,E:/SEURECA KISUMU/MARCH ANALYSIS REDONE/POTENTIAL CONNECTIONS/Manyatta/DMM pipelines.shp
,,,,,106.152,0,0.1,OPEN,,KREKAJ,FEB/2016,,Service line,,In service,,,,,,,0,DMM pipelines,E:/SEURECA KISUMU/MARCH ANALYSIS REDONE/POTENTIAL CONNECTIONS/Manyatta/DMM pipelines.shp
,,,,,37.338,0,0.1,OPEN,,KREKAJ,FEB/2016,,Service line,,In service,,,,,17,0.50,0,DMM pipelines,E:/SEURECA KISUMU/MARCH ANALYSIS REDONE/POTENTIAL CONNECTIONS/Manyatta/DMM pipelines.shp
,,,,,76.491,0,0.1,OPEN,,KREKAJ,FEB/2016,,Service line,,In service,,,,,,,0,DMM pipelines,E:/SEURECA KISUMU/MARCH ANALYSIS REDONE/POTENTIAL CONNECTIONS/Manyatta/DMM pipelines.shp
,,,,,108.922,0,0.1,OPEN,,KREKAJ,FEB/2016,,Service line,,In service,,,,,,,0,DMM pipelines,E:/SEURECA KISUMU/MARCH ANALYSIS REDONE/POTENTIAL CONNECTIONS/Manyatta/DMM pipelines.shp
,,,,,69.884,0,0.1,OPEN,,KREKAJ,FEB/2016,,Service line,,In service,,,,,20,0.75,0,DMM pipelines,E:/SEURECA KISUMU/MARCH ANALYSIS REDONE/POTENTIAL CONNECTIONS/Manyatta/DMM pipelines.shp
,,,,,69.930,0,0.1,OPEN,,KREKAJ,FEB/2016,,Service line,,In service,,,,,20,0.75,0,DMM pipelines,E:/SEURECA KISUMU/MARCH ANALYSIS REDONE/POTENTIAL CONNECTIONS/Manyatta/DMM pipelines.shp
,,,,,6.078,0,0.1,OPEN,,KREKAJ,FEB/2016,,Service line,,In service,,,,,20,0.75,0,DMM pipelines,E:/SEURECA KISUMU/MARCH ANALYSIS REDONE/POTENTIAL CONNECTIONS/Manyatta/DMM pipelines.shp
,,,,,61.549,0,0.1,OPEN,,KREKAJ,FEB/2016,,Service line,,In service,,,,,20,0.75,0,DMM pipelines,E:/SEURECA KISUMU/MARCH ANALYSIS REDONE/POTENTIAL CONNECTIONS/Manyatta/DMM pipelines.shp
,,,,,102.582,0,0.1,OPEN,,KREKAJ,FEB/2016,,Service line,,In service,,,,,20,0.75,0,DMM pipelines,E:/SEURECA KISUMU/MARCH ANALYSIS REDONE/POTENTIAL CONNECTIONS/Manyatta/DMM pipelines.shp
,,,,,104.796,0,0.1,OPEN,,KREKAJ,FEB/2016,,Service line,,In service,,,,,20,0.75,0,DMM pipelines,E:/SEURECA KISUMU/MARCH ANALYSIS REDONE/POTENTIAL CONNECTIONS/Manyatta/DMM pipelines.shp
,,,,,27.597,0,0.1,OPEN,,KREKAJ,FEB/2016,,Service line,,In service,,,,,20,0.75,0,DMM pipelines,E:/SEURECA KISUMU/MARCH ANALYSIS REDONE/POTENTIAL CONNECTIONS/Manyatta/DMM pipelines.shp
,,,,,118.069,0,0.1,OPEN,,KREKAJ,FEB/2016,,Service line,,In service,,,,,25,1.00,0,DMM pipelines,E:/SEURECA KISUMU/MARCH ANALYSIS REDONE/POTENTIAL CONNECTIONS/Manyatta/DMM pipelines.shp
,,,,,25.219,0,0.1,OPEN,,KREKAJ,FEB/2016,,Service line,,In service,,,,,20,0.75,0,DMM pipelines,E:/SEURECA KISUMU/MARCH ANALYSIS REDONE/POTENTIAL CONNECTIONS/Manyatta/DMM pipelines.shp
,,,,,44.899,0,0.1,OPEN,,KREKAJ,FEB/2016,,Service line,,In service,,,,,17,0.50,0,DMM pipelines,E:/SEURECA KISUMU/MARCH ANALYSIS REDONE/POTENTIAL CONNECTIONS/Manyatta/DMM pipelines.shp
,,,,,116.713,0,0.1,OPEN,,KREKAJ,FEB/2016,,Service line,,In service,,,,,20,0.75,0,DMM pipelines,E:/SEURECA KISUMU/MARCH ANALYSIS REDONE/POTENTIAL CONNECTIONS/Manyatta/DMM pipelines.shp
,,,,,10.948,0,0.1,OPEN,,KREKAJ,FEB/2016,,Service line,,In service,,,,,20,0.75,0,DMM pipelines,E:/SEURECA KISUMU/MARCH ANALYSIS REDONE/POTENTIAL CONNECTIONS/Manyatta/DMM pipelines.shp
,,,,,79.282,0,0.1,OPEN,,KREKAJ,FEB/2016,,Service line,,In service,,,,,20,0.75,0,DMM pipelines,E:/SEURECA KISUMU/MARCH ANALYSIS REDONE/POTENTIAL CONNECTIONS/Manyatta/DMM pipelines.shp
,,,,,4.455,0,0.1,OPEN,,KREKAJ,FEB/2016,,Service line,,In service,,,,,20,0.75,0,DMM pipelines,E:/SEURECA KISUMU/MARCH ANALYSIS REDONE/POTENTIAL CONNECTIONS/Manyatta/DMM pipelines.shp
,,,,,0.994,0,0.1,OPEN,,KREKAJ,FEB/2016,,Service line,,In service,,,,,20,0.75,0,DMM pipelines,E:/SEURECA KISUMU/MARCH ANALYSIS REDONE/POTENTIAL CONNECTIONS/Manyatta/DMM pipelines.shp
,,,,,13.639,0,0.1,OPEN,,KREKAJ,FEB/2016,,Service line,,In service,,,,,20,0.75,0,DMM pipelines,E:/SEURECA KISUMU/MARCH ANALYSIS REDONE/POTENTIAL CONNECTIONS/Manyatta/DMM pipelines.shp
,,,,,8.460,0,0.1,OPEN,,KREKAJ,FEB/2016,,Service line,,In service,,,,,20,0.75,0,DMM pipelines,E:/SEURECA KISUMU/MARCH ANALYSIS REDONE/POTENTIAL CONNECTIONS/Manyatta/DMM pipelines.shp
,,,,,27.050,0,0.1,OPEN,,KREKAJ,FEB/2016,,Service line,,In service,,,,,20,0.75,0,DMM pipelines,E:/SEURECA KISUMU/MARCH ANALYSIS REDONE/POTENTIAL CONNECTIONS/Manyatta/DMM pipelines.shp
,,,,,33.358,0,0.1,OPEN,,KREKAJ,FEB/2016,,Service line,,In service,,,,,25,1.00,0,DMM pipelines,E:/SEURECA KISUMU/MARCH ANALYSIS REDONE/POTENTIAL CONNECTIONS/Manyatta/DMM pipelines.shp
,,,,,33.082,0,0.1,OPEN,,KREKAJ,FEB/2016,,Service line,,In service,,,,,20,0.75,0,DMM pipelines,E:/SEURECA KISUMU/MARCH ANALYSIS REDONE/POTENTIAL CONNECTIONS/Manyatta/DMM pipelines.shp
,,,,,5.729,0,0.1,OPEN,,KREKAJ,FEB/2016,,Service line,,In service,,,,,20,0.75,0,DMM pipelines,E:/SEURECA KISUMU/MARCH ANALYSIS REDONE/POTENTIAL CONNECTIONS/Manyatta/DMM pipelines.shp
,,,,,90.554,0,0.1,OPEN,,KREKAJ,FEB/2016,,Service line,,In service,,,,,20,0.75,0,DMM pipelines,E:/SEURECA KISUMU/MARCH ANALYSIS REDONE/POTENTIAL CONNECTIONS/Manyatta/DMM pipelines.shp
,,,,,20.948,0,0.1,OPEN,,KREKAJ,FEB/2016,,Service line,,In service,,,,,20,0.75,0,DMM pipelines,E:/SEURECA KISUMU/MARCH ANALYSIS REDONE/POTENTIAL CONNECTIONS/Manyatta/DMM pipelines.shp
,,,,,40.837,0,0.1,OPEN,,KREKAJ,FEB/2016,,Service line,,In service,,,,,20,0.75,0,DMM pipelines,E:/SEURECA KISUMU/MARCH ANALYSIS REDONE/POTENTIAL CONNECTIONS/Manyatta/DMM pipelines.shp
,,,,,1.294,0,0.1,OPEN,,KREKAJ,FEB/2016,,Service line,,In service,,,,,20,0.75,0,DMM pipelines,E:/SEURECA KISUMU/MARCH ANALYSIS REDONE/POTENTIAL CONNECTIONS/Manyatta/DMM pipelines.shp
,,,,,6.734,0,0.1,OPEN,,KREKAJ,FEB/2016,,Service line,,In service,,,,,20,0.75,0,DMM pipelines,E:/SEURECA KISUMU/MARCH ANALYSIS REDONE/POTENTIAL CONNECTIONS/Manyatta/DMM pipelines.shp
,,,,,12.740,0,0.1,OPEN,,KREKAJ,FEB/2016,,Service line,,In service,,,,,20,0.75,0,DMM pipelines,E:/SEURECA KISUMU/MARCH ANALYSIS REDONE/POTENTIAL CONNECTIONS/Manyatta/DMM pipelines.shp
,,,,,3.473,0,0.1,OPEN,,KREKAJ,FEB/2016,,Service line,,In service,,,,,17,0.50,0,DMM pipelines,E:/SEURECA KISUMU/MARCH ANALYSIS REDONE/POTENTIAL CONNECTIONS/Manyatta/DMM pipelines.shp
,,,,,124.267,0,0.1,OPEN,,KREKAJ,FEB/2016,,Service line,,In service,,,,,20,0.75,0,DMM pipelines,E:/SEURECA KISUMU/MARCH ANALYSIS REDONE/POTENTIAL CONNECTIONS/Manyatta/DMM pipelines.shp
,,,,,63.301,0,0.1,OPEN,,KREKAJ,FEB/2016,,Service line,,In service,,,,,25,1.00,0,DMM pipelines,E:/SEURECA KISUMU/MARCH ANALYSIS REDONE/POTENTIAL CONNECTIONS/Manyatta/DMM pipelines.shp
,,,,,47.546,0,0.1,OPEN,,KREKAJ,FEB/2016,,Service line,,In service,,,,,17,0.50,0,DMM pipelines,E:/SEURECA KISUMU/MARCH ANALYSIS REDONE/POTENTIAL CONNECTIONS/Manyatta/DMM pipelines.shp
,,,,,30.981,0,0.1,OPEN,,KREKAJ,FEB/2016,,Service line,,In service,,,,,20,0.75,0,DMM pipelines,E:/SEURECA KISUMU/MARCH ANALYSIS REDONE/POTENTIAL CONNECTIONS/Manyatta/DMM pipelines.shp
,,,,,34.306,0,0.1,OPEN,,KREKAJ,FEB/2016,,Service line,,In service,,,,,20,0.75,0,DMM pipelines,E:/SEURECA KISUMU/MARCH ANALYSIS REDONE/POTENTIAL CONNECTIONS/Manyatta/DMM pipelines.shp
,,,,,9.768,0,0.1,OPEN,,KREKAJ,FEB/2016,,Service line,,In service,,,,,20,0.75,0,DMM pipelines,E:/SEURECA KISUMU/MARCH ANALYSIS REDONE/POTENTIAL CONNECTIONS/Manyatta/DMM pipelines.shp
,,,,,21.627,0,0.1,OPEN,,KREKAJ,FEB/2016,,Service line,,In service,,,,,20,0.75,0,DMM pipelines,E:/SEURECA KISUMU/MARCH ANALYSIS REDONE/POTENTIAL CONNECTIONS/Manyatta/DMM pipelines.shp
,,,,,22.759,0,0.1,OPEN,,KREKAJ,FEB/2016,,Service line,,In service,,,,,20,0.75,0,DMM pipelines,E:/SEURECA KISUMU/MARCH ANALYSIS REDONE/POTENTIAL CONNECTIONS/Manyatta/DMM pipelines.shp
,,,,,6.015,0,0.1,OPEN,,KREKAJ,FEB/2016,,Service line,,In service,,,,,17,0.50,0,DMM pipelines,E:/SEURECA KISUMU/MARCH ANALYSIS REDONE/POTENTIAL CONNECTIONS/Manyatta/DMM pipelines.shp
,,,,,21.282,0,0.1,OPEN,,KREKAJ,FEB/2016,,Service line,,In service,,,,,20,0.75,0,DMM pipelines,E:/SEURECA KISUMU/MARCH ANALYSIS REDONE/POTENTIAL CONNECTIONS/Manyatta/DMM pipelines.shp
,,,,,11.091,0,0.1,OPEN,,KREKAJ,FEB/2016,,Service line,,In service,,,,,20,0.75,0,DMM pipelines,E:/SEURECA KISUMU/MARCH ANALYSIS REDONE/POTENTIAL CONNECTIONS/Manyatta/DMM pipelines.shp
,,,,,51.447,0,0.1,OPEN,,KREKAJ,,,DM,,,,,,,50,,0,DMM pipelines,E:/SEURECA KISUMU/MARCH ANALYSIS REDONE/POTENTIAL CONNECTIONS/Manyatta/DMM pipelines.shp
,,,,,188.732,0,0.1,OPEN,,MIL,July/2016,,Distribution main,,,,,,,50,2.00,0,DMM pipelines,E:/SEURECA KISUMU/MARCH ANALYSIS REDONE/POTENTIAL CONNECTIONS/Manyatta/DMM pipelines.shp
,,,,,258.789,0,0.1,Open,,MIL,June/2015,,Distribution main,,In service,Ok,,,,32,1.25,0,DMM pipelines,E:/SEURECA KISUMU/MARCH ANALYSIS REDONE/POTENTIAL CONNECTIONS/Manyatta/DMM pipelines.shp
,,,,,644.409,0,0.1,,75,MIL,,,Distribution main,,,ok,,,,75,3.00,0,DMM pipelines,E:/SEURECA KISUMU/MARCH ANALYSIS REDONE/POTENTIAL CONNECTIONS/Manyatta/DMM pipelines.shp
,,,,,106.356,0,0.1,,75,MIL,,,Distribution main,,,ok,,,,75,3.00,0,DMM pipelines,E:/SEURECA KISUMU/MARCH ANALYSIS REDONE/POTENTIAL CONNECTIONS/Manyatta/DMM pipelines.shp
,,,,,145.585,0,0.1,,75,MIL,,,Distribution main,,,ok,,,,75,3.00,0,DMM pipelines,E:/SEURECA KISUMU/MARCH ANALYSIS REDONE/POTENTIAL CONNECTIONS/Manyatta/DMM pipelines.shp
,,,,,114.842,0,0.1,,75,MIL,,,Distribution main,,,ok,,,,75,3.00,0,DMM pipelines,E:/SEURECA KISUMU/MARCH ANALYSIS REDONE/POTENTIAL CONNECTIONS/Manyatta/DMM pipelines.shp
,,,,,85.187,0,0.1,,50,MIL,,,,,,,,,,50,2.00,0,DMM pipelines,E:/SEURECA KISUMU/MARCH ANALYSIS REDONE/POTENTIAL CONNECTIONS/Manyatta/DMM pipelines.shp
,,,,,13.910,0,0.1,,50,MIL,,,,,,,,,,50,2.00,0,DMM pipelines,E:/SEURECA KISUMU/MARCH ANALYSIS REDONE/POTENTIAL CONNECTIONS/Manyatta/DMM pipelines.shp
,,,,,5.571,0,0.1,,50,MIL,,,,,,,,,,50,2.00,0,DMM pipelines,E:/SEURECA KISUMU/MARCH ANALYSIS REDONE/POTENTIAL CONNECTIONS/Manyatta/DMM pipelines.shp
,,,,,13.581,0,0.1,,50,MIL,,,,,,,,,,50,2.00,0,DMM pipelines,E:/SEURECA KISUMU/MARCH ANALYSIS REDONE/POTENTIAL CONNECTIONS/Manyatta/DMM pipelines.shp
,,,,,12.794,0,0.1,,50,MIL,,,,,,,,,,50,2.00,0,DMM pipelines,E:/SEURECA KISUMU/MARCH ANALYSIS REDONE/POTENTIAL CONNECTIONS/Manyatta/DMM pipelines.shp
,,,,,41.769,0,0.1,,50,MIL,,,,,,,,,,50,2.00,0,DMM pipelines,E:/SEURECA KISUMU/MARCH ANALYSIS REDONE/POTENTIAL CONNECTIONS/Manyatta/DMM pipelines.shp
,,,,,28.525,0,0.1,,50,MIL,,,,,,,,,,50,2.00,0,DMM pipelines,E:/SEURECA KISUMU/MARCH ANALYSIS REDONE/POTENTIAL CONNECTIONS/Manyatta/DMM pipelines.shp
,,,,,46.455,0,0.1,,50,MIL,,,,,,,,,,50,2.00,0,DMM pipelines,E:/SEURECA KISUMU/MARCH ANALYSIS REDONE/POTENTIAL CONNECTIONS/Manyatta/DMM pipelines.shp
,,,,,10.992,0,0.1,,50,MIL,,,,,,,,,,50,2.00,0,DMM pipelines,E:/SEURECA KISUMU/MARCH ANALYSIS REDONE/POTENTIAL CONNECTIONS/Manyatta/DMM pipelines.shp
,,,,,7.289,0,0.1,,50,MIL,,,,,,,,,,50,2.00,0,DMM pipelines,E:/SEURECA KISUMU/MARCH ANALYSIS REDONE/POTENTIAL CONNECTIONS/Manyatta/DMM pipelines.shp
,,,,,6.070,0,0.1,,50,MIL,,,,,,,,,,50,2.00,0,DMM pipelines,E:/SEURECA KISUMU/MARCH ANALYSIS REDONE/POTENTIAL CONNECTIONS/Manyatta/DMM pipelines.shp
,,,,,65.022,0,0.1,,50,MIL,,,,,,,,,,50,2.00,0,DMM pipelines,E:/SEURECA KISUMU/MARCH ANALYSIS REDONE/POTENTIAL CONNECTIONS/Manyatta/DMM pipelines.shp
,,,,,2.970,0,0.1,,50,MIL,,,,,,,,,,50,2.00,0,DMM pipelines,E:/SEURECA KISUMU/MARCH ANALYSIS REDONE/POTENTIAL CONNECTIONS/Manyatta/DMM pipelines.shp
,,,,,182.202,0,0.1,,50,MIL,,,,,,,,,,50,2.00,0,DMM pipelines,E:/SEURECA KISUMU/MARCH ANALYSIS REDONE/POTENTIAL CONNECTIONS/Manyatta/DMM pipelines.shp
,,,,,1.997,0,0.1,,50,MIL,,,,,,,,,,50,2.00,0,DMM pipelines,E:/SEURECA KISUMU/MARCH ANALYSIS REDONE/POTENTIAL CONNECTIONS/Manyatta/DMM pipelines.shp
,,,,,14.098,0,0.1,,50,MIL,,,,,,,,,,50,2.00,0,DMM pipelines,E:/SEURECA KISUMU/MARCH ANALYSIS REDONE/POTENTIAL CONNECTIONS/Manyatta/DMM pipelines.shp
,,,,,1.301,0,0.1,,50,MIL,,,,,,,,,,50,2.00,0,DMM pipelines,E:/SEURECA KISUMU/MARCH ANALYSIS REDONE/POTENTIAL CONNECTIONS/Manyatta/DMM pipelines.shp
,,,,,24.726,0,0.1,,50,MIL,,,,,,,,,,50,2.00,0,DMM pipelines,E:/SEURECA KISUMU/MARCH ANALYSIS REDONE/POTENTIAL CONNECTIONS/Manyatta/DMM pipelines.shp
,,,,,9.463,0,0.1,,50,MIL,,,,,,,,,,50,2.00,0,DMM pipelines,E:/SEURECA KISUMU/MARCH ANALYSIS REDONE/POTENTIAL CONNECTIONS/Manyatta/DMM pipelines.shp
,,,,,16.392,0,0.1,,50,MIL,,,,,,,,,,50,2.00,0,DMM pipelines,E:/SEURECA KISUMU/MARCH ANALYSIS REDONE/POTENTIAL CONNECTIONS/Manyatta/DMM pipelines.shp
,,,,,17.787,0,0.1,,50,MIL,,,,,,,,,,50,2.00,0,DMM pipelines,E:/SEURECA KISUMU/MARCH ANALYSIS REDONE/POTENTIAL CONNECTIONS/Manyatta/DMM pipelines.shp
,,,,,18.917,0,0.1,,50,MIL,,,,,,,,,,50,2.00,0,DMM pipelines,E:/SEURECA KISUMU/MARCH ANALYSIS REDONE/POTENTIAL CONNECTIONS/Manyatta/DMM pipelines.shp
,,,,,9.502,0,0.1,,50,MIL,,,,,,,,,,50,2.00,0,DMM pipelines,E:/SEURECA KISUMU/MARCH ANALYSIS REDONE/POTENTIAL CONNECTIONS/Manyatta/DMM pipelines.shp
,,,,,15.681,0,0.1,,50,MIL,,,,,,,,,,50,2.00,0,DMM pipelines,E:/SEURECA KISUMU/MARCH ANALYSIS REDONE/POTENTIAL CONNECTIONS/Manyatta/DMM pipelines.shp
,,,,,98.238,0,0.1,,50,MIL,,,,,,,,,,50,2.00,0,DMM pipelines,E:/SEURECA KISUMU/MARCH ANALYSIS REDONE/POTENTIAL CONNECTIONS/Manyatta/DMM pipelines.shp
,,,,,11.739,0,0.1,,50,MIL,,,,,,,,,,50,2.00,0,DMM pipelines,E:/SEURECA KISUMU/MARCH ANALYSIS REDONE/POTENTIAL CONNECTIONS/Manyatta/DMM pipelines.shp
,,,,,21.439,0,0.1,,50,MIL,,,,,,,,,,50,2.00,0,DMM pipelines,E:/SEURECA KISUMU/MARCH ANALYSIS REDONE/POTENTIAL CONNECTIONS/Manyatta/DMM pipelines.shp
,,,,,7.955,0,0.1,,50,MIL,,,,,,,,,,50,2.00,0,DMM pipelines,E:/SEURECA KISUMU/MARCH ANALYSIS REDONE/POTENTIAL CONNECTIONS/Manyatta/DMM pipelines.shp
,,,,,12.237,0,0.1,,50,MIL,,,,,,,,,,50,2.00,0,DMM pipelines,E:/SEURECA KISUMU/MARCH ANALYSIS REDONE/POTENTIAL CONNECTIONS/Manyatta/DMM pipelines.shp
,,,,,72.161,0,0.1,,50,MIL,,,,,,,,,,50,2.00,0,DMM pipelines,E:/SEURECA KISUMU/MARCH ANALYSIS REDONE/POTENTIAL CONNECTIONS/Manyatta/DMM pipelines.shp
,,,,,11.145,0,0.1,,50,MIL,,,,,,,,,,50,2.00,0,DMM pipelines,E:/SEURECA KISUMU/MARCH ANALYSIS REDONE/POTENTIAL CONNECTIONS/Manyatta/DMM pipelines.shp
,,,,,2.483,0,0.1,,50,MIL,,,,,,,,,,50,2.00,0,DMM pipelines,E:/SEURECA KISUMU/MARCH ANALYSIS REDONE/POTENTIAL CONNECTIONS/Manyatta/DMM pipelines.shp
,,,,,54.553,0,0.1,,50,MIL,,,,,,,,,,50,2.00,0,DMM pipelines,E:/SEURECA KISUMU/MARCH ANALYSIS REDONE/POTENTIAL CONNECTIONS/Manyatta/DMM pipelines.shp
,,,,,6.170,0,0.1,,50,MIL,,,,,,,,,,50,2.00,0,DMM pipelines,E:/SEURECA KISUMU/MARCH ANALYSIS REDONE/POTENTIAL CONNECTIONS/Manyatta/DMM pipelines.shp
,,,,,3.855,0,0.1,,50,MIL,,,,,,,,,,50,2.00,0,DMM pipelines,E:/SEURECA KISUMU/MARCH ANALYSIS REDONE/POTENTIAL CONNECTIONS/Manyatta/DMM pipelines.shp
,,,,,3.878,0,0.1,,50,MIL,,,,,,,,,,50,2.00,0,DMM pipelines,E:/SEURECA KISUMU/MARCH ANALYSIS REDONE/POTENTIAL CONNECTIONS/Manyatta/DMM pipelines.shp
,,,,,24.913,0,0.1,,50,MIL,,,,,,,,,,50,2.00,0,DMM pipelines,E:/SEURECA KISUMU/MARCH ANALYSIS REDONE/POTENTIAL CONNECTIONS/Manyatta/DMM pipelines.shp
,,,,,3.534,0,0.1,,50,MIL,,,,,,,,,,50,2.00,0,DMM pipelines,E:/SEURECA KISUMU/MARCH ANALYSIS REDONE/POTENTIAL CONNECTIONS/Manyatta/DMM pipelines.shp
,,,,,35.538,0,0.1,,50,MIL,,,,,,,,,,50,2.00,0,DMM pipelines,E:/SEURECA KISUMU/MARCH ANALYSIS REDONE/POTENTIAL CONNECTIONS/Manyatta/DMM pipelines.shp
,,,,,1.664,0,0.1,,50,MIL,,,,,,,,,,50,2.00,0,DMM pipelines,E:/SEURECA KISUMU/MARCH ANALYSIS REDONE/POTENTIAL CONNECTIONS/Manyatta/DMM pipelines.shp
,,,,,8.202,0,0.1,,50,MIL,,,,,,,,,,50,2.00,0,DMM pipelines,E:/SEURECA KISUMU/MARCH ANALYSIS REDONE/POTENTIAL CONNECTIONS/Manyatta/DMM pipelines.shp
,,,,,16.188,0,0.1,,50,MIL,,,,,,,,,,50,2.00,0,DMM pipelines,E:/SEURECA KISUMU/MARCH ANALYSIS REDONE/POTENTIAL CONNECTIONS/Manyatta/DMM pipelines.shp
,,,,,52.627,0,0.1,OPEN,,KREKAJ,FEB/2016,,Service line,,In service,Obukase DMM Network,,,,17,0.50,0,DMM pipelines,E:/SEURECA KISUMU/MARCH ANALYSIS REDONE/POTENTIAL CONNECTIONS/Manyatta/DMM pipelines.shp
,,,,,32.292,0,0.1,OPEN,,KREKAJ,FEB/2016,,Service line,,In service,Obukase DMM Network,,,,17,0.50,0,DMM pipelines,E:/SEURECA KISUMU/MARCH ANALYSIS REDONE/POTENTIAL CONNECTIONS/Manyatta/DMM pipelines.shp
,,,,,13.774,0,0.1,OPEN,,KREKAJ,FEB/2016,,Service line,,In service,Obukase DMM Network,,,,17,0.50,0,DMM pipelines,E:/SEURECA KISUMU/MARCH ANALYSIS REDONE/POTENTIAL CONNECTIONS/Manyatta/DMM pipelines.shp
,,,,,28.055,0,0.1,OPEN,,KREKAJ,FEB/2016,,Service line,,In service,Obukase DMM Network,,,,17,0.50,0,DMM pipelines,E:/SEURECA KISUMU/MARCH ANALYSIS REDONE/POTENTIAL CONNECTIONS/Manyatta/DMM pipelines.shp
,,,,,10.948,0,0.1,OPEN,,KREKAJ,FEB/2016,,Service line,,In service,Obukase DMM Network,,,,17,0.50,0,DMM pipelines,E:/SEURECA KISUMU/MARCH ANALYSIS REDONE/POTENTIAL CONNECTIONS/Manyatta/DMM pipelines.shp
,,,,,79.282,0,0.1,OPEN,,KREKAJ,FEB/2016,,Service line,,In service,Obukase DMM Network,,,,17,0.50,0,DMM pipelines,E:/SEURECA KISUMU/MARCH ANALYSIS REDONE/POTENTIAL CONNECTIONS/Manyatta/DMM pipelines.shp
,,,,,76.785,0,0.1,OPEN,,KREKAJ,OCT/2016,,Service Line,,In service,Obukase DMM Network,,,,17,0.50,0,DMM pipelines,E:/SEURECA KISUMU/MARCH ANALYSIS REDONE/POTENTIAL CONNECTIONS/Manyatta/DMM pipelines.shp
,,,,,21.338,0,0.1,OPEN,,KREKAJ,OCT/2016,,Service Line,,In service,Obukase DMM Network,,,,17,0.50,0,DMM pipelines,E:/SEURECA KISUMU/MARCH ANALYSIS REDONE/POTENTIAL CONNECTIONS/Manyatta/DMM pipelines.shp
,,,,,30.890,0,0.1,OPEN,,KREKAJ,OCT/2016,,Distribution Main,,In service,Nyawita Residence DMM Network,,,,50,2.00,0,DMM pipelines,E:/SEURECA KISUMU/MARCH ANALYSIS REDONE/POTENTIAL CONNECTIONS/Manyatta/DMM pipelines.shp
,,,,,38.250,0,0.1,OPEN,,KREKAJ,OCT/2016,,Distribution Main,,In service,Nyawita Residence DMM Network,,,,50,2.00,0,DMM pipelines,E:/SEURECA KISUMU/MARCH ANALYSIS REDONE/POTENTIAL CONNECTIONS/Manyatta/DMM pipelines.shp
,,,,,151.943,0,0.1,OPEN,,KREKAJ,OCT/2016,,Service Line,,In service,Nyawita Residence DMM Network,,,,25,,0,DMM pipelines,E:/SEURECA KISUMU/MARCH ANALYSIS REDONE/POTENTIAL CONNECTIONS/Manyatta/DMM pipelines.shp
,,,,,42.676,0,0.1,OPEN,,KREKAJ,OCT/2016,,Distribution Main,,In service,Nyawita Residence DMM Network,,,,50,2.00,0,DMM pipelines,E:/SEURECA KISUMU/MARCH ANALYSIS REDONE/POTENTIAL CONNECTIONS/Manyatta/DMM pipelines.shp
,,,,,27.821,0,0.1,OPEN,,KREKAJ,OCT/2016,,Distribution Main,,In service,Nyawita Residence DMM Network,,,,32,1.25,0,DMM pipelines,E:/SEURECA KISUMU/MARCH ANALYSIS REDONE/POTENTIAL CONNECTIONS/Manyatta/DMM pipelines.shp
,,,,,90.304,0,0.1,OPEN,,KREKAJ,OCT/2016,,Service Line,,In service,Nyawita Residence DMM Network,,,,25,1.00,0,DMM pipelines,E:/SEURECA KISUMU/MARCH ANALYSIS REDONE/POTENTIAL CONNECTIONS/Manyatta/DMM pipelines.shp
,,,,,12.040,0,0.1,OPEN,,KREKAJ,OCT/2016,,Distribution Main,,In service,Nyawita Residence DMM Network,,,,32,1.25,0,DMM pipelines,E:/SEURECA KISUMU/MARCH ANALYSIS REDONE/POTENTIAL CONNECTIONS/Manyatta/DMM pipelines.shp
,,,,,390.230,0,0.1,OPEN,,KREKAJ,OCT/2016,,Distribution Main,,In service,Nyawita Residence DMM Network,,,,50,2.00,0,DMM pipelines,E:/SEURECA KISUMU/MARCH ANALYSIS REDONE/POTENTIAL CONNECTIONS/Manyatta/DMM pipelines.shp
,,,,,44.806,0,0.1,OPEN,,KREKAJ,OCT/2016,,Distribution Main,,In service,Nyawita Residence DMM Network,,,,50,2.00,0,DMM pipelines,E:/SEURECA KISUMU/MARCH ANALYSIS REDONE/POTENTIAL CONNECTIONS/Manyatta/DMM pipelines.shp
,,,,,15.682,0,0.1,OPEN,,KREKAJ,OCT/2016,,Service Line,,In service,Nyawita Residence DMM Network,,,,17,0.50,0,DMM pipelines,E:/SEURECA KISUMU/MARCH ANALYSIS REDONE/POTENTIAL CONNECTIONS/Manyatta/DMM pipelines.shp
,,,,,11.076,0,0.1,OPEN,,KREKAJ,OCT/2016,,Service Line,,In service,Nyawita Residence DMM Network,,,,17,0.50,0,DMM pipelines,E:/SEURECA KISUMU/MARCH ANALYSIS REDONE/POTENTIAL CONNECTIONS/Manyatta/DMM pipelines.shp
,,,,,3.560,0,0.1,OPEN,,KREKAJ,OCT/2016,,Service Line,,In service,Nyawita Residence DMM Network,,,,17,0.50,0,DMM pipelines,E:/SEURECA KISUMU/MARCH ANALYSIS REDONE/POTENTIAL CONNECTIONS/Manyatta/DMM pipelines.shp
,,,,,68.760,0,0.1,OPEN,,KREKAJ,OCT/2016,,Service Line,,In service,Nyawita Residence DMM Network,,,,17,0.50,0,DMM pipelines,E:/SEURECA KISUMU/MARCH ANALYSIS REDONE/POTENTIAL CONNECTIONS/Manyatta/DMM pipelines.shp
,,,,,14.545,0,0.1,OPEN,,KREKAJ,OCT/2016,,Service Line,,In service,Nyawita Residence DMM Network,,,,17,0.50,0,DMM pipelines,E:/SEURECA KISUMU/MARCH ANALYSIS REDONE/POTENTIAL CONNECTIONS/Manyatta/DMM pipelines.shp
,,,,,34.375,0,0.1,OPEN,,KREKAJ,OCT/2016,,Service Line,,In service,Nyawita Residence DMM Network,,,,17,0.50,0,DMM pipelines,E:/SEURECA KISUMU/MARCH ANALYSIS REDONE/POTENTIAL CONNECTIONS/Manyatta/DMM pipelines.shp
,,,,,54.176,0,0.1,OPEN,,KREKAJ,OCT/2016,,Service Line,,In service,Nyawita Residence DMM Network,,,,25,1.00,0,DMM pipelines,E:/SEURECA KISUMU/MARCH ANALYSIS REDONE/POTENTIAL CONNECTIONS/Manyatta/DMM pipelines.shp
,,,,,27.954,0,0.1,OPEN,,KREKAJ,OCT/2016,,Service Line,,In service,Nyawita Residence DMM Network,,,,17,0.50,0,DMM pipelines,E:/SEURECA KISUMU/MARCH ANALYSIS REDONE/POTENTIAL CONNECTIONS/Manyatta/DMM pipelines.shp
,,,,,54.239,0,0.1,OPEN,,KREKAJ,OCT/2016,,Service Line,,In service,Nyawita Residence DMM Network,,,,17,0.50,0,DMM pipelines,E:/SEURECA KISUMU/MARCH ANALYSIS REDONE/POTENTIAL CONNECTIONS/Manyatta/DMM pipelines.shp
,,,,,19.629,0,0.1,OPEN,,KREKAJ,OCT/2016,,Service Line,,In service,Nyawita Residence DMM Network,,,,17,0.50,0,DMM pipelines,E:/SEURECA KISUMU/MARCH ANALYSIS REDONE/POTENTIAL CONNECTIONS/Manyatta/DMM pipelines.shp
,,,,,5.759,0,0.1,OPEN,,KREKAJ,OCT/2016,,Service Line,,In service,Nyawita Residence DMM Network,,,,17,0.50,0,DMM pipelines,E:/SEURECA KISUMU/MARCH ANALYSIS REDONE/POTENTIAL CONNECTIONS/Manyatta/DMM pipelines.shp
,,,,,316.222,0,0.1,OPEN,,KREKAJ,OCT/2016,,Distribution Main,,In service,Nyawita Residence DMM Network,,,,50,2.00,0,DMM pipelines,E:/SEURECA KISUMU/MARCH ANALYSIS REDONE/POTENTIAL CONNECTIONS/Manyatta/DMM pipelines.shp
,,,,,94.423,0,0.1,OPEN,,KREKAJ,OCT/2016,,Service Line,,In service,Nyawita Residence DMM Network,,,,17,0.50,0,DMM pipelines,E:/SEURECA KISUMU/MARCH ANALYSIS REDONE/POTENTIAL CONNECTIONS/Manyatta/DMM pipelines.shp
,,,,,15.337,0,0.1,OPEN,,KREKAJ,OCT/2016,,Service Line,,In service,Nyawita Residence DMM Network,,,,17,0.50,0,DMM pipelines,E:/SEURECA KISUMU/MARCH ANALYSIS REDONE/POTENTIAL CONNECTIONS/Manyatta/DMM pipelines.shp
,,,,,16.494,0,0.1,OPEN,,KREKAJ,OCT/2016,,Service Line,,In service,Nyawita Residence DMM Network,,,,17,0.50,0,DMM pipelines,E:/SEURECA KISUMU/MARCH ANALYSIS REDONE/POTENTIAL CONNECTIONS/Manyatta/DMM pipelines.shp
,,,,,34.166,0,0.1,OPEN,,KREKAJ,OCT/2016,,Distribution Main,,In service,Nyawita Residence DMM Network,,,,32,0.00,0,DMM pipelines,E:/SEURECA KISUMU/MARCH ANALYSIS REDONE/POTENTIAL CONNECTIONS/Manyatta/DMM pipelines.shp
,,,,,5.836,0,0.1,OPEN,,KREKAJ,OCT/2016,,Distribution Main,,In service,Nyawita Residence DMM Network,,,,50,0.00,0,DMM pipelines,E:/SEURECA KISUMU/MARCH ANALYSIS REDONE/POTENTIAL CONNECTIONS/Manyatta/DMM pipelines.shp
,,,,,7.390,0,0.1,OPEN,,KREKAJ,OCT/2016,,Service Line,,In service,Nyawita Residence DMM Network,,,,17,0.50,0,DMM pipelines,E:/SEURECA KISUMU/MARCH ANALYSIS REDONE/POTENTIAL CONNECTIONS/Manyatta/DMM pipelines.shp
,,,,,35.634,0,0.1,OPEN,,KREKAJ,OCT/2016,,Service Line,,In service,Nyawita Residence DMM Network,,,,17,0.50,0,DMM pipelines,E:/SEURECA KISUMU/MARCH ANALYSIS REDONE/POTENTIAL CONNECTIONS/Manyatta/DMM pipelines.shp
,,,,,13.673,0,0.1,OPEN,,KREKAJ,OCT/2016,,Service Line,,In service,Nyawita Residence DMM Network,,,,17,0.50,0,DMM pipelines,E:/SEURECA KISUMU/MARCH ANALYSIS REDONE/POTENTIAL CONNECTIONS/Manyatta/DMM pipelines.shp
,,,,,56.982,0,0.1,OPEN,,KREKAJ,OCT/2016,,Distribution Main,,In service,Nyawita Residence DMM Network,,,,50,0.00,0,DMM pipelines,E:/SEURECA KISUMU/MARCH ANALYSIS REDONE/POTENTIAL CONNECTIONS/Manyatta/DMM pipelines.shp
,,,,,9.942,0,0.1,OPEN,,KREKAJ,OCT/2016,,Service Line,,In service,Nyawita Residence DMM Network,,,,17,0.50,0,DMM pipelines,E:/SEURECA KISUMU/MARCH ANALYSIS REDONE/POTENTIAL CONNECTIONS/Manyatta/DMM pipelines.shp
,,,,,13.711,0,0.1,OPEN,,KREKAJ,OCT/2016,,Service Line,,In service,Nyawita Residence DMM Network,,,,17,0.50,0,DMM pipelines,E:/SEURECA KISUMU/MARCH ANALYSIS REDONE/POTENTIAL CONNECTIONS/Manyatta/DMM pipelines.shp
,,,,,13.033,0,0.1,OPEN,,KREKAJ,OCT/2016,,Service Line,,In service,Nyawita Residence DMM Network,,,,17,0.50,0,DMM pipelines,E:/SEURECA KISUMU/MARCH ANALYSIS REDONE/POTENTIAL CONNECTIONS/Manyatta/DMM pipelines.shp
,,,,,36.197,0,0.1,OPEN,,KREKAJ,OCT/2016,,Service Line,,In service,Nyawita Residence DMM Network,,,,17,0.50,0,DMM pipelines,E:/SEURECA KISUMU/MARCH ANALYSIS REDONE/POTENTIAL CONNECTIONS/Manyatta/DMM pipelines.shp
,,,,,15.863,0,0.1,OPEN,,KREKAJ,OCT/2016,,Service Line,,In service,Nyawita Residence DMM Network,,,,17,0.50,0,DMM pipelines,E:/SEURECA KISUMU/MARCH ANALYSIS REDONE/POTENTIAL CONNECTIONS/Manyatta/DMM pipelines.shp
,,,,,19.105,0,0.1,OPEN,,KREKAJ,OCT/2016,,Service Line,,In service,Nyawita Residence DMM Network,,,,17,0.50,0,DMM pipelines,E:/SEURECA KISUMU/MARCH ANALYSIS REDONE/POTENTIAL CONNECTIONS/Manyatta/DMM pipelines.shp
,,,,,1958.091,0,0.1,OPEN,,KREKAJ,FEB/2016,,Distribution Main,,In service,Obukase DMM Network,,,,100,4.00,0,DMM pipelines,E:/SEURECA KISUMU/MARCH ANALYSIS REDONE/POTENTIAL CONNECTIONS/Manyatta/DMM pipelines.shp
,,,,,32.335,0,0.1,OPEN,,KREKAJ,FEB/2016,,Distribution Main,,In service,Obukase DMM Network,,,,100,4.00,0,DMM pipelines,E:/SEURECA KISUMU/MARCH ANALYSIS REDONE/POTENTIAL CONNECTIONS/Manyatta/DMM pipelines.shp
,,,,,63.283,0,0.1,OPEN,,KREKAJ,FEB/2016,,Distribution Main,,In service,Obukase DMM Network,,,,75,3.00,0,DMM pipelines,E:/SEURECA KISUMU/MARCH ANALYSIS REDONE/POTENTIAL CONNECTIONS/Manyatta/DMM pipelines.shp
,,,,,584.074,0,0.1,OPEN,,KREKAJ,FEB/2016,,Distribution Main,,In service,Obukase DMM Network,,,,40,1.50,0,DMM pipelines,E:/SEURECA KISUMU/MARCH ANALYSIS REDONE/POTENTIAL CONNECTIONS/Manyatta/DMM pipelines.shp
,,,,,123.077,0,0.1,OPEN,,KREKAJ,FEB/2016,,Distribution Main,,In service,Obukase DMM Network,,,,50,2.00,0,DMM pipelines,E:/SEURECA KISUMU/MARCH ANALYSIS REDONE/POTENTIAL CONNECTIONS/Manyatta/DMM pipelines.shp
,,,,,531.218,0,0.1,OPEN,,KREKAJ,FEB/2016,,Distribution Main,,In service,Obukase DMM Network,,,,75,3.00,0,DMM pipelines,E:/SEURECA KISUMU/MARCH ANALYSIS REDONE/POTENTIAL CONNECTIONS/Manyatta/DMM pipelines.shp
,,,,,150.524,0,0.1,OPEN,,KREKAJ,FEB/2016,,Distribution Main,,In service,Obukase DMM Network,,,,40,0.00,0,DMM pipelines,E:/SEURECA KISUMU/MARCH ANALYSIS REDONE/POTENTIAL CONNECTIONS/Manyatta/DMM pipelines.shp
,,,,,76.949,0,0.1,OPEN,,KREKAJ,FEB/2016,,Service line,,In service,Obukase DMM Network,,,,17,0.50,0,DMM pipelines,E:/SEURECA KISUMU/MARCH ANALYSIS REDONE/POTENTIAL CONNECTIONS/Manyatta/DMM pipelines.shp
,,,,,4.181,0,0.1,OPEN,,KREKAJ,FEB/2016,,Service line,,In service,Obukase DMM Network,,,,17,0.50,0,DMM pipelines,E:/SEURECA KISUMU/MARCH ANALYSIS REDONE/POTENTIAL CONNECTIONS/Manyatta/DMM pipelines.shp
,,,,,102.760,0,0.1,OPEN,,KREKAJ,FEB/2016,,Service line,,In service,Obukase DMM Network,,,,25,0.00,0,DMM pipelines,E:/SEURECA KISUMU/MARCH ANALYSIS REDONE/POTENTIAL CONNECTIONS/Manyatta/DMM pipelines.shp
,,,,,199.019,0,0.1,OPEN,,KREKAJ,FEB/2016,,Service line,,In service,Obukase DMM Network,,,,17,0.50,0,DMM pipelines,E:/SEURECA KISUMU/MARCH ANALYSIS REDONE/POTENTIAL CONNECTIONS/Manyatta/DMM pipelines.shp
,,,,,74.804,0,0.1,OPEN,,KREKAJ,FEB/2016,,Service line,,In service,Obukase DMM Network,,,,15,0.00,0,DMM pipelines,E:/SEURECA KISUMU/MARCH ANALYSIS REDONE/POTENTIAL CONNECTIONS/Manyatta/DMM pipelines.shp
,,,,,41.267,0,0.1,OPEN,,KREKAJ,FEB/2016,,Service line,,In service,Obukase DMM Network,,,,17,0.50,0,DMM pipelines,E:/SEURECA KISUMU/MARCH ANALYSIS REDONE/POTENTIAL CONNECTIONS/Manyatta/DMM pipelines.shp
,,,,,136.856,0,0.1,OPEN,,KREKAJ,FEB/2016,,Service line,,In service,Obukase DMM Network,,,,17,0.50,0,DMM pipelines,E:/SEURECA KISUMU/MARCH ANALYSIS REDONE/POTENTIAL CONNECTIONS/Manyatta/DMM pipelines.shp
,,,,,4.316,0,0.1,OPEN,,KREKAJ,FEB/2016,,Service line,,In service,Obukase DMM Network,,,,17,0.50,0,DMM pipelines,E:/SEURECA KISUMU/MARCH ANALYSIS REDONE/POTENTIAL CONNECTIONS/Manyatta/DMM pipelines.shp
,,,,,56.537,0,0.1,OPEN,,KREKAJ,FEB/2016,,Service line,,In service,Obukase DMM Network,,,,17,0.50,0,DMM pipelines,E:/SEURECA KISUMU/MARCH ANALYSIS REDONE/POTENTIAL CONNECTIONS/Manyatta/DMM pipelines.shp
,,,,,69.954,0,0.1,OPEN,,KREKAJ,FEB/2016,,Service line,,In service,Obukase DMM Network,,,,17,0.50,0,DMM pipelines,E:/SEURECA KISUMU/MARCH ANALYSIS REDONE/POTENTIAL CONNECTIONS/Manyatta/DMM pipelines.shp
,,,,,8.770,0,0.1,OPEN,,KREKAJ,FEB/2016,,Service line,,In service,Obukase DMM Network,,,,17,0.50,0,DMM pipelines,E:/SEURECA KISUMU/MARCH ANALYSIS REDONE/POTENTIAL CONNECTIONS/Manyatta/DMM pipelines.shp
,,,,,9.317,0,0.1,OPEN,,KREKAJ,FEB/2016,,Service line,,In service,Obukase DMM Network,,,,17,0.50,0,DMM pipelines,E:/SEURECA KISUMU/MARCH ANALYSIS REDONE/POTENTIAL CONNECTIONS/Manyatta/DMM pipelines.shp
,,,,,13.402,0,0.1,OPEN,,KREKAJ,FEB/2016,,Service line,,In service,Obukase DMM Network,,,,17,0.50,0,DMM pipelines,E:/SEURECA KISUMU/MARCH ANALYSIS REDONE/POTENTIAL CONNECTIONS/Manyatta/DMM pipelines.shp
,,,,,55.811,0,0.1,OPEN,,KREKAJ,FEB/2016,,Service line,,In service,Obukase DMM Network,,,,17,0.50,0,DMM pipelines,E:/SEURECA KISUMU/MARCH ANALYSIS REDONE/POTENTIAL CONNECTIONS/Manyatta/DMM pipelines.shp
,,,,,80.888,0,0.1,OPEN,,KREKAJ,FEB/2016,,Service line,,In service,Obukase DMM Network,,,,17,0.50,0,DMM pipelines,E:/SEURECA KISUMU/MARCH ANALYSIS REDONE/POTENTIAL CONNECTIONS/Manyatta/DMM pipelines.shp
,,,,,12.488,0,0.1,OPEN,,KREKAJ,FEB/2016,,Service line,,In service,Obukase DMM Network,,,,17,0.50,0,DMM pipelines,E:/SEURECA KISUMU/MARCH ANALYSIS REDONE/POTENTIAL CONNECTIONS/Manyatta/DMM pipelines.shp
,,,,,66.587,0,0.1,OPEN,,KREKAJ,FEB/2016,,Service line,,In service,Obukase DMM Network,,,,17,0.50,0,DMM pipelines,E:/SEURECA KISUMU/MARCH ANALYSIS REDONE/POTENTIAL CONNECTIONS/Manyatta/DMM pipelines.shp
,,,,,116.498,0,0.1,OPEN,,KREKAJ,FEB/2016,,Service line,,In service,Obukase DMM Network,,,,17,0.50,0,DMM pipelines,E:/SEURECA KISUMU/MARCH ANALYSIS REDONE/POTENTIAL CONNECTIONS/Manyatta/DMM pipelines.shp
,,,,,1.770,0,0.1,OPEN,,KREKAJ,FEB/2016,,Service line,,In service,Obukase DMM Network,,,,17,0.50,0,DMM pipelines,E:/SEURECA KISUMU/MARCH ANALYSIS REDONE/POTENTIAL CONNECTIONS/Manyatta/DMM pipelines.shp
,,,,,9.379,0,0.1,OPEN,,KREKAJ,FEB/2016,,Distribution Main,,In service,Obukase DMM Network,,,,40,1.50,0,DMM pipelines,E:/SEURECA KISUMU/MARCH ANALYSIS REDONE/POTENTIAL CONNECTIONS/Manyatta/DMM pipelines.shp
,,,,,177.264,0,0.1,OPEN,,KREKAJ,FEB/2016,,Service line,,In service,Obukase DMM Network,,,,17,0.50,0,DMM pipelines,E:/SEURECA KISUMU/MARCH ANALYSIS REDONE/POTENTIAL CONNECTIONS/Manyatta/DMM pipelines.shp
,,,,,30.765,0,0.1,OPEN,,KREKAJ,FEB/2016,,Service line,,In service,Obukase DMM Network,,,,17,0.50,0,DMM pipelines,E:/SEURECA KISUMU/MARCH ANALYSIS REDONE/POTENTIAL CONNECTIONS/Manyatta/DMM pipelines.shp
,,,,,145.438,0,0.1,OPEN,,KREKAJ,FEB/2016,,Service line,,In service,Obukase DMM Network,,,,17,0.50,0,DMM pipelines,E:/SEURECA KISUMU/MARCH ANALYSIS REDONE/POTENTIAL CONNECTIONS/Manyatta/DMM pipelines.shp
,,,,,160.683,0,0.1,OPEN,,KREKAJ,FEB/2016,,Service line,,In service,Obukase DMM Network,,,,17,0.50,0,DMM pipelines,E:/SEURECA KISUMU/MARCH ANALYSIS REDONE/POTENTIAL CONNECTIONS/Manyatta/DMM pipelines.shp
,,,,,106.152,0,0.1,OPEN,,KREKAJ,FEB/2016,,Service line,,In service,Obukase DMM Network,,,,17,0.50,0,DMM pipelines,E:/SEURECA KISUMU/MARCH ANALYSIS REDONE/POTENTIAL CONNECTIONS/Manyatta/DMM pipelines.shp
,,,,,37.338,0,0.1,OPEN,,KREKAJ,FEB/2016,,Service line,,In service,Obukase DMM Network,,,,17,0.50,0,DMM pipelines,E:/SEURECA KISUMU/MARCH ANALYSIS REDONE/POTENTIAL CONNECTIONS/Manyatta/DMM pipelines.shp
,,,,,76.491,0,0.1,OPEN,,KREKAJ,FEB/2016,,Service line,,In service,Obukase DMM Network,,,,17,0.50,0,DMM pipelines,E:/SEURECA KISUMU/MARCH ANALYSIS REDONE/POTENTIAL CONNECTIONS/Manyatta/DMM pipelines.shp
,,,,,108.922,0,0.1,OPEN,,KREKAJ,FEB/2016,,Service line,,In service,Obukase DMM Network,,,,17,0.50,0,DMM pipelines,E:/SEURECA KISUMU/MARCH ANALYSIS REDONE/POTENTIAL CONNECTIONS/Manyatta/DMM pipelines.shp
,,,,,69.884,0,0.1,OPEN,,KREKAJ,FEB/2016,,Service line,,In service,Obukase DMM Network,,,,17,0.00,0,DMM pipelines,E:/SEURECA KISUMU/MARCH ANALYSIS REDONE/POTENTIAL CONNECTIONS/Manyatta/DMM pipelines.shp
,,,,,69.930,0,0.1,OPEN,,KREKAJ,FEB/2016,,Service line,,In service,Obukase DMM Network,,,,17,0.00,0,DMM pipelines,E:/SEURECA KISUMU/MARCH ANALYSIS REDONE/POTENTIAL CONNECTIONS/Manyatta/DMM pipelines.shp
,,,,,6.078,0,0.1,OPEN,,KREKAJ,FEB/2016,,Service line,,In service,Obukase DMM Network,,,,17,0.00,0,DMM pipelines,E:/SEURECA KISUMU/MARCH ANALYSIS REDONE/POTENTIAL CONNECTIONS/Manyatta/DMM pipelines.shp
,,,,,61.549,0,0.1,OPEN,,KREKAJ,FEB/2016,,Service line,,In service,Obukase DMM Network,,,,17,0.00,0,DMM pipelines,E:/SEURECA KISUMU/MARCH ANALYSIS REDONE/POTENTIAL CONNECTIONS/Manyatta/DMM pipelines.shp
,,,,,102.582,0,0.1,OPEN,,KREKAJ,FEB/2016,,Service line,,In service,Obukase DMM Network,,,,17,0.00,0,DMM pipelines,E:/SEURECA KISUMU/MARCH ANALYSIS REDONE/POTENTIAL CONNECTIONS/Manyatta/DMM pipelines.shp
,,,,,104.796,0,0.1,OPEN,,KREKAJ,FEB/2016,,Service line,,In service,Obukase DMM Network,,,,17,0.00,0,DMM pipelines,E:/SEURECA KISUMU/MARCH ANALYSIS REDONE/POTENTIAL CONNECTIONS/Manyatta/DMM pipelines.shp
,,,,,27.597,0,0.1,OPEN,,KREKAJ,FEB/2016,,Service line,,In service,Obukase DMM Network,,,,17,0.00,0,DMM pipelines,E:/SEURECA KISUMU/MARCH ANALYSIS REDONE/POTENTIAL CONNECTIONS/Manyatta/DMM pipelines.shp
,,,,,118.069,0,0.1,OPEN,,KREKAJ,FEB/2016,,Service line,,In service,Obukase DMM Network,,,,25,0.00,0,DMM pipelines,E:/SEURECA KISUMU/MARCH ANALYSIS REDONE/POTENTIAL CONNECTIONS/Manyatta/DMM pipelines.shp
,,,,,25.219,0,0.1,OPEN,,KREKAJ,FEB/2016,,Service line,,In service,Obukase DMM Network,,,,17,0.00,0,DMM pipelines,E:/SEURECA KISUMU/MARCH ANALYSIS REDONE/POTENTIAL CONNECTIONS/Manyatta/DMM pipelines.shp
,,,,,44.899,0,0.1,OPEN,,KREKAJ,FEB/2016,,Service line,,In service,Obukase DMM Network,,,,17,0.50,0,DMM pipelines,E:/SEURECA KISUMU/MARCH ANALYSIS REDONE/POTENTIAL CONNECTIONS/Manyatta/DMM pipelines.shp
,,,,,116.713,0,0.1,OPEN,,KREKAJ,FEB/2016,,Service line,,In service,Obukase DMM Network,,,,17,0.00,0,DMM pipelines,E:/SEURECA KISUMU/MARCH ANALYSIS REDONE/POTENTIAL CONNECTIONS/Manyatta/DMM pipelines.shp
,,,,,13.639,0,0.1,OPEN,,KREKAJ,FEB/2016,,Service line,,In service,Obukase DMM Network,,,,17,0.00,0,DMM pipelines,E:/SEURECA KISUMU/MARCH ANALYSIS REDONE/POTENTIAL CONNECTIONS/Manyatta/DMM pipelines.shp
,,,,,8.460,0,0.1,OPEN,,KREKAJ,FEB/2016,,Service line,,In service,Obukase DMM Network,,,,17,0.00,0,DMM pipelines,E:/SEURECA KISUMU/MARCH ANALYSIS REDONE/POTENTIAL CONNECTIONS/Manyatta/DMM pipelines.shp
,,,,,27.050,0,0.1,OPEN,,KREKAJ,FEB/2016,,Service line,,In service,Obukase DMM Network,,,,17,0.00,0,DMM pipelines,E:/SEURECA KISUMU/MARCH ANALYSIS REDONE/POTENTIAL CONNECTIONS/Manyatta/DMM pipelines.shp
,,,,,33.358,0,0.1,OPEN,,KREKAJ,FEB/2016,,Service line,,In service,Obukase DMM Network,,,,25,0.00,0,DMM pipelines,E:/SEURECA KISUMU/MARCH ANALYSIS REDONE/POTENTIAL CONNECTIONS/Manyatta/DMM pipelines.shp
,,,,,33.082,0,0.1,OPEN,,KREKAJ,FEB/2016,,Service line,,In service,Obukase DMM Network,,,,17,0.00,0,DMM pipelines,E:/SEURECA KISUMU/MARCH ANALYSIS REDONE/POTENTIAL CONNECTIONS/Manyatta/DMM pipelines.shp
,,,,,5.729,0,0.1,OPEN,,KREKAJ,FEB/2016,,Service line,,In service,Obukase DMM Network,,,,17,0.00,0,DMM pipelines,E:/SEURECA KISUMU/MARCH ANALYSIS REDONE/POTENTIAL CONNECTIONS/Manyatta/DMM pipelines.shp
,,,,,90.554,0,0.1,OPEN,,KREKAJ,FEB/2016,,Service line,,In service,Obukase DMM Network,,,,17,0.00,0,DMM pipelines,E:/SEURECA KISUMU/MARCH ANALYSIS REDONE/POTENTIAL CONNECTIONS/Manyatta/DMM pipelines.shp
,,,,,20.948,0,0.1,OPEN,,KREKAJ,FEB/2016,,Service line,,In service,Obukase DMM Network,,,,17,0.00,0,DMM pipelines,E:/SEURECA KISUMU/MARCH ANALYSIS REDONE/POTENTIAL CONNECTIONS/Manyatta/DMM pipelines.shp
,,,,,40.837,0,0.1,OPEN,,KREKAJ,FEB/2016,,Service line,,In service,Obukase DMM Network,,,,17,0.00,0,DMM pipelines,E:/SEURECA KISUMU/MARCH ANALYSIS REDONE/POTENTIAL CONNECTIONS/Manyatta/DMM pipelines.shp
,,,,,1.294,0,0.1,OPEN,,KREKAJ,FEB/2016,,Service line,,In service,Obukase DMM Network,,,,17,0.00,0,DMM pipelines,E:/SEURECA KISUMU/MARCH ANALYSIS REDONE/POTENTIAL CONNECTIONS/Manyatta/DMM pipelines.shp
,,,,,6.734,0,0.1,OPEN,,KREKAJ,FEB/2016,,Service line,,In service,Obukase DMM Network,,,,17,0.00,0,DMM pipelines,E:/SEURECA KISUMU/MARCH ANALYSIS REDONE/POTENTIAL CONNECTIONS/Manyatta/DMM pipelines.shp
,,,,,12.740,0,0.1,OPEN,,KREKAJ,FEB/2016,,Service line,,In service,Obukase DMM Network,,,,17,0.00,0,DMM pipelines,E:/SEURECA KISUMU/MARCH ANALYSIS REDONE/POTENTIAL CONNECTIONS/Manyatta/DMM pipelines.shp
,,,,,3.473,0,0.1,OPEN,,KREKAJ,FEB/2016,,Service line,,In service,Obukase DMM Network,,,,17,0.50,0,DMM pipelines,E:/SEURECA KISUMU/MARCH ANALYSIS REDONE/POTENTIAL CONNECTIONS/Manyatta/DMM pipelines.shp
,,,,,124.267,0,0.1,OPEN,,KREKAJ,FEB/2016,,Service line,,In service,Obukase DMM Network,,,,17,0.00,0,DMM pipelines,E:/SEURECA KISUMU/MARCH ANALYSIS REDONE/POTENTIAL CONNECTIONS/Manyatta/DMM pipelines.shp
,,,,,63.301,0,0.1,OPEN,,KREKAJ,FEB/2016,,Service line,,In service,Obukase DMM Network,,,,25,0.00,0,DMM pipelines,E:/SEURECA KISUMU/MARCH ANALYSIS REDONE/POTENTIAL CONNECTIONS/Manyatta/DMM pipelines.shp
,,,,,47.546,0,0.1,OPEN,,KREKAJ,FEB/2016,,Service line,,In service,Obukase DMM Network,,,,17,0.50,0,DMM pipelines,E:/SEURECA KISUMU/MARCH ANALYSIS REDONE/POTENTIAL CONNECTIONS/Manyatta/DMM pipelines.shp
,,,,,30.981,0,0.1,OPEN,,KREKAJ,FEB/2016,,Service line,,In service,Obukase DMM Network,,,,17,0.00,0,DMM pipelines,E:/SEURECA KISUMU/MARCH ANALYSIS REDONE/POTENTIAL CONNECTIONS/Manyatta/DMM pipelines.shp
,,,,,34.306,0,0.1,OPEN,,KREKAJ,FEB/2016,,Service line,,In service,Obukase DMM Network,,,,17,0.00,0,DMM pipelines,E:/SEURECA KISUMU/MARCH ANALYSIS REDONE/POTENTIAL CONNECTIONS/Manyatta/DMM pipelines.shp
,,,,,9.768,0,0.1,OPEN,,KREKAJ,FEB/2016,,Service line,,In service,Obukase DMM Network,,,,17,0.00,0,DMM pipelines,E:/SEURECA KISUMU/MARCH ANALYSIS REDONE/POTENTIAL CONNECTIONS/Manyatta/DMM pipelines.shp
,,,,,21.627,0,0.1,OPEN,,KREKAJ,FEB/2016,,Service line,,In service,Obukase DMM Network,,,,17,0.00,0,DMM pipelines,E:/SEURECA KISUMU/MARCH ANALYSIS REDONE/POTENTIAL CONNECTIONS/Manyatta/DMM pipelines.shp
,,,,,6.833,0,0.1,OPEN,,KREKAJ,OCT/2016,,Service Line,,In service,Obukase DMM Network,,,,17,0.00,0,DMM pipelines,E:/SEURECA KISUMU/MARCH ANALYSIS REDONE/POTENTIAL CONNECTIONS/Manyatta/DMM pipelines.shp
,,,,,24.020,0,0.1,OPEN,,KREKAJ,OCT/2016,,Service Line,,In service,Obukase DMM Network,,,,17,0.00,0,DMM pipelines,E:/SEURECA KISUMU/MARCH ANALYSIS REDONE/POTENTIAL CONNECTIONS/Manyatta/DMM pipelines.shp
,,,,,11.789,0,0.1,OPEN,,KREKAJ,OCT/2016,,Service Line,,In service,Obukase DMM Network,,,,17,0.00,0,DMM pipelines,E:/SEURECA KISUMU/MARCH ANALYSIS REDONE/POTENTIAL CONNECTIONS/Manyatta/DMM pipelines.shp
,,,,,29.237,0,0.1,OPEN,,KREKAJ,OCT/2016,,Service Line,,In service,Obukase DMM Network,,,,17,0.00,0,DMM pipelines,E:/SEURECA KISUMU/MARCH ANALYSIS REDONE/POTENTIAL CONNECTIONS/Manyatta/DMM pipelines.shp
,,,,,2.634,0,0.1,OPEN,,KREKAJ,OCT/2016,,Service Line,,In service,Obukase DMM Network,,,,17,0.50,0,DMM pipelines,E:/SEURECA KISUMU/MARCH ANALYSIS REDONE/POTENTIAL CONNECTIONS/Manyatta/DMM pipelines.shp
,,,,,3.164,0,0.1,OPEN,,KREKAJ,OCT/2016,,Service Line,,In service,Obukase DMM Network,,,,17,0.50,0,DMM pipelines,E:/SEURECA KISUMU/MARCH ANALYSIS REDONE/POTENTIAL CONNECTIONS/Manyatta/DMM pipelines.shp
,,,,,4.376,0,0.1,OPEN,,KREKAJ,OCT/2016,,Service Line,,In service,Obukase DMM Network,,,,17,0.50,0,DMM pipelines,E:/SEURECA KISUMU/MARCH ANALYSIS REDONE/POTENTIAL CONNECTIONS/Manyatta/DMM pipelines.shp
,,,,,17.519,0,0.1,OPEN,,KREKAJ,OCT/2016,,Service Line,,In service,Obukase DMM Network,,,,17,0.50,0,DMM pipelines,E:/SEURECA KISUMU/MARCH ANALYSIS REDONE/POTENTIAL CONNECTIONS/Manyatta/DMM pipelines.shp
,,,,,5.238,0,0.1,OPEN,,KREKAJ,OCT/2016,,Service Line,,In service,Obukase DMM Network,,,,17,0.50,0,DMM pipelines,E:/SEURECA KISUMU/MARCH ANALYSIS REDONE/POTENTIAL CONNECTIONS/Manyatta/DMM pipelines.shp
,,,,,4.103,0,0.1,OPEN,,KREKAJ,OCT/2016,,Service Line,,In service,Obukase DMM Network,,,,17,0.50,0,DMM pipelines,E:/SEURECA KISUMU/MARCH ANALYSIS REDONE/POTENTIAL CONNECTIONS/Manyatta/DMM pipelines.shp
,,,,,1.993,0,0.1,OPEN,,KREKAJ,OCT/2016,,Service Line,,In service,Obukase DMM Network,,,,17,0.50,0,DMM pipelines,E:/SEURECA KISUMU/MARCH ANALYSIS REDONE/POTENTIAL CONNECTIONS/Manyatta/DMM pipelines.shp
,,,,,6.015,0,0.1,OPEN,,KREKAJ,OCT/2016,,Service Line,,In service,Obukase DMM Network,,,,17,0.50,0,DMM pipelines,E:/SEURECA KISUMU/MARCH ANALYSIS REDONE/POTENTIAL CONNECTIONS/Manyatta/DMM pipelines.shp
,,,,,16.201,0,0.1,OPEN,,KREKAJ,OCT/2016,,Service Line,,In service,Obukase DMM Network,,,,17,0.50,0,DMM pipelines,E:/SEURECA KISUMU/MARCH ANALYSIS REDONE/POTENTIAL CONNECTIONS/Manyatta/DMM pipelines.shp
,,,,,11.041,0,0.1,OPEN,,KREKAJ,OCT/2016,,Service Line,,In service,Obukase DMM Network,,,,17,0.50,0,DMM pipelines,E:/SEURECA KISUMU/MARCH ANALYSIS REDONE/POTENTIAL CONNECTIONS/Manyatta/DMM pipelines.shp
,,,,,8.454,0,0.1,OPEN,,KREKAJ,OCT/2016,,Service Line,,In service,Obukase DMM Network,,,,17,0.50,0,DMM pipelines,E:/SEURECA KISUMU/MARCH ANALYSIS REDONE/POTENTIAL CONNECTIONS/Manyatta/DMM pipelines.shp
,,,,,12.918,0,0.1,OPEN,,KREKAJ,OCT/2016,,Service Line,,In service,Obukase DMM Network,,,,17,0.50,0,DMM pipelines,E:/SEURECA KISUMU/MARCH ANALYSIS REDONE/POTENTIAL CONNECTIONS/Manyatta/DMM pipelines.shp
,,,,,281.241,0,0.1,OPEN,,KREKAJ,OCT/2016,,Service Line,,In service,Obukase DMM Network,,,,17,0.50,0,DMM pipelines,E:/SEURECA KISUMU/MARCH ANALYSIS REDONE/POTENTIAL CONNECTIONS/Manyatta/DMM pipelines.shp
,,,,,168.483,0,0.1,OPEN,PVC,MIL,SEPT/2017,,Distribution main,AUG/2016,In service,ok,,,,50,2.00,0,DMM pipelines,E:/SEURECA KISUMU/MARCH ANALYSIS REDONE/POTENTIAL CONNECTIONS/Manyatta/DMM pipelines.shp
,,,,,24.925,0,0.1,OPEN,PVC,MIL,SEPT/2017,,Distribution main,AUG/2016,In service,OK,,,,50,1.50,0,DMM pipelines,E:/SEURECA KISUMU/MARCH ANALYSIS REDONE/POTENTIAL CONNECTIONS/Manyatta/DMM pipelines.shp
,,,,,7.112,0,0.1,OPEN,PVC,MIL,SEPT/2017,,Distribution main,AUG/2016,In service,OK,,,,50,1.50,0,DMM pipelines,E:/SEURECA KISUMU/MARCH ANALYSIS REDONE/POTENTIAL CONNECTIONS/Manyatta/DMM pipelines.shp
,,,,,197.729,0,0.1,OPEN,PVC,MIL,SEPT/2017,,Distribution main,JUNE/2017,In service,Ok,,,,40,1.50,0,DMM pipelines,E:/SEURECA KISUMU/MARCH ANALYSIS REDONE/POTENTIAL CONNECTIONS/Manyatta/DMM pipelines.shp
,,,,,128.031,0,0.1,OPEN,PVC,MIL,SEPT/2017,,Distribution main,AUG/2016,In service,OK,,,,50,2.00,0,DMM pipelines,E:/SEURECA KISUMU/MARCH ANALYSIS REDONE/POTENTIAL CONNECTIONS/Manyatta/DMM pipelines.shp
,,,,,123.835,0,0.1,OPEN,PVC,MIL,SEPT/2017,,Distribution main,JUNE/2017,In service,Ok,,,,50,2.00,0,DMM pipelines,E:/SEURECA KISUMU/MARCH ANALYSIS REDONE/POTENTIAL CONNECTIONS/Manyatta/DMM pipelines.shp
,,,,,75.349,0,0.1,OPEN,PVC,MIL,SEPT/2017,,Distribution main,JUNE/2017,In service,OkL,,,,40,1.50,0,DMM pipelines,E:/SEURECA KISUMU/MARCH ANALYSIS REDONE/POTENTIAL CONNECTIONS/Manyatta/DMM pipelines.shp
,,,,,16.477,0,0.1,OPEN,PVC,MIL,SEPT/2017,,Distribution line,JULY/2017,In service,Ok,,,,25,1.00,0,DMM pipelines,E:/SEURECA KISUMU/MARCH ANALYSIS REDONE/POTENTIAL CONNECTIONS/Manyatta/DMM pipelines.shp
,,,,,53.938,0,0.1,OPEN,PVC,MIL,SEPT/2017,,Distribution main,JULY/2017,In service,Ok,,,,50,2.00,0,DMM pipelines,E:/SEURECA KISUMU/MARCH ANALYSIS REDONE/POTENTIAL CONNECTIONS/Manyatta/DMM pipelines.shp
,,,,,114.034,0,0.1,OPEN,PVC,MIL,SEPT/2017,,Distribution main,JULY/2017,In service,OK,,,,50,2.00,0,DMM pipelines,E:/SEURECA KISUMU/MARCH ANALYSIS REDONE/POTENTIAL CONNECTIONS/Manyatta/DMM pipelines.shp
,,,,,12.262,0,0.1,OPEN,PVC,MIL,SEPT/2017,,Distribution line,JULY/2017,In service,Ok,,,,50,2.00,0,DMM pipelines,E:/SEURECA KISUMU/MARCH ANALYSIS REDONE/POTENTIAL CONNECTIONS/Manyatta/DMM pipelines.shp
,,,,,96.710,0,0.1,OPEN,PVC,MIL,SEPT/2017,,Distribution main,JULY/2017,In service,Ok,,,,50,2.00,0,DMM pipelines,E:/SEURECA KISUMU/MARCH ANALYSIS REDONE/POTENTIAL CONNECTIONS/Manyatta/DMM pipelines.shp
,,,,,119.551,0,0.1,OPEN,PVC,MIL,SEPT/2017,,Distribution main,JULY/2017,In service,OK,,,,50,2.00,0,DMM pipelines,E:/SEURECA KISUMU/MARCH ANALYSIS REDONE/POTENTIAL CONNECTIONS/Manyatta/DMM pipelines.shp
,,,,,45.680,0,0.1,OPEN,PVC,MIL,SEPT/2017,,Distribution main,JULY/2017,In service,OK,,,,50,2.00,0,DMM pipelines,E:/SEURECA KISUMU/MARCH ANALYSIS REDONE/POTENTIAL CONNECTIONS/Manyatta/DMM pipelines.shp
,,,,,84.348,0,0.1,OPEN,PVC,MIL,SEPT/2017,,Distribution main,JULY/2017,In service,Ok,,,,50,2.00,0,DMM pipelines,E:/SEURECA KISUMU/MARCH ANALYSIS REDONE/POTENTIAL CONNECTIONS/Manyatta/DMM pipelines.shp
,,,,,19.098,0,0.1,OPEN,PVC,MIL,SEPT/2017,,Distribution main,JULY/2017,In service,OK,,,,25,1.00,0,DMM pipelines,E:/SEURECA KISUMU/MARCH ANALYSIS REDONE/POTENTIAL CONNECTIONS/Manyatta/DMM pipelines.shp
,,,,,18.725,0,0.1,OPEN,PVC,MIL,JULY/2017,,Distribution main,JULY/2017,IN service,Ok,,,,25,1.00,0,DMM pipelines,E:/SEURECA KISUMU/MARCH ANALYSIS REDONE/POTENTIAL CONNECTIONS/Manyatta/DMM pipelines.shp
,,,,,8.241,0,0.1,OPEN,PPR,CBD,DEC/2017,,Service line,,In service,Pressure is Ok,,,,20,0.75,0,DMM pipelines,E:/SEURECA KISUMU/MARCH ANALYSIS REDONE/POTENTIAL CONNECTIONS/Manyatta/DMM pipelines.shp
,,,,,7.177,0,0.1,OPEN,PVC,CBD,DEC/2017,,Service line,,In service,Pressure is Ok,,,,17,0.50,0,DMM pipelines,E:/SEURECA KISUMU/MARCH ANALYSIS REDONE/POTENTIAL CONNECTIONS/Manyatta/DMM pipelines.shp
,,,,,175.456,0,0.1,OPEN,PVC,CBD,DEC/2017,,Service line,,In service,Pressure is Ok,,,,20,0.75,0,DMM pipelines,E:/SEURECA KISUMU/MARCH ANALYSIS REDONE/POTENTIAL CONNECTIONS/Manyatta/DMM pipelines.shp
,,,,,70.566,0,0.1,OPEN,PPR,CBD,DEC/2017,,Service line,,In service,Pressure is Ok,,,,17,0.50,0,DMM pipelines,E:/SEURECA KISUMU/MARCH ANALYSIS REDONE/POTENTIAL CONNECTIONS/Manyatta/DMM pipelines.shp
,,,,,67.419,0,0.1,OPEN,PPR,CBD,DEC/2017,,Service line,,In service,Pressure is Ok,,,,20,0.75,0,DMM pipelines,E:/SEURECA KISUMU/MARCH ANALYSIS REDONE/POTENTIAL CONNECTIONS/Manyatta/DMM pipelines.shp
,,,,,19.100,0,0.1,OPEN,PVC,CBD,DEC/2017,,Service line,,In service,Pressure is Ok,,,,20,0.75,0,DMM pipelines,E:/SEURECA KISUMU/MARCH ANALYSIS REDONE/POTENTIAL CONNECTIONS/Manyatta/DMM pipelines.shp
,,,,,14.285,0,0.1,OPEN,PVC,CBD,DEC/2017,,Service line,,In service,Pressure is Ok,,,,20,0.75,0,DMM pipelines,E:/SEURECA KISUMU/MARCH ANALYSIS REDONE/POTENTIAL CONNECTIONS/Manyatta/DMM pipelines.shp
,,,,,47.723,0,0.1,OPEN,PVC,CBD,DEC/2017,,Service line,,In service,Pressure is Ok,,,,17,0.50,0,DMM pipelines,E:/SEURECA KISUMU/MARCH ANALYSIS REDONE/POTENTIAL CONNECTIONS/Manyatta/DMM pipelines.shp
,,,,,12.333,0,0.1,OPEN,PVC,CBD,DEC/2017,,Service line,,In service,Pressure is Ok,,,,17,0.50,0,DMM pipelines,E:/SEURECA KISUMU/MARCH ANALYSIS REDONE/POTENTIAL CONNECTIONS/Manyatta/DMM pipelines.shp
,,,,,18.523,0,0.1,OPEN,PVC,CBD,DEC/2017,,Service line,,In service,Pressure is Ok,,,,32,1.25,0,DMM pipelines,E:/SEURECA KISUMU/MARCH ANALYSIS REDONE/POTENTIAL CONNECTIONS/Manyatta/DMM pipelines.shp
,,,,,136.695,0,0.1,OPEN,PPR,CBD,DEC/2017,,Service line,,In service,Pressure is Ok,,,,17,0.50,0,DMM pipelines,E:/SEURECA KISUMU/MARCH ANALYSIS REDONE/POTENTIAL CONNECTIONS/Manyatta/DMM pipelines.shp
,,,,,14.637,0,0.1,OPEN,PPR,CBD,DEC/2017,,Service line,,In service,Pressure is Ok,,,,17,0.50,0,DMM pipelines,E:/SEURECA KISUMU/MARCH ANALYSIS REDONE/POTENTIAL CONNECTIONS/Manyatta/DMM pipelines.shp
,,,,,28.210,0,0.1,OPEN,PVC,CBD,DEC/2017,,Service line,,In service,Pressure is Ok,,,,20,0.75,0,DMM pipelines,E:/SEURECA KISUMU/MARCH ANALYSIS REDONE/POTENTIAL CONNECTIONS/Manyatta/DMM pipelines.shp
,,,,,107.236,0,0.1,OPEN,PVC,CBD,DEC/2017,,Service line,,In service,Pressure is Ok,,,,25,1.00,0,DMM pipelines,E:/SEURECA KISUMU/MARCH ANALYSIS REDONE/POTENTIAL CONNECTIONS/Manyatta/DMM pipelines.shp
,,,,,6.303,0,0.1,OPEN,PPR,CBD,DEC/2017,,Service line,,In service,Pressure is Ok,,,,20,0.75,0,DMM pipelines,E:/SEURECA KISUMU/MARCH ANALYSIS REDONE/POTENTIAL CONNECTIONS/Manyatta/DMM pipelines.shp
,,,,,13.138,0,0.1,OPEN,PVC,CBD,DEC/2017,,Service line,,In service,Pressure is Ok,,,,17,0.50,0,DMM pipelines,E:/SEURECA KISUMU/MARCH ANALYSIS REDONE/POTENTIAL CONNECTIONS/Manyatta/DMM pipelines.shp
,,,,,2.710,0,0.1,OPEN,PVC,CBD,DEC/2017,,Service line,,In service,Pressure is Ok,,,,17,0.50,0,DMM pipelines,E:/SEURECA KISUMU/MARCH ANALYSIS REDONE/POTENTIAL CONNECTIONS/Manyatta/DMM pipelines.shp
,,,,,28.707,0,0.1,OPEN,PPR,CBD,DEC/2017,,Service line,,In service,Pressure is Ok,,,,20,0.75,0,DMM pipelines,E:/SEURECA KISUMU/MARCH ANALYSIS REDONE/POTENTIAL CONNECTIONS/Manyatta/DMM pipelines.shp
,,,,,14.973,0,0.1,OPEN,PPR,CBD,DEC/2017,,Service line,,In service,Pressure is Ok,,,,17,0.50,0,DMM pipelines,E:/SEURECA KISUMU/MARCH ANALYSIS REDONE/POTENTIAL CONNECTIONS/Manyatta/DMM pipelines.shp
,,,,,14.715,0,0.1,OPEN,PVC,CBD,DEC/2017,,Service line,,In service,Pressure is Ok,,,,17,0.50,0,DMM pipelines,E:/SEURECA KISUMU/MARCH ANALYSIS REDONE/POTENTIAL CONNECTIONS/Manyatta/DMM pipelines.shp
,,,,,67.347,0,0.1,OPEN,PPR,CBD,DEC/2017,,Service line,,In service,Pressure is Ok,,,,17,0.50,0,DMM pipelines,E:/SEURECA KISUMU/MARCH ANALYSIS REDONE/POTENTIAL CONNECTIONS/Manyatta/DMM pipelines.shp
,,,,,15.152,0,0.1,OPEN,PPR,CBD,DEC/2017,,Service line,,In service,Pressure is Ok,,,,17,0.50,0,DMM pipelines,E:/SEURECA KISUMU/MARCH ANALYSIS REDONE/POTENTIAL CONNECTIONS/Manyatta/DMM pipelines.shp
,,,,,38.794,0,0.1,OPEN,PVC,CBD,DEC/2017,,Service line,,In service,Pressure is Ok,,,,20,0.75,0,DMM pipelines,E:/SEURECA KISUMU/MARCH ANALYSIS REDONE/POTENTIAL CONNECTIONS/Manyatta/DMM pipelines.shp
,,,,,22.725,0,0.1,OPEN,PPR,CBD,DEC/2017,,Service line,,In service,Pressure is Ok,,,,20,0.75,0,DMM pipelines,E:/SEURECA KISUMU/MARCH ANALYSIS REDONE/POTENTIAL CONNECTIONS/Manyatta/DMM pipelines.shp
,,,,,111.683,0,0.1,OPEN,PVC,CBD,DEC/2017,,Service line,,In service,Pressure is Ok,,,,25,1.00,0,DMM pipelines,E:/SEURECA KISUMU/MARCH ANALYSIS REDONE/POTENTIAL CONNECTIONS/Manyatta/DMM pipelines.shp
,,,,,129.998,0,0.1,OPEN,PVC,CBD,DEC/2017,,Service line,,In service,Pressure is Ok,,,,32,1.25,0,DMM pipelines,E:/SEURECA KISUMU/MARCH ANALYSIS REDONE/POTENTIAL CONNECTIONS/Manyatta/DMM pipelines.shp
,,,,,47.320,0,0.1,OPEN,PVC,CBD,DEC/2017,,Service line,,In service,Pressure is Ok,,,,32,1.25,0,DMM pipelines,E:/SEURECA KISUMU/MARCH ANALYSIS REDONE/POTENTIAL CONNECTIONS/Manyatta/DMM pipelines.shp
,,,,,62.872,0,0.1,OPEN,PVC,CBD,DEC/2017,,Service line,,In service,Pressure is Ok,,,,32,1.25,0,DMM pipelines,E:/SEURECA KISUMU/MARCH ANALYSIS REDONE/POTENTIAL CONNECTIONS/Manyatta/DMM pipelines.shp
,,,,,26.519,0,0.1,OPEN,PPR,CBD,DEC/2017,,Service line,,In service,Pressure is Ok,,,,17,0.50,0,DMM pipelines,E:/SEURECA KISUMU/MARCH ANALYSIS REDONE/POTENTIAL CONNECTIONS/Manyatta/DMM pipelines.shp
,,,,,104.702,0,0.1,OPEN,PPR,CBD,DEC/2017,,Service line,,In service,Pressure is Ok,,,,17,0.50,0,DMM pipelines,E:/SEURECA KISUMU/MARCH ANALYSIS REDONE/POTENTIAL CONNECTIONS/Manyatta/DMM pipelines.shp
,,,,,5.146,0,0.1,OPEN,PVC,CBD,DEC/2017,,Service line,,In service,Pressure is Ok,,,,17,0.50,0,DMM pipelines,E:/SEURECA KISUMU/MARCH ANALYSIS REDONE/POTENTIAL CONNECTIONS/Manyatta/DMM pipelines.shp
,,,,,115.108,0,0.1,OPEN,PVC,CBD,DEC/2017,,Service line,,In service,Pressure is Ok,,,,20,0.75,0,DMM pipelines,E:/SEURECA KISUMU/MARCH ANALYSIS REDONE/POTENTIAL CONNECTIONS/Manyatta/DMM pipelines.shp
,,,,,290.649,0,0.1,OPEN,PVC,CBD,DEC/2017,,Service line,,In service,Pressure is Ok,,,,20,0.75,0,DMM pipelines,E:/SEURECA KISUMU/MARCH ANALYSIS REDONE/POTENTIAL CONNECTIONS/Manyatta/DMM pipelines.shp
,,,,,55.269,0,0.1,OPEN,PPR,CBD,DEC/2017,,Service line,,In service,Pressure is Ok,,,,17,0.50,0,DMM pipelines,E:/SEURECA KISUMU/MARCH ANALYSIS REDONE/POTENTIAL CONNECTIONS/Manyatta/DMM pipelines.shp
,,,,,59.012,0,0.1,OPEN,PPR,CBD,DEC/2017,,Service line,,In service,Pressure is Ok,,,,17,0.50,0,DMM pipelines,E:/SEURECA KISUMU/MARCH ANALYSIS REDONE/POTENTIAL CONNECTIONS/Manyatta/DMM pipelines.shp
,,,,,14.269,0,0.1,OPEN,PPR,CBD,DEC/2017,,Service line,,In service,Pressure is Ok,,,,20,0.75,0,DMM pipelines,E:/SEURECA KISUMU/MARCH ANALYSIS REDONE/POTENTIAL CONNECTIONS/Manyatta/DMM pipelines.shp
,,,,,121.292,0,0.1,OPEN,PVC,CBD,DEC/2017,,Service line,,In service,Pressure is Ok,,,,17,0.50,0,DMM pipelines,E:/SEURECA KISUMU/MARCH ANALYSIS REDONE/POTENTIAL CONNECTIONS/Manyatta/DMM pipelines.shp
,,,,,38.937,0,0.1,OPEN,PVC,CBD,DEC/2017,,Service line,,In service,Pressure is Ok,,,,17,0.50,0,DMM pipelines,E:/SEURECA KISUMU/MARCH ANALYSIS REDONE/POTENTIAL CONNECTIONS/Manyatta/DMM pipelines.shp
,,,,,28.927,0,0.1,OPEN,PPR,CBD,DEC/2017,,Service line,,In service,Pressure is Ok,,,,17,0.50,0,DMM pipelines,E:/SEURECA KISUMU/MARCH ANALYSIS REDONE/POTENTIAL CONNECTIONS/Manyatta/DMM pipelines.shp
,,,,,38.380,0,0.1,OPEN,PVC,CBD,DEC/2017,,Service line,,In service,Pressure is Ok,,,,25,1.00,0,DMM pipelines,E:/SEURECA KISUMU/MARCH ANALYSIS REDONE/POTENTIAL CONNECTIONS/Manyatta/DMM pipelines.shp
,,,,,158.454,0,0.1,OPEN,PPR,CBD,DEC/2017,,Service line,,In service,Pressure is Ok,,,,20,0.75,0,DMM pipelines,E:/SEURECA KISUMU/MARCH ANALYSIS REDONE/POTENTIAL CONNECTIONS/Manyatta/DMM pipelines.shp
,,,,,124.566,0,0.1,OPEN,PPR,CBD,DEC/2017,,Service line,,In service,Pressure is Ok,,,,20,0.75,0,DMM pipelines,E:/SEURECA KISUMU/MARCH ANALYSIS REDONE/POTENTIAL CONNECTIONS/Manyatta/DMM pipelines.shp
,,,,,6.747,0,0.1,OPEN,PPR,CBD,DEC/2017,,Service line,,In service,Pressure is Ok,,,,17,0.50,0,DMM pipelines,E:/SEURECA KISUMU/MARCH ANALYSIS REDONE/POTENTIAL CONNECTIONS/Manyatta/DMM pipelines.shp
,,,,,204.423,0,0.1,OPEN,PPR,CBD,DEC/2017,,Service line,,In service,Pressure is Ok,,,,25,1.00,0,DMM pipelines,E:/SEURECA KISUMU/MARCH ANALYSIS REDONE/POTENTIAL CONNECTIONS/Manyatta/DMM pipelines.shp
,,,,,140.962,0,0.1,OPEN,PPR,CBD,DEC/2017,,Service line,,In service,Pressure is Ok,,,,20,0.75,0,DMM pipelines,E:/SEURECA KISUMU/MARCH ANALYSIS REDONE/POTENTIAL CONNECTIONS/Manyatta/DMM pipelines.shp
,,,,,202.842,0,0.1,OPEN,PPR,CBD,DEC/2017,,Service line,,In service,Pressure is Ok,,,,17,0.50,0,DMM pipelines,E:/SEURECA KISUMU/MARCH ANALYSIS REDONE/POTENTIAL CONNECTIONS/Manyatta/DMM pipelines.shp
,,,,,91.568,0,0.1,OPEN,PPR,CBD,DEC/2017,,Service line,,In service,Pressure is Ok,,,,17,0.50,0,DMM pipelines,E:/SEURECA KISUMU/MARCH ANALYSIS REDONE/POTENTIAL CONNECTIONS/Manyatta/DMM pipelines.shp
,,,,,183.546,0,0.1,OPEN,PPR,CBD,DEC/2017,,Service line,,In service,Pressure is Ok,,,,20,0.75,0,DMM pipelines,E:/SEURECA KISUMU/MARCH ANALYSIS REDONE/POTENTIAL CONNECTIONS/Manyatta/DMM pipelines.shp
,,,,,21.914,0,0.1,OPEN,PPR,CBD,DEC/2017,,Service line,,In service,Pressure is Ok,,,,17,0.50,0,DMM pipelines,E:/SEURECA KISUMU/MARCH ANALYSIS REDONE/POTENTIAL CONNECTIONS/Manyatta/DMM pipelines.shp
,,,,,40.829,0,0.1,OPEN,PPR,CBD,DEC/2017,,Service line,,In service,Pressure is Ok,,,,17,0.50,0,DMM pipelines,E:/SEURECA KISUMU/MARCH ANALYSIS REDONE/POTENTIAL CONNECTIONS/Manyatta/DMM pipelines.shp
,,,,,89.834,0,0.1,OPEN,PPR,CBD,DEC/2017,,Service line,,In service,Pressure is Ok,,,,17,0.50,0,DMM pipelines,E:/SEURECA KISUMU/MARCH ANALYSIS REDONE/POTENTIAL CONNECTIONS/Manyatta/DMM pipelines.shp
,,,,,19.266,0,0.1,OPEN,PPR,CBD,DEC/2017,,Service line,,In service,Pressure is Ok,,,,17,0.50,0,DMM pipelines,E:/SEURECA KISUMU/MARCH ANALYSIS REDONE/POTENTIAL CONNECTIONS/Manyatta/DMM pipelines.shp
,,,,,38.371,0,0.1,OPEN,PPR,CBD,DEC/2017,,Service line,,In service,Pressure is Ok,,,,20,0.75,0,DMM pipelines,E:/SEURECA KISUMU/MARCH ANALYSIS REDONE/POTENTIAL CONNECTIONS/Manyatta/DMM pipelines.shp
,,,,,198.375,0,0.1,OPEN,PPR,CBD,DEC/2017,,Service line,,In service,Pressure is Ok,,,,20,0.75,0,DMM pipelines,E:/SEURECA KISUMU/MARCH ANALYSIS REDONE/POTENTIAL CONNECTIONS/Manyatta/DMM pipelines.shp
,,,,,21.160,0,0.1,OPEN,PPR,CBD,DEC/2017,,Service line,,In service,Pressure is Ok,,,,20,0.75,0,DMM pipelines,E:/SEURECA KISUMU/MARCH ANALYSIS REDONE/POTENTIAL CONNECTIONS/Manyatta/DMM pipelines.shp
,,,,,10.764,0,0.1,OPEN,PPR,CBD,DEC/2017,,Service line,,In service,Pressure is Ok,,,,17,0.50,0,DMM pipelines,E:/SEURECA KISUMU/MARCH ANALYSIS REDONE/POTENTIAL CONNECTIONS/Manyatta/DMM pipelines.shp
,,,,,74.243,0,0.1,OPEN,PVC,CBD,DEC/2017,,Service line,,In service,Pressure is Ok,,,,17,0.50,0,DMM pipelines,E:/SEURECA KISUMU/MARCH ANALYSIS REDONE/POTENTIAL CONNECTIONS/Manyatta/DMM pipelines.shp
,,,,,5.129,0,0.1,OPEN,PVC,CBD,DEC/2017,,Service line,,In service,Pressure is Ok,,,,17,0.50,0,DMM pipelines,E:/SEURECA KISUMU/MARCH ANALYSIS REDONE/POTENTIAL CONNECTIONS/Manyatta/DMM pipelines.shp
,,,,,24.217,0,0.1,OPEN,PPR,CBD,DEC/2017,,Service line,,In service,Pressure is Ok,,,,17,0.50,0,DMM pipelines,E:/SEURECA KISUMU/MARCH ANALYSIS REDONE/POTENTIAL CONNECTIONS/Manyatta/DMM pipelines.shp
,,,,,16.728,0,0.1,OPEN,PPR,CBD,DEC/2017,,Service line,,In service,Pressure is Ok,,,,17,0.50,0,DMM pipelines,E:/SEURECA KISUMU/MARCH ANALYSIS REDONE/POTENTIAL CONNECTIONS/Manyatta/DMM pipelines.shp
,,,,,15.976,0,0.1,OPEN,PPR,CBD,DEC/2017,,Service line,,In service,Pressure is Ok,,,,17,0.50,0,DMM pipelines,E:/SEURECA KISUMU/MARCH ANALYSIS REDONE/POTENTIAL CONNECTIONS/Manyatta/DMM pipelines.shp
,,,,,17.868,0,0.1,OPEN,PPR,CBD,DEC/2017,,Service line,,In service,Pressure is Ok,,,,20,0.75,0,DMM pipelines,E:/SEURECA KISUMU/MARCH ANALYSIS REDONE/POTENTIAL CONNECTIONS/Manyatta/DMM pipelines.shp
,,,,,16.202,0,0.1,OPEN,PPR,CBD,DEC/2017,,Service line,,In service,Pressure is Ok,,,,20,0.75,0,DMM pipelines,E:/SEURECA KISUMU/MARCH ANALYSIS REDONE/POTENTIAL CONNECTIONS/Manyatta/DMM pipelines.shp
,,,,,7.291,0,0.1,OPEN,PPR,CBD,DEC/2017,,Service line,,In service,Pressure is Ok,,,,17,0.50,0,DMM pipelines,E:/SEURECA KISUMU/MARCH ANALYSIS REDONE/POTENTIAL CONNECTIONS/Manyatta/DMM pipelines.shp
,,,,,32.059,0,0.1,OPEN,PPR,CBD,DEC/2017,,Service line,,In service,Pressure is Ok,,,,17,0.50,0,DMM pipelines,E:/SEURECA KISUMU/MARCH ANALYSIS REDONE/POTENTIAL CONNECTIONS/Manyatta/DMM pipelines.shp
,,,,,31.791,0,0.1,OPEN,PPR,CBD,DEC/2017,,Service line,,In service,Pressure is Ok,,,,17,0.50,0,DMM pipelines,E:/SEURECA KISUMU/MARCH ANALYSIS REDONE/POTENTIAL CONNECTIONS/Manyatta/DMM pipelines.shp
,,,,,18.696,0,0.1,OPEN,PVC,CBD,DEC/2017,,Service line,,In service,Pressure is Ok,,,,25,1.00,0,DMM pipelines,E:/SEURECA KISUMU/MARCH ANALYSIS REDONE/POTENTIAL CONNECTIONS/Manyatta/DMM pipelines.shp
,,,,,6.063,0,0.1,OPEN,PVC,CBD,DEC/2017,,Service line,,In service,Pressure is Ok,,,,20,0.75,0,DMM pipelines,E:/SEURECA KISUMU/MARCH ANALYSIS REDONE/POTENTIAL CONNECTIONS/Manyatta/DMM pipelines.shp
,,,,,125.270,0,0.1,OPEN,PPR,CBD,DEC/2017,,Service line,,In service,Pressure is Ok,,,,17,0.50,0,DMM pipelines,E:/SEURECA KISUMU/MARCH ANALYSIS REDONE/POTENTIAL CONNECTIONS/Manyatta/DMM pipelines.shp
,,,,,8.147,0,0.1,OPEN,PPR,CBD,DEC/2017,,Service line,,In service,Pressure is Ok,,,,17,0.50,0,DMM pipelines,E:/SEURECA KISUMU/MARCH ANALYSIS REDONE/POTENTIAL CONNECTIONS/Manyatta/DMM pipelines.shp
,,,,,81.495,0,0.1,OPEN,PPR,CBD,DEC/2017,,Service line,,In service,Pressure is Ok,,,,17,0.50,0,DMM pipelines,E:/SEURECA KISUMU/MARCH ANALYSIS REDONE/POTENTIAL CONNECTIONS/Manyatta/DMM pipelines.shp
,,,,,37.876,0,0.1,OPEN,PPR,CBD,DEC/2017,,Service line,,In service,Pressure is Ok,,,,20,0.75,0,DMM pipelines,E:/SEURECA KISUMU/MARCH ANALYSIS REDONE/POTENTIAL CONNECTIONS/Manyatta/DMM pipelines.shp
,,,,,114.715,0,0.1,OPEN,PPR,CBD,DEC/2017,,Service line,,In service,Pressure is Ok,,,,17,0.50,0,DMM pipelines,E:/SEURECA KISUMU/MARCH ANALYSIS REDONE/POTENTIAL CONNECTIONS/Manyatta/DMM pipelines.shp
,,,,,84.003,0,0.1,OPEN,PPR,CBD,DEC/2017,,Service line,,In service,Pressure is Ok,,,,17,0.50,0,DMM pipelines,E:/SEURECA KISUMU/MARCH ANALYSIS REDONE/POTENTIAL CONNECTIONS/Manyatta/DMM pipelines.shp
,,,,,27.506,0,0.1,OPEN,PPR,CBD,DEC/2017,,Service line,,In service,Pressure is Ok,,,,20,0.75,0,DMM pipelines,E:/SEURECA KISUMU/MARCH ANALYSIS REDONE/POTENTIAL CONNECTIONS/Manyatta/DMM pipelines.shp
,,,,,12.525,0,0.1,OPEN,PPR,CBD,DEC/2017,,Service line,,In service,Pressure is Ok,,,,20,0.75,0,DMM pipelines,E:/SEURECA KISUMU/MARCH ANALYSIS REDONE/POTENTIAL CONNECTIONS/Manyatta/DMM pipelines.shp
,,,,,214.136,0,0.1,OPEN,PPR,CBD,DEC/2017,,Service line,,In service,Pressure is Ok,,,,20,0.75,0,DMM pipelines,E:/SEURECA KISUMU/MARCH ANALYSIS REDONE/POTENTIAL CONNECTIONS/Manyatta/DMM pipelines.shp
,,,,,10.420,0,0.1,OPEN,PPR,CBD,DEC/2017,,Service line,,In service,Pressure is Ok,,,,17,0.50,0,DMM pipelines,E:/SEURECA KISUMU/MARCH ANALYSIS REDONE/POTENTIAL CONNECTIONS/Manyatta/DMM pipelines.shp
,,,,,12.726,0,0.1,OPEN,PPR,CBD,DEC/2017,,Service line,,In service,Pressure is Ok,,,,17,0.50,0,DMM pipelines,E:/SEURECA KISUMU/MARCH ANALYSIS REDONE/POTENTIAL CONNECTIONS/Manyatta/DMM pipelines.shp
,,,,,11.309,0,0.1,OPEN,PPR,CBD,DEC/2017,,Service line,,In service,Pressure is Ok,,,,17,0.50,0,DMM pipelines,E:/SEURECA KISUMU/MARCH ANALYSIS REDONE/POTENTIAL CONNECTIONS/Manyatta/DMM pipelines.shp
,,,,,53.023,0,0.1,OPEN,PPR,CBD,DEC/2017,,Service line,,In service,Pressure is Ok,,,,17,0.50,0,DMM pipelines,E:/SEURECA KISUMU/MARCH ANALYSIS REDONE/POTENTIAL CONNECTIONS/Manyatta/DMM pipelines.shp
,,,,,34.035,0,0.1,OPEN,PPR,CBD,DEC/2017,,Service line,,In service,Pressure is Ok,,,,17,0.50,0,DMM pipelines,E:/SEURECA KISUMU/MARCH ANALYSIS REDONE/POTENTIAL CONNECTIONS/Manyatta/DMM pipelines.shp
,,,,,14.576,0,0.1,OPEN,PPR,CBD,DEC/2017,,Service line,,In service,Pressure is Ok,,,,17,0.50,0,DMM pipelines,E:/SEURECA KISUMU/MARCH ANALYSIS REDONE/POTENTIAL CONNECTIONS/Manyatta/DMM pipelines.shp
,,,,,141.521,0,0.1,OPEN,PPR,CBD,DEC/2017,,Service line,,In service,Pressure is Ok,,,,17,0.50,0,DMM pipelines,E:/SEURECA KISUMU/MARCH ANALYSIS REDONE/POTENTIAL CONNECTIONS/Manyatta/DMM pipelines.shp
,,,,,49.901,0,0.1,OPEN,PPR,CBD,DEC/2017,,Service line,,In service,Pressure is Ok,,,,17,0.50,0,DMM pipelines,E:/SEURECA KISUMU/MARCH ANALYSIS REDONE/POTENTIAL CONNECTIONS/Manyatta/DMM pipelines.shp
,,,,,9.640,0,0.1,OPEN,PPR,CBD,DEC/2017,,Service line,,In service,Pressure is Ok,,,,17,0.50,0,DMM pipelines,E:/SEURECA KISUMU/MARCH ANALYSIS REDONE/POTENTIAL CONNECTIONS/Manyatta/DMM pipelines.shp
,,,,,102.540,0,0.1,OPEN,PPR,CBD,DEC/2017,,Service line,,In service,Pressure is Ok,,,,17,0.50,0,DMM pipelines,E:/SEURECA KISUMU/MARCH ANALYSIS REDONE/POTENTIAL CONNECTIONS/Manyatta/DMM pipelines.shp
,,,,,25.312,0,0.1,OPEN,PPR,CBD,DEC/2017,,Service line,,In service,Pressure is Ok,,,,17,0.50,0,DMM pipelines,E:/SEURECA KISUMU/MARCH ANALYSIS REDONE/POTENTIAL CONNECTIONS/Manyatta/DMM pipelines.shp
,,,,,90.915,0,0.1,OPEN,PVC,CBD,DEC/2017,,Service line,,In service,Pressure is Ok,,,,25,1.00,0,DMM pipelines,E:/SEURECA KISUMU/MARCH ANALYSIS REDONE/POTENTIAL CONNECTIONS/Manyatta/DMM pipelines.shp
,,,,,62.263,0,0.1,OPEN,PPR,CBD,DEC/2017,,Service line,,In service,Pressure is Ok,,,,20,0.75,0,DMM pipelines,E:/SEURECA KISUMU/MARCH ANALYSIS REDONE/POTENTIAL CONNECTIONS/Manyatta/DMM pipelines.shp
,,,,,83.349,0,0.1,OPEN,PPR,CBD,DEC/2017,,Service line,,In service,Pressure is Ok,,,,20,0.75,0,DMM pipelines,E:/SEURECA KISUMU/MARCH ANALYSIS REDONE/POTENTIAL CONNECTIONS/Manyatta/DMM pipelines.shp
,,,,,16.178,0,0.1,OPEN,PPR,CBD,DEC/2017,,Service line,,In service,Pressure is Ok,,,,20,0.75,0,DMM pipelines,E:/SEURECA KISUMU/MARCH ANALYSIS REDONE/POTENTIAL CONNECTIONS/Manyatta/DMM pipelines.shp
,,,,,175.555,0,0.1,OPEN,PPR,CBD,DEC/2017,,Service line,,In service,Pressure is Ok,,,,17,0.50,0,DMM pipelines,E:/SEURECA KISUMU/MARCH ANALYSIS REDONE/POTENTIAL CONNECTIONS/Manyatta/DMM pipelines.shp
,,,,,8.569,0,0.1,OPEN,PPR,CBD,DEC/2017,,Service line,,In service,Pressure is Ok,,,,17,0.50,0,DMM pipelines,E:/SEURECA KISUMU/MARCH ANALYSIS REDONE/POTENTIAL CONNECTIONS/Manyatta/DMM pipelines.shp
,,,,,18.280,0,0.1,OPEN,PPR,CBD,DEC/2017,,Service line,,In service,Pressure is Ok,,,,17,0.50,0,DMM pipelines,E:/SEURECA KISUMU/MARCH ANALYSIS REDONE/POTENTIAL CONNECTIONS/Manyatta/DMM pipelines.shp
,,,,,63.301,0,0.1,OPEN,PPR,CBD,DEC/2017,,Service line,,In service,Pressure is Ok,,,,20,0.75,0,DMM pipelines,E:/SEURECA KISUMU/MARCH ANALYSIS REDONE/POTENTIAL CONNECTIONS/Manyatta/DMM pipelines.shp
,,,,,95.208,0,0.1,OPEN,PPR,CBD,DEC/2017,,Service line,,In service,Pressure is Ok,,,,17,0.50,0,DMM pipelines,E:/SEURECA KISUMU/MARCH ANALYSIS REDONE/POTENTIAL CONNECTIONS/Manyatta/DMM pipelines.shp
,,,,,24.950,0,0.1,OPEN,PPR,CBD,DEC/2017,,Service line,,In service,Pressure is Ok,,,,20,0.75,0,DMM pipelines,E:/SEURECA KISUMU/MARCH ANALYSIS REDONE/POTENTIAL CONNECTIONS/Manyatta/DMM pipelines.shp
,,,,,70.693,0,0.1,OPEN,PPR,CBD,DEC/2017,,Service line,,In service,Pressure is Ok,,,,17,0.50,0,DMM pipelines,E:/SEURECA KISUMU/MARCH ANALYSIS REDONE/POTENTIAL CONNECTIONS/Manyatta/DMM pipelines.shp
,,,,,26.261,0,0.1,OPEN,PPR,CBD,DEC/2017,,Service line,,In service,Pressure is Ok,,,,20,0.75,0,DMM pipelines,E:/SEURECA KISUMU/MARCH ANALYSIS REDONE/POTENTIAL CONNECTIONS/Manyatta/DMM pipelines.shp
,,,,,27.380,0,0.1,OPEN,PPR,CBD,DEC/2017,,Service line,,In service,Pressure is Ok,,,,17,0.50,0,DMM pipelines,E:/SEURECA KISUMU/MARCH ANALYSIS REDONE/POTENTIAL CONNECTIONS/Manyatta/DMM pipelines.shp
,,,,,92.657,0,0.1,OPEN,PPR,CBD,DEC/2017,,Service line,,In service,Pressure is Ok,,,,17,0.50,0,DMM pipelines,E:/SEURECA KISUMU/MARCH ANALYSIS REDONE/POTENTIAL CONNECTIONS/Manyatta/DMM pipelines.shp
,,,,,53.406,0,0.1,OPEN,PPR,CBD,DEC/2017,,Service line,,In service,Pressure is Ok,,,,17,0.50,0,DMM pipelines,E:/SEURECA KISUMU/MARCH ANALYSIS REDONE/POTENTIAL CONNECTIONS/Manyatta/DMM pipelines.shp
,,,,,19.695,0,0.1,OPEN,PPR,CBD,DEC/2017,,Service line,,In service,Pressure is Ok,,,,20,0.75,0,DMM pipelines,E:/SEURECA KISUMU/MARCH ANALYSIS REDONE/POTENTIAL CONNECTIONS/Manyatta/DMM pipelines.shp
,,,,,214.943,0,0.1,OPEN,PVC,CBD,DEC/2017,,Service line,,In service,Pressure is Ok,,,,25,1.00,0,DMM pipelines,E:/SEURECA KISUMU/MARCH ANALYSIS REDONE/POTENTIAL CONNECTIONS/Manyatta/DMM pipelines.shp
,,,,,62.972,0,0.1,OPEN,PPR,CBD,DEC/2017,,Service line,,In service,Pressure is Ok,,,,20,0.75,0,DMM pipelines,E:/SEURECA KISUMU/MARCH ANALYSIS REDONE/POTENTIAL CONNECTIONS/Manyatta/DMM pipelines.shp
,,,,,23.259,0,0.1,OPEN,PPR,CBD,DEC/2017,,Service line,,In service,Pressure is Ok,,,,17,0.50,0,DMM pipelines,E:/SEURECA KISUMU/MARCH ANALYSIS REDONE/POTENTIAL CONNECTIONS/Manyatta/DMM pipelines.shp
,,,,,27.601,0,0.1,OPEN,PPR,CBD,DEC/2017,,Service line,,In service,Pressure is Ok,,,,20,0.75,0,DMM pipelines,E:/SEURECA KISUMU/MARCH ANALYSIS REDONE/POTENTIAL CONNECTIONS/Manyatta/DMM pipelines.shp
,,,,,194.586,0,0.1,OPEN,PPR,CBD,DEC/2017,,Service line,,In service,Pressure is Ok,,,,17,0.50,0,DMM pipelines,E:/SEURECA KISUMU/MARCH ANALYSIS REDONE/POTENTIAL CONNECTIONS/Manyatta/DMM pipelines.shp
,,,,,11.336,0,0.1,OPEN,PPR,CBD,DEC/2017,,Service line,,In service,Pressure is Ok,,,,17,0.50,0,DMM pipelines,E:/SEURECA KISUMU/MARCH ANALYSIS REDONE/POTENTIAL CONNECTIONS/Manyatta/DMM pipelines.shp
,,,,,28.439,0,0.1,OPEN,PPR,CBD,DEC/2017,,Service line,,In service,Pressure is Ok,,,,17,0.50,0,DMM pipelines,E:/SEURECA KISUMU/MARCH ANALYSIS REDONE/POTENTIAL CONNECTIONS/Manyatta/DMM pipelines.shp
,,,,,24.642,0,0.1,OPEN,PPR,CBD,DEC/2017,,Service line,,In service,Pressure is Ok,,,,20,0.75,0,DMM pipelines,E:/SEURECA KISUMU/MARCH ANALYSIS REDONE/POTENTIAL CONNECTIONS/Manyatta/DMM pipelines.shp
,,,,,35.134,0,0.1,OPEN,PPR,CBD,DEC/2017,,Service line,,In service,Pressure is Ok,,,,17,0.50,0,DMM pipelines,E:/SEURECA KISUMU/MARCH ANALYSIS REDONE/POTENTIAL CONNECTIONS/Manyatta/DMM pipelines.shp
,,,,,46.264,0,0.1,OPEN,PPR,CBD,DEC/2017,,Service line,,In service,Pressure is Ok,,,,20,0.75,0,DMM pipelines,E:/SEURECA KISUMU/MARCH ANALYSIS REDONE/POTENTIAL CONNECTIONS/Manyatta/DMM pipelines.shp
,,,,,102.189,0,0.1,OPEN,PVC,MYT,DEC/2017,,Service line,,In service,Experience low pressure,,,,17,0.50,0,DMM pipelines,E:/SEURECA KISUMU/MARCH ANALYSIS REDONE/POTENTIAL CONNECTIONS/Manyatta/DMM pipelines.shp
,,,,,269.682,0,0.1,OPEN,PPR,MYT,DEC/2017,,Service line,,In service,Low pressure is experienced,,,,20,0.75,0,DMM pipelines,E:/SEURECA KISUMU/MARCH ANALYSIS REDONE/POTENTIAL CONNECTIONS/Manyatta/DMM pipelines.shp
,,,,,138.890,0,0.1,OPEN,PVC,MYT,DEC/2017,,Service line,,In service,Low pressure is experienced,,,,17,0.50,0,DMM pipelines,E:/SEURECA KISUMU/MARCH ANALYSIS REDONE/POTENTIAL CONNECTIONS/Manyatta/DMM pipelines.shp
,,,,,135.739,0,0.1,OPEN,PVC,MYT,DEC/2017,,Service line,,In service,Low pressure is experienced,,,,25,1.00,0,DMM pipelines,E:/SEURECA KISUMU/MARCH ANALYSIS REDONE/POTENTIAL CONNECTIONS/Manyatta/DMM pipelines.shp
,,,,,11.952,0,0.1,OPEN,PVC,MYT,DEC/2017,,Service line,,In service,Low pressure is experienced,,,,17,0.50,0,DMM pipelines,E:/SEURECA KISUMU/MARCH ANALYSIS REDONE/POTENTIAL CONNECTIONS/Manyatta/DMM pipelines.shp
,,,,,94.820,0,0.1,OPEN,PVC,MYT,DEC/2017,,Service line,,In service,Low pressure is experienced,,,,20,0.75,0,DMM pipelines,E:/SEURECA KISUMU/MARCH ANALYSIS REDONE/POTENTIAL CONNECTIONS/Manyatta/DMM pipelines.shp
,,,,,93.199,0,0.1,OPEN,PVC,MYT,DEC/2017,,Service line,,In service,Low pressure is experienced,,,,32,1.25,0,DMM pipelines,E:/SEURECA KISUMU/MARCH ANALYSIS REDONE/POTENTIAL CONNECTIONS/Manyatta/DMM pipelines.shp
,,,,,210.628,0,0.1,OPEN,PVC,MYT,DEC/2017,,Service line,,In service,Low pressure is experienced,,,,25,1.00,0,DMM pipelines,E:/SEURECA KISUMU/MARCH ANALYSIS REDONE/POTENTIAL CONNECTIONS/Manyatta/DMM pipelines.shp
,,,,,421.831,0,0.1,OPEN,PVC,MYT,DEC/2017,,Service line,,In service,Low pressure is experienced,,,,20,0.75,0,DMM pipelines,E:/SEURECA KISUMU/MARCH ANALYSIS REDONE/POTENTIAL CONNECTIONS/Manyatta/DMM pipelines.shp
,,,,,3.526,0,0.1,OPEN,PVC,MYT,DEC/2017,,Service line,,In service,Experience low pressure,,,,20,0.75,0,DMM pipelines,E:/SEURECA KISUMU/MARCH ANALYSIS REDONE/POTENTIAL CONNECTIONS/Manyatta/DMM pipelines.shp
,,,,,18.515,0,0.1,OPEN,PVC,MYT,DEC/2017,,Service line,,In service,Experience low pressure,,,,20,0.75,0,DMM pipelines,E:/SEURECA KISUMU/MARCH ANALYSIS REDONE/POTENTIAL CONNECTIONS/Manyatta/DMM pipelines.shp
,,,,,16.519,0,0.1,OPEN,PVC,MYT,DEC/2017,,Service line,,In service,Experience low pressure,,,,17,0.50,0,DMM pipelines,E:/SEURECA KISUMU/MARCH ANALYSIS REDONE/POTENTIAL CONNECTIONS/Manyatta/DMM pipelines.shp
,,,,,13.662,0,0.1,OPEN,PVC,MYT,DEC/2017,,Service line,,In service,Experience low pressure,,,,17,0.50,0,DMM pipelines,E:/SEURECA KISUMU/MARCH ANALYSIS REDONE/POTENTIAL CONNECTIONS/Manyatta/DMM pipelines.shp
,,,,,43.250,0,0.1,OPEN,PVC,MYT,DEC/2017,,Service line,,In service,Low pressure is experienced,,,,20,0.75,0,DMM pipelines,E:/SEURECA KISUMU/MARCH ANALYSIS REDONE/POTENTIAL CONNECTIONS/Manyatta/DMM pipelines.shp
,,,,,33.583,0,0.1,OPEN,PVC,MYT,DEC/2017,,Service line,,In service,Low pressure is experienced,,,,17,0.50,0,DMM pipelines,E:/SEURECA KISUMU/MARCH ANALYSIS REDONE/POTENTIAL CONNECTIONS/Manyatta/DMM pipelines.shp
,,,,,57.874,0,0.1,OPEN,PPR,MYT,DEC/2017,,Service line,,In service,Low pressure is experienced,,,,17,0.50,0,DMM pipelines,E:/SEURECA KISUMU/MARCH ANALYSIS REDONE/POTENTIAL CONNECTIONS/Manyatta/DMM pipelines.shp
,,,,,313.070,0,0.1,OPEN,PPR,MYT,DEC/2017,,Service line,,In service,Low pressure is experienced,,,,20,0.75,0,DMM pipelines,E:/SEURECA KISUMU/MARCH ANALYSIS REDONE/POTENTIAL CONNECTIONS/Manyatta/DMM pipelines.shp
,,,,,54.626,0,0.1,OPEN,PVC,MYT,DEC/2017,,Service line,,In service,Low pressure is experienced,,,,17,0.50,0,DMM pipelines,E:/SEURECA KISUMU/MARCH ANALYSIS REDONE/POTENTIAL CONNECTIONS/Manyatta/DMM pipelines.shp
,,,,,26.582,0,0.1,OPEN,PVC,MYT,DEC/2017,,Service line,,In service,Low pressure is experienced,,,,17,0.50,0,DMM pipelines,E:/SEURECA KISUMU/MARCH ANALYSIS REDONE/POTENTIAL CONNECTIONS/Manyatta/DMM pipelines.shp
,,,,,70.096,0,0.1,OPEN,PPR,MYT,DEC/2017,,Service line,,In service,Low pressure is experienced,,,,17,0.50,0,DMM pipelines,E:/SEURECA KISUMU/MARCH ANALYSIS REDONE/POTENTIAL CONNECTIONS/Manyatta/DMM pipelines.shp
,,,,,7.583,0,0.1,OPEN,PPR,MYT,DEC/2017,,Service line,,In service,Low pressure is experienced,,,,20,0.75,0,DMM pipelines,E:/SEURECA KISUMU/MARCH ANALYSIS REDONE/POTENTIAL CONNECTIONS/Manyatta/DMM pipelines.shp
,,,,,38.748,0,0.1,OPEN,PPR,MYT,DEC/2017,,Service line,,In service,Low pressure is experienced,,,,17,0.50,0,DMM pipelines,E:/SEURECA KISUMU/MARCH ANALYSIS REDONE/POTENTIAL CONNECTIONS/Manyatta/DMM pipelines.shp
,,,,,43.862,0,0.1,OPEN,PVC,MYT,DEC/2017,,Service line,,In service,Low pressure is experienced,,,,17,0.50,0,DMM pipelines,E:/SEURECA KISUMU/MARCH ANALYSIS REDONE/POTENTIAL CONNECTIONS/Manyatta/DMM pipelines.shp
,,,,,39.971,0,0.1,OPEN,PPR,MYT,DEC/2017,,Service line,,In service,Low pressure is experienced,,,,20,0.75,0,DMM pipelines,E:/SEURECA KISUMU/MARCH ANALYSIS REDONE/POTENTIAL CONNECTIONS/Manyatta/DMM pipelines.shp
,,,,,19.495,0,0.1,OPEN,PVC,MYT,DEC/2017,,Service line,,In service,Low pressure is experienced,,,,17,0.50,0,DMM pipelines,E:/SEURECA KISUMU/MARCH ANALYSIS REDONE/POTENTIAL CONNECTIONS/Manyatta/DMM pipelines.shp
,,,,,84.853,0,0.1,OPEN,PPR,MYT,DEC/2017,,Service line,,In service,Low pressure is experienced,,,,20,0.75,0,DMM pipelines,E:/SEURECA KISUMU/MARCH ANALYSIS REDONE/POTENTIAL CONNECTIONS/Manyatta/DMM pipelines.shp
,,,,,53.161,0,0.1,OPEN,PPR,MYT,DEC/2017,,Service line,,In service,Low pressure is experienced,,,,17,0.50,0,DMM pipelines,E:/SEURECA KISUMU/MARCH ANALYSIS REDONE/POTENTIAL CONNECTIONS/Manyatta/DMM pipelines.shp
,,,,,106.260,0,0.1,OPEN,PVC,MYT,DEC/2017,,Service line,,In service,Low pressure is experienced,,,,20,0.75,0,DMM pipelines,E:/SEURECA KISUMU/MARCH ANALYSIS REDONE/POTENTIAL CONNECTIONS/Manyatta/DMM pipelines.shp
,,,,,82.255,0,0.1,OPEN,PVC,MYT,DEC/2017,,Service line,,In service,Low pressure is experienced,,,,17,0.50,0,DMM pipelines,E:/SEURECA KISUMU/MARCH ANALYSIS REDONE/POTENTIAL CONNECTIONS/Manyatta/DMM pipelines.shp
,,,,,51.399,0,0.1,OPEN,PPR,MYT,DEC/2017,,Service line,,In service,Low pressure is experienced,,,,17,0.50,0,DMM pipelines,E:/SEURECA KISUMU/MARCH ANALYSIS REDONE/POTENTIAL CONNECTIONS/Manyatta/DMM pipelines.shp
,,,,,9.254,0,0.1,OPEN,PPR,MYT,DEC/2017,,Service line,,In service,Low pressure is experienced,,,,17,0.50,0,DMM pipelines,E:/SEURECA KISUMU/MARCH ANALYSIS REDONE/POTENTIAL CONNECTIONS/Manyatta/DMM pipelines.shp
,,,,,748.590,0,0.1,OPEN,PVC,MYT,DEC/2017,,Service line,,In service,Low pressure is experienced,,,,40,1.50,0,DMM pipelines,E:/SEURECA KISUMU/MARCH ANALYSIS REDONE/POTENTIAL CONNECTIONS/Manyatta/DMM pipelines.shp
,,,,,375.724,0,0.1,OPEN,PVC,MYT,DEC/2017,,Service line,,In service,Low pressure is experienced,,,,25,1.00,0,DMM pipelines,E:/SEURECA KISUMU/MARCH ANALYSIS REDONE/POTENTIAL CONNECTIONS/Manyatta/DMM pipelines.shp
,,,,,54.391,0,0.1,OPEN,PVC,MYT,DEC/2017,,Service line,,In service,Low pressure is experienced,,,,40,1.50,0,DMM pipelines,E:/SEURECA KISUMU/MARCH ANALYSIS REDONE/POTENTIAL CONNECTIONS/Manyatta/DMM pipelines.shp
,,,,,49.424,0,0.1,OPEN,PVC,MYT,DEC/2017,,Service line,,In service,Low pressure is experienced,,,,50,2.00,0,DMM pipelines,E:/SEURECA KISUMU/MARCH ANALYSIS REDONE/POTENTIAL CONNECTIONS/Manyatta/DMM pipelines.shp
,,,,,46.490,0,0.1,OPEN,PVC,MYT,DEC/2017,,Service line,,In service,Low pressure is experienced,,,,17,0.50,0,DMM pipelines,E:/SEURECA KISUMU/MARCH ANALYSIS REDONE/POTENTIAL CONNECTIONS/Manyatta/DMM pipelines.shp
,,,,,416.490,0,0.1,OPEN,PVC,MYT,DEC/2017,,Service line,,In service,Low pressure is experienced,,,,25,1.00,0,DMM pipelines,E:/SEURECA KISUMU/MARCH ANALYSIS REDONE/POTENTIAL CONNECTIONS/Manyatta/DMM pipelines.shp
,,,,,8.823,0,0.1,OPEN,PVC,MYT,DEC/2017,,Service line,,In service,Low pressure is experienced,,,,20,0.75,0,DMM pipelines,E:/SEURECA KISUMU/MARCH ANALYSIS REDONE/POTENTIAL CONNECTIONS/Manyatta/DMM pipelines.shp
,,,,,28.000,0,0.1,OPEN,PVC,MYT,DEC/2017,,Service line,,In service,Low pressure is experienced,,,,17,0.50,0,DMM pipelines,E:/SEURECA KISUMU/MARCH ANALYSIS REDONE/POTENTIAL CONNECTIONS/Manyatta/DMM pipelines.shp
,,,,,99.590,0,0.1,OPEN,PVC,MYT,DEC/2017,,Service line,,In service,Low pressure is experienced,,,,17,0.50,0,DMM pipelines,E:/SEURECA KISUMU/MARCH ANALYSIS REDONE/POTENTIAL CONNECTIONS/Manyatta/DMM pipelines.shp
,,,,,31.441,0,0.1,OPEN,PVC,MYT,DEC/2017,,Service line,,In service,Low pressure is experienced,,,,20,0.75,0,DMM pipelines,E:/SEURECA KISUMU/MARCH ANALYSIS REDONE/POTENTIAL CONNECTIONS/Manyatta/DMM pipelines.shp
,,,,,13.360,0,0.1,OPEN,PVC,MYT,DEC/2017,,Service line,,In service,Low pressure is experienced,,,,17,0.50,0,DMM pipelines,E:/SEURECA KISUMU/MARCH ANALYSIS REDONE/POTENTIAL CONNECTIONS/Manyatta/DMM pipelines.shp
,,,,,136.821,0,0.1,OPEN,PPR,MYT,DEC/2017,,Service line,,In service,Low pressure is experienced,,,,20,0.75,0,DMM pipelines,E:/SEURECA KISUMU/MARCH ANALYSIS REDONE/POTENTIAL CONNECTIONS/Manyatta/DMM pipelines.shp
,,,,,21.706,0,0.1,OPEN,PVC,MYT,DEC/2017,,Service line,,In service,Low pressure is experienced,,,,17,0.50,0,DMM pipelines,E:/SEURECA KISUMU/MARCH ANALYSIS REDONE/POTENTIAL CONNECTIONS/Manyatta/DMM pipelines.shp
,,,,,294.766,0,0.1,OPEN,PVC,MYT,DEC/2017,,Service line,,In service,Low pressure is experienced,,,,20,0.75,0,DMM pipelines,E:/SEURECA KISUMU/MARCH ANALYSIS REDONE/POTENTIAL CONNECTIONS/Manyatta/DMM pipelines.shp
,,,,,23.307,0,0.1,OPEN,PVC,MYT,DEC/2017,,Service line,,In service,Low pressure is experienced,,,,17,0.50,0,DMM pipelines,E:/SEURECA KISUMU/MARCH ANALYSIS REDONE/POTENTIAL CONNECTIONS/Manyatta/DMM pipelines.shp
,,,,,20.918,0,0.1,OPEN,PVC,MYT,DEC/2017,,Service line,,In service,Low pressure is experienced,,,,20,0.75,0,DMM pipelines,E:/SEURECA KISUMU/MARCH ANALYSIS REDONE/POTENTIAL CONNECTIONS/Manyatta/DMM pipelines.shp
,,,,,18.163,0,0.1,OPEN,PVC,MYT,DEC/2017,,Service line,,In service,Low pressure is experienced,,,,17,0.50,0,DMM pipelines,E:/SEURECA KISUMU/MARCH ANALYSIS REDONE/POTENTIAL CONNECTIONS/Manyatta/DMM pipelines.shp
,,,,,75.164,0,0.1,OPEN,PPR,MYT,DEC/2017,,Service line,,In service,Low pressure is experienced,,,,20,0.75,0,DMM pipelines,E:/SEURECA KISUMU/MARCH ANALYSIS REDONE/POTENTIAL CONNECTIONS/Manyatta/DMM pipelines.shp
,,,,,40.065,0,0.1,OPEN,PPR,MYT,DEC/2017,,Service line,,In service,Low pressure is experienced,,,,17,0.50,0,DMM pipelines,E:/SEURECA KISUMU/MARCH ANALYSIS REDONE/POTENTIAL CONNECTIONS/Manyatta/DMM pipelines.shp
,,,,,39.328,0,0.1,OPEN,PVC,MYT,DEC/2017,,Service line,,In service,Low pressure is experienced,,,,17,0.50,0,DMM pipelines,E:/SEURECA KISUMU/MARCH ANALYSIS REDONE/POTENTIAL CONNECTIONS/Manyatta/DMM pipelines.shp
,,,,,27.227,0,0.1,OPEN,PVC,MYT,DEC/2017,,Service line,,In service,Low pressure is experienced,,,,17,0.50,0,DMM pipelines,E:/SEURECA KISUMU/MARCH ANALYSIS REDONE/POTENTIAL CONNECTIONS/Manyatta/DMM pipelines.shp
,,,,,29.592,0,0.1,OPEN,PVC,MYT,DEC/2017,,Service line,,In service,Low pressure is experienced,,,,20,0.75,0,DMM pipelines,E:/SEURECA KISUMU/MARCH ANALYSIS REDONE/POTENTIAL CONNECTIONS/Manyatta/DMM pipelines.shp
,,,,,133.855,0,0.1,OPEN,PVC,MYT,DEC/2017,,Service line,,In service,Low pressure is experienced,,,,17,0.50,0,DMM pipelines,E:/SEURECA KISUMU/MARCH ANALYSIS REDONE/POTENTIAL CONNECTIONS/Manyatta/DMM pipelines.shp
,,,,,40.964,0,0.1,OPEN,PVC,MYT,DEC/2017,,Service line,,In service,Low pressure is experienced,,,,17,0.50,0,DMM pipelines,E:/SEURECA KISUMU/MARCH ANALYSIS REDONE/POTENTIAL CONNECTIONS/Manyatta/DMM pipelines.shp
,,,,,8.428,0,0.1,OPEN,PVC,MYT,DEC/2017,,Service line,,In service,Low pressure is experienced,,,,17,0.50,0,DMM pipelines,E:/SEURECA KISUMU/MARCH ANALYSIS REDONE/POTENTIAL CONNECTIONS/Manyatta/DMM pipelines.shp
,,,,,24.782,0,0.1,OPEN,PVC,MYT,DEC/2017,,Service line,,In service,Low pressure is experienced,,,,17,0.50,0,DMM pipelines,E:/SEURECA KISUMU/MARCH ANALYSIS REDONE/POTENTIAL CONNECTIONS/Manyatta/DMM pipelines.shp
,,,,,20.384,0,0.1,OPEN,PPR,MYT,DEC/2017,,Service line,,In service,Low pressure is experienced,,,,20,0.75,0,DMM pipelines,E:/SEURECA KISUMU/MARCH ANALYSIS REDONE/POTENTIAL CONNECTIONS/Manyatta/DMM pipelines.shp
,,,,,271.550,0,0.1,OPEN,PVC,MYT,DEC/2017,,Service line,,In service,Low pressure is experienced,,,,25,1.00,0,DMM pipelines,E:/SEURECA KISUMU/MARCH ANALYSIS REDONE/POTENTIAL CONNECTIONS/Manyatta/DMM pipelines.shp
,,,,,32.336,0,0.1,OPEN,PVC,MYT,DEC/2017,,Service line,,In service,Low pressure is experienced,,,,17,0.50,0,DMM pipelines,E:/SEURECA KISUMU/MARCH ANALYSIS REDONE/POTENTIAL CONNECTIONS/Manyatta/DMM pipelines.shp
,,,,,15.590,0,0.1,OPEN,PPR,MYT,DEC/2017,,Service line,,In service,Low pressure is experienced,,,,20,0.75,0,DMM pipelines,E:/SEURECA KISUMU/MARCH ANALYSIS REDONE/POTENTIAL CONNECTIONS/Manyatta/DMM pipelines.shp
,,,,,203.874,0,0.1,OPEN,PVC,MYT,DEC/2017,,Service line,,In service,Low pressure is experienced,,,,25,1.00,0,DMM pipelines,E:/SEURECA KISUMU/MARCH ANALYSIS REDONE/POTENTIAL CONNECTIONS/Manyatta/DMM pipelines.shp
,,,,,8.472,0,0.1,OPEN,PPR,MYT,DEC/2017,,Service line,,In service,Low pressure is experienced,,,,20,0.75,0,DMM pipelines,E:/SEURECA KISUMU/MARCH ANALYSIS REDONE/POTENTIAL CONNECTIONS/Manyatta/DMM pipelines.shp
,,,,,5.248,0,0.1,OPEN,PVC,MYT,DEC/2017,,Service line,,In service,Low pressure is experienced,,,,17,0.50,0,DMM pipelines,E:/SEURECA KISUMU/MARCH ANALYSIS REDONE/POTENTIAL CONNECTIONS/Manyatta/DMM pipelines.shp
,,,,,27.817,0,0.1,OPEN,PVC,MYT,DEC/2017,,Service line,,In service,Low pressure is experienced,,,,20,0.75,0,DMM pipelines,E:/SEURECA KISUMU/MARCH ANALYSIS REDONE/POTENTIAL CONNECTIONS/Manyatta/DMM pipelines.shp
,,,,,9.618,0,0.1,OPEN,PVC,MYT,DEC/2017,,Service line,,In service,Low pressure is experienced,,,,17,0.50,0,DMM pipelines,E:/SEURECA KISUMU/MARCH ANALYSIS REDONE/POTENTIAL CONNECTIONS/Manyatta/DMM pipelines.shp
,,,,,127.419,0,0.1,OPEN,PVC,MYT,DEC/2017,,Service line,,In service,Low pressure is experienced,,,,32,1.25,0,DMM pipelines,E:/SEURECA KISUMU/MARCH ANALYSIS REDONE/POTENTIAL CONNECTIONS/Manyatta/DMM pipelines.shp
,,,,,192.537,0,0.1,OPEN,PPR,MYT,DEC/2017,,Service line,,In service,Low pressure is experienced,,,,20,0.75,0,DMM pipelines,E:/SEURECA KISUMU/MARCH ANALYSIS REDONE/POTENTIAL CONNECTIONS/Manyatta/DMM pipelines.shp
,,,,,34.336,0,0.1,OPEN,PVC,MYT,DEC/2017,,Service line,,In service,Low pressure is experienced,,,,20,0.75,0,DMM pipelines,E:/SEURECA KISUMU/MARCH ANALYSIS REDONE/POTENTIAL CONNECTIONS/Manyatta/DMM pipelines.shp
,,,,,16.765,0,0.1,OPEN,PPR,MYT,DEC/2017,,Service line,,In service,Low pressure is experienced,,,,20,0.75,0,DMM pipelines,E:/SEURECA KISUMU/MARCH ANALYSIS REDONE/POTENTIAL CONNECTIONS/Manyatta/DMM pipelines.shp
,,,,,17.307,0,0.1,OPEN,PVC,MYT,DEC/2017,,Service line,,In service,Low pressure is experienced,,,,17,0.50,0,DMM pipelines,E:/SEURECA KISUMU/MARCH ANALYSIS REDONE/POTENTIAL CONNECTIONS/Manyatta/DMM pipelines.shp
,,,,,65.173,0,0.1,OPEN,PVC,MYT,DEC/2017,,Service line,,In service,Low pressure is experienced,,,,20,0.75,0,DMM pipelines,E:/SEURECA KISUMU/MARCH ANALYSIS REDONE/POTENTIAL CONNECTIONS/Manyatta/DMM pipelines.shp
,,,,,48.631,0,0.1,OPEN,PVC,MYT,DEC/2017,,Service line,,In service,Low pressure is experienced,,,,20,0.75,0,DMM pipelines,E:/SEURECA KISUMU/MARCH ANALYSIS REDONE/POTENTIAL CONNECTIONS/Manyatta/DMM pipelines.shp
,,,,,25.765,0,0.1,OPEN,PVC,MYT,DEC/2017,,Service line,,In service,Low pressure is experienced,,,,17,0.50,0,DMM pipelines,E:/SEURECA KISUMU/MARCH ANALYSIS REDONE/POTENTIAL CONNECTIONS/Manyatta/DMM pipelines.shp
,,,,,54.628,0,0.1,OPEN,PVC,MYT,DEC/2017,,Service line,,In service,Low pressure is experienced,,,,20,0.75,0,DMM pipelines,E:/SEURECA KISUMU/MARCH ANALYSIS REDONE/POTENTIAL CONNECTIONS/Manyatta/DMM pipelines.shp
,,,,,21.840,0,0.1,OPEN,PVC,MYT,DEC/2017,,Service line,,In service,Low pressure is experienced,,,,20,0.75,0,DMM pipelines,E:/SEURECA KISUMU/MARCH ANALYSIS REDONE/POTENTIAL CONNECTIONS/Manyatta/DMM pipelines.shp
,,,,,41.774,0,0.1,OPEN,PVC,MYT,DEC/2017,,Service line,,In service,Low pressure is experienced,,,,20,0.75,0,DMM pipelines,E:/SEURECA KISUMU/MARCH ANALYSIS REDONE/POTENTIAL CONNECTIONS/Manyatta/DMM pipelines.shp
,,,,,64.768,0,0.1,OPEN,PPR,MYT,DEC/2017,,Service line,,In service,Low pressure is experienced,,,,20,0.75,0,DMM pipelines,E:/SEURECA KISUMU/MARCH ANALYSIS REDONE/POTENTIAL CONNECTIONS/Manyatta/DMM pipelines.shp
,,,,,8.819,0,0.1,OPEN,PVC,MYT,DEC/2017,,Service line,,In service,Low pressure is experienced,,,,17,0.50,0,DMM pipelines,E:/SEURECA KISUMU/MARCH ANALYSIS REDONE/POTENTIAL CONNECTIONS/Manyatta/DMM pipelines.shp
,,,,,33.214,0,0.1,OPEN,PVC,MYT,DEC/2017,,Service line,,In service,Low pressure is experienced,,,,20,0.75,0,DMM pipelines,E:/SEURECA KISUMU/MARCH ANALYSIS REDONE/POTENTIAL CONNECTIONS/Manyatta/DMM pipelines.shp
,,,,,22.217,0,0.1,OPEN,PVC,MYT,DEC/2017,,Service line,,In service,Low pressure is experienced,,,,20,0.75,0,DMM pipelines,E:/SEURECA KISUMU/MARCH ANALYSIS REDONE/POTENTIAL CONNECTIONS/Manyatta/DMM pipelines.shp
,,,,,37.746,0,0.1,OPEN,PVC,MYT,DEC/2017,,Service line,,In service,Low pressure is experienced,,,,17,0.50,0,DMM pipelines,E:/SEURECA KISUMU/MARCH ANALYSIS REDONE/POTENTIAL CONNECTIONS/Manyatta/DMM pipelines.shp
,,,,,26.499,0,0.1,OPEN,PVC,MYT,DEC/2017,,Service line,,In service,Low pressure is experienced,,,,17,0.50,0,DMM pipelines,E:/SEURECA KISUMU/MARCH ANALYSIS REDONE/POTENTIAL CONNECTIONS/Manyatta/DMM pipelines.shp
,,,,,92.310,0,0.1,OPEN,PVC,MYT,DEC/2017,,Service line,,In service,Low pressure is experienced,,,,17,0.50,0,DMM pipelines,E:/SEURECA KISUMU/MARCH ANALYSIS REDONE/POTENTIAL CONNECTIONS/Manyatta/DMM pipelines.shp
,,,,,19.007,0,0.1,OPEN,PVC,MYT,DEC/2017,,Service line,,In service,Low pressure is experienced,,,,20,0.75,0,DMM pipelines,E:/SEURECA KISUMU/MARCH ANALYSIS REDONE/POTENTIAL CONNECTIONS/Manyatta/DMM pipelines.shp
,,,,,32.544,0,0.1,OPEN,PVC,MYT,DEC/2017,,Service line,,In service,Low pressure is experienced,,,,17,0.50,0,DMM pipelines,E:/SEURECA KISUMU/MARCH ANALYSIS REDONE/POTENTIAL CONNECTIONS/Manyatta/DMM pipelines.shp
,,,,,19.322,0,0.1,OPEN,PPR,MYT,DEC/2017,,Service line,,In service,Low pressure is experienced,,,,20,0.75,0,DMM pipelines,E:/SEURECA KISUMU/MARCH ANALYSIS REDONE/POTENTIAL CONNECTIONS/Manyatta/DMM pipelines.shp
,,,,,225.960,0,0.1,,,,,,,,,,,,,32,,0,DMM pipelines,E:/SEURECA KISUMU/MARCH ANALYSIS REDONE/POTENTIAL CONNECTIONS/Manyatta/DMM pipelines.shp
,,,,,151.696,0,0.1,OPEN,PVC,MIL,02.2018,,Distribution line,12.2017,In service,Ok,,,,50,2.00,0,DMM pipelines,E:/SEURECA KISUMU/MARCH ANALYSIS REDONE/POTENTIAL CONNECTIONS/Manyatta/DMM pipelines.shp
,,,,,93.649,0,0.1,OPEN,PVC,MIL,02.2018,,Distribution main,02.2018,IN service,Ok,,,,50,2.00,0,DMM pipelines,E:/SEURECA KISUMU/MARCH ANALYSIS REDONE/POTENTIAL CONNECTIONS/Manyatta/DMM pipelines.shp
,,,,,497.641,0,0.1,OPEN,PVC,CBD,12.2017,,Distribution main,,In service,OK,,,,75,3.00,0,DMM pipelines,E:/SEURECA KISUMU/MARCH ANALYSIS REDONE/POTENTIAL CONNECTIONS/Manyatta/DMM pipelines.shp
,,,,,214.271,0,0.1,OPEN,PVC,CBD,12.2017,,Distribution main,,In service,Ok,,,,2,2.00,1,DMM pipelines,E:/SEURECA KISUMU/MARCH ANALYSIS REDONE/POTENTIAL CONNECTIONS/Manyatta/DMM pipelines.shp
,,,,,441.391,0,0.1,,,,,,,,,,,,,40,0.00,2,DMM pipelines,E:/SEURECA KISUMU/MARCH ANALYSIS REDONE/POTENTIAL CONNECTIONS/Manyatta/DMM pipelines.shp
,,,,,202.481,0,0.1,OPEN,PVC,CBD,,,Distribution main,,In service,OK,,,,40,1.50,3,DMM pipelines,E:/SEURECA KISUMU/MARCH ANALYSIS REDONE/POTENTIAL CONNECTIONS/Manyatta/DMM pipelines.shp
,,,,,991.275,0,0.1,OPEN,50,CBD,12.2018,,Distribution main,,In service,Ok,,,,50,2.00,4,DMM pipelines,E:/SEURECA KISUMU/MARCH ANALYSIS REDONE/POTENTIAL CONNECTIONS/Manyatta/DMM pipelines.shp
,,,,,127.461,0,0.1,OPEN,PVC,CBD,12.2017,,Distribution main,,In service,Ok,,,,2,2.00,5,DMM pipelines,E:/SEURECA KISUMU/MARCH ANALYSIS REDONE/POTENTIAL CONNECTIONS/Manyatta/DMM pipelines.shp
,,,,,121.381,0,0.1,,,,,,,,,,,,,40,0.00,6,DMM pipelines,E:/SEURECA KISUMU/MARCH ANALYSIS REDONE/POTENTIAL CONNECTIONS/Manyatta/DMM pipelines.shp
,,,,,1437.390,0,0.1,OPEN,50,CBD,12.2018,,Distribution Main,,In service,Ok,,,,50,2.00,7,DMM pipelines,E:/SEURECA KISUMU/MARCH ANALYSIS REDONE/POTENTIAL CONNECTIONS/Manyatta/DMM pipelines.shp
,,,,,121.365,0,0.1,OPEN,PVC,CBD,,,Distribution main,,In service,Ok,,,,50,2.00,,DMM pipelines,E:/SEURECA KISUMU/MARCH ANALYSIS REDONE/POTENTIAL CONNECTIONS/Manyatta/DMM pipelines.shp
,,,,,51.569,0,0.1,OPEN,PVC,MIL,04.2018,,Distribution main,03.2018,In service,Ok,,,,40,1.50,,DMM pipelines,E:/SEURECA KISUMU/MARCH ANALYSIS REDONE/POTENTIAL CONNECTIONS/Manyatta/DMM pipelines.shp
1.5,,,,,136.304,0,0.1,OPEN,PVC,MIL,04.2018,,Distribution main,03.2018,In service,Ok,,,,40,1.50,,DMM pipelines,E:/SEURECA KISUMU/MARCH ANALYSIS REDONE/POTENTIAL CONNECTIONS/Manyatta/DMM pipelines.shp
,,,,,159.753,0,0.1,OPEN,PVC,MIL,04.2018,,Distribution main,03.2018,In service,Ok,,,,40,1.50,,DMM pipelines,E:/SEURECA KISUMU/MARCH ANALYSIS REDONE/POTENTIAL CONNECTIONS/Manyatta/DMM pipelines.shp
,,,,,163.638,0,0.1,OPEN,PVC,MIL,04.2018,,Distribution main,03.2018,In service,Ok,,,,40,1.50,,DMM pipelines,E:/SEURECA KISUMU/MARCH ANALYSIS REDONE/POTENTIAL CONNECTIONS/Manyatta/DMM pipelines.shp
,,,,,26.460,0,0.1,OPEN,PVC,MIL,04.2018,,Distribution main,03.2018,In service,Ok,,,,40,1.50,,DMM pipelines,E:/SEURECA KISUMU/MARCH ANALYSIS REDONE/POTENTIAL CONNECTIONS/Manyatta/DMM pipelines.shp
,,,,,39.866,0,0.1,OPEN,PVC,MIL,04.2018,,Distribution main,03.2018,In service,Ok,,,,40,1.50,,DMM pipelines,E:/SEURECA KISUMU/MARCH ANALYSIS REDONE/POTENTIAL CONNECTIONS/Manyatta/DMM pipelines.shp
,,,,,100.269,0,0.1,OPEN,PVC,MIL,04.2018,,Distribution main,03.2018,In service,Ok,,,,40,1.50,,DMM pipelines,E:/SEURECA KISUMU/MARCH ANALYSIS REDONE/POTENTIAL CONNECTIONS/Manyatta/DMM pipelines.shp
KOYUGA,,,,,29.261,0,0.1,OPEN,,MYT,,,Distribution,,In service,DMM,,,,50,2.00,0,DMM pipelines,E:/SEURECA KISUMU/MARCH ANALYSIS REDONE/POTENTIAL CONNECTIONS/Manyatta/DMM pipelines.shp
,,,,,80.409,0,.1,OPEN,PVC,MIL,05.2018,,Distribution main,2017,In service,Ok,,,,40,1.50,,DMM pipelines,E:/SEURECA KISUMU/MARCH ANALYSIS REDONE/POTENTIAL CONNECTIONS/Manyatta/DMM pipelines.shp
,,,,,288.912,0,.1,OPEN,PVC,MIL,05.2018,,Distribution main,2017,In service,OK,,,,25,1.00,,DMM pipelines,E:/SEURECA KISUMU/MARCH ANALYSIS REDONE/POTENTIAL CONNECTIONS/Manyatta/DMM pipelines.shp
,,,,,203.860,0,.1,OPEN,PVC,MIL,05.2018,,Distribution line,2017,In service,OK,,,,25,1.00,,DMM pipelines,E:/SEURECA KISUMU/MARCH ANALYSIS REDONE/POTENTIAL CONNECTIONS/Manyatta/DMM pipelines.shp
,,,,,148.245,0,.1,OPEN,PVC,MIL,05.2018,,Distribution main,2017,In service,Ok,,,,40,1.50,,DMM pipelines,E:/SEURECA KISUMU/MARCH ANALYSIS REDONE/POTENTIAL CONNECTIONS/Manyatta/DMM pipelines.shp
N/A,,,,,20.284,0,0.1,OPEN,,MIL,,,Distribution,N/A,In service,2 inch offtake from 8 inch,,,,50,2.00,0,DMM pipelines,E:/SEURECA KISUMU/MARCH ANALYSIS REDONE/POTENTIAL CONNECTIONS/Manyatta/DMM pipelines.shp
,,,,,40.940,0,.1,OPEN,PVC,MIL,05.2018,,Distribution line,04.2018,In service,Ok,,,,40,1.50,,DMM pipelines,E:/SEURECA KISUMU/MARCH ANALYSIS REDONE/POTENTIAL CONNECTIONS/Manyatta/DMM pipelines.shp
,,,,,42.939,0,.1,OPEN,,MIL,05.2018,,Service line,04.2018,In service,Ok,,,,25,1.00,,DMM pipelines,E:/SEURECA KISUMU/MARCH ANALYSIS REDONE/POTENTIAL CONNECTIONS/Manyatta/DMM pipelines.shp
,,,,,20.359,0,.1,OPEN,,MIL,05.2018,,Distribution line,04.2018,In service,Ok,,,,40,1.50,,DMM pipelines,E:/SEURECA KISUMU/MARCH ANALYSIS REDONE/POTENTIAL CONNECTIONS/Manyatta/DMM pipelines.shp
,,,,,108.104,0,.1,OPEN,,MIL,05.2018,,Service line,04.2018,In service,Ok,,,,25,1.00,,DMM pipelines,E:/SEURECA KISUMU/MARCH ANALYSIS REDONE/POTENTIAL CONNECTIONS/Manyatta/DMM pipelines.shp
,,,,,36.051,0,.1,OPEN,,MIL,05.2018,,Service line,04.2018,In service,Ok,,,,25,1.00,,DMM pipelines,E:/SEURECA KISUMU/MARCH ANALYSIS REDONE/POTENTIAL CONNECTIONS/Manyatta/DMM pipelines.shp
,,,,,17.201,0,.1,OPEN,,MIL,05.2018,,Distribution line,04.2018,In service,Ok,,,,50,2.00,,DMM pipelines,E:/SEURECA KISUMU/MARCH ANALYSIS REDONE/POTENTIAL CONNECTIONS/Manyatta/DMM pipelines.shp
,,,,,19.896,0,.1,OPEN,,MIL,05.2018,,Distribution line,04.2018,In service,Ok,,,,40,1.50,,DMM pipelines,E:/SEURECA KISUMU/MARCH ANALYSIS REDONE/POTENTIAL CONNECTIONS/Manyatta/DMM pipelines.shp
,,,,,51.887,0,.1,OPEN,,MIL,05.2018,,Distribution line,04.2018,In service,Ok,,,,40,1.50,,DMM pipelines,E:/SEURECA KISUMU/MARCH ANALYSIS REDONE/POTENTIAL CONNECTIONS/Manyatta/DMM pipelines.shp
,,,,,175.213,0,.1,,PVC,MIL,08.2018,,,,In serevic,Vandalized,,,,40,1.50,,DMM pipelines,E:/SEURECA KISUMU/MARCH ANALYSIS REDONE/POTENTIAL CONNECTIONS/Manyatta/DMM pipelines.shp
,,,,,235.142,0,.1,OPEN,PVC,MYT,09.2018,,Ditribution line,,In service,Ok,,,,50,2.00,,DMM pipelines,E:/SEURECA KISUMU/MARCH ANALYSIS REDONE/POTENTIAL CONNECTIONS/Manyatta/DMM pipelines.shp
,,,,,95.722,0,.1,OPEN,PVC,MYT,09.2018,,Distribution line,,In service,Ok,,,,2,2.00,,DMM pipelines,E:/SEURECA KISUMU/MARCH ANALYSIS REDONE/POTENTIAL CONNECTIONS/Manyatta/DMM pipelines.shp
,,,,,92.858,0,.1,OPEN,PVC,MYT,09.2018,,Distribution line,,In service,Ok,,,,50,2.00,,DMM pipelines,E:/SEURECA KISUMU/MARCH ANALYSIS REDONE/POTENTIAL CONNECTIONS/Manyatta/DMM pipelines.shp
,,,,,447.456,0,.1,OPEN,PVC,MIL,10.2018,,Distribution main,,In service,OK,,,,50,2.00,,DMM pipelines,E:/SEURECA KISUMU/MARCH ANALYSIS REDONE/POTENTIAL CONNECTIONS/Manyatta/DMM pipelines.shp
,,,,,628.724,0,.1,OPEN,PVC,MYT,10.2018,,Distribution main,,in service,Ok,,,,50,2.00,,DMM pipelines,E:/SEURECA KISUMU/MARCH ANALYSIS REDONE/POTENTIAL CONNECTIONS/Manyatta/DMM pipelines.shp
,,,,,63.869,0,.1,OPEN,PVC,MIL,12.2018,,Distribution line,2015,In service,Ok,,,,2,2.00,,DMM pipelines,E:/SEURECA KISUMU/MARCH ANALYSIS REDONE/POTENTIAL CONNECTIONS/Manyatta/DMM pipelines.shp
,,,,,85.128,0,.1,OPEN,PPR,MIL,12.2018,,Service line,2018,In service,Ok,,,,20,0.75,,DMM pipelines,E:/SEURECA KISUMU/MARCH ANALYSIS REDONE/POTENTIAL CONNECTIONS/Manyatta/DMM pipelines.shp
,,,,,38.955,0,.1,OPEN,PPR,MIL,12.2018,,Service line,2018,In service,Ok,,,,20,0.75,,DMM pipelines,E:/SEURECA KISUMU/MARCH ANALYSIS REDONE/POTENTIAL CONNECTIONS/Manyatta/DMM pipelines.shp
,,,,,118.519,0,.1,OPEN,PVC,MIL,12.2018,,Distribution line,2018,In service,Ok,,,,25,1.00,,DMM pipelines,E:/SEURECA KISUMU/MARCH ANALYSIS REDONE/POTENTIAL CONNECTIONS/Manyatta/DMM pipelines.shp
,,,,,79.691,0,.1,OPEN,PVC,MIL,12.2018,,Distribution Line,2018,In service,Ok,,,,50,2.00,,DMM pipelines,E:/SEURECA KISUMU/MARCH ANALYSIS REDONE/POTENTIAL CONNECTIONS/Manyatta/DMM pipelines.shp
,,,,,90.070,0,.1,OPEN,PVC,MIL,12.2018,,Distribution line,2018,In service,Ok,,,,50,2.00,,DMM pipelines,E:/SEURECA KISUMU/MARCH ANALYSIS REDONE/POTENTIAL CONNECTIONS/Manyatta/DMM pipelines.shp
N/A,,,,,158.317,0,0.1,OPEN,,MIL,,,Distribution,N/A,In service,0.5 inch offtake from 1 inch,,,,17,0.50,0,DMM pipelines,E:/SEURECA KISUMU/MARCH ANALYSIS REDONE/POTENTIAL CONNECTIONS/Manyatta/DMM pipelines.shp
,,,,,128.524,0,0.1,OPEN,PVC,MIL,12.2018,,Distribution line,,In service,Ok,,,,32,1.25,,DMM pipelines,E:/SEURECA KISUMU/MARCH ANALYSIS REDONE/POTENTIAL CONNECTIONS/Manyatta/DMM pipelines.shp
,,,,,10.099,,,,,,,,,,,,,,,,,,DMM pipelines,E:/SEURECA KISUMU/MARCH ANALYSIS REDONE/POTENTIAL CONNECTIONS/Manyatta/DMM pipelines.shp
,,,,,140.522,0,0.1,OPEN,PVC,MIL,12.2018,,Distribution line,2017,In service,Ok,,,,50,2.00,,DMM pipelines,E:/SEURECA KISUMU/MARCH ANALYSIS REDONE/POTENTIAL CONNECTIONS/Manyatta/DMM pipelines.shp
SIMBA,,,,,119.058,0,0.1,OPEN,,MIL,,,Distribution,,In service,2 inch offtake from 8 inch,,,,50,2.00,0,DMM pipelines,E:/SEURECA KISUMU/MARCH ANALYSIS REDONE/POTENTIAL CONNECTIONS/Manyatta/DMM pipelines.shp
,,,,,179.590,0,.1,OPEN,PVC,MIL,12.2018,,Distribution line,,In service,Ok,,,,40,1.75,,DMM pipelines,E:/SEURECA KISUMU/MARCH ANALYSIS REDONE/POTENTIAL CONNECTIONS/Manyatta/DMM pipelines.shp
,,,,,263.750,0,.1,OPEN,PVC,MIL,12.2018,,Distributon line,,In service,Congested,,,,20,0.75,,DMM pipelines,E:/SEURECA KISUMU/MARCH ANALYSIS REDONE/POTENTIAL CONNECTIONS/Manyatta/DMM pipelines.shp
,,,,,237.827,0,.1,OPEN,PVC,MIL,12.2018,,Distribution line,,In service,Ok,,,,40,1.75,,DMM pipelines,E:/SEURECA KISUMU/MARCH ANALYSIS REDONE/POTENTIAL CONNECTIONS/Manyatta/DMM pipelines.shp
,,,,,353.231,0,.1,OPEN,PVC,MIL,12.2018,,Distribution main,10.2018,In service,OK,,,,2,2.00,,DMM pipelines,E:/SEURECA KISUMU/MARCH ANALYSIS REDONE/POTENTIAL CONNECTIONS/Manyatta/DMM pipelines.shp
,,,,,102.991,0,.1,,PPR,MYT,,,Service line,,,,,,,20,0.75,,DMM pipelines,E:/SEURECA KISUMU/MARCH ANALYSIS REDONE/POTENTIAL CONNECTIONS/Manyatta/DMM pipelines.shp
,,,,,26.474,0,.1,OPEN,PVC,MYT,01.2019,,Distribution line,,In service,OK,,,,25,1.00,,DMM pipelines,E:/SEURECA KISUMU/MARCH ANALYSIS REDONE/POTENTIAL CONNECTIONS/Manyatta/DMM pipelines.shp
,,,,,162.568,0,.1,OPEN,PVC,MYT,01.2019,,Distribution line,,In service,Ok,,,,50,2.00,,DMM pipelines,E:/SEURECA KISUMU/MARCH ANALYSIS REDONE/POTENTIAL CONNECTIONS/Manyatta/DMM pipelines.shp
,,,,,157.091,0,.1,OPEN,PVC,MYT,01.2019,,Distribution main,,In service,Ok,,,,25,1.00,,DMM pipelines,E:/SEURECA KISUMU/MARCH ANALYSIS REDONE/POTENTIAL CONNECTIONS/Manyatta/DMM pipelines.shp
,,,,,50.019,0,.1,OPEN,PPR,MYT,01.2019,,Service line,,In service,Ok,,,,20,0.75,,DMM pipelines,E:/SEURECA KISUMU/MARCH ANALYSIS REDONE/POTENTIAL CONNECTIONS/Manyatta/DMM pipelines.shp
,,,,,100.649,0,.1,OPEN,PPR,MYT,01.2019,,Service line,,In service,Ok,,,,20,0.75,,DMM pipelines,E:/SEURECA KISUMU/MARCH ANALYSIS REDONE/POTENTIAL CONNECTIONS/Manyatta/DMM pipelines.shp
,,,,,32.116,0,.1,OPEN,PPR,MYT,01.2019,,Service line,,In service,OK,,,,20,0.75,,DMM pipelines,E:/SEURECA KISUMU/MARCH ANALYSIS REDONE/POTENTIAL CONNECTIONS/Manyatta/DMM pipelines.shp
RIWOLWEDO,,,,,118.782,0,0.1,OPEN,,MIL,,,Distribution,,In service,DMM,,,,50,2.00,0,DW pipelines,E:/SEURECA KISUMU/MARCH ANALYSIS REDONE/POTENTIAL CONNECTIONS/Manyatta/DW pipelines.shp
KOYUGA,,,,,90.296,0,0.1,OPEN,,MYT,,,Distribution,,In service,DMM,,,,50,2.00,0,DW pipelines,E:/SEURECA KISUMU/MARCH ANALYSIS REDONE/POTENTIAL CONNECTIONS/Manyatta/DW pipelines.shp
KOYUGA,,,,,27.311,0,0.1,OPEN,,MYT,,,Distribution,,In service,DMM,,,,32,1.25,0,DW pipelines,E:/SEURECA KISUMU/MARCH ANALYSIS REDONE/POTENTIAL CONNECTIONS/Manyatta/DW pipelines.shp
KOYUGA,,,,,283.790,0,0.1,OPEN,,MYT,,,Distribution,,In service,DMM,,,,32,1.25,0,DW pipelines,E:/SEURECA KISUMU/MARCH ANALYSIS REDONE/POTENTIAL CONNECTIONS/Manyatta/DW pipelines.shp
KOYUGA,,,,,22.415,0,0.1,OPEN,,MYT,,,Distribution,,In service,DMM,,,,17,0.50,0,DW pipelines,E:/SEURECA KISUMU/MARCH ANALYSIS REDONE/POTENTIAL CONNECTIONS/Manyatta/DW pipelines.shp
KOYUGA,,,,,21.146,0,0.1,OPEN,,MYT,,,Distribution,,In service,DMM,,,,17,0.50,0,DW pipelines,E:/SEURECA KISUMU/MARCH ANALYSIS REDONE/POTENTIAL CONNECTIONS/Manyatta/DW pipelines.shp
KOYUGA,,,,,37.878,0,0.1,OPEN,,MYT,,,Distribution,,In service,DMM,,,,25,1.00,0,DW pipelines,E:/SEURECA KISUMU/MARCH ANALYSIS REDONE/POTENTIAL CONNECTIONS/Manyatta/DW pipelines.shp
KOYUGA,,,,,47.583,0,0.1,OPEN,,MYT,,,Distribution,,In service,DMM,,,,20,0.75,0,DW pipelines,E:/SEURECA KISUMU/MARCH ANALYSIS REDONE/POTENTIAL CONNECTIONS/Manyatta/DW pipelines.shp
KOYUGA,,,,,18.077,0,0.1,OPEN,,MYT,,,Distribution,,In service,DMM,,,,17,0.50,0,DW pipelines,E:/SEURECA KISUMU/MARCH ANALYSIS REDONE/POTENTIAL CONNECTIONS/Manyatta/DW pipelines.shp
KOYUGA,,,,,44.911,0,0.1,OPEN,,MYT,,,Distribution,,In service,DMM,,,,20,0.75,0,DW pipelines,E:/SEURECA KISUMU/MARCH ANALYSIS REDONE/POTENTIAL CONNECTIONS/Manyatta/DW pipelines.shp
KOYUGA,,,,,35.390,0,0.1,OPEN,,MYT,,,Distribution,,In service,DMM,,,,25,1.00,0,DW pipelines,E:/SEURECA KISUMU/MARCH ANALYSIS REDONE/POTENTIAL CONNECTIONS/Manyatta/DW pipelines.shp
KOYUGA,,,,,22.393,0,0.1,OPEN,,MYT,,,Distribution,,In service,DMM,,,,32,1.25,0,DW pipelines,E:/SEURECA KISUMU/MARCH ANALYSIS REDONE/POTENTIAL CONNECTIONS/Manyatta/DW pipelines.shp
KOYUGA,,,,,45.886,0,0.1,OPEN,,MYT,,,Distribution,,In service,DMM,,,,20,0.75,0,DW pipelines,E:/SEURECA KISUMU/MARCH ANALYSIS REDONE/POTENTIAL CONNECTIONS/Manyatta/DW pipelines.shp
KIBUYE,,,,,58.891,0,0.1,OPEN,,MYT,,,Distribution,,In service,DMM,,,,20,0.75,0,DW pipelines,E:/SEURECA KISUMU/MARCH ANALYSIS REDONE/POTENTIAL CONNECTIONS/Manyatta/DW pipelines.shp
KOYUGA,,,,,14.786,0,0.1,OPEN,,MYT,,,Distribution,,In service,DMM,,,,20,0.75,0,DW pipelines,E:/SEURECA KISUMU/MARCH ANALYSIS REDONE/POTENTIAL CONNECTIONS/Manyatta/DW pipelines.shp
KOYUGA,,,,,46.404,0,0.1,OPEN,,MYT,,,Distribution,,In service,DMM,,,,17,0.50,0,DW pipelines,E:/SEURECA KISUMU/MARCH ANALYSIS REDONE/POTENTIAL CONNECTIONS/Manyatta/DW pipelines.shp
KOYUGA,,,,,40.588,0,0.1,OPEN,,MYT,,,Distribution,,In service,DMM,,,,17,0.50,0,DW pipelines,E:/SEURECA KISUMU/MARCH ANALYSIS REDONE/POTENTIAL CONNECTIONS/Manyatta/DW pipelines.shp
KOYUGA,,,,,29.440,0,0.1,OPEN,,MYT,,,Distribution,,In service,DMM,,,,17,0.50,0,DW pipelines,E:/SEURECA KISUMU/MARCH ANALYSIS REDONE/POTENTIAL CONNECTIONS/Manyatta/DW pipelines.shp
KOYUGA,,,,,27.567,0,0.1,OPEN,,MYT,,,Distribution,,In service,DMM,,,,20,0.75,0,DW pipelines,E:/SEURECA KISUMU/MARCH ANALYSIS REDONE/POTENTIAL CONNECTIONS/Manyatta/DW pipelines.shp
KOYUGA,,,,,11.010,0,0.1,OPEN,,MYT,,,Distribution,,In service,DMM,,,,20,0.75,0,DW pipelines,E:/SEURECA KISUMU/MARCH ANALYSIS REDONE/POTENTIAL CONNECTIONS/Manyatta/DW pipelines.shp
KOYUGA,,,,,76.537,0,0.1,OPEN,,MYT,,,Distribution,,In service,DMM,,,,20,0.75,0,DW pipelines,E:/SEURECA KISUMU/MARCH ANALYSIS REDONE/POTENTIAL CONNECTIONS/Manyatta/DW pipelines.shp
KOYUGA,,,,,118.141,0,0.1,OPEN,,MYT,,,Distribution,,In service,DMM,,,,20,0.75,0,DW pipelines,E:/SEURECA KISUMU/MARCH ANALYSIS REDONE/POTENTIAL CONNECTIONS/Manyatta/DW pipelines.shp
KOYUGA,,,,,5.689,0,0.1,OPEN,,MYT,,,Distribution,,In service,DMM,,,,17,0.50,0,DW pipelines,E:/SEURECA KISUMU/MARCH ANALYSIS REDONE/POTENTIAL CONNECTIONS/Manyatta/DW pipelines.shp
KOYUGA,,,,,43.462,0,0.1,OPEN,,MYT,,,Distribution,,In service,DMM,,,,20,0.75,0,DW pipelines,E:/SEURECA KISUMU/MARCH ANALYSIS REDONE/POTENTIAL CONNECTIONS/Manyatta/DW pipelines.shp
KOYUGA,,,,,15.731,0,0.1,OPEN,,MYT,,,Distribution,,In service,DMM,,,,17,0.50,0,DW pipelines,E:/SEURECA KISUMU/MARCH ANALYSIS REDONE/POTENTIAL CONNECTIONS/Manyatta/DW pipelines.shp
KOYUGA,,,,,45.720,0,0.1,OPEN,,MYT,,,Distribution,,In service,DMM,,,,17,0.50,0,DW pipelines,E:/SEURECA KISUMU/MARCH ANALYSIS REDONE/POTENTIAL CONNECTIONS/Manyatta/DW pipelines.shp
KOYUGA,,,,,19.150,0,0.1,OPEN,,MYT,,,Distribution,,In service,DMM,,,,17,0.50,0,DW pipelines,E:/SEURECA KISUMU/MARCH ANALYSIS REDONE/POTENTIAL CONNECTIONS/Manyatta/DW pipelines.shp
KOYUGA,,,,,33.632,0,0.1,OPEN,,MYT,,,Distribution,,In service,DMM,,,,17,0.50,0,DW pipelines,E:/SEURECA KISUMU/MARCH ANALYSIS REDONE/POTENTIAL CONNECTIONS/Manyatta/DW pipelines.shp
KOTUGA,,,,,120.564,0,0.1,OPEN,,MYT,,,Distribution,,In service,DMM,,,,32,1.25,0,DW pipelines,E:/SEURECA KISUMU/MARCH ANALYSIS REDONE/POTENTIAL CONNECTIONS/Manyatta/DW pipelines.shp
KOYUGA,,,,,12.368,0,0.1,OPEN,,MYT,,,Distribution,,In service,DMM,,,,17,0.50,0,DW pipelines,E:/SEURECA KISUMU/MARCH ANALYSIS REDONE/POTENTIAL CONNECTIONS/Manyatta/DW pipelines.shp
KOYUGA,,,,,22.012,0,0.1,OPEN,,MYT,,,Distribution,,In service,DMM,,,,20,0.75,0,DW pipelines,E:/SEURECA KISUMU/MARCH ANALYSIS REDONE/POTENTIAL CONNECTIONS/Manyatta/DW pipelines.shp
KOYUGA,,,,,49.248,0,0.1,OPEN,,MYT,,,Distribution,,In service,DMM,,,,40,1.50,0,DW pipelines,E:/SEURECA KISUMU/MARCH ANALYSIS REDONE/POTENTIAL CONNECTIONS/Manyatta/DW pipelines.shp
KOYUGA,,,,,38.065,0,0.1,OPEN,,MYT,,,Distribution,,In service,DMM,,,,40,1.50,0,DW pipelines,E:/SEURECA KISUMU/MARCH ANALYSIS REDONE/POTENTIAL CONNECTIONS/Manyatta/DW pipelines.shp
KOYUGA,,,,,36.833,0,0.1,OPEN,,MYT,,,Distribution,,In service,DMM,,,,32,1.25,0,DW pipelines,E:/SEURECA KISUMU/MARCH ANALYSIS REDONE/POTENTIAL CONNECTIONS/Manyatta/DW pipelines.shp
KOYUGA,,,,,22.437,0,0.1,OPEN,,MYT,,,Distribution,,In service,DMM,,,,17,0.50,0,DW pipelines,E:/SEURECA KISUMU/MARCH ANALYSIS REDONE/POTENTIAL CONNECTIONS/Manyatta/DW pipelines.shp
KOYUGA,,,,,20.684,0,0.1,OPEN,,MYT,,,Distribution,,In service,DMM,,,,32,1.25,0,DW pipelines,E:/SEURECA KISUMU/MARCH ANALYSIS REDONE/POTENTIAL CONNECTIONS/Manyatta/DW pipelines.shp
KOYUGA,,,,,23.695,0,0.1,OPEN,,MYT,,,Distribution,,In service,DMM,,,,17,0.50,0,DW pipelines,E:/SEURECA KISUMU/MARCH ANALYSIS REDONE/POTENTIAL CONNECTIONS/Manyatta/DW pipelines.shp
KOYUGA,,,,,3.275,0,0.1,OPEN,,MYT,,,Distribution,,In service,DMM,,,,17,0.50,0,DW pipelines,E:/SEURECA KISUMU/MARCH ANALYSIS REDONE/POTENTIAL CONNECTIONS/Manyatta/DW pipelines.shp
KOYUGA,,,,,47.520,0,0.1,OPEN,,MYT,,,Distribution,,In service,DMM,,,,32,1.25,0,DW pipelines,E:/SEURECA KISUMU/MARCH ANALYSIS REDONE/POTENTIAL CONNECTIONS/Manyatta/DW pipelines.shp
KOYUGA,,,,,11.862,0,0.1,OPEN,,MYT,,,Distribution,,In service,DMM,,,,17,0.50,0,DW pipelines,E:/SEURECA KISUMU/MARCH ANALYSIS REDONE/POTENTIAL CONNECTIONS/Manyatta/DW pipelines.shp
KOYUGA,,,,,7.145,0,0.1,OPEN,,MYT,,,Distribution,,In service,DMM,,,,17,0.50,0,DW pipelines,E:/SEURECA KISUMU/MARCH ANALYSIS REDONE/POTENTIAL CONNECTIONS/Manyatta/DW pipelines.shp
KOYUGA,,,,,10.716,0,0.1,OPEN,,MYT,,,Distribution,,In service,DMM,,,,32,1.25,0,DW pipelines,E:/SEURECA KISUMU/MARCH ANALYSIS REDONE/POTENTIAL CONNECTIONS/Manyatta/DW pipelines.shp
KOYUGA,,,,,18.009,0,0.1,OPEN,,MYT,,,Distribution,,In service,DMM,,,,17,0.50,0,DW pipelines,E:/SEURECA KISUMU/MARCH ANALYSIS REDONE/POTENTIAL CONNECTIONS/Manyatta/DW pipelines.shp
KOYUGA,,,,,7.934,0,0.1,OPEN,,MYT,,,Distribution,,In service,DMM,,,,32,1.25,0,DW pipelines,E:/SEURECA KISUMU/MARCH ANALYSIS REDONE/POTENTIAL CONNECTIONS/Manyatta/DW pipelines.shp
KOYUGA,,,,,25.591,0,0.1,OPEN,,MYT,,,Distribution,,In service,DMM,,,,17,0.50,0,DW pipelines,E:/SEURECA KISUMU/MARCH ANALYSIS REDONE/POTENTIAL CONNECTIONS/Manyatta/DW pipelines.shp
KOYUGA,,,,,134.408,0,0.1,OPEN,,MYT,,,Distribution,,In service,DMM,,,,50,2.00,0,DW pipelines,E:/SEURECA KISUMU/MARCH ANALYSIS REDONE/POTENTIAL CONNECTIONS/Manyatta/DW pipelines.shp
KOYUGA,,,,,45.988,0,0.1,OPEN,,MYT,,,Distribution,,In service,DMM,,,,32,1.25,0,DW pipelines,E:/SEURECA KISUMU/MARCH ANALYSIS REDONE/POTENTIAL CONNECTIONS/Manyatta/DW pipelines.shp
KOYUGA,,,,,59.143,0,0.1,OPEN,,MYT,,,Distribution,,In service,DMM,,,,32,1.25,0,DW pipelines,E:/SEURECA KISUMU/MARCH ANALYSIS REDONE/POTENTIAL CONNECTIONS/Manyatta/DW pipelines.shp
KOYUGA,,,,,21.502,0,0.1,OPEN,,MYT,,,Distribution,,In service,DMM,,,,17,0.50,0,DW pipelines,E:/SEURECA KISUMU/MARCH ANALYSIS REDONE/POTENTIAL CONNECTIONS/Manyatta/DW pipelines.shp
KOYUGA,,,,,21.502,0,0.1,OPEN,,MYT,,,Distribution,,In service,,,,,17,0.50,0,DW pipelines,E:/SEURECA KISUMU/MARCH ANALYSIS REDONE/POTENTIAL CONNECTIONS/Manyatta/DW pipelines.shp
KOYUGA,,,,,58.343,0,0.1,OPEN,,MYT,,,Distribution,,In service,DMM,,,,32,1.25,0,DW pipelines,E:/SEURECA KISUMU/MARCH ANALYSIS REDONE/POTENTIAL CONNECTIONS/Manyatta/DW pipelines.shp
KOYUGA,,,,,21.702,0,0.1,OPEN,,MYT,,,Distribution,,In service,DMM,,,,32,1.25,0,DW pipelines,E:/SEURECA KISUMU/MARCH ANALYSIS REDONE/POTENTIAL CONNECTIONS/Manyatta/DW pipelines.shp
KOYUGA,,,,,14.882,0,0.1,OPEN,,MYT,,,Distribution,,In service,DMM,,,,20,0.75,0,DW pipelines,E:/SEURECA KISUMU/MARCH ANALYSIS REDONE/POTENTIAL CONNECTIONS/Manyatta/DW pipelines.shp
KOYUGA,,,,,18.311,0,0.1,OPEN,,MYT,,,Distribution,,In service,DMM,,,,17,0.50,0,DW pipelines,E:/SEURECA KISUMU/MARCH ANALYSIS REDONE/POTENTIAL CONNECTIONS/Manyatta/DW pipelines.shp
KOYUGA,,,,,6.869,0,0.1,OPEN,,MYT,,,Distribution,,In service,DMM,,,,20,0.75,0,DW pipelines,E:/SEURECA KISUMU/MARCH ANALYSIS REDONE/POTENTIAL CONNECTIONS/Manyatta/DW pipelines.shp
KOYUGA,,,,,55.701,0,0.1,OPEN,,MYT,,,Distribution,,In service,DMM,,,,20,0.75,0,DW pipelines,E:/SEURECA KISUMU/MARCH ANALYSIS REDONE/POTENTIAL CONNECTIONS/Manyatta/DW pipelines.shp
KOYUGA,,,,,4.861,0,0.1,OPEN,,MYT,,,Distribution,,In service,DMM,,,,20,0.75,0,DW pipelines,E:/SEURECA KISUMU/MARCH ANALYSIS REDONE/POTENTIAL CONNECTIONS/Manyatta/DW pipelines.shp
KOYUGA,,,,,5.962,0,0.1,OPEN,,MYT,,,Distribution,,In service,DMM,,,,17,0.50,0,DW pipelines,E:/SEURECA KISUMU/MARCH ANALYSIS REDONE/POTENTIAL CONNECTIONS/Manyatta/DW pipelines.shp
M-UNIT,,,,,55.436,0,0.1,OPEN,,MYT,,,Distribution,,In service,DMM,,,,50,2.00,0,DW pipelines,E:/SEURECA KISUMU/MARCH ANALYSIS REDONE/POTENTIAL CONNECTIONS/Manyatta/DW pipelines.shp
M-UNIT,,,,,54.287,0,0.1,OPEN,,MYT,,,Distribution,,In service,DMM,,,,40,1.50,0,DW pipelines,E:/SEURECA KISUMU/MARCH ANALYSIS REDONE/POTENTIAL CONNECTIONS/Manyatta/DW pipelines.shp
M-UNIT,,,,,1.665,0,0.1,OPEN,,MYT,,,Distribution,,In service,DMM,,,,50,2.00,0,DW pipelines,E:/SEURECA KISUMU/MARCH ANALYSIS REDONE/POTENTIAL CONNECTIONS/Manyatta/DW pipelines.shp
M-UNIT,,,,,15.704,0,0.1,OPEN,,MYT,,,Distribution,,In service,DMM,,,,17,0.50,0,DW pipelines,E:/SEURECA KISUMU/MARCH ANALYSIS REDONE/POTENTIAL CONNECTIONS/Manyatta/DW pipelines.shp
M-UNIT,,,,,112.639,0,0.1,OPEN,,MYT,,,Distribution,,In service,DMM,,,,32,1.25,0,DW pipelines,E:/SEURECA KISUMU/MARCH ANALYSIS REDONE/POTENTIAL CONNECTIONS/Manyatta/DW pipelines.shp
M-UNIT,,,,,12.795,0,0.1,OPEN,,MYT,,,Distribution,,In service,DMM,,,,32,1.25,0,DW pipelines,E:/SEURECA KISUMU/MARCH ANALYSIS REDONE/POTENTIAL CONNECTIONS/Manyatta/DW pipelines.shp
M-UNIT,,,,,28.113,0,0.1,OPEN,,MYT,,,Distribution,,In service,DMM,,,,17,0.50,0,DW pipelines,E:/SEURECA KISUMU/MARCH ANALYSIS REDONE/POTENTIAL CONNECTIONS/Manyatta/DW pipelines.shp
M-UNIT,,,,,6.466,0,0.1,OPEN,,MYT,,,Distribution,,In service,DMM,,,,17,0.50,0,DW pipelines,E:/SEURECA KISUMU/MARCH ANALYSIS REDONE/POTENTIAL CONNECTIONS/Manyatta/DW pipelines.shp
M-UNIT,,,,,10.357,0,0.1,OPEN,,MYT,,,Distribution,,In service,DMM,,,,17,0.50,0,DW pipelines,E:/SEURECA KISUMU/MARCH ANALYSIS REDONE/POTENTIAL CONNECTIONS/Manyatta/DW pipelines.shp
M-UNIT,,,,,4.447,0,0.1,OPEN,,MYT,,,Distribution,,In service,DMM,,,,17,0.50,0,DW pipelines,E:/SEURECA KISUMU/MARCH ANALYSIS REDONE/POTENTIAL CONNECTIONS/Manyatta/DW pipelines.shp
M-UNIT,,,,,7.955,0,0.1,OPEN,,MYT,,,Distribution,,In service,DMM,,,,17,0.50,0,DW pipelines,E:/SEURECA KISUMU/MARCH ANALYSIS REDONE/POTENTIAL CONNECTIONS/Manyatta/DW pipelines.shp
M-UNIT,,,,,11.192,0,0.1,OPEN,,MYT,,,Distribution,,In service,DMM,,,,17,0.50,0,DW pipelines,E:/SEURECA KISUMU/MARCH ANALYSIS REDONE/POTENTIAL CONNECTIONS/Manyatta/DW pipelines.shp
M-UNIT,,,,,31.064,0,0.1,OPEN,,MYT,,,Distribution,,In service,DMM,,,,17,0.50,0,DW pipelines,E:/SEURECA KISUMU/MARCH ANALYSIS REDONE/POTENTIAL CONNECTIONS/Manyatta/DW pipelines.shp
M-UNIT,,,,,16.624,0,0.1,OPEN,,MYT,,,Distribution,,In service,DMM,,,,17,0.50,0,DW pipelines,E:/SEURECA KISUMU/MARCH ANALYSIS REDONE/POTENTIAL CONNECTIONS/Manyatta/DW pipelines.shp
KOYUGA,,,,,36.236,0,0.1,OPEN,,MYT,,,Distribution,,In service,DMM,,,,20,0.75,0,DW pipelines,E:/SEURECA KISUMU/MARCH ANALYSIS REDONE/POTENTIAL CONNECTIONS/Manyatta/DW pipelines.shp
KOYUGA,,,,,23.131,0,0.1,OPEN,,MYT,,,Distribution,,In service,DMM,,,,17,0.50,0,DW pipelines,E:/SEURECA KISUMU/MARCH ANALYSIS REDONE/POTENTIAL CONNECTIONS/Manyatta/DW pipelines.shp
KOYUGA,,,,,20.578,0,0.1,OPEN,,MYT,,,Distribution,,In service,DMM,,,,17,0.50,0,DW pipelines,E:/SEURECA KISUMU/MARCH ANALYSIS REDONE/POTENTIAL CONNECTIONS/Manyatta/DW pipelines.shp
KOYUGA,,,,,44.426,0,0.1,OPEN,,MYT,,,Distribution,,In service,DMM,,,,20,0.75,0,DW pipelines,E:/SEURECA KISUMU/MARCH ANALYSIS REDONE/POTENTIAL CONNECTIONS/Manyatta/DW pipelines.shp
KOYUGA,,,,,22.922,0,0.1,OPEN,,MYT,,,Distribution,,In service,DMM,,,,17,0.50,0,DW pipelines,E:/SEURECA KISUMU/MARCH ANALYSIS REDONE/POTENTIAL CONNECTIONS/Manyatta/DW pipelines.shp
KOYUGA,,,,,19.189,0,0.1,OPEN,,MYT,,,Distribution,,In service,DMM,,,,17,0.50,0,DW pipelines,E:/SEURECA KISUMU/MARCH ANALYSIS REDONE/POTENTIAL CONNECTIONS/Manyatta/DW pipelines.shp
KOYUGA,,,,,64.818,0,0.1,OPEN,,MYT,,,Distribution,,In service,DMM,,,,17,0.50,0,DW pipelines,E:/SEURECA KISUMU/MARCH ANALYSIS REDONE/POTENTIAL CONNECTIONS/Manyatta/DW pipelines.shp
KOYUGA,,,,,6.427,0,0.1,OPEN,,MYT,,,Distribution,,In service,DMM,,,,17,0.50,0,DW pipelines,E:/SEURECA KISUMU/MARCH ANALYSIS REDONE/POTENTIAL CONNECTIONS/Manyatta/DW pipelines.shp
KOYUGA,,,,,53.571,0,0.1,OPEN,,MYT,,,Distribution,,In service,DMM,,,,17,0.50,0,DW pipelines,E:/SEURECA KISUMU/MARCH ANALYSIS REDONE/POTENTIAL CONNECTIONS/Manyatta/DW pipelines.shp
KOYUGA,,,,,107.079,0,0.1,OPEN,,MYT,,,Distribution,,In service,DMM,,,,32,1.25,0,DW pipelines,E:/SEURECA KISUMU/MARCH ANALYSIS REDONE/POTENTIAL CONNECTIONS/Manyatta/DW pipelines.shp
KOYUGA,,,,,21.413,0,0.1,OPEN,,MYT,,,Distribution,,In service,DMM,,,,20,0.75,0,DW pipelines,E:/SEURECA KISUMU/MARCH ANALYSIS REDONE/POTENTIAL CONNECTIONS/Manyatta/DW pipelines.shp
KOYUGA,,,,,17.714,0,0.1,OPEN,,MYT,,,Distribution,,In service,DMM,,,,17,0.50,0,DW pipelines,E:/SEURECA KISUMU/MARCH ANALYSIS REDONE/POTENTIAL CONNECTIONS/Manyatta/DW pipelines.shp
KOYUGA,,,,,61.054,0,0.1,OPEN,,MYT,,,Distribution,,In service,DMM,,,,32,1.25,0,DW pipelines,E:/SEURECA KISUMU/MARCH ANALYSIS REDONE/POTENTIAL CONNECTIONS/Manyatta/DW pipelines.shp
KOYUGA,,,,,35.421,0,0.1,OPEN,,MYT,,,Distribution,,In service,DMM,,,,32,1.25,0,DW pipelines,E:/SEURECA KISUMU/MARCH ANALYSIS REDONE/POTENTIAL CONNECTIONS/Manyatta/DW pipelines.shp
KOYUGA,,,,,10.571,0,0.1,OPEN,,MYT,,,Distribution,,In service,DMM,,,,17,0.50,0,DW pipelines,E:/SEURECA KISUMU/MARCH ANALYSIS REDONE/POTENTIAL CONNECTIONS/Manyatta/DW pipelines.shp
KOYUGA,,,,,17.776,0,0.1,OPEN,,MYT,,,Distribution,,In service,DMM,,,,17,0.50,0,DW pipelines,E:/SEURECA KISUMU/MARCH ANALYSIS REDONE/POTENTIAL CONNECTIONS/Manyatta/DW pipelines.shp
KOYUGA,,,,,30.811,0,0.1,OPEN,,MYT,,,Distribution,,In service,DMM,,,,17,0.50,0,DW pipelines,E:/SEURECA KISUMU/MARCH ANALYSIS REDONE/POTENTIAL CONNECTIONS/Manyatta/DW pipelines.shp
KOYUGA,,,,,366.284,0,0.1,OPEN,,MYT,,,Distribution,,In service,DMM,,,,32,1.25,0,DW pipelines,E:/SEURECA KISUMU/MARCH ANALYSIS REDONE/POTENTIAL CONNECTIONS/Manyatta/DW pipelines.shp
KOYUGA,,,,,31.117,0,0.1,OPEN,,MYT,,,Distribution,,In service,DMM,,,,20,0.75,0,DW pipelines,E:/SEURECA KISUMU/MARCH ANALYSIS REDONE/POTENTIAL CONNECTIONS/Manyatta/DW pipelines.shp
KOYUGA,,,,,43.917,0,0.1,OPEN,,MYT,,,Distribution,,In service,DMM,,,,17,0.50,0,DW pipelines,E:/SEURECA KISUMU/MARCH ANALYSIS REDONE/POTENTIAL CONNECTIONS/Manyatta/DW pipelines.shp
KOYUGA,,,,,25.036,0,0.1,OPEN,,MYT,,,Distribution,,In service,DMM,,,,17,0.50,0,DW pipelines,E:/SEURECA KISUMU/MARCH ANALYSIS REDONE/POTENTIAL CONNECTIONS/Manyatta/DW pipelines.shp
KOYUGA,,,,,63.409,0,0.1,OPEN,,MYT,,,Distribution,,In service,DMM,,,,17,0.50,0,DW pipelines,E:/SEURECA KISUMU/MARCH ANALYSIS REDONE/POTENTIAL CONNECTIONS/Manyatta/DW pipelines.shp
KOYUGA,,,,,6.670,0,0.1,OPEN,,MYT,,,Distribution,,In service,DMM,,,,17,0.50,0,DW pipelines,E:/SEURECA KISUMU/MARCH ANALYSIS REDONE/POTENTIAL CONNECTIONS/Manyatta/DW pipelines.shp
KOYUGA,,,,,23.156,0,0.1,OPEN,,MYT,,,Distribution,,In service,DMM,,,,17,0.50,0,DW pipelines,E:/SEURECA KISUMU/MARCH ANALYSIS REDONE/POTENTIAL CONNECTIONS/Manyatta/DW pipelines.shp
KOYUGA,,,,,60.149,0,0.1,OPEN,,MYT,,,Distribution,,In service,DMM,,,,32,1.25,0,DW pipelines,E:/SEURECA KISUMU/MARCH ANALYSIS REDONE/POTENTIAL CONNECTIONS/Manyatta/DW pipelines.shp
KOYUGA,,,,,17.365,0,0.1,OPEN,,MYT,,,Distribution,,In service,DMM,,,,20,0.75,0,DW pipelines,E:/SEURECA KISUMU/MARCH ANALYSIS REDONE/POTENTIAL CONNECTIONS/Manyatta/DW pipelines.shp
KOYUGA,,,,,27.692,0,0.1,OPEN,,MYT,,,Distribution,,In service,DMM,,,,17,0.50,0,DW pipelines,E:/SEURECA KISUMU/MARCH ANALYSIS REDONE/POTENTIAL CONNECTIONS/Manyatta/DW pipelines.shp
KOYUGA,,,,,14.623,0,0.1,OPEN,,MYT,,,Distribuiton,,In service,DMM,,,,17,0.50,0,DW pipelines,E:/SEURECA KISUMU/MARCH ANALYSIS REDONE/POTENTIAL CONNECTIONS/Manyatta/DW pipelines.shp
KOYUGA,,,,,23.194,0,0.1,OPEN,,MYT,,,Distribution,,In service,DMM,,,,20,0.75,0,DW pipelines,E:/SEURECA KISUMU/MARCH ANALYSIS REDONE/POTENTIAL CONNECTIONS/Manyatta/DW pipelines.shp
KOYUGA,,,,,108.336,0,0.1,OPEN,,MYT,,,Distribution,,In service,DMM,,,,50,2.00,0,DW pipelines,E:/SEURECA KISUMU/MARCH ANALYSIS REDONE/POTENTIAL CONNECTIONS/Manyatta/DW pipelines.shp
KOYUGA,,,,,44.516,0,0.1,OPEN,,MYT,,,Distribution,,In service,DMM,,,,50,2.00,0,DW pipelines,E:/SEURECA KISUMU/MARCH ANALYSIS REDONE/POTENTIAL CONNECTIONS/Manyatta/DW pipelines.shp
KOYUGA,,,,,68.515,0,0.1,OPEN,,MYT,,,Distribution,,In service,DMM,,,,32,1.25,0,DW pipelines,E:/SEURECA KISUMU/MARCH ANALYSIS REDONE/POTENTIAL CONNECTIONS/Manyatta/DW pipelines.shp
KOYUGA,,,,,29.291,0,0.1,OPEN,,MYT,,,Distribution,,In service,DMM,,,,32,1.25,0,DW pipelines,E:/SEURECA KISUMU/MARCH ANALYSIS REDONE/POTENTIAL CONNECTIONS/Manyatta/DW pipelines.shp
KOYUGA,,,,,34.019,0,0.1,OPEN,,MYT,,,Distribution,,In service,DMM,,,,17,0.50,0,DW pipelines,E:/SEURECA KISUMU/MARCH ANALYSIS REDONE/POTENTIAL CONNECTIONS/Manyatta/DW pipelines.shp
KOYUGA,,,,,32.510,0,0.1,OPEN,,MYT,,,Distribution,,In service,DMM,,,,32,1.25,0,DW pipelines,E:/SEURECA KISUMU/MARCH ANALYSIS REDONE/POTENTIAL CONNECTIONS/Manyatta/DW pipelines.shp
KOYUGA,,,,,66.208,0,0.1,OPEN,,MYT,,,Distribution,,In service,DMM,,,,32,1.25,0,DW pipelines,E:/SEURECA KISUMU/MARCH ANALYSIS REDONE/POTENTIAL CONNECTIONS/Manyatta/DW pipelines.shp
KOYUGA,,,,,82.371,0,0.1,OPEN,,MYT,,,Distribution,,In service,DMM,,,,20,0.75,0,DW pipelines,E:/SEURECA KISUMU/MARCH ANALYSIS REDONE/POTENTIAL CONNECTIONS/Manyatta/DW pipelines.shp
KOYUGA,,,,,62.139,0,0.1,OPEN,,MYT,,,Distribution,,In service,DMM,,,,20,0.75,0,DW pipelines,E:/SEURECA KISUMU/MARCH ANALYSIS REDONE/POTENTIAL CONNECTIONS/Manyatta/DW pipelines.shp
KOYUGA,,,,,9.574,0,0.1,OPEN,,MYT,,,Distribution,,In service,DMM,,,,17,0.50,0,DW pipelines,E:/SEURECA KISUMU/MARCH ANALYSIS REDONE/POTENTIAL CONNECTIONS/Manyatta/DW pipelines.shp
KOYUGA,,,,,36.614,0,0.1,OPEN,,MYT,,,Distribution,,In service,DMM,,,,17,0.50,0,DW pipelines,E:/SEURECA KISUMU/MARCH ANALYSIS REDONE/POTENTIAL CONNECTIONS/Manyatta/DW pipelines.shp
KOYUGA,,,,,8.017,0,0.1,OPEN,,MYT,,,Distribution,,In service,DMM,,,,17,0.50,0,DW pipelines,E:/SEURECA KISUMU/MARCH ANALYSIS REDONE/POTENTIAL CONNECTIONS/Manyatta/DW pipelines.shp
KOYUGA,,,,,6.176,0,0.1,OPEN,,MYT,,,Distribution,,In service,DMM,,,,17,0.50,0,DW pipelines,E:/SEURECA KISUMU/MARCH ANALYSIS REDONE/POTENTIAL CONNECTIONS/Manyatta/DW pipelines.shp
KOYUGA,,,,,103.274,0,0.1,OPEN,,MYT,,,Distribution,,In service,DMM,,,,20,0.75,0,DW pipelines,E:/SEURECA KISUMU/MARCH ANALYSIS REDONE/POTENTIAL CONNECTIONS/Manyatta/DW pipelines.shp
KOYUGA,,,,,18.648,0,0.1,OPEN,,MYT,,,Distribution,,In service,DMM,,,,25,1.00,0,DW pipelines,E:/SEURECA KISUMU/MARCH ANALYSIS REDONE/POTENTIAL CONNECTIONS/Manyatta/DW pipelines.shp
KOYUGA,,,,,108.999,0,0.1,OPEN,,MYT,,,Distribution,,In service,DMM,,,,32,1.25,0,DW pipelines,E:/SEURECA KISUMU/MARCH ANALYSIS REDONE/POTENTIAL CONNECTIONS/Manyatta/DW pipelines.shp
KOYUGA,,,,,10.758,0,0.1,OPEN,,MYT,,,Distribution,,In service,DMM,,,,20,0.75,0,DW pipelines,E:/SEURECA KISUMU/MARCH ANALYSIS REDONE/POTENTIAL CONNECTIONS/Manyatta/DW pipelines.shp
KOYUGA,,,,,34.659,0,0.1,OPEN,,MYT,,,Distribution,,In service,DMM,,,,17,0.50,0,DW pipelines,E:/SEURECA KISUMU/MARCH ANALYSIS REDONE/POTENTIAL CONNECTIONS/Manyatta/DW pipelines.shp
KOYUGA,,,,,55.042,0,0.1,OPEN,,MYT,,,Distribution,,In service,DMM,,,,32,1.25,0,DW pipelines,E:/SEURECA KISUMU/MARCH ANALYSIS REDONE/POTENTIAL CONNECTIONS/Manyatta/DW pipelines.shp
KOYUGA,,,,,66.303,0,0.1,OPEN,,MYT,,,Distribution,,In service,DMM,,,,20,0.75,0,DW pipelines,E:/SEURECA KISUMU/MARCH ANALYSIS REDONE/POTENTIAL CONNECTIONS/Manyatta/DW pipelines.shp
KOYUGA,,,,,10.854,0,0.1,OPEN,,MYT,,,Distribution,,In service,DMM,,,,17,0.50,0,DW pipelines,E:/SEURECA KISUMU/MARCH ANALYSIS REDONE/POTENTIAL CONNECTIONS/Manyatta/DW pipelines.shp
KOYUGA,,,,,109.124,0,0.1,OPEN,,MYT,,,Distribution,,In service,DMM,,,,32,1.25,0,DW pipelines,E:/SEURECA KISUMU/MARCH ANALYSIS REDONE/POTENTIAL CONNECTIONS/Manyatta/DW pipelines.shp
KOYUGA,,,,,49.172,0,0.1,OPEN,,MYT,,,Distribution,,In service,DMM,,,,20,0.75,0,DW pipelines,E:/SEURECA KISUMU/MARCH ANALYSIS REDONE/POTENTIAL CONNECTIONS/Manyatta/DW pipelines.shp
KOYUGA,,,,,244.705,0,0.1,OPEN,,MYT,,,Distribution,,In service,DMM,,,,50,2.00,0,DW pipelines,E:/SEURECA KISUMU/MARCH ANALYSIS REDONE/POTENTIAL CONNECTIONS/Manyatta/DW pipelines.shp
KOYUGA,,,,,22.653,0,0.1,OPEN,,MYT,,,Distribution,,In service,DMM,,,,17,0.50,0,DW pipelines,E:/SEURECA KISUMU/MARCH ANALYSIS REDONE/POTENTIAL CONNECTIONS/Manyatta/DW pipelines.shp
KOYUGA,,,,,19.464,0,0.1,OPEN,,MYT,,,Distribution,,In service,DMM,,,,17,0.50,0,DW pipelines,E:/SEURECA KISUMU/MARCH ANALYSIS REDONE/POTENTIAL CONNECTIONS/Manyatta/DW pipelines.shp
KOYUGA,,,,,8.421,0,0.1,OPEN,,MYT,,,Distribution,,In service,DMM,,,,17,0.50,0,DW pipelines,E:/SEURECA KISUMU/MARCH ANALYSIS REDONE/POTENTIAL CONNECTIONS/Manyatta/DW pipelines.shp
KOYUGA,,,,,17.502,0,0.1,OPEN,,MYT,,,Distribution,,In service,DMM,,,,17,0.50,0,DW pipelines,E:/SEURECA KISUMU/MARCH ANALYSIS REDONE/POTENTIAL CONNECTIONS/Manyatta/DW pipelines.shp
KOYUGA,,,,,49.050,0,0.1,OPEN,,MYT,,,Distribution,,In service,DMM,,,,17,0.50,0,DW pipelines,E:/SEURECA KISUMU/MARCH ANALYSIS REDONE/POTENTIAL CONNECTIONS/Manyatta/DW pipelines.shp
KOYUGA,,,,,32.262,0,0.1,OPEN,,MYT,,,Distribution,,In service,DMM,,,,17,0.50,0,DW pipelines,E:/SEURECA KISUMU/MARCH ANALYSIS REDONE/POTENTIAL CONNECTIONS/Manyatta/DW pipelines.shp
KOYUGA,,,,,33.694,0,0.1,OPEN,,MYT,,,Distribution,,In service,DMM,,,,17,0.50,0,DW pipelines,E:/SEURECA KISUMU/MARCH ANALYSIS REDONE/POTENTIAL CONNECTIONS/Manyatta/DW pipelines.shp
KOYUGA,,,,,54.281,0,0.1,OPEN,,MYT,,,Distribution,,In service,DMM,,,,17,0.50,0,DW pipelines,E:/SEURECA KISUMU/MARCH ANALYSIS REDONE/POTENTIAL CONNECTIONS/Manyatta/DW pipelines.shp
KOYUGA,,,,,15.742,0,0.1,OPEN,,MYT,,,Distribution,,In service,DMM,,,,32,1.25,0,DW pipelines,E:/SEURECA KISUMU/MARCH ANALYSIS REDONE/POTENTIAL CONNECTIONS/Manyatta/DW pipelines.shp
KOYUGA,,,,,15.645,0,0.1,OPEN,,MYT,,,Distribution,,In service,DMM,,,,20,0.75,0,DW pipelines,E:/SEURECA KISUMU/MARCH ANALYSIS REDONE/POTENTIAL CONNECTIONS/Manyatta/DW pipelines.shp
KOYUGA,,,,,25.037,0,0.1,OPEN,,MYT,,,Distribution,,In service,DMM,,,,17,0.50,0,DW pipelines,E:/SEURECA KISUMU/MARCH ANALYSIS REDONE/POTENTIAL CONNECTIONS/Manyatta/DW pipelines.shp
KOYUGA,,,,,33.997,0,0.1,OPEN,,MYT,,,Distribution,,In service,DMM,,,,20,0.75,0,DW pipelines,E:/SEURECA KISUMU/MARCH ANALYSIS REDONE/POTENTIAL CONNECTIONS/Manyatta/DW pipelines.shp
KOYUGA,,,,,63.478,0,0.1,OPEN,,MYT,,,Distribution,,In service,DMM,,,,32,1.25,0,DW pipelines,E:/SEURECA KISUMU/MARCH ANALYSIS REDONE/POTENTIAL CONNECTIONS/Manyatta/DW pipelines.shp
KOYUGA,,,,,23.965,0,0.1,OPEN,,MYT,,,Distribution,,In service,DMM,,,,17,0.50,0,DW pipelines,E:/SEURECA KISUMU/MARCH ANALYSIS REDONE/POTENTIAL CONNECTIONS/Manyatta/DW pipelines.shp
KOYUGA,,,,,72.192,0,0.1,OPEN,,MYT,,,Distribution,,In service,DMM,,,,20,0.75,0,DW pipelines,E:/SEURECA KISUMU/MARCH ANALYSIS REDONE/POTENTIAL CONNECTIONS/Manyatta/DW pipelines.shp
KOYUGA,,,,,82.060,0,0.1,OPEN,,MYT,,,Distribution,,In service,DMM,,,,17,0.50,0,DW pipelines,E:/SEURECA KISUMU/MARCH ANALYSIS REDONE/POTENTIAL CONNECTIONS/Manyatta/DW pipelines.shp
KOYUGA,,,,,24.863,0,0.1,OPEN,,MYT,,,Distribution,,In service,DMM,,,,17,0.50,0,DW pipelines,E:/SEURECA KISUMU/MARCH ANALYSIS REDONE/POTENTIAL CONNECTIONS/Manyatta/DW pipelines.shp
KOYUGA,,,,,39.340,0,0.1,OPEN,,MYT,,,Distribution,,In service,DMM,,,,17,0.50,0,DW pipelines,E:/SEURECA KISUMU/MARCH ANALYSIS REDONE/POTENTIAL CONNECTIONS/Manyatta/DW pipelines.shp
KOYUGA,,,,,9.932,0,0.1,OPEN,,MYT,,,Distribution,,In service,DMM,,,,17,0.50,0,DW pipelines,E:/SEURECA KISUMU/MARCH ANALYSIS REDONE/POTENTIAL CONNECTIONS/Manyatta/DW pipelines.shp
KOYUGA,,,,,25.381,0,0.1,OPEN,,MYT,,,Distribution,,In service,DMM,,,,17,0.50,0,DW pipelines,E:/SEURECA KISUMU/MARCH ANALYSIS REDONE/POTENTIAL CONNECTIONS/Manyatta/DW pipelines.shp
KOYUGA,,,,,48.013,0,0.1,OPEN,,MYT,,,Distribution,,In service,DMM,,,,20,0.75,0,DW pipelines,E:/SEURECA KISUMU/MARCH ANALYSIS REDONE/POTENTIAL CONNECTIONS/Manyatta/DW pipelines.shp
KOYUGA,,,,,56.272,0,0.1,OPEN,,MYT,,,Distribution,,In service,DMM,,,,32,1.25,0,DW pipelines,E:/SEURECA KISUMU/MARCH ANALYSIS REDONE/POTENTIAL CONNECTIONS/Manyatta/DW pipelines.shp
KOYUGA,,,,,11.258,0,0.1,OPEN,,MYT,,,Distribution,,In service,DMM,,,,17,0.50,0,DW pipelines,E:/SEURECA KISUMU/MARCH ANALYSIS REDONE/POTENTIAL CONNECTIONS/Manyatta/DW pipelines.shp
KOYUGA,,,,,10.419,0,0.1,OPEN,,MYT,,,Distribution,,In service,DMM,,,,17,0.50,0,DW pipelines,E:/SEURECA KISUMU/MARCH ANALYSIS REDONE/POTENTIAL CONNECTIONS/Manyatta/DW pipelines.shp
KOYUGA,,,,,12.656,0,0.1,OPEN,,MYT,,,Distribution,,In service,DMM,,,,32,1.25,0,DW pipelines,E:/SEURECA KISUMU/MARCH ANALYSIS REDONE/POTENTIAL CONNECTIONS/Manyatta/DW pipelines.shp
KOYUGA,,,,,9.543,0,0.1,OPEN,,MYT,,,Distribution,,In service,DMM,,,,20,0.75,0,DW pipelines,E:/SEURECA KISUMU/MARCH ANALYSIS REDONE/POTENTIAL CONNECTIONS/Manyatta/DW pipelines.shp
KOYUGA,,,,,9.995,0,0.1,OPEN,,MYT,,,Distribution,,In service,DMM,,,,20,0.75,0,DW pipelines,E:/SEURECA KISUMU/MARCH ANALYSIS REDONE/POTENTIAL CONNECTIONS/Manyatta/DW pipelines.shp
KOYUGA,,,,,9.331,0,0.1,OPEN,,MYT,,,Distribution,,In service,DMM,,,,17,0.50,0,DW pipelines,E:/SEURECA KISUMU/MARCH ANALYSIS REDONE/POTENTIAL CONNECTIONS/Manyatta/DW pipelines.shp
KOYUGA,,,,,123.092,0,0.1,OPEN,,MYT,,,Distribution,,In service,DMM,,,,40,1.50,0,DW pipelines,E:/SEURECA KISUMU/MARCH ANALYSIS REDONE/POTENTIAL CONNECTIONS/Manyatta/DW pipelines.shp
KOYUGA,,,,,12.807,0,0.1,OPEN,,MYT,,,Distribution,,In service,DMM,,,,40,1.50,0,DW pipelines,E:/SEURECA KISUMU/MARCH ANALYSIS REDONE/POTENTIAL CONNECTIONS/Manyatta/DW pipelines.shp
KOYUGA,,,,,42.226,0,0.1,OPEN,,MYT,,,Distribution,,In service,DMM,,,,40,1.50,0,DW pipelines,E:/SEURECA KISUMU/MARCH ANALYSIS REDONE/POTENTIAL CONNECTIONS/Manyatta/DW pipelines.shp
KOYUGA,,,,,6.063,0,0.1,OPEN,,MYT,,,Distribution,,In service,DMM,,,,40,1.50,0,DW pipelines,E:/SEURECA KISUMU/MARCH ANALYSIS REDONE/POTENTIAL CONNECTIONS/Manyatta/DW pipelines.shp
KOYUGA,,,,,32.260,0,0.1,OPEN,,MYT,,,Distribution,,In service,DMM,,,,40,1.50,0,DW pipelines,E:/SEURECA KISUMU/MARCH ANALYSIS REDONE/POTENTIAL CONNECTIONS/Manyatta/DW pipelines.shp
KOYUGA,,,,,56.407,0,0.1,OPEN,,MYT,,,Distribution,,In service,DMM,,,,40,1.50,0,DW pipelines,E:/SEURECA KISUMU/MARCH ANALYSIS REDONE/POTENTIAL CONNECTIONS/Manyatta/DW pipelines.shp
KOYUGA,,,,,48.794,0,0.1,OPEN,,MYT,,,Distribution,,In service,DMM,,,,40,1.50,0,DW pipelines,E:/SEURECA KISUMU/MARCH ANALYSIS REDONE/POTENTIAL CONNECTIONS/Manyatta/DW pipelines.shp
KOYUGA,,,,,29.242,0,0.1,OPEN,,MYT,,,Distribution,,In service,DMM,,,,40,1.50,0,DW pipelines,E:/SEURECA KISUMU/MARCH ANALYSIS REDONE/POTENTIAL CONNECTIONS/Manyatta/DW pipelines.shp
KOYUGA,,,,,126.660,0,0.1,OPEN,,MYT,,,Distribution,,In service,DMM,,,,40,1.50,0,DW pipelines,E:/SEURECA KISUMU/MARCH ANALYSIS REDONE/POTENTIAL CONNECTIONS/Manyatta/DW pipelines.shp
KOYUGA,,,,,17.929,0,0.1,OPEN,,MYT,,,Distribution,,In service,DMM,,,,40,1.50,0,DW pipelines,E:/SEURECA KISUMU/MARCH ANALYSIS REDONE/POTENTIAL CONNECTIONS/Manyatta/DW pipelines.shp
KOYUGA,,,,,1.809,0,0.1,OPEN,,MYT,,,Distribution,,In service,DMM,,,,17,0.50,0,DW pipelines,E:/SEURECA KISUMU/MARCH ANALYSIS REDONE/POTENTIAL CONNECTIONS/Manyatta/DW pipelines.shp
KOYUGA,,,,,15.172,0,0.1,OPEN,,MYT,,,Distribution,,In service,DMM,,,,40,1.50,0,DW pipelines,E:/SEURECA KISUMU/MARCH ANALYSIS REDONE/POTENTIAL CONNECTIONS/Manyatta/DW pipelines.shp
KOYUGA,,,,,15.457,0,0.1,OPEN,,MYT,,,Distribution,,In service,DMM,,,,40,1.50,0,DW pipelines,E:/SEURECA KISUMU/MARCH ANALYSIS REDONE/POTENTIAL CONNECTIONS/Manyatta/DW pipelines.shp
KOYUGA,,,,,127.670,0,0.1,OPEN,,MYT,,,Distribution,,In service,DMM,,,,40,1.50,0,DW pipelines,E:/SEURECA KISUMU/MARCH ANALYSIS REDONE/POTENTIAL CONNECTIONS/Manyatta/DW pipelines.shp
KOYUGA,,,,,42.780,0,0.1,OPEN,,MYT,,,Distribution,,In service,DMM,,,,40,1.50,0,DW pipelines,E:/SEURECA KISUMU/MARCH ANALYSIS REDONE/POTENTIAL CONNECTIONS/Manyatta/DW pipelines.shp
KOYUGA,,,,,153.678,0,0.1,OPEN,,MYT,,,Distribution,,In service,DMM,,,,40,1.50,0,DW pipelines,E:/SEURECA KISUMU/MARCH ANALYSIS REDONE/POTENTIAL CONNECTIONS/Manyatta/DW pipelines.shp
KOYUGA,,,,,37.137,0,0.1,OPEN,,MYT,,,Distribution,,In service,DMM,,,,32,1.25,0,DW pipelines,E:/SEURECA KISUMU/MARCH ANALYSIS REDONE/POTENTIAL CONNECTIONS/Manyatta/DW pipelines.shp
KOYUGA,,,,,215.904,0,0.1,OPEN,,MYT,,,Distribution,,In service,DMM,,,,32,1.25,0,DW pipelines,E:/SEURECA KISUMU/MARCH ANALYSIS REDONE/POTENTIAL CONNECTIONS/Manyatta/DW pipelines.shp
KOYUGA,,,,,94.053,0,0.1,OPEN,,MYT,,,Distribution,,In service,DMM,,,,32,1.25,0,DW pipelines,E:/SEURECA KISUMU/MARCH ANALYSIS REDONE/POTENTIAL CONNECTIONS/Manyatta/DW pipelines.shp
KOYUGA,,,,,15.722,0,0.1,OPEN,,MYT,,,Distribution,,In service,DMM,,,,32,1.25,0,DW pipelines,E:/SEURECA KISUMU/MARCH ANALYSIS REDONE/POTENTIAL CONNECTIONS/Manyatta/DW pipelines.shp
KOYUGA,,,,,65.226,0,0.1,OPEN,,MYT,,,Distribution,,In service,DMM,,,,32,1.25,0,DW pipelines,E:/SEURECA KISUMU/MARCH ANALYSIS REDONE/POTENTIAL CONNECTIONS/Manyatta/DW pipelines.shp
KOYUGA,,,,,138.499,0,0.1,OPEN,,MYT,,,Distribution,,In service,DMM,,,,20,0.75,0,DW pipelines,E:/SEURECA KISUMU/MARCH ANALYSIS REDONE/POTENTIAL CONNECTIONS/Manyatta/DW pipelines.shp
KOYUGA,,,,,64.730,0,0.1,OPEN,,MYT,,,Distribution,,In service,DMM,,,,50,2.00,0,DW pipelines,E:/SEURECA KISUMU/MARCH ANALYSIS REDONE/POTENTIAL CONNECTIONS/Manyatta/DW pipelines.shp
KOYUGA,,,,,28.839,0,0.1,OPEN,,MYT,,,Distribution,,In service,DMM,,,,50,2.00,0,DW pipelines,E:/SEURECA KISUMU/MARCH ANALYSIS REDONE/POTENTIAL CONNECTIONS/Manyatta/DW pipelines.shp
KOYUGA,,,,,74.812,0,0.1,OPEN,,MYT,,,Distribution,,In service,DMM,,,,50,2.00,0,DW pipelines,E:/SEURECA KISUMU/MARCH ANALYSIS REDONE/POTENTIAL CONNECTIONS/Manyatta/DW pipelines.shp
KOYUGA,,,,,16.602,0,0.1,OPEN,,MYT,,,Distribution,,In service,DMM,,,,32,1.25,0,DW pipelines,E:/SEURECA KISUMU/MARCH ANALYSIS REDONE/POTENTIAL CONNECTIONS/Manyatta/DW pipelines.shp
KOYUGA,,,,,86.412,0,0.1,OPEN,,MYT,,,Distribution,,In service,DMM,,,,32,1.25,0,DW pipelines,E:/SEURECA KISUMU/MARCH ANALYSIS REDONE/POTENTIAL CONNECTIONS/Manyatta/DW pipelines.shp
KOYUGA,,,,,48.412,0,0.1,OPEN,,MYT,,,Distribution,,In service,DMM,,,,32,1.25,0,DW pipelines,E:/SEURECA KISUMU/MARCH ANALYSIS REDONE/POTENTIAL CONNECTIONS/Manyatta/DW pipelines.shp
KOYUGA,,,,,11.925,0,0.1,OPEN,,MYT,,,Distribution,,In service,DMM,,,,32,1.25,0,DW pipelines,E:/SEURECA KISUMU/MARCH ANALYSIS REDONE/POTENTIAL CONNECTIONS/Manyatta/DW pipelines.shp
KOYUGA,,,,,6.812,0,0.1,OPEN,,MYT,,,Distribution,,In service,DMM,,,,32,1.25,0,DW pipelines,E:/SEURECA KISUMU/MARCH ANALYSIS REDONE/POTENTIAL CONNECTIONS/Manyatta/DW pipelines.shp
KOYUGA,,,,,39.041,0,0.1,OPEN,,MYT,,,Distribution,,In service,DMM,,,,17,0.50,0,DW pipelines,E:/SEURECA KISUMU/MARCH ANALYSIS REDONE/POTENTIAL CONNECTIONS/Manyatta/DW pipelines.shp
KOYUGA,,,,,3.610,0,0.1,OPEN,,MYT,,,Distribution,,In service,DMM,,,,32,1.25,0,DW pipelines,E:/SEURECA KISUMU/MARCH ANALYSIS REDONE/POTENTIAL CONNECTIONS/Manyatta/DW pipelines.shp
KOYUGA,,,,,12.522,0,0.1,OPEN,,MYT,,,Distribution,,In service,DMM,,,,32,1.25,0,DW pipelines,E:/SEURECA KISUMU/MARCH ANALYSIS REDONE/POTENTIAL CONNECTIONS/Manyatta/DW pipelines.shp
KOYUGA,,,,,21.546,0,0.1,OPEN,,MYT,,,Distribution,,In service,DMM,,,,50,2.00,0,DW pipelines,E:/SEURECA KISUMU/MARCH ANALYSIS REDONE/POTENTIAL CONNECTIONS/Manyatta/DW pipelines.shp
KOYUGA,,,,,58.368,0,0.1,OPEN,,MYT,,,Distribution,,In service,DMM,,,,50,2.00,0,DW pipelines,E:/SEURECA KISUMU/MARCH ANALYSIS REDONE/POTENTIAL CONNECTIONS/Manyatta/DW pipelines.shp
KOYUGA,,,,,9.125,0,0.1,OPEN,,MYT,,,Distribution,,In service,DMM,,,,50,2.00,0,DW pipelines,E:/SEURECA KISUMU/MARCH ANALYSIS REDONE/POTENTIAL CONNECTIONS/Manyatta/DW pipelines.shp
KOYUGA,,,,,107.794,0,0.1,OPEN,,MYT,,,Distribution,,In service,DMM,,,,50,2.00,0,DW pipelines,E:/SEURECA KISUMU/MARCH ANALYSIS REDONE/POTENTIAL CONNECTIONS/Manyatta/DW pipelines.shp
KOYUGA,,,,,227.579,0,0.1,OPEN,,MYT,,,Distribution,,In service,DMM,,,,50,2.00,0,DW pipelines,E:/SEURECA KISUMU/MARCH ANALYSIS REDONE/POTENTIAL CONNECTIONS/Manyatta/DW pipelines.shp
KOYUGA,,,,,32.921,0,0.1,OPEN,,MYT,,,Distribution,,In service,DMM,,,,50,2.00,0,DW pipelines,E:/SEURECA KISUMU/MARCH ANALYSIS REDONE/POTENTIAL CONNECTIONS/Manyatta/DW pipelines.shp
KOYUGA,,,,,62.934,0,0.1,OPEN,,MYT,,,Distribution,,In service,DMM,,,,50,2.00,0,DW pipelines,E:/SEURECA KISUMU/MARCH ANALYSIS REDONE/POTENTIAL CONNECTIONS/Manyatta/DW pipelines.shp
KOYUGA,,,,,7.281,0,0.1,OPEN,,MYT,,,Distribution,,In service,DMM,,,,50,2.00,0,DW pipelines,E:/SEURECA KISUMU/MARCH ANALYSIS REDONE/POTENTIAL CONNECTIONS/Manyatta/DW pipelines.shp
KOYUGA,,,,,13.376,0,0.1,OPEN,,MYT,,,Distribution,,In service,DMM,,,,50,2.00,0,DW pipelines,E:/SEURECA KISUMU/MARCH ANALYSIS REDONE/POTENTIAL CONNECTIONS/Manyatta/DW pipelines.shp
KOYUGA,,,,,35.310,0,0.1,OPEN,,MYT,,,Distribution,,In service,DMM,,,,50,2.00,0,DW pipelines,E:/SEURECA KISUMU/MARCH ANALYSIS REDONE/POTENTIAL CONNECTIONS/Manyatta/DW pipelines.shp
KOYUGA,,,,,142.934,0,0.1,OPEN,,MYT,,,Distribution,,In service,DMM,,,,50,2.00,0,DW pipelines,E:/SEURECA KISUMU/MARCH ANALYSIS REDONE/POTENTIAL CONNECTIONS/Manyatta/DW pipelines.shp
KOYUGA,,,,,26.817,0,0.1,OPEN,,MYT,,,Distribution,,In service,DMM,,,,50,2.00,0,DW pipelines,E:/SEURECA KISUMU/MARCH ANALYSIS REDONE/POTENTIAL CONNECTIONS/Manyatta/DW pipelines.shp
KOYUGA,,,,,52.878,0,0.1,OPEN,,MYT,,,Distribution,,In service,DMM,,,,50,2.00,0,DW pipelines,E:/SEURECA KISUMU/MARCH ANALYSIS REDONE/POTENTIAL CONNECTIONS/Manyatta/DW pipelines.shp
KOYUGA,,,,,17.932,0,0.1,OPEN,,MYT,,,Distribution,,In service,DMM,,,,50,2.00,0,DW pipelines,E:/SEURECA KISUMU/MARCH ANALYSIS REDONE/POTENTIAL CONNECTIONS/Manyatta/DW pipelines.shp
KOYUGA,,,,,7.219,0,0.1,OPEN,,MYT,,,Distribution,,In service,DMM,,,,50,2.00,0,DW pipelines,E:/SEURECA KISUMU/MARCH ANALYSIS REDONE/POTENTIAL CONNECTIONS/Manyatta/DW pipelines.shp
KOYUGA,,,,,2.326,0,0.1,OPEN,,MYT,,,Distribution,,In service,DMM,,,,50,2.00,0,DW pipelines,E:/SEURECA KISUMU/MARCH ANALYSIS REDONE/POTENTIAL CONNECTIONS/Manyatta/DW pipelines.shp
KOYUGA,,,,,34.426,0,0.1,OPEN,,MYT,,,Distribution,,In service,DMM,,,,50,2.00,0,DW pipelines,E:/SEURECA KISUMU/MARCH ANALYSIS REDONE/POTENTIAL CONNECTIONS/Manyatta/DW pipelines.shp
KOYUGA,,,,,186.506,0,0.1,OPEN,,MYT,,,Distribution,,In service,DMM,,,,50,2.00,0,DW pipelines,E:/SEURECA KISUMU/MARCH ANALYSIS REDONE/POTENTIAL CONNECTIONS/Manyatta/DW pipelines.shp
KOYUGA,,,,,31.587,0,0.1,OPEN,,MYT,,,Distribution,,In service,DMM,,,,50,2.00,0,DW pipelines,E:/SEURECA KISUMU/MARCH ANALYSIS REDONE/POTENTIAL CONNECTIONS/Manyatta/DW pipelines.shp
KOYUGA,,,,,216.079,0,0.1,OPEN,,MYT,,,Distribution,,In service,DMM,,,,50,2.00,0,DW pipelines,E:/SEURECA KISUMU/MARCH ANALYSIS REDONE/POTENTIAL CONNECTIONS/Manyatta/DW pipelines.shp
KOYUGA,,,,,90.406,0,0.1,OPEN,,MYT,,,Distribution,,In service,DMM,,,,50,2.00,0,DW pipelines,E:/SEURECA KISUMU/MARCH ANALYSIS REDONE/POTENTIAL CONNECTIONS/Manyatta/DW pipelines.shp
KOYUGA,,,,,78.345,0,0.1,OPEN,,MYT,,,Distribution,,In service,DMM,,,,20,0.75,0,DW pipelines,E:/SEURECA KISUMU/MARCH ANALYSIS REDONE/POTENTIAL CONNECTIONS/Manyatta/DW pipelines.shp
KOYUGA,,,,,110.566,0,0.1,OPEN,,MYT,,,Distribution,,In service,DMM,,,,20,0.75,0,DW pipelines,E:/SEURECA KISUMU/MARCH ANALYSIS REDONE/POTENTIAL CONNECTIONS/Manyatta/DW pipelines.shp
OLIKETI,,,,,66.899,0,0.1,OPEN,,MYT,,,Distribution,,In service,DMM,,,,32,1.25,0,DW pipelines,E:/SEURECA KISUMU/MARCH ANALYSIS REDONE/POTENTIAL CONNECTIONS/Manyatta/DW pipelines.shp
OLIKETI,,,,,13.744,0,0.1,OPEN,,MYT,,,Distribution,,In service,DMM,,,,40,1.50,0,DW pipelines,E:/SEURECA KISUMU/MARCH ANALYSIS REDONE/POTENTIAL CONNECTIONS/Manyatta/DW pipelines.shp
OLIKETI,,,,,22.561,0,0.1,OPEN,,MYT,,,Distribution,,In service,DMM,,,,40,1.50,0,DW pipelines,E:/SEURECA KISUMU/MARCH ANALYSIS REDONE/POTENTIAL CONNECTIONS/Manyatta/DW pipelines.shp
OLIKETI,,,,,17.688,0,0.1,OPEN,,MYT,,,Distribution,,In service,DMM,,,,40,1.50,0,DW pipelines,E:/SEURECA KISUMU/MARCH ANALYSIS REDONE/POTENTIAL CONNECTIONS/Manyatta/DW pipelines.shp
OLIKETI,,,,,2.745,0,0.1,OPEN,,MYT,,,Distribution,,In service,DMM,,,,17,0.50,0,DW pipelines,E:/SEURECA KISUMU/MARCH ANALYSIS REDONE/POTENTIAL CONNECTIONS/Manyatta/DW pipelines.shp
OLIKETI,,,,,17.922,0,0.1,OPEN,,MYT,,,Distribution,,In service,DMM,,,,32,1.25,0,DW pipelines,E:/SEURECA KISUMU/MARCH ANALYSIS REDONE/POTENTIAL CONNECTIONS/Manyatta/DW pipelines.shp
OLIKETI,,,,,25.905,0,0.1,OPEN,,MYT,,,Distribution,,In service,DMM,,,,32,1.25,0,DW pipelines,E:/SEURECA KISUMU/MARCH ANALYSIS REDONE/POTENTIAL CONNECTIONS/Manyatta/DW pipelines.shp
OLIKETI,,,,,44.966,0,0.1,OPEN,,MYT,,,Distribution,,In service,DMM,,,,32,1.25,0,DW pipelines,E:/SEURECA KISUMU/MARCH ANALYSIS REDONE/POTENTIAL CONNECTIONS/Manyatta/DW pipelines.shp
OLIKETI,,,,,18.791,0,0.1,OPEN,,MYT,,,Distribution,,In service,DMM,,,,32,1.25,0,DW pipelines,E:/SEURECA KISUMU/MARCH ANALYSIS REDONE/POTENTIAL CONNECTIONS/Manyatta/DW pipelines.shp
KOYUGA,,,,,203.948,0,0.1,OPEN,,MYT,,,Distribution,,In service,DMM,,,,17,0.50,0,DW pipelines,E:/SEURECA KISUMU/MARCH ANALYSIS REDONE/POTENTIAL CONNECTIONS/Manyatta/DW pipelines.shp
KOYUGA,,,,,40.040,0,0.1,OPEN,,MYT,,,Distribution,,In service,DMM,,,,50,2.00,0,DW pipelines,E:/SEURECA KISUMU/MARCH ANALYSIS REDONE/POTENTIAL CONNECTIONS/Manyatta/DW pipelines.shp
M UNIT,,,,,36.355,0,0.1,OPEN,,MYT,,,Distribution,,In service,DMM,,,,32,1.25,0,DW pipelines,E:/SEURECA KISUMU/MARCH ANALYSIS REDONE/POTENTIAL CONNECTIONS/Manyatta/DW pipelines.shp
M-UNIT,,,,,0.378,0,0.1,OPEN,,MYT,,,Distribution,,In service,DMM,,,,25,1.00,0,DW pipelines,E:/SEURECA KISUMU/MARCH ANALYSIS REDONE/POTENTIAL CONNECTIONS/Manyatta/DW pipelines.shp
M-UNIT,,,,,122.276,0,0.1,OPEN,,MYT,,,Distribution,,In service,DMM,,,,32,1.25,0,DW pipelines,E:/SEURECA KISUMU/MARCH ANALYSIS REDONE/POTENTIAL CONNECTIONS/Manyatta/DW pipelines.shp
M-UNIT,,,,,43.129,0,0.1,OPEN,,MYT,,,Distribution,,In service,DMM,,,,17,0.50,0,DW pipelines,E:/SEURECA KISUMU/MARCH ANALYSIS REDONE/POTENTIAL CONNECTIONS/Manyatta/DW pipelines.shp
M-UNIT,,,,,3.867,0,0.1,OPEN,,MYT,,,Disstribution,,In service,DMM,,,,17,0.50,0,DW pipelines,E:/SEURECA KISUMU/MARCH ANALYSIS REDONE/POTENTIAL CONNECTIONS/Manyatta/DW pipelines.shp
M-UNIT,,,,,22.113,0,0.1,OPEN,,MYT,,,Distribution,,In service,DMM,,,,17,0.50,0,DW pipelines,E:/SEURECA KISUMU/MARCH ANALYSIS REDONE/POTENTIAL CONNECTIONS/Manyatta/DW pipelines.shp
M-UNIT,,,,,14.863,0,0.1,OPEN,,MYT,,,Distribution,,In service,DMM,,,,17,0.50,0,DW pipelines,E:/SEURECA KISUMU/MARCH ANALYSIS REDONE/POTENTIAL CONNECTIONS/Manyatta/DW pipelines.shp
M-UNIT,,,,,29.503,0,0.1,OPEN,,MYT,,,Distribution,,In service,DMM,,,,17,0.50,0,DW pipelines,E:/SEURECA KISUMU/MARCH ANALYSIS REDONE/POTENTIAL CONNECTIONS/Manyatta/DW pipelines.shp
M-UNIT,,,,,9.367,0,0.1,OPEN,,MYT,,,Distribution,,In service,DMM,,,,40,1.50,0,DW pipelines,E:/SEURECA KISUMU/MARCH ANALYSIS REDONE/POTENTIAL CONNECTIONS/Manyatta/DW pipelines.shp
M-UNIT,,,,,673.614,0,0.1,OPEN,,MYT,,,Distribution,,In service,DMM,,,,32,1.25,0,DW pipelines,E:/SEURECA KISUMU/MARCH ANALYSIS REDONE/POTENTIAL CONNECTIONS/Manyatta/DW pipelines.shp
M-UNIT,,,,,51.078,0,0.1,OPEN,,MYT,,,Distribution,,In service,DMM,,,,17,0.50,0,DW pipelines,E:/SEURECA KISUMU/MARCH ANALYSIS REDONE/POTENTIAL CONNECTIONS/Manyatta/DW pipelines.shp
M-UNIT,,,,,105.793,0,0.1,OPEN,,MYT,,,Distribution,,In service,DMM,,,,17,0.50,0,DW pipelines,E:/SEURECA KISUMU/MARCH ANALYSIS REDONE/POTENTIAL CONNECTIONS/Manyatta/DW pipelines.shp
M-UNIT,,,,,41.527,0,0.1,OPEN,,MYT,,,Distribution,,In service,DMM,,,,17,0.50,0,DW pipelines,E:/SEURECA KISUMU/MARCH ANALYSIS REDONE/POTENTIAL CONNECTIONS/Manyatta/DW pipelines.shp
M-UNIT,,,,,32.588,0,0.1,OPEN,,MYT,,,Distribution,,In service,DMM,,,,17,0.50,0,DW pipelines,E:/SEURECA KISUMU/MARCH ANALYSIS REDONE/POTENTIAL CONNECTIONS/Manyatta/DW pipelines.shp
M-UNIT,,,,,17.350,0,0.1,OPEN,,MYT,,,Distribution,,In service,DMM,,,,17,0.50,0,DW pipelines,E:/SEURECA KISUMU/MARCH ANALYSIS REDONE/POTENTIAL CONNECTIONS/Manyatta/DW pipelines.shp
M-UNIT,,,,,35.449,0,0.1,OPEN,,MYT,,,Distribution,,In service,DMM,,,,17,0.50,0,DW pipelines,E:/SEURECA KISUMU/MARCH ANALYSIS REDONE/POTENTIAL CONNECTIONS/Manyatta/DW pipelines.shp
M-UNIT,,,,,25.842,0,0.1,OPEN,,MYT,,,Distribution,,In service,DMM,,,,17,0.50,0,DW pipelines,E:/SEURECA KISUMU/MARCH ANALYSIS REDONE/POTENTIAL CONNECTIONS/Manyatta/DW pipelines.shp
M-UNIT,,,,,9.023,0,0.1,OPEN,,MYT,,,Distribution,,In service,DMM,,,,17,0.50,0,DW pipelines,E:/SEURECA KISUMU/MARCH ANALYSIS REDONE/POTENTIAL CONNECTIONS/Manyatta/DW pipelines.shp
M-UNIT,,,,,11.662,0,0.1,OPEN,,MYT,,,Distribution,,In service,DMM,,,,17,0.50,0,DW pipelines,E:/SEURECA KISUMU/MARCH ANALYSIS REDONE/POTENTIAL CONNECTIONS/Manyatta/DW pipelines.shp
M-UNIT,,,,,24.393,0,0.1,OPEN,,MYT,,,Distribution,,In service,DMM,,,,17,0.50,0,DW pipelines,E:/SEURECA KISUMU/MARCH ANALYSIS REDONE/POTENTIAL CONNECTIONS/Manyatta/DW pipelines.shp
M-UNIT,,,,,17.932,0,0.1,OPEN,,MYT,,,Distribution,,In service,DMM,,,,17,0.50,0,DW pipelines,E:/SEURECA KISUMU/MARCH ANALYSIS REDONE/POTENTIAL CONNECTIONS/Manyatta/DW pipelines.shp
M-UNIT,,,,,28.301,0,0.1,OPEN,,MYT,,,Distribution,,In service,DMM,,,,17,0.50,0,DW pipelines,E:/SEURECA KISUMU/MARCH ANALYSIS REDONE/POTENTIAL CONNECTIONS/Manyatta/DW pipelines.shp
M-UNIT,,,,,31.347,0,0.1,OPEN,,MYT,,,Distribution,,In service,DMM,,,,17,0.50,0,DW pipelines,E:/SEURECA KISUMU/MARCH ANALYSIS REDONE/POTENTIAL CONNECTIONS/Manyatta/DW pipelines.shp
M-UNIT,,,,,8.767,0,0.1,OPEN,,MYT,,,Distribution,,In service,DMM,,,,17,0.50,0,DW pipelines,E:/SEURECA KISUMU/MARCH ANALYSIS REDONE/POTENTIAL CONNECTIONS/Manyatta/DW pipelines.shp
M-UNIT,,,,,9.232,0,0.1,OPEN,,MYT,,,Distribution,,In service,DMM,,,,17,0.50,0,DW pipelines,E:/SEURECA KISUMU/MARCH ANALYSIS REDONE/POTENTIAL CONNECTIONS/Manyatta/DW pipelines.shp
M-UNIT,,,,,39.027,0,0.1,OPEN,,MYT,,,Distribution,,In service,DMM,,,,17,0.50,0,DW pipelines,E:/SEURECA KISUMU/MARCH ANALYSIS REDONE/POTENTIAL CONNECTIONS/Manyatta/DW pipelines.shp
M-UNIT,,,,,19.119,0,0.1,OPEN,,MYT,,,Distribution,,In service,DMM,,,,32,1.25,0,DW pipelines,E:/SEURECA KISUMU/MARCH ANALYSIS REDONE/POTENTIAL CONNECTIONS/Manyatta/DW pipelines.shp
M-UNIT,,,,,91.330,0,0.1,OPEN,,MYT,,,Distribution,,In service,DMM,,,,32,1.25,0,DW pipelines,E:/SEURECA KISUMU/MARCH ANALYSIS REDONE/POTENTIAL CONNECTIONS/Manyatta/DW pipelines.shp
M-UNIT,,,,,45.388,0,0.1,OPEN,,MYT,,,Distribution,,In service,DMM,,,,40,1.50,0,DW pipelines,E:/SEURECA KISUMU/MARCH ANALYSIS REDONE/POTENTIAL CONNECTIONS/Manyatta/DW pipelines.shp
M-UNIT,,,,,112.064,0,0.1,OPEN,,MYT,,,Distribution,,In service,DMM,,,,32,1.25,0,DW pipelines,E:/SEURECA KISUMU/MARCH ANALYSIS REDONE/POTENTIAL CONNECTIONS/Manyatta/DW pipelines.shp
M-UNIT,,,,,34.625,0,0.1,OPEN,,MYT,,,Distribution,,In service,DMM,,,,17,0.50,0,DW pipelines,E:/SEURECA KISUMU/MARCH ANALYSIS REDONE/POTENTIAL CONNECTIONS/Manyatta/DW pipelines.shp
M-UNIT,,,,,4.019,0,0.1,OPEN,,MYT,,,Distribution,,In service,DMM,,,,17,0.50,0,DW pipelines,E:/SEURECA KISUMU/MARCH ANALYSIS REDONE/POTENTIAL CONNECTIONS/Manyatta/DW pipelines.shp
M-UNIT,,,,,17.235,0,0.1,OPEN,,MYT,,,Distribution,,In service,DMM,,,,17,0.50,0,DW pipelines,E:/SEURECA KISUMU/MARCH ANALYSIS REDONE/POTENTIAL CONNECTIONS/Manyatta/DW pipelines.shp
M-UNIT,,,,,9.759,0,0.1,OPEN,,MYT,,,Distribution,,In service,DMM,,,,17,0.50,0,DW pipelines,E:/SEURECA KISUMU/MARCH ANALYSIS REDONE/POTENTIAL CONNECTIONS/Manyatta/DW pipelines.shp
M-UNIT,,,,,3.251,0,0.1,OPEN,,MYT,,,Distribution,,In service,DMM,,,,17,0.50,0,DW pipelines,E:/SEURECA KISUMU/MARCH ANALYSIS REDONE/POTENTIAL CONNECTIONS/Manyatta/DW pipelines.shp
M-UNIT,,,,,2.313,0,0.1,OPEN,,MYT,,,Distribution,,In service,DMM,,,,17,0.50,0,DW pipelines,E:/SEURECA KISUMU/MARCH ANALYSIS REDONE/POTENTIAL CONNECTIONS/Manyatta/DW pipelines.shp
M-UNIT,,,,,39.870,0,0.1,OPEN,,MYT,,,Distribution,,In service,DMM,,,,17,0.50,0,DW pipelines,E:/SEURECA KISUMU/MARCH ANALYSIS REDONE/POTENTIAL CONNECTIONS/Manyatta/DW pipelines.shp
M-UNIT,,,,,171.692,0,0.1,OPEN,,MYT,,,Distribution,,In service,DMM,,,,17,0.50,0,DW pipelines,E:/SEURECA KISUMU/MARCH ANALYSIS REDONE/POTENTIAL CONNECTIONS/Manyatta/DW pipelines.shp
M-UNIT,,,,,59.434,0,0.1,OPEN,,MYT,,,Distribution,,In service,DMM,,,,17,0.50,0,DW pipelines,E:/SEURECA KISUMU/MARCH ANALYSIS REDONE/POTENTIAL CONNECTIONS/Manyatta/DW pipelines.shp
M-UNIT,,,,,52.399,0,0.1,OPEN,,MYT,,,Distribution,,In service,DMM,,,,32,1.25,0,DW pipelines,E:/SEURECA KISUMU/MARCH ANALYSIS REDONE/POTENTIAL CONNECTIONS/Manyatta/DW pipelines.shp
M-UNIT,,,,,11.087,0,0.1,OPEN,,MYT,,,Distribution,,In service,DMM,,,,17,0.50,0,DW pipelines,E:/SEURECA KISUMU/MARCH ANALYSIS REDONE/POTENTIAL CONNECTIONS/Manyatta/DW pipelines.shp
M-UNIT,,,,,2.464,0,0.1,OPEN,,MYT,,,Distribution,,In service,DMM,,,,17,0.50,0,DW pipelines,E:/SEURECA KISUMU/MARCH ANALYSIS REDONE/POTENTIAL CONNECTIONS/Manyatta/DW pipelines.shp
M-UNIT,,,,,1.608,0,0.1,OPEN,,MYT,,,Distribution,,In service,DMM,,,,17,0.50,0,DW pipelines,E:/SEURECA KISUMU/MARCH ANALYSIS REDONE/POTENTIAL CONNECTIONS/Manyatta/DW pipelines.shp
M-UNIT,,,,,9.168,0,0.1,OPEN,,MYT,,,Distribution,,In service,DMM,,,,17,0.50,0,DW pipelines,E:/SEURECA KISUMU/MARCH ANALYSIS REDONE/POTENTIAL CONNECTIONS/Manyatta/DW pipelines.shp
M-UNIT,,,,,42.600,0,0.1,OPEN,,MYT,,,Distribution,,In service,DMM,,,,17,0.50,0,DW pipelines,E:/SEURECA KISUMU/MARCH ANALYSIS REDONE/POTENTIAL CONNECTIONS/Manyatta/DW pipelines.shp
M-UNIT,,,,,78.205,0,0.1,OPEN,,MYT,,,Distribution,,In service,DMM,,,,32,1.25,0,DW pipelines,E:/SEURECA KISUMU/MARCH ANALYSIS REDONE/POTENTIAL CONNECTIONS/Manyatta/DW pipelines.shp
M-UNIT,,,,,38.916,0,0.1,OPEN,,MYT,,,Distribution,,In service,DMM,,,,32,1.25,0,DW pipelines,E:/SEURECA KISUMU/MARCH ANALYSIS REDONE/POTENTIAL CONNECTIONS/Manyatta/DW pipelines.shp
M-UNIT,,,,,23.212,0,0.1,OPEN,,MYT,,,Distribution,,In service,DMM,,,,25,1.00,0,DW pipelines,E:/SEURECA KISUMU/MARCH ANALYSIS REDONE/POTENTIAL CONNECTIONS/Manyatta/DW pipelines.shp
M-UNIT,,,,,17.758,0,0.1,OPEN,,MYT,,,Distribution,,In service,DMM,,,,20,0.75,0,DW pipelines,E:/SEURECA KISUMU/MARCH ANALYSIS REDONE/POTENTIAL CONNECTIONS/Manyatta/DW pipelines.shp
M-UNIT,,,,,44.321,0,0.1,OPEN,,MYT,,,Distribution,,In service,DMM,,,,17,0.50,0,DW pipelines,E:/SEURECA KISUMU/MARCH ANALYSIS REDONE/POTENTIAL CONNECTIONS/Manyatta/DW pipelines.shp
M-UNIT,,,,,38.667,0,0.1,OPEN,,MYT,,,Distribution,,In service,DMM,,,,17,0.50,0,DW pipelines,E:/SEURECA KISUMU/MARCH ANALYSIS REDONE/POTENTIAL CONNECTIONS/Manyatta/DW pipelines.shp
M-UNIT,,,,,34.419,0,0.1,OPEN,,MYT,,,Distribution,,In service,DMM,,,,17,0.50,0,DW pipelines,E:/SEURECA KISUMU/MARCH ANALYSIS REDONE/POTENTIAL CONNECTIONS/Manyatta/DW pipelines.shp
M-UNIT,,,,,4.916,0,0.1,OPEN,,MYT,,,Distribution,,In service,DMM,,,,17,0.50,0,DW pipelines,E:/SEURECA KISUMU/MARCH ANALYSIS REDONE/POTENTIAL CONNECTIONS/Manyatta/DW pipelines.shp
M-UNIT,,,,,31.216,0,0.1,OPEN,,MYT,,,Distribution,,In service,DMM,,,,17,0.50,0,DW pipelines,E:/SEURECA KISUMU/MARCH ANALYSIS REDONE/POTENTIAL CONNECTIONS/Manyatta/DW pipelines.shp
M-UNIT,,,,,43.770,0,0.1,OPEN,,MYT,,,Distribution,,In service,DMM,,,,17,0.50,0,DW pipelines,E:/SEURECA KISUMU/MARCH ANALYSIS REDONE/POTENTIAL CONNECTIONS/Manyatta/DW pipelines.shp
M-UNIT,,,,,44.284,0,0.1,OPEN,,MYT,,,Distribution,,In service,DMM,,,,32,1.25,0,DW pipelines,E:/SEURECA KISUMU/MARCH ANALYSIS REDONE/POTENTIAL CONNECTIONS/Manyatta/DW pipelines.shp
M-UNIT,,,,,110.101,0,0.1,OPEN,,MYT,,,Distribution,,In service,DMM,,,,17,0.50,0,DW pipelines,E:/SEURECA KISUMU/MARCH ANALYSIS REDONE/POTENTIAL CONNECTIONS/Manyatta/DW pipelines.shp
M-UNIT,,,,,12.260,0,0.1,OPEN,,MYT,,,Distribution,,In service,DMM,,,,17,0.50,0,DW pipelines,E:/SEURECA KISUMU/MARCH ANALYSIS REDONE/POTENTIAL CONNECTIONS/Manyatta/DW pipelines.shp
M-UNIT,,,,,48.415,0,0.1,OPEN,,MYT,,,Distribution,,In service,DMM,,,,17,0.50,0,DW pipelines,E:/SEURECA KISUMU/MARCH ANALYSIS REDONE/POTENTIAL CONNECTIONS/Manyatta/DW pipelines.shp
M-UNIT,,,,,27.645,0,0.1,OPEN,,MYT,,,Distribution,,In service,DMM,,,,17,0.50,0,DW pipelines,E:/SEURECA KISUMU/MARCH ANALYSIS REDONE/POTENTIAL CONNECTIONS/Manyatta/DW pipelines.shp
M-UNIT,,,,,23.014,0,0.1,OPEN,,MYT,,,Distribution,,In service,DMM,,,,17,0.50,0,DW pipelines,E:/SEURECA KISUMU/MARCH ANALYSIS REDONE/POTENTIAL CONNECTIONS/Manyatta/DW pipelines.shp
M-UNIT,,,,,10.632,0,0.1,OPEN,,MYT,,,Distribution,,In service,DMM,,,,17,0.50,0,DW pipelines,E:/SEURECA KISUMU/MARCH ANALYSIS REDONE/POTENTIAL CONNECTIONS/Manyatta/DW pipelines.shp
M-UNIT,,,,,77.837,0,0.1,OPEN,,MYT,,,Distribution,,In service,DMM,,,,17,0.50,0,DW pipelines,E:/SEURECA KISUMU/MARCH ANALYSIS REDONE/POTENTIAL CONNECTIONS/Manyatta/DW pipelines.shp
M-UNIT,,,,,369.537,0,0.1,OPEN,,MYT,,,Distribution,,In service,DMM,,,,40,1.50,0,DW pipelines,E:/SEURECA KISUMU/MARCH ANALYSIS REDONE/POTENTIAL CONNECTIONS/Manyatta/DW pipelines.shp
M-UNIT,,,,,33.811,0,0.1,OPEN,,MYT,22.06.2015,,Distribution,,In service,DMM,,,,17,0.50,0,DW pipelines,E:/SEURECA KISUMU/MARCH ANALYSIS REDONE/POTENTIAL CONNECTIONS/Manyatta/DW pipelines.shp
M-UNIT,,,,,125.353,0,0.1,OPEN,,MYT,22.06.2015,,Distribution,,In service,DMM,,,,17,0.50,0,DW pipelines,E:/SEURECA KISUMU/MARCH ANALYSIS REDONE/POTENTIAL CONNECTIONS/Manyatta/DW pipelines.shp
M-UNIT,,,,,6.144,0,0.1,OPEN,,MYT,22.06.2015,,Distribution,,In service,DMM,,,,17,0.50,0,DW pipelines,E:/SEURECA KISUMU/MARCH ANALYSIS REDONE/POTENTIAL CONNECTIONS/Manyatta/DW pipelines.shp
M-UNIT,,,,,76.117,0,0.1,OPEN,,MYT,22.06.2015,,Distribution,,In service,DMM,,,,17,0.50,0,DW pipelines,E:/SEURECA KISUMU/MARCH ANALYSIS REDONE/POTENTIAL CONNECTIONS/Manyatta/DW pipelines.shp
M-UNIT,,,,,3.686,0,0.1,OPEN,,MYT,22.06.2015,,Distribution,,In service,DMM,,,,20,0.75,0,DW pipelines,E:/SEURECA KISUMU/MARCH ANALYSIS REDONE/POTENTIAL CONNECTIONS/Manyatta/DW pipelines.shp
M-UNIT,,,,,85.861,0,0.1,OPEN,,MYT,22.06.2015,,Distribution,,In service,DMM,,,,20,0.75,0,DW pipelines,E:/SEURECA KISUMU/MARCH ANALYSIS REDONE/POTENTIAL CONNECTIONS/Manyatta/DW pipelines.shp
M-UNIT,,,,,31.519,0,0.1,OPEN,,MYT,22.06.2015,,Distribution,,In service,DMM,,,,17,0.50,0,DW pipelines,E:/SEURECA KISUMU/MARCH ANALYSIS REDONE/POTENTIAL CONNECTIONS/Manyatta/DW pipelines.shp
M-UNIT,,,,,261.934,0,0.1,OPEN,,MYT,22.06.2015,,Distribution,,In service,DMM,,,,32,1.25,0,DW pipelines,E:/SEURECA KISUMU/MARCH ANALYSIS REDONE/POTENTIAL CONNECTIONS/Manyatta/DW pipelines.shp
M-UNIT,,,,,14.360,0,0.1,OPEN,,MYT,22.06.2015,,Distribution,,In service,DMM,,,,17,0.50,0,DW pipelines,E:/SEURECA KISUMU/MARCH ANALYSIS REDONE/POTENTIAL CONNECTIONS/Manyatta/DW pipelines.shp
M-UNIT,,,,,19.357,0,0.1,OPEN,,MYT,22.06.2015,,Distribution,,In service,DMM,,,,17,0.50,0,DW pipelines,E:/SEURECA KISUMU/MARCH ANALYSIS REDONE/POTENTIAL CONNECTIONS/Manyatta/DW pipelines.shp
M-UNIT,,,,,11.987,0,0.1,OPEN,,MYT,22.06.2015,,Distribution,,In service,DMM,,,,17,0.50,0,DW pipelines,E:/SEURECA KISUMU/MARCH ANALYSIS REDONE/POTENTIAL CONNECTIONS/Manyatta/DW pipelines.shp
M-UNIT,,,,,10.368,0,0.1,OPEN,,MYT,22.06.2015,,Distribution,,In service,DMM,,,,17,0.50,0,DW pipelines,E:/SEURECA KISUMU/MARCH ANALYSIS REDONE/POTENTIAL CONNECTIONS/Manyatta/DW pipelines.shp
M-UNIT,,,,,19.029,0,0.1,OPEN,,MYT,22.06.2015,,Distribution,,In service,DMM,,,,17,0.50,0,DW pipelines,E:/SEURECA KISUMU/MARCH ANALYSIS REDONE/POTENTIAL CONNECTIONS/Manyatta/DW pipelines.shp
M-UNIT,,,,,16.086,0,0.1,OPEN,,MYT,22.06.2015,,Distribution,,In service,DMM,,,,17,0.50,0,DW pipelines,E:/SEURECA KISUMU/MARCH ANALYSIS REDONE/POTENTIAL CONNECTIONS/Manyatta/DW pipelines.shp
M-UNIT,,,,,73.296,0,0.1,OPEN,,MYT,22.06.2015,,Distribution,,In service,DMM,,,,17,0.50,0,DW pipelines,E:/SEURECA KISUMU/MARCH ANALYSIS REDONE/POTENTIAL CONNECTIONS/Manyatta/DW pipelines.shp
M-UNIT,,,,,15.114,0,0.1,OPEN,,MYT,22.06.2015,,Distribution,,In service,DMM,,,,17,0.50,0,DW pipelines,E:/SEURECA KISUMU/MARCH ANALYSIS REDONE/POTENTIAL CONNECTIONS/Manyatta/DW pipelines.shp
M-UNIT,,,,,145.401,0,0.1,OPEN,,MYT,22.06.2015,,Distribution,,In service,DMM,,,,17,0.50,0,DW pipelines,E:/SEURECA KISUMU/MARCH ANALYSIS REDONE/POTENTIAL CONNECTIONS/Manyatta/DW pipelines.shp
M-UNIT,,,,,14.539,0,0.1,OPEN,,MYT,22.06.2015,,Distribution,,In service,DMM,,,,17,0.50,0,DW pipelines,E:/SEURECA KISUMU/MARCH ANALYSIS REDONE/POTENTIAL CONNECTIONS/Manyatta/DW pipelines.shp
M-UNIT,,,,,8.936,0,0.1,OPEN,,MYT,22.06.2015,,Distribution,,In service,DMM,,,,17,0.50,0,DW pipelines,E:/SEURECA KISUMU/MARCH ANALYSIS REDONE/POTENTIAL CONNECTIONS/Manyatta/DW pipelines.shp
M-UNIT,,,,,96.779,0,0.1,OPEN,,MYT,22.06.2015,,Distribution,,In service,DMM,,,,17,0.50,0,DW pipelines,E:/SEURECA KISUMU/MARCH ANALYSIS REDONE/POTENTIAL CONNECTIONS/Manyatta/DW pipelines.shp
M-UNIT,,,,,14.454,0,0.1,OPEN,,MYT,22.06.2015,,Distribution,,In service,DMM,,,,17,0.50,0,DW pipelines,E:/SEURECA KISUMU/MARCH ANALYSIS REDONE/POTENTIAL CONNECTIONS/Manyatta/DW pipelines.shp
M-UNIT,,,,,9.336,0,0.1,OPEN,,MYT,22.06.2015,,Distribution,,In service,DMM,,,,17,0.50,0,DW pipelines,E:/SEURECA KISUMU/MARCH ANALYSIS REDONE/POTENTIAL CONNECTIONS/Manyatta/DW pipelines.shp
M-UNIT,,,,,12.427,0,0.1,OPEN,,MYT,22.06.2015,,Distribution,,In service,DMM,,,,17,0.50,0,DW pipelines,E:/SEURECA KISUMU/MARCH ANALYSIS REDONE/POTENTIAL CONNECTIONS/Manyatta/DW pipelines.shp
M-UNIT,,,,,95.871,0,0.1,OPEN,,MYT,22.06.2015,,Distribution,,In service,DMM,,,,17,0.50,0,DW pipelines,E:/SEURECA KISUMU/MARCH ANALYSIS REDONE/POTENTIAL CONNECTIONS/Manyatta/DW pipelines.shp
M-UNIT,,,,,8.480,0,0.1,OPEN,,MYT,22.06.2015,,Distribution,,In service,DMM,,,,17,0.50,0,DW pipelines,E:/SEURECA KISUMU/MARCH ANALYSIS REDONE/POTENTIAL CONNECTIONS/Manyatta/DW pipelines.shp
M-UNIT,,,,,167.018,0,0.1,OPEN,,MYT,22.06.2015,,Distribution,,In service,DMM,,,,32,1.25,0,DW pipelines,E:/SEURECA KISUMU/MARCH ANALYSIS REDONE/POTENTIAL CONNECTIONS/Manyatta/DW pipelines.shp
M-UNIT,,,,,52.738,0,0.1,OPEN,,MYT,22.06.2015,,Distribution,,In service,DMM,,,,17,0.50,0,DW pipelines,E:/SEURECA KISUMU/MARCH ANALYSIS REDONE/POTENTIAL CONNECTIONS/Manyatta/DW pipelines.shp
M-UNIT,,,,,74.896,0,0.1,OPEN,,MYT,22.06.2015,,Distribution,,In service,DMM,,,,17,0.50,0,DW pipelines,E:/SEURECA KISUMU/MARCH ANALYSIS REDONE/POTENTIAL CONNECTIONS/Manyatta/DW pipelines.shp
M-AKADO,,,,,126.216,0,0.1,OPEN,,MYT,24.06.2015,,Distribution,,In service,DMM,,,,75,3.00,0,DW pipelines,E:/SEURECA KISUMU/MARCH ANALYSIS REDONE/POTENTIAL CONNECTIONS/Manyatta/DW pipelines.shp
M-AKADO,,,,,1540.822,0,0.1,OPEN,,MYT,24.06.2015,,Distribution,,In service,DMM,,,,50,2.00,0,DW pipelines,E:/SEURECA KISUMU/MARCH ANALYSIS REDONE/POTENTIAL CONNECTIONS/Manyatta/DW pipelines.shp
M-AKADO,,,,,562.857,0,0.1,OPEN,,MYT,25.06.2015,,Distribution,,In service,DMM,,,,50,2.00,0,DW pipelines,E:/SEURECA KISUMU/MARCH ANALYSIS REDONE/POTENTIAL CONNECTIONS/Manyatta/DW pipelines.shp
M-AKADO,,,,,17.163,0,0.1,OPEN,,,25.06.2015,,Distribution,,In service,DMM,,,,20,0.75,0,DW pipelines,E:/SEURECA KISUMU/MARCH ANALYSIS REDONE/POTENTIAL CONNECTIONS/Manyatta/DW pipelines.shp
M-AKADO,,,,,107.284,0,0.1,OPEN,,,25.06.2015,,Distribution,,In service,DMM,,,,20,0.75,0,DW pipelines,E:/SEURECA KISUMU/MARCH ANALYSIS REDONE/POTENTIAL CONNECTIONS/Manyatta/DW pipelines.shp
M-AKADO,,,,,126.140,0,0.1,OPEN,,MYT,25.06.2015,,Distribution,,In service,DMM,,,,32,1.25,0,DW pipelines,E:/SEURECA KISUMU/MARCH ANALYSIS REDONE/POTENTIAL CONNECTIONS/Manyatta/DW pipelines.shp
M-AKADO,,,,,25.945,0,0.1,OPEN,,,25.06.2015,,Distribution,,In service,DMM,,,,20,0.75,0,DW pipelines,E:/SEURECA KISUMU/MARCH ANALYSIS REDONE/POTENTIAL CONNECTIONS/Manyatta/DW pipelines.shp
M-AKADO,,,,,7.332,0,0.1,OPEN,,,25.06.2015,,Distribution,,In service,DMM,,,,20,0.75,0,DW pipelines,E:/SEURECA KISUMU/MARCH ANALYSIS REDONE/POTENTIAL CONNECTIONS/Manyatta/DW pipelines.shp
M-AKADO,,,,,29.091,0,0.1,OPEN,,,25.06.2015,,Distribution,,In service,DMM,,,,20,0.75,0,DW pipelines,E:/SEURECA KISUMU/MARCH ANALYSIS REDONE/POTENTIAL CONNECTIONS/Manyatta/DW pipelines.shp
M-AKADO,,,,,38.307,0,0.1,OPEN,,MYT,25.06.2015,,Distribution,,In service,DMM,,,,17,0.50,0,DW pipelines,E:/SEURECA KISUMU/MARCH ANALYSIS REDONE/POTENTIAL CONNECTIONS/Manyatta/DW pipelines.shp
M-AKADO,,,,,46.803,0,0.1,OPEN,,MYT,25.06.2015,,Distribution,,In service,DMM,,,,17,0.50,0,DW pipelines,E:/SEURECA KISUMU/MARCH ANALYSIS REDONE/POTENTIAL CONNECTIONS/Manyatta/DW pipelines.shp
M-AKADO,,,,,46.779,0,0.1,OPEN,,MYT,25.06.2015,,Distribution,,In service,DMM,,,,17,0.50,0,DW pipelines,E:/SEURECA KISUMU/MARCH ANALYSIS REDONE/POTENTIAL CONNECTIONS/Manyatta/DW pipelines.shp
M-AKADO,,,,,18.581,0,0.1,OPEN,,MYT,25.06.2015,,Distribution,,In service,DMM,,,,17,0.50,0,DW pipelines,E:/SEURECA KISUMU/MARCH ANALYSIS REDONE/POTENTIAL CONNECTIONS/Manyatta/DW pipelines.shp
M-AKADO,,,,,17.593,0,0.1,OPEN,,MYT,25.06.2015,,Distribution,,In service,DMM,,,,17,0.50,0,DW pipelines,E:/SEURECA KISUMU/MARCH ANALYSIS REDONE/POTENTIAL CONNECTIONS/Manyatta/DW pipelines.shp
M-AKADO,,,,,14.227,0,0.1,OPEN,,MYT,25.06.2015,,Distribution,,In service,DMM,,,,17,0.50,0,DW pipelines,E:/SEURECA KISUMU/MARCH ANALYSIS REDONE/POTENTIAL CONNECTIONS/Manyatta/DW pipelines.shp
M-AKADO,,,,,15.886,0,0.1,OPEN,,MYT,25.06.2015,,Distribution,,In service,DMM,,,,17,0.50,0,DW pipelines,E:/SEURECA KISUMU/MARCH ANALYSIS REDONE/POTENTIAL CONNECTIONS/Manyatta/DW pipelines.shp
M-AKADO,,,,,22.452,0,0.1,OPEN,,MYT,25.06.2015,,Distribution,,In service,DMM,,,,17,0.50,0,DW pipelines,E:/SEURECA KISUMU/MARCH ANALYSIS REDONE/POTENTIAL CONNECTIONS/Manyatta/DW pipelines.shp
M-AKADO,,,,,32.695,0,0.1,OPEN,,MYT,25.06.2015,,Distribution,,In service,DMM,,,,17,0.50,0,DW pipelines,E:/SEURECA KISUMU/MARCH ANALYSIS REDONE/POTENTIAL CONNECTIONS/Manyatta/DW pipelines.shp
M-AKADO,,,,,95.621,0,0.1,OPEN,,MYT,25.06.2015,,Distribution,,In service,DMM,,,,17,0.50,0,DW pipelines,E:/SEURECA KISUMU/MARCH ANALYSIS REDONE/POTENTIAL CONNECTIONS/Manyatta/DW pipelines.shp
M-AKADO,,,,,108.224,0,0.1,OPEN,,MYT,25.06.2015,,Distribution,,In service,DMM,,,,32,1.25,0,DW pipelines,E:/SEURECA KISUMU/MARCH ANALYSIS REDONE/POTENTIAL CONNECTIONS/Manyatta/DW pipelines.shp
M-AKADO,,,,,15.161,0,0.1,OPEN,,MYT,25.06.2015,,Distribution,,In service,DMM,,,,17,0.50,0,DW pipelines,E:/SEURECA KISUMU/MARCH ANALYSIS REDONE/POTENTIAL CONNECTIONS/Manyatta/DW pipelines.shp
M-AKADO,,,,,241.512,0,0.1,OPEN,,,25.06.2015,,Distribution,,In service,DMM,,,,40,1.50,0,DW pipelines,E:/SEURECA KISUMU/MARCH ANALYSIS REDONE/POTENTIAL CONNECTIONS/Manyatta/DW pipelines.shp
M-AKADO,,,,,21.216,0,0.1,OPEN,,MYT,25.06.2015,,Distribution,,In service,DMM,,,,17,0.50,0,DW pipelines,E:/SEURECA KISUMU/MARCH ANALYSIS REDONE/POTENTIAL CONNECTIONS/Manyatta/DW pipelines.shp
M-AKADO,,,,,51.829,0,0.1,OPEN,,MYT,25.06.2015,,Distribution,,In service,DMM,,,,17,0.50,0,DW pipelines,E:/SEURECA KISUMU/MARCH ANALYSIS REDONE/POTENTIAL CONNECTIONS/Manyatta/DW pipelines.shp
M-AKADO,,,,,7.561,0,0.1,OPEN,,MYT,25.06.2015,,Distribution,,In service,DMM,,,,17,0.50,0,DW pipelines,E:/SEURECA KISUMU/MARCH ANALYSIS REDONE/POTENTIAL CONNECTIONS/Manyatta/DW pipelines.shp
M-AKADO,,,,,4.061,0,0.1,OPEN,,MYT,25.06.2015,,Distribution,,In service,DMM,,,,17,0.50,0,DW pipelines,E:/SEURECA KISUMU/MARCH ANALYSIS REDONE/POTENTIAL CONNECTIONS/Manyatta/DW pipelines.shp
M-AKADO,,,,,8.402,0,0.1,OPEN,,MYT,25.06.2015,,Distribution,,In service,DMM,,,,17,0.50,0,DW pipelines,E:/SEURECA KISUMU/MARCH ANALYSIS REDONE/POTENTIAL CONNECTIONS/Manyatta/DW pipelines.shp
M-AKADO,,,,,16.753,0,0.1,OPEN,,MYT,25.06.2015,,Distribution,,In service,DMM,,,,17,0.50,0,DW pipelines,E:/SEURECA KISUMU/MARCH ANALYSIS REDONE/POTENTIAL CONNECTIONS/Manyatta/DW pipelines.shp
M-AKADE,,,,,133.026,0,0.1,OPEN,,MYT,25.06.2015,,Distribution,,In service,DMM,,,,20,0.75,0,DW pipelines,E:/SEURECA KISUMU/MARCH ANALYSIS REDONE/POTENTIAL CONNECTIONS/Manyatta/DW pipelines.shp
M-AKADO,,,,,34.773,0,0.1,OPEN,,MYT,25.06.2015,,Distribution,,In service,DMM,,,,17,0.50,0,DW pipelines,E:/SEURECA KISUMU/MARCH ANALYSIS REDONE/POTENTIAL CONNECTIONS/Manyatta/DW pipelines.shp
M-AKADO,,,,,18.830,0,0.1,OPEN,,MYT,25.06.2015,,Distribution,,In service,DMM,,,,17,0.50,0,DW pipelines,E:/SEURECA KISUMU/MARCH ANALYSIS REDONE/POTENTIAL CONNECTIONS/Manyatta/DW pipelines.shp
M-UNIT,,,,,142.613,0,0.1,OPEN,,MYT,,,Distribution,,In service,DMM,,,,40,1.50,0,DW pipelines,E:/SEURECA KISUMU/MARCH ANALYSIS REDONE/POTENTIAL CONNECTIONS/Manyatta/DW pipelines.shp
M-UNIT,,,,,78.661,0,0.1,OPEN,,MYT,,,Distribution,,In service,DMM,,,,40,1.50,0,DW pipelines,E:/SEURECA KISUMU/MARCH ANALYSIS REDONE/POTENTIAL CONNECTIONS/Manyatta/DW pipelines.shp
M-UNIT,,,,,24.715,0,0.1,OPEN,,MYT,,,Distribution,,In service,DMM,,,,32,1.25,0,DW pipelines,E:/SEURECA KISUMU/MARCH ANALYSIS REDONE/POTENTIAL CONNECTIONS/Manyatta/DW pipelines.shp
M-UNIT,,,,,10.209,0,0.1,OPEN,,MYT,,,Distribution,,In service,DMM,,,,32,1.25,0,DW pipelines,E:/SEURECA KISUMU/MARCH ANALYSIS REDONE/POTENTIAL CONNECTIONS/Manyatta/DW pipelines.shp
M-UNIT,,,,,27.011,0,0.1,OPEN,,MYT,,,Distribution,,In service,DMM,,,,32,1.25,0,DW pipelines,E:/SEURECA KISUMU/MARCH ANALYSIS REDONE/POTENTIAL CONNECTIONS/Manyatta/DW pipelines.shp
M-UNIT,,,,,51.537,0,0.1,OPEN,,MYT,,,Distribution,,In service,DMM,,,,32,1.25,0,DW pipelines,E:/SEURECA KISUMU/MARCH ANALYSIS REDONE/POTENTIAL CONNECTIONS/Manyatta/DW pipelines.shp
M-UNIT,,,,,48.732,0,0.1,OPEN,,MYT,,,Distribution,,In service,DMM,,,,32,1.25,0,DW pipelines,E:/SEURECA KISUMU/MARCH ANALYSIS REDONE/POTENTIAL CONNECTIONS/Manyatta/DW pipelines.shp
M-UNIT,,,,,23.526,0,0.1,OPEN,,MYT,,,Distribution,,In service,DMM,,,,32,1.25,0,DW pipelines,E:/SEURECA KISUMU/MARCH ANALYSIS REDONE/POTENTIAL CONNECTIONS/Manyatta/DW pipelines.shp
M-UNIT,,,,,12.073,0,0.1,OPEN,,MYT,,,Distribution,,In service,DMM,,,,32,1.25,0,DW pipelines,E:/SEURECA KISUMU/MARCH ANALYSIS REDONE/POTENTIAL CONNECTIONS/Manyatta/DW pipelines.shp
M-UNIT,,,,,12.829,0,0.1,OPEN,,MYT,,,Distribution,,In service,DMM,,,,32,1.25,0,DW pipelines,E:/SEURECA KISUMU/MARCH ANALYSIS REDONE/POTENTIAL CONNECTIONS/Manyatta/DW pipelines.shp
M-UNIT,,,,,34.924,0,0.1,OPEN,,MYT,,,Distribution,,In service,DMM,,,,32,1.25,0,DW pipelines,E:/SEURECA KISUMU/MARCH ANALYSIS REDONE/POTENTIAL CONNECTIONS/Manyatta/DW pipelines.shp
M-AKADO,,,,,10.342,0,0.1,OPEN,,MYT,25.06.2015,,Distribution,,In service,DMM,,,,17,0.50,0,DW pipelines,E:/SEURECA KISUMU/MARCH ANALYSIS REDONE/POTENTIAL CONNECTIONS/Manyatta/DW pipelines.shp
M-UNIT,,,,,232.138,0,0.1,OPEN,,MYT,,,Distribution,,In service,DMM,,,,32,1.25,0,DW pipelines,E:/SEURECA KISUMU/MARCH ANALYSIS REDONE/POTENTIAL CONNECTIONS/Manyatta/DW pipelines.shp
M-UNIT,,,,,50.786,0,0.1,OPEN,,MYT,,,Distribution,,In service,DMM,,,,17,0.50,0,DW pipelines,E:/SEURECA KISUMU/MARCH ANALYSIS REDONE/POTENTIAL CONNECTIONS/Manyatta/DW pipelines.shp
M-UNIT,,,,,46.007,0,0.1,OPEN,,MYT,,,Distribution,,In service,DMM,,,,40,1.50,0,DW pipelines,E:/SEURECA KISUMU/MARCH ANALYSIS REDONE/POTENTIAL CONNECTIONS/Manyatta/DW pipelines.shp
M-UNIT,,,,,389.126,0,0.1,OPEN,,MYT,,,Distribution,,In service,DMM,,,,32,1.25,0,DW pipelines,E:/SEURECA KISUMU/MARCH ANALYSIS REDONE/POTENTIAL CONNECTIONS/Manyatta/DW pipelines.shp
KOYUGA,,,,,29.261,0,0.1,OPEN,,MYT,,,Distribution,,In service,DMM,,,,50,2.00,0,DW pipelines,E:/SEURECA KISUMU/MARCH ANALYSIS REDONE/POTENTIAL CONNECTIONS/Manyatta/DW pipelines.shp
1234,,,,75,,,,,PVC,,,,,,,,,,,,,,,
12345,,,,150,,,,,PVC,,,,,,,,,,,,,,,
