{"type":"FeatureCollection","name":"erline-pipes","features":[{"type":"Feature","id":"RW-01","geometry":{"type":"LineString","coordinates":[[36.4304288,0.0195682],[36.4309503,0.0193865],[36.4311692,0.0193722],[36.4313396,0.0195416],[36.4314693,0.0197396],[36.4315727,0.0198886],[36.4316417,0.0199968],[36.4317552,0.0201499],[36.4323087,0.020205]]},"properties":{"id":"RW-01","class":"transmission","ui_class":"main","network_raw":"Raw Water Main","material":"Steel","diameter_mm":null,"length_m":256.1,"status":"open","service":"in-service","zone":null,"installed":null,"node_from":null,"node_to":null,"remarks":"Mairo Inya Intake to Mairo Inya WTP","layer":"Raw water lines"}},{"type":"Feature","id":"RW-02","geometry":{"type":"LineString","coordinates":[[36.4463401,0.0492342],[36.4463729,0.0496362],[36.4465229,0.0502159],[36.4462877,0.0506405],[36.4476664,0.0516285],[36.445582,0.0528981],[36.4454467,0.0527563]]},"properties":{"id":"RW-02","class":"transmission","ui_class":"main","network_raw":"Raw Water Main","material":"Steel","diameter_mm":null,"length_m":645.9,"status":"open","service":"in-service","zone":null,"installed":null,"node_from":null,"node_to":null,"remarks":"Kwa Njora Intake to Kwa Njora WTP","layer":"Raw water lines"}},{"type":"Feature","id":"TM-01","geometry":{"type":"LineString","coordinates":[[36.4323087,0.020205],[36.4321952,0.02075],[36.4323634,0.0211073],[36.4324648,0.021342],[36.4325135,0.021489],[36.432554,0.0219319],[36.4326027,0.0224095],[36.4326979,0.0230056],[36.4327892,0.0233893],[36.4328662,0.0237118],[36.4329412,0.0240058],[36.432627,0.024018],[36.4320045,0.0240425],[36.4315057,0.024118],[36.4308569,0.0243017],[36.430275,0.0244834],[36.4294681,0.0246813],[36.4287868,0.0247854],[36.4282475,0.0248671],[36.4275683,0.024916],[36.4269681,0.0248793],[36.4262382,0.0247731],[36.4248433,0.0244792],[36.4234321,0.0242138],[36.4220778,0.0239525],[36.4205044,0.0238626],[36.4195231,0.0238953],[36.4183309,0.02403],[36.416867,0.0243198],[36.4142556,0.0248218],[36.4125768,0.0250912],[36.4119402,0.025132],[36.4116807,0.025132],[36.4116199,0.0248422],[36.4115834,0.0245768],[36.4115428,0.0243278],[36.4114739,0.0240543],[36.4114374,0.0237522],[36.4113806,0.0235685],[36.4112752,0.0233032],[36.4112874,0.0231603],[36.4113482,0.0230868]]},"properties":{"id":"TM-01","class":"transmission","ui_class":"main","network_raw":"Transmission Main","material":"Steel","diameter_mm":null,"length_m":3067.5,"status":"open","service":"in-service","zone":null,"installed":null,"node_from":null,"node_to":null,"remarks":"Mairo Inya WTP to Ziwani Reservoirs","layer":"Transmission Lines"}},{"type":"Feature","id":"TM-02","geometry":{"type":"LineString","coordinates":[[36.4114206,0.0230333],[36.4113188,0.0233062],[36.4114729,0.0237563],[36.411849,0.0245799],[36.4120274,0.0249677],[36.4120943,0.0251025],[36.4122382,0.0253127],[36.4124065,0.0254862],[36.4126194,0.0262027],[36.4128708,0.0267946],[36.4131992,0.0275192],[36.4134283,0.0280867],[36.4137527,0.0288113],[36.4140832,0.0295767],[36.4143792,0.030236],[36.4149326,0.0314791],[36.4153138,0.0323446],[36.4157963,0.0334795],[36.4163031,0.0346307],[36.416741,0.0356105],[36.4169803,0.0361004],[36.4171587,0.0364964],[36.4174628,0.0368842],[36.4180791,0.0374762],[36.4182859,0.0375864],[36.4183954,0.0374272],[36.4183047,0.0373271]]},"properties":{"id":"TM-02","class":"transmission","ui_class":"main","network_raw":"Transmission Main","material":"Steel","diameter_mm":null,"length_m":1844.1,"status":"open","service":"in-service","zone":null,"installed":null,"node_from":null,"node_to":null,"remarks":"Ziwani 1 to Shauri Reservoir","layer":"Transmission Lines"}},{"type":"Feature","id":"TM-03","geometry":{"type":"LineString","coordinates":[[36.4117089,0.0229172],[36.4112306,0.0229021],[36.4113523,0.0225816],[36.4115591,0.0221183],[36.4118369,0.0215631],[36.4121653,0.0209201],[36.412289,0.0206486],[36.4125952,0.0206221],[36.4133737,0.0205874],[36.4138705,0.0205629],[36.4144584,0.0205527],[36.4148639,0.0205303],[36.4152086,0.0205038],[36.4156222,0.0205017],[36.4161392,0.0204915],[36.4165569,0.020463],[36.4170861,0.0204405],[36.417599,0.0204283],[36.4179883,0.0204079],[36.4183959,0.0203875],[36.4189007,0.020361],[36.4194238,0.0203426],[36.4198536,0.0203283],[36.4202916,0.0203059],[36.4203342,0.0203079],[36.420324,0.0209203],[36.4204051,0.0214489],[36.4204821,0.0220307],[36.4205065,0.0225185],[36.4205429,0.022892],[36.4205916,0.0236269],[36.4206301,0.0240127],[36.4206382,0.0241515],[36.4213904,0.024176],[36.4219034,0.0242229],[36.4225015,0.0243025],[36.4232253,0.0244434],[36.4242877,0.0246843],[36.425484,0.0249456],[36.4262605,0.0250987],[36.4269316,0.0251599],[36.4276919,0.0251579],[36.4284218,0.025111],[36.429314,0.0249804],[36.4299182,0.0248334],[36.430569,0.0246436],[36.431161,0.0244926],[36.4315747,0.0244109],[36.4321545,0.0243477],[36.4329818,0.0243028],[36.4335596,0.0242987],[36.4344132,0.024311],[36.4350803,0.0242722],[36.4356439,0.0241803],[36.4364043,0.0240273],[36.4370145,0.0238313],[36.4379269,0.0234619],[36.4384298,0.0231904],[36.4388596,0.022923],[36.4394334,0.0225148],[36.439843,0.0221678],[36.4404168,0.0216453],[36.4407554,0.0213554],[36.4413089,0.020939],[36.4417428,0.0206533],[36.4425458,0.0202063],[36.4433223,0.0199001],[36.4439326,0.0196939],[36.4444577,0.0195674],[36.444995,0.0194817],[36.4457371,0.0193939],[36.4463515,0.0193633],[36.4470388,0.0193756],[36.4477201,0.0194613],[36.4487298,0.0196369],[36.4500781,0.0198573],[36.4525112,0.0203207],[36.4536547,0.020529]]},"properties":{"id":"TM-03","class":"transmission","ui_class":"main","network_raw":"Transmission Main","material":"Steel","diameter_mm":null,"length_m":5501.9,"status":"open","service":"in-service","zone":null,"installed":null,"node_from":null,"node_to":null,"remarks":"Ziwani Reservoir 3 to Kahembe TC","layer":"Transmission Lines"}},{"type":"Feature","id":"TM-04","geometry":{"type":"LineString","coordinates":[[36.4114783,0.0227811],[36.4112468,0.0227449],[36.4111221,0.0229929],[36.4113198,0.0234858],[36.4114019,0.0238349],[36.4114931,0.024386],[36.4115722,0.0248667],[36.4116178,0.0251545],[36.4116209,0.0253106],[36.4107876,0.0253504],[36.4097779,0.0253473],[36.4085766,0.0253412],[36.4085675,0.0244074],[36.4085584,0.0237583],[36.4085553,0.0224785],[36.4085675,0.0216824],[36.4085493,0.0209996],[36.4085463,0.0202097],[36.408528,0.0193922],[36.4085189,0.018489],[36.4085189,0.0180512],[36.4086132,0.017448],[36.4088048,0.0168326],[36.4092367,0.0157396],[36.4096229,0.0147905],[36.4100153,0.0137678],[36.4102981,0.013079],[36.4105414,0.0126503],[36.4110919,0.011989],[36.4115785,0.0115665],[36.4125335,0.0107153],[36.4130201,0.0102928],[36.4143704,0.0090712],[36.416183,0.0074852],[36.417217,0.0066157],[36.4175151,0.0063095],[36.4178131,0.0052379],[36.4181963,0.003407]]},"properties":{"id":"TM-04","class":"transmission","ui_class":"main","network_raw":"Transmission Main","material":"Steel","diameter_mm":null,"length_m":3483.3,"status":"open","service":"in-service","zone":null,"installed":null,"node_from":null,"node_to":null,"remarks":"Ziwani 2 Reservoir to Shamata","layer":"Transmission Lines"}},{"type":"Feature","id":"TM-05","geometry":{"type":"LineString","coordinates":[[36.4124065,0.0254862],[36.4114465,0.0254633],[36.4096055,0.0254796],[36.4077889,0.0254959],[36.4062885,0.0254632],[36.4049747,0.0254877],[36.40418,0.0255938],[36.4038799,0.0257081],[36.4026066,0.0260265],[36.4016415,0.0264347],[36.4010008,0.0268021],[36.4004899,0.0271205],[36.3997519,0.0276838],[36.3992471,0.0281114],[36.3984482,0.0285649],[36.3972287,0.029212],[36.3959371,0.0298047],[36.3952282,0.0301433],[36.3944833,0.0306634],[36.3939366,0.0311472],[36.3933479,0.0317943],[36.3927231,0.0327499],[36.3919421,0.0343646]]},"properties":{"id":"TM-05","class":"transmission","ui_class":"main","network_raw":"Transmission Main","material":"Steel","diameter_mm":null,"length_m":2645.4,"status":"open","service":"in-service","zone":null,"installed":null,"node_from":null,"node_to":null,"remarks":"Ngai Ndeithia to Harvesters","layer":"Transmission Lines"}},{"type":"Feature","id":"TM-06","geometry":{"type":"LineString","coordinates":[[36.4114783,0.0227811],[36.4112702,0.0227008],[36.411388,0.0223961],[36.4115918,0.0219629],[36.411864,0.0214133],[36.4123689,0.0204244],[36.4127004,0.0197309],[36.4131033,0.0189103],[36.4134379,0.0182291],[36.4138622,0.0173443],[36.4143244,0.016386],[36.4148156,0.0153771],[36.4150399,0.0149542],[36.4152209,0.014573],[36.415484,0.0140571],[36.4157668,0.0134624],[36.4159614,0.0130506],[36.416404,0.0120662],[36.41714,0.0105966],[36.4179672,0.008882],[36.4185207,0.0077737],[36.4193297,0.0061081],[36.4198042,0.0051283]]},"properties":{"id":"TM-06","class":"transmission","ui_class":"main","network_raw":"Transmission Main","material":"Steel","diameter_mm":null,"length_m":2188.0,"status":"open","service":"in-service","zone":null,"installed":null,"node_from":null,"node_to":null,"remarks":"Ziwani Reservoir 2 to Gathanga","layer":"Transmission Lines"}},{"type":"Feature","id":"TM-07","geometry":{"type":"LineString","coordinates":[[36.4040198,0.025655],[36.4040978,0.0258367],[36.404334,0.0262062],[36.4044871,0.0264623],[36.4046523,0.0268267],[36.4048966,0.0273227],[36.4051105,0.0278177],[36.4057948,0.0291332],[36.4062367,0.0299497],[36.4068287,0.0310397],[36.4071369,0.0316194],[36.4072788,0.0320888],[36.4074775,0.0329176],[36.4076599,0.0335136],[36.4076721,0.0336646]]},"properties":{"id":"TM-07","class":"transmission","ui_class":"main","network_raw":"Transmission Main","material":"Steel","diameter_mm":null,"length_m":980.0,"status":"open","service":"in-service","zone":null,"installed":null,"node_from":null,"node_to":null,"remarks":"Ngai Ndeithia to Harvesters","layer":"Transmission Lines"}},{"type":"Feature","id":"TM-08","geometry":{"type":"LineString","coordinates":[[36.4454467,0.0527563],[36.445436,0.0530471],[36.4449535,0.0533481],[36.444481,0.0536522],[36.4443401,0.0537502],[36.4440461,0.05394],[36.4437146,0.0541564],[36.4432493,0.0544513],[36.4427403,0.0547789],[36.442052,0.0552188],[36.4416647,0.0554749],[36.4412206,0.0557515],[36.4407766,0.0560127],[36.4404167,0.0562587],[36.4398875,0.0565822],[36.4394029,0.0568822],[36.4390248,0.0571159],[36.4387287,0.0573017],[36.4383932,0.057517],[36.4379319,0.0578048],[36.4378204,0.0578864],[36.4382826,0.0583376],[36.4379541,0.0586335]]},"properties":{"id":"TM-08","class":"transmission","ui_class":"main","network_raw":"Transmission Main","material":"Steel","diameter_mm":null,"length_m":1155.6,"status":"open","service":"in-service","zone":null,"installed":null,"node_from":null,"node_to":null,"remarks":"Kwa Njora WTP to Kwa Njora Reservoir","layer":"Transmission Lines"}},{"type":"Feature","id":"TM-09","geometry":{"type":"LineString","coordinates":[[36.4379541,0.0586335],[36.4385097,0.0585254],[36.4394302,0.0593827],[36.4400343,0.0600073],[36.4408048,0.0607953],[36.4417333,0.0616771],[36.4428444,0.0627958],[36.4438581,0.0637838],[36.444442,0.0643472],[36.4455612,0.0654373],[36.4460923,0.0659353],[36.4464289,0.0662742],[36.4480509,0.0679399],[36.449462,0.0692709],[36.4535817,0.0733046],[36.4559985,0.075697],[36.4569716,0.0766197]]},"properties":{"id":"TM-09","class":"transmission","ui_class":"main","network_raw":"Transmission Main","material":"Steel","diameter_mm":null,"length_m":2931.5,"status":"open","service":"in-service","zone":null,"installed":null,"node_from":null,"node_to":null,"remarks":"Kwa Njora Reservoir to Ndogino","layer":"Transmission Lines"}},{"type":"Feature","id":"TM-10","geometry":{"type":"LineString","coordinates":[[36.4183047,0.0373271],[36.4180434,0.0375642],[36.4175839,0.0371272],[36.4173631,0.0368928],[36.4170613,0.0365481],[36.4169802,0.0363938],[36.4167909,0.0359508],[36.4164966,0.0352704],[36.4162683,0.0347443],[36.415986,0.0341757],[36.4157157,0.0335347],[36.4152712,0.0325005],[36.4149708,0.0317989],[36.4146104,0.0309764],[36.414262,0.0302385],[36.4139796,0.0296095],[36.4134811,0.0284423],[36.4129584,0.0272629],[36.412544,0.0262952],[36.4123397,0.0257872],[36.4122676,0.0255513],[36.4132649,0.0253699],[36.4150671,0.0250131],[36.4178365,0.0244447],[36.4184132,0.02436]]},"properties":{"id":"TM-10","class":"transmission","ui_class":"main","network_raw":"Transmission Main","material":"Steel","diameter_mm":null,"length_m":2221.1,"status":"open","service":"in-service","zone":null,"installed":null,"node_from":null,"node_to":null,"remarks":"Shauri Reservoir to Ndothua","layer":"Transmission Lines"}},{"type":"Feature","id":"TM-11","geometry":{"type":"LineString","coordinates":[[36.4183047,0.0373271],[36.4181884,0.0375649],[36.4185548,0.0378764],[36.4190549,0.038206],[36.4196031,0.038513],[36.4207535,0.039148],[36.4224055,0.0400795],[36.4240155,0.0409444],[36.4250127,0.0414827],[36.4254092,0.0417791],[36.4261421,0.0426077],[36.426899,0.0434786],[36.4291937,0.0464301],[36.4364384,0.0560346],[36.4373394,0.057208]]},"properties":{"id":"TM-11","class":"transmission","ui_class":"main","network_raw":"Transmission Main","material":"Steel","diameter_mm":null,"length_m":3122.6,"status":"open","service":"in-service","zone":null,"installed":null,"node_from":null,"node_to":null,"remarks":"Shauri Reservoir to Shauri","layer":"Transmission Lines"}},{"type":"Feature","id":"DL-001","geometry":{"type":"LineString","coordinates":[[36.4113724,0.0225537],[36.4119731,0.0225345],[36.4125737,0.0225078],[36.413353,0.0224676],[36.4139404,0.022458],[36.4146893,0.0224198],[36.4154534,0.0223796],[36.415978,0.0223413],[36.4180461,0.0222342]]},"properties":{"id":"DL-001","class":"distribution","ui_class":"distribution","network_raw":"Distribution Main","material":"HDPE","diameter_mm":null,"length_m":743.8,"status":"open","service":"in-service","zone":"ZIWANI3","installed":2026,"node_from":null,"node_to":null,"remarks":null,"layer":"Distribution lines"}},{"type":"Feature","id":"DL-002","geometry":{"type":"LineString","coordinates":[[36.4135003,0.0224628],[36.4134965,0.0223403],[36.4134737,0.0220782],[36.4134395,0.0218294],[36.4134319,0.0216668],[36.4134376,0.0214639],[36.4134243,0.0212496],[36.4134167,0.0211176],[36.4134167,0.0209855]]},"properties":{"id":"DL-002","class":"distribution","ui_class":"distribution","network_raw":"Distribution Main","material":"PVC","diameter_mm":null,"length_m":163.8,"status":"open","service":"in-service","zone":"ZIWANI3","installed":2010,"node_from":null,"node_to":null,"remarks":null,"layer":"Distribution lines"}},{"type":"Feature","id":"DL-003","geometry":{"type":"LineString","coordinates":[[36.4158459,0.02235],[36.4158317,0.0222026],[36.4157956,0.0219108],[36.4157718,0.0217079],[36.4157528,0.0215415],[36.4157347,0.0213683],[36.4157148,0.0210851],[36.4157091,0.0210497]]},"properties":{"id":"DL-003","class":"distribution","ui_class":"distribution","network_raw":"Distribution Main","material":"HDPE","diameter_mm":null,"length_m":144.6,"status":"open","service":"in-service","zone":"ZIWANI3","installed":2023,"node_from":null,"node_to":null,"remarks":null,"layer":"Distribution lines"}},{"type":"Feature","id":"DL-004","geometry":{"type":"LineString","coordinates":[[36.4135564,0.0224705],[36.4135868,0.0226293],[36.4136419,0.0228761],[36.4136533,0.0231268],[36.4136609,0.0233928],[36.4136666,0.0236244],[36.4136514,0.0240071],[36.4136362,0.0243668]]},"properties":{"id":"DL-004","class":"distribution","ui_class":"distribution","network_raw":"Distribution Main","material":"uPVC","diameter_mm":null,"length_m":210.8,"status":"open","service":"in-service","zone":"ZIWANI3","installed":2022,"node_from":null,"node_to":null,"remarks":null,"layer":"Distribution lines"}},{"type":"Feature","id":"DL-005","geometry":{"type":"LineString","coordinates":[[36.4158944,0.022348],[36.4159457,0.0226121],[36.4159856,0.0229126],[36.4159761,0.0232034],[36.4159818,0.0235689],[36.4159761,0.0237526],[36.4159609,0.0241047]]},"properties":{"id":"DL-005","class":"distribution","ui_class":"distribution","network_raw":"Distribution Main","material":"PVC","diameter_mm":null,"length_m":195.2,"status":"open","service":"in-service","zone":"ZIWANI3","installed":2024,"node_from":null,"node_to":null,"remarks":null,"layer":"Distribution lines"}},{"type":"Feature","id":"DL-006","geometry":{"type":"LineString","coordinates":[[36.4180461,0.0222342],[36.418143,0.0222103],[36.418257,0.0233585],[36.4182418,0.0237603]]},"properties":{"id":"DL-006","class":"distribution","ui_class":"distribution","network_raw":"Distribution Main","material":"PVC","diameter_mm":null,"length_m":183.2,"status":"open","service":"in-service","zone":"ZIWANI3","installed":2021,"node_from":null,"node_to":null,"remarks":null,"layer":"Distribution lines"}},{"type":"Feature","id":"DL-007","geometry":{"type":"LineString","coordinates":[[36.418143,0.0222103],[36.4181139,0.0219705],[36.4180531,0.0213989],[36.4180176,0.0209601],[36.417977,0.0206412]]},"properties":{"id":"DL-007","class":"distribution","ui_class":"distribution","network_raw":"Distribution Main","material":"PVC","diameter_mm":null,"length_m":174.5,"status":"open","service":"in-service","zone":"ZIWANI3","installed":2021,"node_from":null,"node_to":null,"remarks":null,"layer":"Distribution lines"}},{"type":"Feature","id":"DL-008","geometry":{"type":"LineString","coordinates":[[36.4157215,0.0204957],[36.415691,0.020414],[36.4155643,0.0201767],[36.4154123,0.0199369],[36.4153844,0.019868]]},"properties":{"id":"DL-008","class":"distribution","ui_class":"distribution","network_raw":"Distribution Main","material":"PVC","diameter_mm":null,"length_m":79.1,"status":"open","service":"in-service","zone":"ZIWANI3","installed":2011,"node_from":null,"node_to":null,"remarks":null,"layer":"Distribution lines"}},{"type":"Feature","id":"DL-009","geometry":{"type":"LineString","coordinates":[[36.4129311,0.0192607],[36.4131415,0.0192582],[36.4136078,0.0192684],[36.4140462,0.0192684],[36.4145987,0.0192735],[36.4152425,0.0192608],[36.4158381,0.0192684],[36.4163525,0.0192633],[36.4168214,0.0192506],[36.4172446,0.0192353],[36.4178174,0.019197],[36.4188388,0.0191639]]},"properties":{"id":"DL-009","class":"distribution","ui_class":"distribution","network_raw":"Distribution Main","material":"DI","diameter_mm":null,"length_m":657.9,"status":"open","service":"in-service","zone":"ZIWANI2","installed":2011,"node_from":null,"node_to":null,"remarks":null,"layer":"Distribution lines"}},{"type":"Feature","id":"DL-010","geometry":{"type":"LineString","coordinates":[[36.4135014,0.0181279],[36.4143935,0.018133],[36.4154224,0.0180922],[36.4164311,0.0180616],[36.4177186,0.0180616]]},"properties":{"id":"DL-010","class":"distribution","ui_class":"distribution","network_raw":"Distribution Main","material":"AC","diameter_mm":null,"length_m":469.6,"status":"open","service":"in-service","zone":"ZIWANI2","installed":2005,"node_from":null,"node_to":null,"remarks":null,"layer":"Distribution lines"}},{"type":"Feature","id":"DL-011","geometry":{"type":"LineString","coordinates":[[36.4140843,0.0169032],[36.415686,0.0169185],[36.4171154,0.0168879],[36.4173587,0.0168777],[36.4179011,0.0168624],[36.4187222,0.016842],[36.4198374,0.0168267]]},"properties":{"id":"DL-011","class":"distribution","ui_class":"distribution","network_raw":"Distribution Main","material":"uPVC","diameter_mm":null,"length_m":640.6,"status":"open","service":"in-service","zone":"ZIWANI2","installed":2008,"node_from":null,"node_to":null,"remarks":null,"layer":"Distribution lines"}},{"type":"Feature","id":"DL-012","geometry":{"type":"LineString","coordinates":[[36.4145988,0.0158341],[36.4149739,0.0157729],[36.4155112,0.0156964],[36.4162309,0.0157168],[36.4172802,0.0157372],[36.4182027,0.0157219],[36.4190542,0.0157117]]},"properties":{"id":"DL-012","class":"distribution","ui_class":"distribution","network_raw":"Distribution Main","material":"PVC","diameter_mm":null,"length_m":497.2,"status":"open","service":"in-service","zone":"ZIWANI2","installed":2013,"node_from":null,"node_to":null,"remarks":null,"layer":"Distribution lines"}},{"type":"Feature","id":"DL-013","geometry":{"type":"LineString","coordinates":[[36.4151919,0.0146554],[36.4158457,0.014635],[36.4169609,0.0146248],[36.4178834,0.014584],[36.4186386,0.0145534]]},"properties":{"id":"DL-013","class":"distribution","ui_class":"distribution","network_raw":"Distribution Main","material":"uPVC","diameter_mm":null,"length_m":383.9,"status":"open","service":"in-service","zone":"ZIWANI2","installed":2021,"node_from":null,"node_to":null,"remarks":null,"layer":"Distribution lines"}},{"type":"Feature","id":"DL-014","geometry":{"type":"LineString","coordinates":[[36.4165858,0.0117416],[36.4175083,0.0117008],[36.4184714,0.0116702]]},"properties":{"id":"DL-014","class":"distribution","ui_class":"distribution","network_raw":"Distribution Main","material":"PVC","diameter_mm":null,"length_m":210.1,"status":"open","service":"in-service","zone":"ZIWANI2","installed":2008,"node_from":null,"node_to":null,"remarks":null,"layer":"Distribution lines"}},{"type":"Feature","id":"DL-015","geometry":{"type":"LineString","coordinates":[[36.4114528,0.022255],[36.411455,0.0219466],[36.411455,0.0217856],[36.411419,0.021645],[36.4113401,0.0214227],[36.4112489,0.0211369],[36.4111926,0.0209339],[36.4111498,0.0207888],[36.4111442,0.0206663],[36.4111487,0.0205756],[36.4111892,0.0204373],[36.4113064,0.0201164],[36.4114641,0.0197626],[36.4115947,0.0193453],[36.4117254,0.0188644],[36.4118065,0.018615],[36.4118516,0.0182294],[36.4118696,0.0177622],[36.4118966,0.0171544],[36.4120498,0.0164377],[36.4121219,0.0161474]]},"properties":{"id":"DL-015","class":"distribution","ui_class":"distribution","network_raw":"Distribution Main","material":"GI","diameter_mm":null,"length_m":696.1,"status":"open","service":"in-service","zone":"ZIWANI2","installed":2011,"node_from":null,"node_to":null,"remarks":null,"layer":"Distribution lines"}},{"type":"Feature","id":"DL-016","geometry":{"type":"LineString","coordinates":[[36.4121219,0.0161474],[36.412568,0.0162881],[36.4128608,0.0163879],[36.4131177,0.015898],[36.4133384,0.01539],[36.4135592,0.0149727],[36.4138115,0.0144465],[36.4139602,0.0141471],[36.4140954,0.0140292],[36.4143522,0.0138523],[36.4145865,0.0136981],[36.4146406,0.0135166],[36.4146541,0.0132445],[36.4146361,0.012868],[36.4147037,0.012614],[36.4146721,0.0122602],[36.4146676,0.0120606],[36.4147082,0.0117748],[36.4147487,0.0114528],[36.4147532,0.0112441],[36.4147487,0.0109811],[36.4146676,0.0106726],[36.4146406,0.0104549]]},"properties":{"id":"DL-016","class":"distribution","ui_class":"distribution","network_raw":"Distribution Main","material":"HDPE","diameter_mm":null,"length_m":811.3,"status":"open","service":"in-service","zone":"ZIWANI2","installed":2025,"node_from":null,"node_to":null,"remarks":null,"layer":"Distribution lines"}},{"type":"Feature","id":"DL-017","geometry":{"type":"LineString","coordinates":[[36.4287868,0.0247854],[36.4287586,0.0247366],[36.4287181,0.0243918],[36.4286933,0.0240879],[36.4286888,0.0235753],[36.4286866,0.0232873],[36.4286528,0.0229154],[36.4285649,0.0226568],[36.4284253,0.0222917],[36.4280806,0.0214366],[36.427763,0.0207381],[36.4275715,0.0203502],[36.4272967,0.0198037],[36.4271097,0.0194181],[36.4269655,0.0191233],[36.4268123,0.0187921],[36.4266231,0.0184837],[36.4264496,0.0180301],[36.4263888,0.0178713],[36.426364,0.0175765],[36.4263077,0.0172408],[36.4262762,0.0167487],[36.4261771,0.0160592],[36.4260599,0.0155421],[36.4258707,0.0151701],[36.4254562,0.0145714],[36.4248254,0.0137368],[36.4243208,0.0130745],[36.4238703,0.0124485],[36.423645,0.0120766],[36.4232215,0.0115958],[36.4228881,0.0111512],[36.4226087,0.0107158],[36.4223384,0.0103166],[36.422041,0.0099447],[36.4219689,0.0097542],[36.4216536,0.0083117]]},"properties":{"id":"DL-017","class":"distribution","ui_class":"distribution","network_raw":"Distribution Main","material":"HDPE","diameter_mm":null,"length_m":2032.5,"status":"open","service":"in-service","zone":"ZIWANI3","installed":2020,"node_from":null,"node_to":null,"remarks":null,"layer":"Distribution lines"}},{"type":"Feature","id":"DL-018","geometry":{"type":"LineString","coordinates":[[36.4203783,0.0212301],[36.4207725,0.0213231],[36.4214281,0.0214977],[36.4221287,0.0216951],[36.422978,0.0219377],[36.4233677,0.0220648],[36.4236133,0.0221532],[36.4237192,0.0221759],[36.4238971,0.0225864],[36.4240999,0.0230332],[36.424199,0.0230332],[36.4249762,0.0231035],[36.4264315,0.0232714]]},"properties":{"id":"DL-018","class":"distribution","ui_class":"distribution","network_raw":"Distribution Main","material":"PVC","diameter_mm":null,"length_m":751.3,"status":"open","service":"in-service","zone":"ZIWANI3","installed":2016,"node_from":null,"node_to":null,"remarks":null,"layer":"Distribution lines"}},{"type":"Feature","id":"DL-019","geometry":{"type":"LineString","coordinates":[[36.4275219,0.0202482],[36.4264496,0.0207789]]},"properties":{"id":"DL-019","class":"distribution","ui_class":"distribution","network_raw":"Distribution Main","material":"uPVC","diameter_mm":null,"length_m":133.0,"status":"open","service":"in-service","zone":"ZIWANI3","installed":2006,"node_from":null,"node_to":null,"remarks":null,"layer":"Distribution lines"}},{"type":"Feature","id":"DL-020","geometry":{"type":"LineString","coordinates":[[36.4248254,0.0137368],[36.4243771,0.0150771],[36.4239446,0.0164379],[36.4234579,0.0179529]]},"properties":{"id":"DL-020","class":"distribution","ui_class":"distribution","network_raw":"Distribution Main","material":"HDPE","diameter_mm":null,"length_m":490.4,"status":"open","service":"in-service","zone":"ZIWANI3","installed":2024,"node_from":null,"node_to":null,"remarks":null,"layer":"Distribution lines"}},{"type":"Feature","id":"DL-021","geometry":{"type":"LineString","coordinates":[[36.4239896,0.0162882],[36.423093,0.0163018],[36.4221829,0.0162927]]},"properties":{"id":"DL-021","class":"distribution","ui_class":"distribution","network_raw":"Distribution Main","material":"AC","diameter_mm":null,"length_m":201.1,"status":"open","service":"in-service","zone":"ZIWANI3","installed":2006,"node_from":null,"node_to":null,"remarks":null,"layer":"Distribution lines"}},{"type":"Feature","id":"DL-022","geometry":{"type":"LineString","coordinates":[[36.4198042,0.0051283],[36.4218225,0.0049392],[36.4240032,0.004649],[36.4264002,0.0043587],[36.4287071,0.004141],[36.4288333,0.0041682],[36.4289684,0.0045129],[36.4295271,0.0050844],[36.4301759,0.0056651],[36.4308157,0.0062547],[36.43105,0.006545],[36.431825,0.0081054],[36.4320773,0.0085953],[36.4322935,0.0090671],[36.4327801,0.0097384],[36.4333388,0.0105458]]},"properties":{"id":"DL-022","class":"distribution","ui_class":"distribution","network_raw":"Distribution Main","material":"AC","diameter_mm":null,"length_m":1887.8,"status":"open","service":"in-service","zone":"ZIWANI3","installed":2006,"node_from":null,"node_to":null,"remarks":null,"layer":"Distribution lines"}},{"type":"Feature","id":"DL-023","geometry":{"type":"LineString","coordinates":[[36.436006,0.0240813],[36.4358798,0.0236639],[36.4355825,0.0227295],[36.4353482,0.022031],[36.4350869,0.0211056],[36.4348346,0.020271],[36.4345823,0.0194092],[36.434402,0.0189283],[36.4341858,0.0181481],[36.4338794,0.0171684]]},"properties":{"id":"DL-023","class":"distribution","ui_class":"distribution","network_raw":"Distribution Main","material":"uPVC","diameter_mm":null,"length_m":800.4,"status":"open","service":"in-service","zone":"ZIWANI3","installed":2020,"node_from":null,"node_to":null,"remarks":null,"layer":"Distribution lines"}},{"type":"Feature","id":"DL-024","geometry":{"type":"LineString","coordinates":[[36.426346,0.0174041],[36.4274094,0.0167147],[36.4287611,0.0158166],[36.4297072,0.0151906],[36.4301128,0.0149185],[36.4307255,0.015109],[36.4316086,0.0154447],[36.4321673,0.0158892],[36.4329062,0.016624],[36.4337533,0.0165696]]},"properties":{"id":"DL-024","class":"distribution","ui_class":"distribution","network_raw":"Distribution Main","material":"PVC","diameter_mm":null,"length_m":967.2,"status":"open","service":"in-service","zone":"ZIWANI3","installed":2006,"node_from":null,"node_to":null,"remarks":null,"layer":"Distribution lines"}},{"type":"Feature","id":"DL-025","geometry":{"type":"LineString","coordinates":[[36.4433223,0.0199001],[36.4432421,0.0194819],[36.443125,0.0185475],[36.4430439,0.0178035],[36.4429268,0.0170506],[36.4428547,0.0169054],[36.4421968,0.016597],[36.441521,0.0162613],[36.4409803,0.0159982],[36.4404937,0.0157714],[36.4400071,0.0154266],[36.4395746,0.0151],[36.4389708,0.0146646],[36.4384572,0.0142654],[36.4380607,0.0141021],[36.4371596,0.0138118],[36.4358439,0.0133582],[36.4354114,0.0132584],[36.4349789,0.012705],[36.4340237,0.0113804]]},"properties":{"id":"DL-025","class":"distribution","ui_class":"distribution","network_raw":"Distribution Main","material":"PVC","diameter_mm":null,"length_m":1524.8,"status":"open","service":"in-service","zone":"ZIWANI3","installed":2006,"node_from":null,"node_to":null,"remarks":null,"layer":"Distribution lines"}},{"type":"Feature","id":"DL-026","geometry":{"type":"LineString","coordinates":[[36.4413137,0.0161161],[36.4422059,0.0147916],[36.443044,0.013576],[36.4437018,0.0124692],[36.4444498,0.0111991],[36.4448733,0.0106911]]},"properties":{"id":"DL-026","class":"distribution","ui_class":"distribution","network_raw":"Distribution Main","material":"DI","diameter_mm":null,"length_m":719.8,"status":"open","service":"in-service","zone":"ZIWANI3","installed":2005,"node_from":null,"node_to":null,"remarks":null,"layer":"Distribution lines"}},{"type":"Feature","id":"DL-027","geometry":{"type":"LineString","coordinates":[[36.4504332,0.0199084],[36.4504782,0.018847],[36.4504783,0.0171414],[36.4505324,0.0153996],[36.4505234,0.013567],[36.4505414,0.0130771],[36.4505054,0.0128231],[36.4501359,0.0124965],[36.450199,0.0121427],[36.4502711,0.011553],[36.4503432,0.0113988],[36.4509109,0.0109179],[36.4513344,0.0105551],[36.4514876,0.0101287],[36.4514876,0.0093122],[36.4514696,0.008659]]},"properties":{"id":"DL-027","class":"distribution","ui_class":"distribution","network_raw":"Distribution Main","material":"HDPE","diameter_mm":null,"length_m":1320.2,"status":"open","service":"in-service","zone":"ZIWANI3","installed":2023,"node_from":null,"node_to":null,"remarks":null,"layer":"Distribution lines"}},{"type":"Feature","id":"DL-028","geometry":{"type":"LineString","coordinates":[[36.4505054,0.0128231],[36.4516678,0.0118342],[36.4534792,0.0102013]]},"properties":{"id":"DL-028","class":"distribution","ui_class":"distribution","network_raw":"Distribution Main","material":"DI","diameter_mm":null,"length_m":440.1,"status":"open","service":"in-service","zone":"ZIWANI3","installed":2014,"node_from":null,"node_to":null,"remarks":null,"layer":"Distribution lines"}},{"type":"Feature","id":"DL-029","geometry":{"type":"LineString","coordinates":[[36.4505234,0.013567],[36.4534701,0.0171505],[36.455002,0.0190376],[36.4555426,0.0196817],[36.4560202,0.0202623]]},"properties":{"id":"DL-029","class":"distribution","ui_class":"distribution","network_raw":"Distribution Main","material":"uPVC","diameter_mm":null,"length_m":960.5,"status":"open","service":"in-service","zone":"ZIWANI3","installed":2012,"node_from":null,"node_to":null,"remarks":null,"layer":"Distribution lines"}},{"type":"Feature","id":"DL-030","geometry":{"type":"LineString","coordinates":[[36.451821,0.0117344],[36.4544613,0.0148734],[36.4562906,0.0171778]]},"properties":{"id":"DL-030","class":"distribution","ui_class":"distribution","network_raw":"Distribution Main","material":"HDPE","diameter_mm":null,"length_m":781.0,"status":"open","service":"in-service","zone":"ZIWANI3","installed":2018,"node_from":null,"node_to":null,"remarks":null,"layer":"Distribution lines"}},{"type":"Feature","id":"DL-031","geometry":{"type":"LineString","coordinates":[[36.4114212,0.0239787],[36.4111351,0.0239651],[36.4107972,0.0239696],[36.4106755,0.0239855],[36.4106507,0.0238948],[36.4106462,0.0236816],[36.4106372,0.0234684],[36.4106327,0.023237],[36.4105989,0.0229195],[36.4105832,0.0226701],[36.4105381,0.0222754],[36.4105066,0.0219511],[36.4104953,0.0218808]]},"properties":{"id":"DL-031","class":"distribution","ui_class":"distribution","network_raw":"Distribution Main","material":"PVC","diameter_mm":null,"length_m":317.1,"status":"open","service":"in-service","zone":"ZIWANI2","installed":2011,"node_from":null,"node_to":null,"remarks":null,"layer":"Distribution lines"}},{"type":"Feature","id":"DL-032","geometry":{"type":"LineString","coordinates":[[36.4534792,0.0102013],[36.4535873,0.0101559],[36.4558401,0.0129229],[36.4578947,0.015436],[36.4591022,0.0168512]]},"properties":{"id":"DL-032","class":"distribution","ui_class":"distribution","network_raw":"Distribution Main","material":"PVC","diameter_mm":null,"length_m":974.8,"status":"open","service":"in-service","zone":"ZIWANI3","installed":2022,"node_from":null,"node_to":null,"remarks":null,"layer":"Distribution lines"}},{"type":"Feature","id":"DL-033","geometry":{"type":"LineString","coordinates":[[36.4115722,0.0248667],[36.4114797,0.024836],[36.4110832,0.0248904],[36.4107363,0.0249131],[36.4104074,0.0249131],[36.41011,0.0248813],[36.4097541,0.024845],[36.4095063,0.0247951]]},"properties":{"id":"DL-033","class":"distribution","ui_class":"distribution","network_raw":"Distribution Main","material":"PVC","diameter_mm":null,"length_m":231.9,"status":"open","service":"in-service","zone":"ZIWANI2","installed":2022,"node_from":null,"node_to":null,"remarks":null,"layer":"Distribution lines"}},{"type":"Feature","id":"DL-034","geometry":{"type":"LineString","coordinates":[[36.4106755,0.0239855],[36.4104074,0.0240331],[36.4100019,0.0240422],[36.4095694,0.0240376],[36.4091909,0.0240376],[36.4087809,0.0240149]]},"properties":{"id":"DL-034","class":"distribution","ui_class":"distribution","network_raw":"Distribution Main","material":"HDPE","diameter_mm":null,"length_m":211.4,"status":"open","service":"in-service","zone":"ZIWANI2","installed":2026,"node_from":null,"node_to":null,"remarks":null,"layer":"Distribution lines"}},{"type":"Feature","id":"DL-035","geometry":{"type":"LineString","coordinates":[[36.4085737,0.0230805],[36.4092495,0.0230488]]},"properties":{"id":"DL-035","class":"distribution","ui_class":"distribution","network_raw":"Distribution Main","material":"HDPE","diameter_mm":null,"length_m":75.3,"status":"open","service":"in-service","zone":"ZIWANI2","installed":2023,"node_from":null,"node_to":null,"remarks":null,"layer":"Distribution lines"}},{"type":"Feature","id":"DL-036","geometry":{"type":"LineString","coordinates":[[36.4264157,0.025113],[36.4263706,0.0260746],[36.4264157,0.0278981],[36.4264246,0.0297578],[36.4264606,0.0304292]]},"properties":{"id":"DL-036","class":"distribution","ui_class":"distribution","network_raw":"Distribution Main","material":"HDPE","diameter_mm":null,"length_m":588.1,"status":"open","service":"in-service","zone":"ZIWANI3","installed":2024,"node_from":null,"node_to":null,"remarks":null,"layer":"Distribution lines"}},{"type":"Feature","id":"DL-037","geometry":{"type":"LineString","coordinates":[[36.4173808,0.0064368],[36.4171825,0.0062675],[36.4169242,0.0060256],[36.4166659,0.005826],[36.4165037,0.0055236],[36.4163655,0.0052454],[36.4163595,0.0050095],[36.4164136,0.0048462],[36.4163295,0.0046769],[36.4164256,0.0044652],[36.4165217,0.0043382],[36.4164977,0.0039451],[36.4164977,0.0036729],[36.4165878,0.0034189],[36.4166419,0.0032254],[36.4165518,0.0030439],[36.4165157,0.0028565],[36.4165518,0.0026448],[36.4165878,0.0024331]]},"properties":{"id":"DL-037","class":"distribution","ui_class":"distribution","network_raw":"Distribution Main","material":"uPVC","diameter_mm":null,"length_m":503.1,"status":"open","service":"in-service","zone":"ZIWANI2","installed":2022,"node_from":null,"node_to":null,"remarks":null,"layer":"Distribution lines"}},{"type":"Feature","id":"DL-038","geometry":{"type":"LineString","coordinates":[[36.4163655,0.0052454],[36.4161493,0.005076],[36.415933,0.0049188],[36.4155906,0.0051668],[36.4152782,0.0054268],[36.4149598,0.0054752],[36.4144311,0.0054571],[36.4140226,0.005457],[36.413542,0.0054087],[36.4128632,0.0052454],[36.4120042,0.0050821],[36.4107726,0.0048462],[36.4103221,0.0047615],[36.4092588,0.0044954],[36.4080032,0.0042232],[36.406958,0.0039934],[36.4054561,0.003691],[36.4046091,0.0034672]]},"properties":{"id":"DL-038","class":"distribution","ui_class":"distribution","network_raw":"Distribution Main","material":"HDPE","diameter_mm":null,"length_m":1363.8,"status":"open","service":"in-service","zone":"ZIWANI2","installed":2023,"node_from":null,"node_to":null,"remarks":null,"layer":"Distribution lines"}},{"type":"Feature","id":"DL-039","geometry":{"type":"LineString","coordinates":[[36.4123526,0.0051425],[36.4124187,0.0046648],[36.4124787,0.0042414],[36.4125628,0.0038362],[36.412701,0.0030742],[36.4129353,0.0023242],[36.4132958,0.0014533],[36.4135361,0.0009574],[36.4137703,0.0005824]]},"properties":{"id":"DL-039","class":"distribution","ui_class":"distribution","network_raw":"Distribution Main","material":"GI","diameter_mm":null,"length_m":533.3,"status":"open","service":"in-service","zone":"ZIWANI2","installed":2011,"node_from":null,"node_to":null,"remarks":null,"layer":"Distribution lines"}},{"type":"Feature","id":"DL-040","geometry":{"type":"LineString","coordinates":[[36.4132958,0.0014533],[36.412701,0.0007699],[36.4120823,8.05e-05],[36.4112833,-0.000736],[36.4107486,-0.0013831]]},"properties":{"id":"DL-040","class":"distribution","ui_class":"distribution","network_raw":"Distribution Main","material":"GI","diameter_mm":null,"length_m":423.0,"status":"open","service":"in-service","zone":"ZIWANI2","installed":2011,"node_from":null,"node_to":null,"remarks":null,"layer":"Distribution lines"}},{"type":"Feature","id":"DL-041","geometry":{"type":"LineString","coordinates":[[36.4098835,0.0046406],[36.4099256,0.0044561],[36.4100518,0.0039239],[36.4102079,0.003428],[36.4103972,0.0028322]]},"properties":{"id":"DL-041","class":"distribution","ui_class":"distribution","network_raw":"Distribution Main","material":"PVC","diameter_mm":null,"length_m":208.1,"status":"open","service":"in-service","zone":"ZIWANI2","installed":2024,"node_from":null,"node_to":null,"remarks":null,"layer":"Distribution lines"}},{"type":"Feature","id":"DL-042","geometry":{"type":"LineString","coordinates":[[36.4127371,0.0029532],[36.4124487,0.0027052],[36.4121964,0.0024875],[36.4120282,0.0024089],[36.4116317,0.0022819]]},"properties":{"id":"DL-042","class":"distribution","ui_class":"distribution","network_raw":"Distribution Main","material":"PVC","diameter_mm":null,"length_m":146.2,"status":"open","service":"in-service","zone":"ZIWANI2","installed":2023,"node_from":null,"node_to":null,"remarks":null,"layer":"Distribution lines"}},{"type":"Feature","id":"DL-043","geometry":{"type":"LineString","coordinates":[[36.4075887,0.0041265],[36.4076608,0.0038332],[36.4078651,0.0031951],[36.4079852,0.0027597],[36.4080513,0.0024936],[36.4081354,0.0022214],[36.4081534,0.0021065]]},"properties":{"id":"DL-043","class":"distribution","ui_class":"distribution","network_raw":"Distribution Main","material":"PVC","diameter_mm":null,"length_m":232.2,"status":"open","service":"in-service","zone":"ZIWANI2","installed":2023,"node_from":null,"node_to":null,"remarks":null,"layer":"Distribution lines"}},{"type":"Feature","id":"DL-044","geometry":{"type":"LineString","coordinates":[[36.4142118,0.0092007],[36.4141247,0.008992],[36.4140226,0.0086382],[36.4139235,0.0083177],[36.4138694,0.0081302],[36.4137913,0.0080395],[36.4135841,0.0078369],[36.4134609,0.007725]]},"properties":{"id":"DL-044","class":"distribution","ui_class":"distribution","network_raw":"Distribution Main","material":"PVC","diameter_mm":null,"length_m":188.4,"status":"open","service":"in-service","zone":"ZIWANI2","installed":2023,"node_from":null,"node_to":null,"remarks":null,"layer":"Distribution lines"}},{"type":"Feature","id":"DL-045","geometry":{"type":"LineString","coordinates":[[36.4099585,0.0139513],[36.4092857,0.0136368],[36.4084447,0.0132981],[36.4073393,0.0127659],[36.4060538,0.0120885],[36.4051527,0.0115804],[36.4040714,0.0109756],[36.402942,0.0103588],[36.4020048,0.0099112],[36.401356,0.0095483]]},"properties":{"id":"DL-045","class":"distribution","ui_class":"distribution","network_raw":"Distribution Main","material":"PVC","diameter_mm":null,"length_m":1075.1,"status":"open","service":"in-service","zone":"ZIWANI2","installed":2008,"node_from":null,"node_to":null,"remarks":null,"layer":"Distribution lines"}},{"type":"Feature","id":"DL-046","geometry":{"type":"LineString","coordinates":[[36.4089193,0.0134795],[36.4090034,0.0132013],[36.4091536,0.0128747],[36.40946,0.0125482],[36.4097964,0.0122337],[36.4101989,0.0117196],[36.4104272,0.0114172],[36.4108597,0.010879],[36.4111961,0.0104738],[36.4112922,0.0103588]]},"properties":{"id":"DL-046","class":"distribution","ui_class":"distribution","network_raw":"Distribution Main","material":"PVC","diameter_mm":null,"length_m":438.7,"status":"open","service":"in-service","zone":"ZIWANI2","installed":2019,"node_from":null,"node_to":null,"remarks":null,"layer":"Distribution lines"}},{"type":"Feature","id":"DL-047","geometry":{"type":"LineString","coordinates":[[36.4044558,0.0111813],[36.4047382,0.0108426],[36.4050446,0.0104314],[36.4055432,0.0098024],[36.4059216,0.0093065]]},"properties":{"id":"DL-047","class":"distribution","ui_class":"distribution","network_raw":"Distribution Main","material":"uPVC","diameter_mm":null,"length_m":263.9,"status":"open","service":"in-service","zone":"ZIWANI2","installed":2023,"node_from":null,"node_to":null,"remarks":null,"layer":"Distribution lines"}},{"type":"Feature","id":"DL-048","geometry":{"type":"LineString","coordinates":[[36.4105293,0.0112562],[36.4098024,0.0107482],[36.4109378,0.0093934],[36.4114004,0.0088491],[36.4097604,0.0079601],[36.4093519,0.0077],[36.4085108,0.0073553],[36.4073454,0.0068775],[36.4058195,0.0062546],[36.4047382,0.0058131],[36.4034406,0.0051962]]},"properties":{"id":"DL-048","class":"distribution","ui_class":"distribution","network_raw":"Distribution Main","material":"HDPE","diameter_mm":null,"length_m":1349.0,"status":"open","service":"in-service","zone":"ZIWANI2","installed":2026,"node_from":null,"node_to":null,"remarks":null,"layer":"Distribution lines"}},{"type":"Feature","id":"DL-049","geometry":{"type":"LineString","coordinates":[[36.4025215,0.0101554],[36.4027317,0.0097079],[36.402984,0.0092845],[36.4033265,0.0087946],[36.403765,0.0082201]]},"properties":{"id":"DL-049","class":"distribution","ui_class":"distribution","network_raw":"Distribution Main","material":"PVC","diameter_mm":null,"length_m":255.7,"status":"open","service":"in-service","zone":"ZIWANI2","installed":2005,"node_from":null,"node_to":null,"remarks":null,"layer":"Distribution lines"}},{"type":"Feature","id":"DL-050","geometry":{"type":"LineString","coordinates":[[36.401356,0.0095483],[36.4017706,0.0089277],[36.402119,0.0084015],[36.4024314,0.0080205],[36.4027978,0.0075548],[36.4030561,0.0072766],[36.4031342,0.0071315]]},"properties":{"id":"DL-050","class":"distribution","ui_class":"distribution","network_raw":"Distribution Main","material":"uPVC","diameter_mm":null,"length_m":333.3,"status":"open","service":"in-service","zone":"ZIWANI2","installed":2019,"node_from":null,"node_to":null,"remarks":null,"layer":"Distribution lines"}},{"type":"Feature","id":"DL-051","geometry":{"type":"LineString","coordinates":[[36.4095381,0.0078089],[36.4088593,0.0085407],[36.4083426,0.0091031]]},"properties":{"id":"DL-051","class":"distribution","ui_class":"distribution","network_raw":"Distribution Main","material":"uPVC","diameter_mm":null,"length_m":195.4,"status":"open","service":"in-service","zone":"ZIWANI2","installed":2022,"node_from":null,"node_to":null,"remarks":null,"layer":"Distribution lines"}},{"type":"Feature","id":"DL-052","geometry":{"type":"LineString","coordinates":[[36.4064143,0.0038778],[36.4067026,0.0027045],[36.407021,0.0015675]]},"properties":{"id":"DL-052","class":"distribution","ui_class":"distribution","network_raw":"Distribution Main","material":"PVC","diameter_mm":null,"length_m":264.3,"status":"open","service":"in-service","zone":"ZIWANI2","installed":2010,"node_from":null,"node_to":null,"remarks":null,"layer":"Distribution lines"}},{"type":"Feature","id":"DL-053","geometry":{"type":"LineString","coordinates":[[36.4085189,0.0180512],[36.4081262,0.0178423],[36.4073453,0.0174189],[36.4047201,0.0159855],[36.4009835,0.0139474]]},"properties":{"id":"DL-053","class":"distribution","ui_class":"distribution","network_raw":"Distribution Main","material":"HDPE","diameter_mm":null,"length_m":953.7,"status":"open","service":"in-service","zone":"ZIWANI2","installed":2020,"node_from":null,"node_to":null,"remarks":null,"layer":"Distribution lines"}},{"type":"Feature","id":"DL-054","geometry":{"type":"LineString","coordinates":[[36.4092367,0.0157396],[36.4091415,0.0155683],[36.4089012,0.0154232],[36.4083966,0.0152115],[36.4082945,0.015278],[36.40788,0.0150724],[36.4069488,0.0145401],[36.4063842,0.0142377],[36.4057894,0.0139293],[36.4049724,0.013518],[36.4044858,0.0132398],[36.403789,0.0128648],[36.4025935,0.0122359],[36.4016684,0.0117581]]},"properties":{"id":"DL-054","class":"distribution","ui_class":"distribution","network_raw":"Distribution Main","material":"HDPE","diameter_mm":null,"length_m":961.4,"status":"open","service":"in-service","zone":"ZIWANI2","installed":2020,"node_from":null,"node_to":null,"remarks":null,"layer":"Distribution lines"}},{"type":"Feature","id":"DL-055","geometry":{"type":"LineString","coordinates":[[36.4071889,0.0254807],[36.4071889,0.0250876],[36.407195,0.0244224],[36.407195,0.0238962],[36.407183,0.0234728],[36.407183,0.0230858],[36.407177,0.0222209],[36.407195,0.021477],[36.407189,0.0207392],[36.407183,0.0198139],[36.4062039,0.0192091]]},"properties":{"id":"DL-055","class":"distribution","ui_class":"distribution","network_raw":"Distribution Main","material":"HDPE","diameter_mm":null,"length_m":754.5,"status":"open","service":"in-service","zone":"ZIWANI1","installed":2019,"node_from":null,"node_to":null,"remarks":null,"layer":"Distribution lines"}},{"type":"Feature","id":"DL-056","geometry":{"type":"LineString","coordinates":[[36.4049747,0.0254877],[36.4048761,0.0252872],[36.4048581,0.0247791],[36.4048641,0.0240897],[36.4048641,0.0233518],[36.4048762,0.0227531]]},"properties":{"id":"DL-056","class":"distribution","ui_class":"distribution","network_raw":"Distribution Main","material":"PVC","diameter_mm":null,"length_m":305.0,"status":"open","service":"in-service","zone":"ZIWANI1","installed":2007,"node_from":null,"node_to":null,"remarks":null,"layer":"Distribution lines"}},{"type":"Feature","id":"DL-057","geometry":{"type":"LineString","coordinates":[[36.4040198,0.025655],[36.4038789,0.025402],[36.4037888,0.0252992],[36.4037347,0.0247791],[36.4037047,0.0241017],[36.4037107,0.0237994],[36.4038669,0.0230918],[36.4040231,0.0225293],[36.4040772,0.0221181],[36.4041253,0.0218157],[36.4041673,0.0216947],[36.40475,0.0215859]]},"properties":{"id":"DL-057","class":"distribution","ui_class":"distribution","network_raw":"Distribution Main","material":"HDPE","diameter_mm":null,"length_m":518.1,"status":"open","service":"in-service","zone":"ZIWANI1","installed":2025,"node_from":null,"node_to":null,"remarks":null,"layer":"Distribution lines"}},{"type":"Feature","id":"DL-058","geometry":{"type":"LineString","coordinates":[[36.4039089,0.0254625],[36.4037017,0.0255109],[36.4033863,0.0255744],[36.403191,0.0256197],[36.4030469,0.0256349],[36.4029387,0.0255532],[36.4028156,0.0252448],[36.4026474,0.0247791],[36.4025092,0.0243618],[36.40235,0.0239626],[36.402293,0.0237933],[36.4021398,0.023382],[36.4021068,0.0232762]]},"properties":{"id":"DL-058","class":"distribution","ui_class":"distribution","network_raw":"Distribution Main","material":"PVC","diameter_mm":null,"length_m":381.3,"status":"open","service":"in-service","zone":"ZIWANI1","installed":2021,"node_from":null,"node_to":null,"remarks":null,"layer":"Distribution lines"}},{"type":"Feature","id":"DL-059","geometry":{"type":"LineString","coordinates":[[36.4085527,0.020582],[36.4088351,0.020579],[36.4092225,0.020576],[36.409622,0.0205366]]},"properties":{"id":"DL-059","class":"distribution","ui_class":"distribution","network_raw":"Distribution Main","material":"PVC","diameter_mm":null,"length_m":119.2,"status":"open","service":"in-service","zone":"ZIWANI2","installed":2011,"node_from":null,"node_to":null,"remarks":null,"layer":"Distribution lines"}},{"type":"Feature","id":"DL-060","geometry":{"type":"LineString","coordinates":[[36.4040231,0.0225293],[36.4034254,0.0222451],[36.4028907,0.0219426],[36.4029088,0.0217491],[36.403071,0.0213076],[36.4033113,0.0208359],[36.4034855,0.0206666],[36.4036657,0.0204307],[36.4040862,0.0200013],[36.4044227,0.0196989],[36.4044407,0.0191788],[36.4044828,0.0186829],[36.4045789,0.0182414],[36.4046029,0.0177031],[36.4046209,0.0171649]]},"properties":{"id":"DL-060","class":"distribution","ui_class":"distribution","network_raw":"Distribution Main","material":"HDPE","diameter_mm":null,"length_m":732.5,"status":"open","service":"in-service","zone":"ZIWANI1","installed":2026,"node_from":null,"node_to":null,"remarks":null,"layer":"Distribution lines"}},{"type":"Feature","id":"DL-061","geometry":{"type":"LineString","coordinates":[[36.4085197,0.0185378],[36.4086549,0.0185348],[36.4088741,0.0185378],[36.4090093,0.0185378],[36.4091775,0.0185287],[36.4092466,0.0185197],[36.4093247,0.0184985],[36.4093607,0.0184894]]},"properties":{"id":"DL-061","class":"distribution","ui_class":"distribution","network_raw":"Distribution Main","material":"uPVC","diameter_mm":null,"length_m":94.2,"status":"open","service":"in-service","zone":"ZIWANI2","installed":2007,"node_from":null,"node_to":null,"remarks":null,"layer":"Distribution lines"}},{"type":"Feature","id":"DL-062","geometry":{"type":"LineString","coordinates":[[36.4118236,0.0254748],[36.4118296,0.0259828],[36.4118356,0.0262429],[36.4118416,0.026509],[36.4119257,0.026763],[36.4114211,0.0267811]]},"properties":{"id":"DL-062","class":"distribution","ui_class":"distribution","network_raw":"Distribution Main","material":"GI","diameter_mm":null,"length_m":200.2,"status":"open","service":"in-service","zone":"ZIWANI1","installed":2011,"node_from":null,"node_to":null,"remarks":null,"layer":"Distribution lines"}},{"type":"Feature","id":"DL-063","geometry":{"type":"LineString","coordinates":[[36.4100875,0.0254989],[36.4100935,0.0257651],[36.4102557,0.0262973],[36.4104659,0.0269383],[36.4106101,0.0273133],[36.4108384,0.0279423],[36.4109645,0.0282508],[36.4112288,0.0290007],[36.4114811,0.0295692]]},"properties":{"id":"DL-063","class":"distribution","ui_class":"distribution","network_raw":"Distribution Main","material":"PVC","diameter_mm":null,"length_m":477.9,"status":"open","service":"in-service","zone":"ZIWANI1","installed":2021,"node_from":null,"node_to":null,"remarks":null,"layer":"Distribution lines"}},{"type":"Feature","id":"DL-064","geometry":{"type":"LineString","coordinates":[[36.4106162,0.0254869],[36.4107243,0.0264727],[36.4107363,0.0267509],[36.4108925,0.0271017]]},"properties":{"id":"DL-064","class":"distribution","ui_class":"distribution","network_raw":"Distribution Main","material":"PVC","diameter_mm":null,"length_m":183.0,"status":"open","service":"in-service","zone":"ZIWANI1","installed":2018,"node_from":null,"node_to":null,"remarks":null,"layer":"Distribution lines"}},{"type":"Feature","id":"DL-065","geometry":{"type":"LineString","coordinates":[[36.4082072,0.0255049],[36.4082432,0.0258799],[36.4082793,0.0261763],[36.4081231,0.026273],[36.4081411,0.026521],[36.4081771,0.0267266],[36.4084835,0.0273133],[36.4088199,0.0278939],[36.4093485,0.0288253],[36.4100333,0.0298897],[36.4104418,0.0305671],[36.4108143,0.0312505]]},"properties":{"id":"DL-065","class":"distribution","ui_class":"distribution","network_raw":"Distribution Main","material":"uPVC","diameter_mm":null,"length_m":725.9,"status":"open","service":"in-service","zone":"ZIWANI1","installed":2021,"node_from":null,"node_to":null,"remarks":null,"layer":"Distribution lines"}},{"type":"Feature","id":"DL-066","geometry":{"type":"LineString","coordinates":[[36.4184132,0.02436],[36.4187294,0.0248084],[36.4190958,0.0252257],[36.4194623,0.0256853],[36.4197686,0.0260663],[36.420105,0.0265078],[36.4204294,0.0268828]]},"properties":{"id":"DL-066","class":"distribution","ui_class":"distribution","network_raw":"Distribution Main","material":"PVC","diameter_mm":null,"length_m":358.3,"status":"open","service":"in-service","zone":"SHAURI","installed":2016,"node_from":null,"node_to":null,"remarks":null,"layer":"Distribution lines"}},{"type":"Feature","id":"DL-067","geometry":{"type":"LineString","coordinates":[[36.4164646,0.0247176],[36.4169211,0.0252498],[36.417636,0.025903],[36.4182968,0.026532],[36.4187534,0.0270037],[36.4193901,0.0276448],[36.4198707,0.0281529],[36.4206096,0.0289149],[36.4211202,0.0294411],[36.4216068,0.0298645]]},"properties":{"id":"DL-067","class":"distribution","ui_class":"distribution","network_raw":"Distribution Main","material":"PVC","diameter_mm":null,"length_m":807.8,"status":"open","service":"in-service","zone":"SHAURI","installed":2017,"node_from":null,"node_to":null,"remarks":null,"layer":"Distribution lines"}},{"type":"Feature","id":"DL-068","geometry":{"type":"LineString","coordinates":[[36.4141097,0.0252014],[36.4146383,0.0258787],[36.4150708,0.0263686],[36.4154913,0.0268525],[36.4161041,0.0275238],[36.4167769,0.0282254],[36.4176059,0.0290721],[36.4180925,0.0295801],[36.418543,0.0300398],[36.4188854,0.0304329],[36.4194441,0.0309531]]},"properties":{"id":"DL-068","class":"distribution","ui_class":"distribution","network_raw":"Distribution Main","material":"AC","diameter_mm":null,"length_m":870.9,"status":"open","service":"in-service","zone":"SHAURI","installed":2007,"node_from":null,"node_to":null,"remarks":null,"layer":"Distribution lines"}},{"type":"Feature","id":"DL-069","geometry":{"type":"LineString","coordinates":[[36.4164966,0.0352704],[36.4168788,0.0348841],[36.4175397,0.0341886],[36.4181765,0.0335355],[36.4189935,0.0326525],[36.4195102,0.032078],[36.4204594,0.0311224],[36.4215047,0.0300399],[36.4227423,0.0287456]]},"properties":{"id":"DL-069","class":"distribution","ui_class":"distribution","network_raw":"Distribution Main","material":"GI","diameter_mm":null,"length_m":1002.0,"status":"open","service":"in-service","zone":"SHAURI","installed":2014,"node_from":null,"node_to":null,"remarks":null,"layer":"Distribution lines"}},{"type":"Feature","id":"DL-070","geometry":{"type":"LineString","coordinates":[[36.4182486,0.0334508],[36.4178641,0.0331484],[36.4174316,0.0327734],[36.4170892,0.0324408],[36.4167047,0.0320839],[36.4164704,0.0318844],[36.416122,0.0315699],[36.4158877,0.0313219],[36.4156234,0.031086],[36.415269,0.0307715],[36.4147884,0.0303179]]},"properties":{"id":"DL-070","class":"distribution","ui_class":"distribution","network_raw":"Distribution Main","material":"GI","diameter_mm":null,"length_m":518.4,"status":"open","service":"in-service","zone":"SHAURI","installed":2014,"node_from":null,"node_to":null,"remarks":null,"layer":"Distribution lines"}},{"type":"Feature","id":"DL-071","geometry":{"type":"LineString","coordinates":[[36.4207535,0.039148],[36.42115,0.0387066],[36.4217688,0.0380353],[36.4223095,0.0374789],[36.4230304,0.0366987],[36.4236131,0.0360334],[36.4240457,0.035598],[36.4245443,0.0351868],[36.4248747,0.0347816],[36.4251871,0.0343764]]},"properties":{"id":"DL-071","class":"distribution","ui_class":"distribution","network_raw":"Distribution Main","material":"PVC","diameter_mm":null,"length_m":723.6,"status":"open","service":"in-service","zone":"SHAURI","installed":2020,"node_from":null,"node_to":null,"remarks":null,"layer":"Distribution lines"}},{"type":"Feature","id":"DL-072","geometry":{"type":"LineString","coordinates":[[36.4251871,0.0343764],[36.4254605,0.0345245],[36.4258389,0.0347513],[36.4263225,0.0349933],[36.4268061,0.035205],[36.4271155,0.0353622],[36.4275751,0.03558],[36.4279565,0.0358007],[36.428365,0.0360034],[36.4286684,0.0361455]]},"properties":{"id":"DL-072","class":"distribution","ui_class":"distribution","network_raw":"Distribution Main","material":"PVC","diameter_mm":null,"length_m":434.4,"status":"open","service":"in-service","zone":"SHAURI","installed":2006,"node_from":null,"node_to":null,"remarks":null,"layer":"Distribution lines"}},{"type":"Feature","id":"DL-073","geometry":{"type":"LineString","coordinates":[[36.4247906,0.0348965],[36.4244903,0.0347332],[36.4241178,0.0345578],[36.4238174,0.034334],[36.4236673,0.0340316],[36.4235531,0.0335477],[36.4235171,0.0331425],[36.423439,0.0328099],[36.423403,0.0325317],[36.4233189,0.0322353]]},"properties":{"id":"DL-073","class":"distribution","ui_class":"distribution","network_raw":"Distribution Main","material":"GI","diameter_mm":null,"length_m":365.6,"status":"open","service":"in-service","zone":"SHAURI","installed":2014,"node_from":null,"node_to":null,"remarks":null,"layer":"Distribution lines"}},{"type":"Feature","id":"DL-074","geometry":{"type":"LineString","coordinates":[[36.4197985,0.0317847],[36.4201289,0.0324167],[36.4203812,0.0328794],[36.4206245,0.033209],[36.4208858,0.0335809],[36.421045,0.0338198],[36.4214535,0.0341525],[36.4219461,0.0345668]]},"properties":{"id":"DL-074","class":"distribution","ui_class":"distribution","network_raw":"Distribution Main","material":"uPVC","diameter_mm":null,"length_m":394.9,"status":"open","service":"in-service","zone":"SHAURI","installed":2018,"node_from":null,"node_to":null,"remarks":null,"layer":"Distribution lines"}},{"type":"Feature","id":"DL-075","geometry":{"type":"LineString","coordinates":[[36.4237692,0.0407992],[36.424394,0.0400977],[36.4248265,0.039626],[36.4253132,0.0391119],[36.4256796,0.0387007],[36.4267129,0.0376423],[36.4271275,0.037231]]},"properties":{"id":"DL-075","class":"distribution","ui_class":"distribution","network_raw":"Distribution Main","material":"PVC","diameter_mm":null,"length_m":543.7,"status":"open","service":"in-service","zone":"SHAURI","installed":2019,"node_from":null,"node_to":null,"remarks":null,"layer":"Distribution lines"}},{"type":"Feature","id":"DL-076","geometry":{"type":"LineString","coordinates":[[36.426899,0.0434786],[36.4281426,0.0417852],[36.4287974,0.0408901],[36.4297647,0.0396503],[36.4304676,0.0386343],[36.4311585,0.0376606],[36.4320476,0.0365054],[36.4328406,0.0355257],[36.4335496,0.0345701],[36.4345829,0.0331731],[36.4357664,0.0315946],[36.4366976,0.0303366]]},"properties":{"id":"DL-076","class":"distribution","ui_class":"distribution","network_raw":"Distribution Main","material":"PVC","diameter_mm":null,"length_m":1817.3,"status":"open","service":"in-service","zone":"SHAURI","installed":2023,"node_from":null,"node_to":null,"remarks":null,"layer":"Distribution lines"}},{"type":"Feature","id":"DL-077","geometry":{"type":"LineString","coordinates":[[36.4348504,0.0242825],[36.4349405,0.0244912],[36.435283,0.0248238],[36.4358086,0.0253047],[36.4366196,0.0260395],[36.4374637,0.0267986],[36.4378001,0.0271221],[36.4383137,0.0275757],[36.438524,0.0277663]]},"properties":{"id":"DL-077","class":"distribution","ui_class":"distribution","network_raw":"Distribution Main","material":"uPVC","diameter_mm":null,"length_m":564.0,"status":"open","service":"in-service","zone":"SHAURI","installed":2010,"node_from":null,"node_to":null,"remarks":null,"layer":"Distribution lines"}},{"type":"Feature","id":"DL-078","geometry":{"type":"LineString","coordinates":[[36.4444577,0.0195674],[36.4443665,0.0199614],[36.4436576,0.0209291],[36.4428165,0.0220661],[36.4417952,0.0233603],[36.4409301,0.0245578],[36.4403773,0.0252957],[36.4395002,0.0264448],[36.441759,0.0284649],[36.4431407,0.0297592],[36.4449429,0.0314527]]},"properties":{"id":"DL-078","class":"distribution","ui_class":"distribution","network_raw":"Distribution Main","material":"uPVC","diameter_mm":null,"length_m":1764.2,"status":"open","service":"in-service","zone":"ZIWANI3","installed":2010,"node_from":null,"node_to":null,"remarks":null,"layer":"Distribution lines"}},{"type":"Feature","id":"DL-079","geometry":{"type":"LineString","coordinates":[[36.4425041,0.0224411],[36.4430327,0.023312],[36.4436094,0.0243523],[36.4442702,0.0252232],[36.4455798,0.0267715]]},"properties":{"id":"DL-079","class":"distribution","ui_class":"distribution","network_raw":"Distribution Main","material":"PVC","diameter_mm":null,"length_m":590.6,"status":"open","service":"in-service","zone":"ZIWANI3","installed":2016,"node_from":null,"node_to":null,"remarks":null,"layer":"Distribution lines"}},{"type":"Feature","id":"DL-080","geometry":{"type":"LineString","coordinates":[[36.4470388,0.0193756],[36.4469858,0.0197074],[36.4468656,0.0202155],[36.4470098,0.0209654],[36.4471299,0.021788],[36.447202,0.0222234],[36.448019,0.0235419],[36.4485957,0.0245096],[36.448836,0.0249572],[36.4491003,0.0257313],[36.4493766,0.0264571],[36.4494728,0.0266748],[36.4502778,0.0272313]]},"properties":{"id":"DL-080","class":"distribution","ui_class":"distribution","network_raw":"Distribution Main","material":"PVC","diameter_mm":null,"length_m":984.5,"status":"open","service":"in-service","zone":"ZIWANI3","installed":2016,"node_from":null,"node_to":null,"remarks":null,"layer":"Distribution lines"}},{"type":"Feature","id":"DL-081","geometry":{"type":"LineString","coordinates":[[36.4508306,0.020022],[36.451119,0.0207962],[36.4520441,0.0224412],[36.4530413,0.0243041],[36.4546032,0.0272072],[36.4562252,0.0302555],[36.4564054,0.0306788]]},"properties":{"id":"DL-081","class":"distribution","ui_class":"distribution","network_raw":"Distribution Main","material":"PVC","diameter_mm":null,"length_m":1332.8,"status":"open","service":"in-service","zone":"ZIWANI3","installed":2024,"node_from":null,"node_to":null,"remarks":null,"layer":"Distribution lines"}},{"type":"Feature","id":"DL-082","geometry":{"type":"LineString","coordinates":[[36.4562252,0.0302555],[36.4582919,0.029058],[36.4602504,0.0278847],[36.4625573,0.0265058],[36.4675678,0.0234939]]},"properties":{"id":"DL-082","class":"distribution","ui_class":"distribution","network_raw":"Distribution Main","material":"GI","diameter_mm":null,"length_m":1467.4,"status":"open","service":"in-service","zone":"ZIWANI3","installed":2007,"node_from":null,"node_to":null,"remarks":null,"layer":"Distribution lines"}},{"type":"Feature","id":"DL-083","geometry":{"type":"LineString","coordinates":[[36.4536547,0.020529],[36.4542309,0.0214252],[36.4549397,0.0228526],[36.4554564,0.0238445]]},"properties":{"id":"DL-083","class":"distribution","ui_class":"distribution","network_raw":"Distribution Main","material":"PVC","diameter_mm":null,"length_m":418.3,"status":"open","service":"in-service","zone":"ZIWANI3","installed":2009,"node_from":null,"node_to":null,"remarks":null,"layer":"Distribution lines"}},{"type":"Feature","id":"DL-084","geometry":{"type":"LineString","coordinates":[[36.4603645,0.0278121],[36.4601843,0.0274674],[36.4597578,0.0266993],[36.4593493,0.0258888],[36.4590669,0.0253626],[36.4586104,0.0244796],[36.4581598,0.0236268],[36.4578174,0.0230885],[36.4575831,0.0225321]]},"properties":{"id":"DL-084","class":"distribution","ui_class":"distribution","network_raw":"Distribution Main","material":"uPVC","diameter_mm":null,"length_m":661.4,"status":"open","service":"in-service","zone":"ZIWANI3","installed":2021,"node_from":null,"node_to":null,"remarks":null,"layer":"Distribution lines"}},{"type":"Feature","id":"DL-085","geometry":{"type":"LineString","coordinates":[[36.4624132,0.0265844],[36.4619266,0.0257195],[36.4613859,0.0245885],[36.460665,0.0233003],[36.4601604,0.0223507],[36.4599681,0.0219757]]},"properties":{"id":"DL-085","class":"distribution","ui_class":"distribution","network_raw":"Distribution Main","material":"PVC","diameter_mm":null,"length_m":577.9,"status":"open","service":"in-service","zone":"ZIWANI3","installed":2016,"node_from":null,"node_to":null,"remarks":null,"layer":"Distribution lines"}},{"type":"Feature","id":"DL-086","geometry":{"type":"LineString","coordinates":[[36.4644738,0.0253446],[36.4640893,0.0245644],[36.4637229,0.0239354],[36.4631522,0.0229193],[36.4627557,0.022254],[36.462209,0.0212439],[36.4618365,0.0205423],[36.461398,0.0197137]]},"properties":{"id":"DL-086","class":"distribution","ui_class":"distribution","network_raw":"Distribution Main","material":"HDPE","diameter_mm":null,"length_m":710.8,"status":"open","service":"in-service","zone":"ZIWANI3","installed":2026,"node_from":null,"node_to":null,"remarks":null,"layer":"Distribution lines"}},{"type":"Feature","id":"DL-087","geometry":{"type":"LineString","coordinates":[[36.430236,0.0477697],[36.4283135,0.0491486],[36.425538,0.0511322],[36.4234353,0.0526683],[36.421585,0.0538415],[36.4204555,0.0544705],[36.4162382,0.0564903],[36.4126817,0.0581835],[36.4103268,0.0593204],[36.4091493,0.0598768]]},"properties":{"id":"DL-087","class":"distribution","ui_class":"distribution","network_raw":"Distribution Main","material":"uPVC","diameter_mm":null,"length_m":2711.3,"status":"open","service":"in-service","zone":"SHAURI","installed":2024,"node_from":null,"node_to":null,"remarks":null,"layer":"Distribution lines"}},{"type":"Feature","id":"DL-088","geometry":{"type":"LineString","coordinates":[[36.4137992,0.0576393],[36.4126218,0.0550023]]},"properties":{"id":"DL-088","class":"distribution","ui_class":"distribution","network_raw":"Distribution Main","material":"uPVC","diameter_mm":null,"length_m":319.7,"status":"open","service":"in-service","zone":"SHAURI","installed":2024,"node_from":null,"node_to":null,"remarks":null,"layer":"Distribution lines"}},{"type":"Feature","id":"DL-089","geometry":{"type":"LineString","coordinates":[[36.4126218,0.0550023],[36.4091134,0.0566714],[36.4077798,0.0573124]]},"properties":{"id":"DL-089","class":"distribution","ui_class":"distribution","network_raw":"Distribution Main","material":"uPVC","diameter_mm":null,"length_m":596.5,"status":"open","service":"in-service","zone":"SHAURI","installed":2013,"node_from":null,"node_to":null,"remarks":null,"layer":"Distribution lines"}},{"type":"Feature","id":"DL-090","geometry":{"type":"LineString","coordinates":[[36.4155413,0.0568047],[36.4148325,0.0550871],[36.4144241,0.054071],[36.416731,0.0530309],[36.4182929,0.0522689],[36.4190139,0.0519182]]},"properties":{"id":"DL-090","class":"distribution","ui_class":"distribution","network_raw":"Distribution Main","material":"DI","diameter_mm":null,"length_m":890.6,"status":"open","service":"in-service","zone":"SHAURI","installed":2007,"node_from":null,"node_to":null,"remarks":null,"layer":"Distribution lines"}},{"type":"Feature","id":"DL-091","geometry":{"type":"LineString","coordinates":[[36.4329272,0.0513624],[36.4321822,0.051822],[36.4311609,0.0525477],[36.4301156,0.0532976],[36.428842,0.0542047],[36.4276645,0.0550877],[36.4266792,0.0557771],[36.4259943,0.0562488],[36.4254777,0.0566721],[36.4246847,0.0572043],[36.4243002,0.0575551],[36.4242881,0.0577244],[36.4247807,0.0588857],[36.4246605,0.0590308],[36.4237113,0.0595025],[36.4212242,0.0606273],[36.4190374,0.0616795],[36.4180402,0.0621754],[36.4175115,0.0624778],[36.4170309,0.0627922],[36.4153608,0.0635058],[36.4139791,0.0641468],[36.4127535,0.0647636],[36.4117202,0.0652111]]},"properties":{"id":"DL-091","class":"distribution","ui_class":"distribution","network_raw":"Distribution Main","material":"HDPE","diameter_mm":null,"length_m":2955.2,"status":"open","service":"in-service","zone":"SHAURI","installed":2021,"node_from":null,"node_to":null,"remarks":null,"layer":"Distribution lines"}},{"type":"Feature","id":"DL-092","geometry":{"type":"LineString","coordinates":[[36.4217048,0.0603733],[36.4206116,0.0577122],[36.4205876,0.0576275],[36.416959,0.059357],[36.413763,0.0608809],[36.4117444,0.0618727],[36.410603,0.062429]]},"properties":{"id":"DL-092","class":"distribution","ui_class":"distribution","network_raw":"Distribution Main","material":"uPVC","diameter_mm":null,"length_m":1560.0,"status":"open","service":"in-service","zone":"SHAURI","installed":2021,"node_from":null,"node_to":null,"remarks":null,"layer":"Distribution lines"}},{"type":"Feature","id":"DL-093","geometry":{"type":"LineString","coordinates":[[36.431089,0.0489673],[36.4299956,0.0497293],[36.427941,0.0511928],[36.4262468,0.0524749],[36.4243965,0.0538054],[36.4228224,0.0549907]]},"properties":{"id":"DL-093","class":"distribution","ui_class":"distribution","network_raw":"Distribution Main","material":"PVC","diameter_mm":null,"length_m":1136.1,"status":"open","service":"in-service","zone":"SHAURI","installed":2012,"node_from":null,"node_to":null,"remarks":null,"layer":"Distribution lines"}},{"type":"Feature","id":"DL-094","geometry":{"type":"LineString","coordinates":[[36.4346212,0.0536002],[36.432903,0.0548218],[36.430548,0.0565272],[36.4281449,0.0582931],[36.4261744,0.0597445]]},"properties":{"id":"DL-094","class":"distribution","ui_class":"distribution","network_raw":"Distribution Main","material":"HDPE","diameter_mm":null,"length_m":1160.1,"status":"open","service":"in-service","zone":"SHAURI","installed":2023,"node_from":null,"node_to":null,"remarks":null,"layer":"Distribution lines"}},{"type":"Feature","id":"DL-095","geometry":{"type":"LineString","coordinates":[[36.4364384,0.0560346],[36.4357745,0.056467],[36.4338641,0.0578338],[36.4316532,0.0593819],[36.4305959,0.0601076],[36.4290459,0.0612567],[36.4287335,0.0614865],[36.4284451,0.0617163]]},"properties":{"id":"DL-095","class":"distribution","ui_class":"distribution","network_raw":"Distribution Main","material":"HDPE","diameter_mm":null,"length_m":1089.5,"status":"open","service":"in-service","zone":"SHAURI","installed":2024,"node_from":null,"node_to":null,"remarks":null,"layer":"Distribution lines"}},{"type":"Feature","id":"DL-096","geometry":{"type":"LineString","coordinates":[[36.4284451,0.0617163],[36.4281808,0.0614018],[36.4276762,0.0605429],[36.4269313,0.0611114],[36.4250329,0.0620306],[36.4214283,0.0637601],[36.4182322,0.0653566],[36.4130417,0.0677997]]},"properties":{"id":"DL-096","class":"distribution","ui_class":"distribution","network_raw":"Distribution Main","material":"AC","diameter_mm":null,"length_m":1974.0,"status":"open","service":"in-service","zone":"SHAURI","installed":2009,"node_from":null,"node_to":null,"remarks":null,"layer":"Distribution lines"}},{"type":"Feature","id":"DL-097","geometry":{"type":"LineString","coordinates":[[36.4293109,0.0465359],[36.4300558,0.0457376],[36.4305845,0.0452901],[36.4309209,0.0446248],[36.4313415,0.0438507],[36.4314256,0.0437176],[36.4316779,0.0434999],[36.4317861,0.0433064]]},"properties":{"id":"DL-097","class":"distribution","ui_class":"distribution","network_raw":"Distribution Main","material":"HDPE","diameter_mm":null,"length_m":457.1,"status":"open","service":"in-service","zone":"SHAURI","installed":2018,"node_from":null,"node_to":null,"remarks":null,"layer":"Distribution lines"}},{"type":"Feature","id":"DL-098","geometry":{"type":"LineString","coordinates":[[36.4323145,0.0505398],[36.4330594,0.0499592],[36.4339245,0.0492335],[36.4344532,0.049161],[36.4349578,0.0489795],[36.4353663,0.0490158],[36.4363275,0.0494513],[36.4374569,0.0502013],[36.4384181,0.0507699],[36.4396196,0.0515441],[36.4398238,0.0511933],[36.4401483,0.0506248],[36.4402083,0.0504313],[36.4409293,0.0501894],[36.4416261,0.049887],[36.4422269,0.0496088],[36.4433563,0.0492097]]},"properties":{"id":"DL-098","class":"distribution","ui_class":"distribution","network_raw":"Distribution Main","material":"GI","diameter_mm":null,"length_m":1461.6,"status":"open","service":"in-service","zone":"SHAURI","installed":2011,"node_from":null,"node_to":null,"remarks":null,"layer":"Distribution lines"}},{"type":"Feature","id":"DL-099","geometry":{"type":"LineString","coordinates":[[36.4339245,0.0492335],[36.4335761,0.0488948],[36.4332157,0.048665],[36.4329033,0.0482658],[36.4325188,0.0477456],[36.4320863,0.0472134]]},"properties":{"id":"DL-099","class":"distribution","ui_class":"distribution","network_raw":"Distribution Main","material":"AC","diameter_mm":null,"length_m":305.3,"status":"open","service":"in-service","zone":"SHAURI","installed":2010,"node_from":null,"node_to":null,"remarks":null,"layer":"Distribution lines"}},{"type":"Feature","id":"DL-100","geometry":{"type":"LineString","coordinates":[[36.4332157,0.048665],[36.4336963,0.0483142],[36.434297,0.0476248],[36.4349459,0.0468748],[36.4352223,0.0464636],[36.4358471,0.045133],[36.4363397,0.0440928],[36.4367964,0.0429437],[36.4372049,0.042097]]},"properties":{"id":"DL-100","class":"distribution","ui_class":"distribution","network_raw":"Distribution Main","material":"uPVC","diameter_mm":null,"length_m":863.5,"status":"open","service":"in-service","zone":"SHAURI","installed":2014,"node_from":null,"node_to":null,"remarks":null,"layer":"Distribution lines"}},{"type":"Feature","id":"DL-101","geometry":{"type":"LineString","coordinates":[[36.4175839,0.0371272],[36.4172843,0.0372338],[36.4166715,0.0372882],[36.4156562,0.0373063],[36.414653,0.0373607],[36.4140102,0.037409],[36.4136918,0.0373909],[36.4131572,0.0372397]]},"properties":{"id":"DL-101","class":"distribution","ui_class":"distribution","network_raw":"Distribution Main","material":null,"diameter_mm":null,"length_m":497.8,"status":"open","service":"in-service","zone":"SHAURI","installed":null,"node_from":null,"node_to":null,"remarks":null,"layer":"Distribution lines"}},{"type":"Feature","id":"DL-102","geometry":{"type":"LineString","coordinates":[[36.4166715,0.0372882],[36.4165634,0.0371491],[36.4164192,0.0369132],[36.4162991,0.0367015],[36.4160948,0.036514],[36.4159326,0.0361814],[36.4157764,0.0358548],[36.4156263,0.0355645],[36.41541,0.0352016]]},"properties":{"id":"DL-102","class":"distribution","ui_class":"distribution","network_raw":"Distribution Main","material":null,"diameter_mm":null,"length_m":271.9,"status":"open","service":"in-service","zone":"SHAURI","installed":null,"node_from":null,"node_to":null,"remarks":null,"layer":"Distribution lines"}},{"type":"Feature","id":"DL-103","geometry":{"type":"LineString","coordinates":[[36.4159026,0.0339558],[36.415395,0.0341614],[36.4150436,0.0343186],[36.4147612,0.0344486],[36.4143647,0.0346573],[36.4142986,0.0346875]]},"properties":{"id":"DL-103","class":"distribution","ui_class":"distribution","network_raw":"Distribution Main","material":null,"diameter_mm":null,"length_m":196.2,"status":"open","service":"in-service","zone":"SHAURI","installed":null,"node_from":null,"node_to":null,"remarks":null,"layer":"Distribution lines"}},{"type":"Feature","id":"DL-104","geometry":{"type":"LineString","coordinates":[[36.4149775,0.0343488],[36.4148934,0.0341886],[36.4147342,0.0339406],[36.414521,0.0335565],[36.4143197,0.0332451],[36.4142536,0.033106],[36.4141966,0.0329941],[36.4141125,0.0328822],[36.4140434,0.0328489],[36.4139713,0.0328126],[36.4138842,0.0326524],[36.4138001,0.0324981],[36.41371,0.0323711],[36.4136079,0.0321595],[36.4135268,0.0320294],[36.4134697,0.0319054],[36.4133766,0.0316696],[36.4132805,0.0314065],[36.4132024,0.031225],[36.4131273,0.0310164],[36.4130732,0.0308591],[36.4129982,0.0306414],[36.4129141,0.0303904],[36.412842,0.0302241],[36.4127399,0.0300608],[36.4126257,0.0298491],[36.4125176,0.0296979],[36.4124425,0.0295528],[36.4123194,0.0293472],[36.4122773,0.0292655],[36.4121872,0.0290871],[36.4121211,0.0288633],[36.411977,0.0283916]]},"properties":{"id":"DL-104","class":"distribution","ui_class":"distribution","network_raw":"Distribution Main","material":null,"diameter_mm":null,"length_m":746.0,"status":"open","service":"in-service","zone":"SHAURI","installed":null,"node_from":null,"node_to":null,"remarks":null,"layer":"Distribution lines"}},{"type":"Feature","id":"DL-105","geometry":{"type":"LineString","coordinates":[[36.4156172,0.0373002],[36.4153709,0.0368345],[36.4145719,0.036647],[36.4138931,0.03652],[36.4135357,0.0364595],[36.4131962,0.036396],[36.4127637,0.0363325],[36.4123071,0.0362387],[36.4119257,0.0361359],[36.4113189,0.0360028],[36.4109194,0.0359181],[36.4106972,0.0358637],[36.410547,0.0358698],[36.4103097,0.035906],[36.4101685,0.035906],[36.4098862,0.0358516]]},"properties":{"id":"DL-105","class":"distribution","ui_class":"distribution","network_raw":"Distribution Main","material":null,"diameter_mm":null,"length_m":681.0,"status":"open","service":"in-service","zone":"SHAURI","installed":null,"node_from":null,"node_to":null,"remarks":null,"layer":"Distribution lines"}},{"type":"Feature","id":"DL-106","geometry":{"type":"LineString","coordinates":[[36.4121419,0.0361843],[36.4124063,0.0357609],[36.4127667,0.0353437],[36.412971,0.0351017],[36.4132353,0.0348659],[36.4130371,0.034503],[36.4123943,0.0335535],[36.4118717,0.0329608],[36.4116374,0.0327188],[36.4114993,0.032489],[36.4114692,0.0323922]]},"properties":{"id":"DL-106","class":"distribution","ui_class":"distribution","network_raw":"Distribution Main","material":null,"diameter_mm":null,"length_m":529.6,"status":"open","service":"in-service","zone":"SHAURI","installed":null,"node_from":null,"node_to":null,"remarks":null,"layer":"Distribution lines"}},{"type":"Feature","id":"DL-107","geometry":{"type":"LineString","coordinates":[[36.4116374,0.0327188],[36.4115563,0.0328126],[36.4114752,0.0330575],[36.4114031,0.0332843],[36.4113851,0.0334083],[36.411298,0.0335051],[36.4110997,0.0337258],[36.4109075,0.0339828],[36.4107273,0.0342005],[36.4104569,0.0345785],[36.4103878,0.0346934],[36.4098682,0.0353103]]},"properties":{"id":"DL-107","class":"distribution","ui_class":"distribution","network_raw":"Distribution Main","material":null,"diameter_mm":null,"length_m":352.5,"status":"open","service":"in-service","zone":"SHAURI","installed":null,"node_from":null,"node_to":null,"remarks":null,"layer":"Distribution lines"}},{"type":"Feature","id":"DL-108","geometry":{"type":"LineString","coordinates":[[36.4021249,0.0262232],[36.4020949,0.025945],[36.4021189,0.0256879],[36.402155,0.0254309],[36.402158,0.0253946],[36.4018516,0.0252313],[36.4015032,0.0250287],[36.4010947,0.0247747],[36.4008123,0.0246054],[36.400578,0.0244632]]},"properties":{"id":"DL-108","class":"distribution","ui_class":"distribution","network_raw":"Distribution Main","material":null,"diameter_mm":null,"length_m":296.1,"status":"open","service":"in-service","zone":"ZIWANI1","installed":null,"node_from":null,"node_to":null,"remarks":null,"layer":"Distribution lines"}},{"type":"Feature","id":"DL-109","geometry":{"type":"LineString","coordinates":[[36.4007882,0.0269368],[36.4005389,0.0266344],[36.4002776,0.0263562],[36.4000494,0.0261385],[36.3998151,0.0259026],[36.3996198,0.0256849],[36.3993976,0.0254036],[36.3991483,0.0251285],[36.39892,0.0248472],[36.3987698,0.0246325],[36.3985836,0.0244148]]},"properties":{"id":"DL-109","class":"distribution","ui_class":"distribution","network_raw":"Distribution Main","material":null,"diameter_mm":null,"length_m":372.0,"status":"open","service":"in-service","zone":"ZIWANI1","installed":null,"node_from":null,"node_to":null,"remarks":null,"layer":"Distribution lines"}},{"type":"Feature","id":"DL-110","geometry":{"type":"LineString","coordinates":[[36.4006366,0.0267387],[36.3998556,0.0272951],[36.3996333,0.0274342],[36.3994111,0.0272225],[36.3990206,0.0267931],[36.3987142,0.0264423],[36.398552,0.0262549],[36.3983418,0.0259525],[36.3982276,0.0258194],[36.3981195,0.0256863],[36.3980414,0.025638],[36.3973145,0.0262306],[36.3971043,0.0264121]]},"properties":{"id":"DL-110","class":"distribution","ui_class":"distribution","network_raw":"Distribution Main","material":null,"diameter_mm":null,"length_m":537.6,"status":"open","service":"in-service","zone":"ZIWANI1","installed":null,"node_from":null,"node_to":null,"remarks":null,"layer":"Distribution lines"}},{"type":"Feature","id":"DL-111","geometry":{"type":"LineString","coordinates":[[36.3973145,0.0262306],[36.3974347,0.0262911],[36.3976569,0.0265935],[36.3980774,0.0271015],[36.3983538,0.0273676],[36.398594,0.0276217],[36.3987622,0.0278031]]},"properties":{"id":"DL-111","class":"distribution","ui_class":"distribution","network_raw":"Distribution Main","material":null,"diameter_mm":null,"length_m":238.5,"status":"open","service":"in-service","zone":"ZIWANI1","installed":null,"node_from":null,"node_to":null,"remarks":null,"layer":"Distribution lines"}},{"type":"Feature","id":"DL-112","geometry":{"type":"LineString","coordinates":[[36.3966206,0.0294874],[36.3963743,0.0292757],[36.3959658,0.0288886],[36.3955333,0.0285197],[36.3951248,0.0281568],[36.3948004,0.0278423],[36.3945541,0.0276427],[36.3942658,0.0273101],[36.3939714,0.0269835],[36.3938393,0.0268625],[36.393611,0.0264634],[36.3935149,0.0262094],[36.3932986,0.025913]]},"properties":{"id":"DL-112","class":"distribution","ui_class":"distribution","network_raw":"Distribution Main","material":null,"diameter_mm":null,"length_m":546.7,"status":"open","service":"in-service","zone":"ZIWANI1","installed":null,"node_from":null,"node_to":null,"remarks":null,"layer":"Distribution lines"}},{"type":"Feature","id":"DL-113","geometry":{"type":"LineString","coordinates":[[36.3944833,0.0306634],[36.3933646,0.0296445],[36.3929081,0.0292272],[36.3924936,0.0289006],[36.3921512,0.0285801],[36.3918568,0.02832],[36.3915865,0.0280721]]},"properties":{"id":"DL-113","class":"distribution","ui_class":"distribution","network_raw":"Distribution Main","material":null,"diameter_mm":null,"length_m":431.5,"status":"open","service":"in-service","zone":"ZIWANI1","installed":null,"node_from":null,"node_to":null,"remarks":null,"layer":"Distribution lines"}},{"type":"Feature","id":"DL-114","geometry":{"type":"LineString","coordinates":[[36.3921512,0.0285801],[36.392001,0.0287797],[36.3915384,0.0291546],[36.391178,0.0294812],[36.3908596,0.0297231]]},"properties":{"id":"DL-114","class":"distribution","ui_class":"distribution","network_raw":"Distribution Main","material":null,"diameter_mm":null,"length_m":192.2,"status":"open","service":"in-service","zone":"ZIWANI1","installed":null,"node_from":null,"node_to":null,"remarks":null,"layer":"Distribution lines"}},{"type":"Feature","id":"DL-115","geometry":{"type":"LineString","coordinates":[[36.3927339,0.0290942],[36.3925296,0.0293724],[36.3922713,0.0297836],[36.3921571,0.029965],[36.3918928,0.0303642],[36.3917967,0.0305214],[36.3917546,0.0305517],[36.3915444,0.0304972],[36.3910578,0.0312108]]},"properties":{"id":"DL-115","class":"distribution","ui_class":"distribution","network_raw":"Distribution Main","material":null,"diameter_mm":null,"length_m":314.9,"status":"open","service":"in-service","zone":"ZIWANI1","installed":null,"node_from":null,"node_to":null,"remarks":null,"layer":"Distribution lines"}},{"type":"Feature","id":"DL-116","geometry":{"type":"LineString","coordinates":[[36.3927698,0.0326745],[36.3926316,0.0326079],[36.3925656,0.032493],[36.3924815,0.0322057]]},"properties":{"id":"DL-116","class":"distribution","ui_class":"distribution","network_raw":"Distribution Main","material":null,"diameter_mm":null,"length_m":64.8,"status":"open","service":"in-service","zone":"SHAURI","installed":null,"node_from":null,"node_to":null,"remarks":null,"layer":"Distribution lines"}},{"type":"Feature","id":"DL-117","geometry":{"type":"LineString","coordinates":[[36.4044871,0.0264623],[36.4047877,0.0261915],[36.4049979,0.0261068],[36.4057248,0.025998],[36.4064577,0.0259375],[36.4067341,0.0259799],[36.4073468,0.0263125],[36.4079956,0.0266754]]},"properties":{"id":"DL-117","class":"distribution","ui_class":"distribution","network_raw":"Distribution Main","material":null,"diameter_mm":null,"length_m":425.0,"status":"open","service":"in-service","zone":"SHAURI","installed":null,"node_from":null,"node_to":null,"remarks":null,"layer":"Distribution lines"}},{"type":"Feature","id":"DL-118","geometry":{"type":"LineString","coordinates":[[36.4051105,0.0278177],[36.4052682,0.0275341],[36.4054965,0.0271289],[36.4057008,0.0268568],[36.4057488,0.0267963],[36.4057669,0.0267963],[36.4060191,0.0273285],[36.4061453,0.0275583],[36.4065778,0.0275463]]},"properties":{"id":"DL-118","class":"distribution","ui_class":"distribution","network_raw":"Distribution Main","material":null,"diameter_mm":null,"length_m":278.1,"status":"open","service":"in-service","zone":"SHAURI","installed":null,"node_from":null,"node_to":null,"remarks":null,"layer":"Distribution lines"}},{"type":"Feature","id":"DL-119","geometry":{"type":"LineString","coordinates":[[36.4056587,0.028907],[36.4054845,0.0289614],[36.4053042,0.029028],[36.4052021,0.02904],[36.4049438,0.0289917],[36.4046194,0.0289191],[36.4043431,0.0289191],[36.4039706,0.0289312],[36.4038685,0.0289311],[36.4038505,0.0286711],[36.4038204,0.0281994],[36.4037664,0.0278244],[36.4037183,0.0274978],[36.4036643,0.0273103],[36.4035681,0.0270865],[36.403472,0.0268688],[36.4032978,0.0264939]]},"properties":{"id":"DL-119","class":"distribution","ui_class":"distribution","network_raw":"Distribution Main","material":null,"diameter_mm":null,"length_m":483.1,"status":"open","service":"in-service","zone":"SHAURI","installed":null,"node_from":null,"node_to":null,"remarks":null,"layer":"Distribution lines"}},{"type":"Feature","id":"DL-120","geometry":{"type":"LineString","coordinates":[[36.4070463,0.0314169],[36.4072926,0.0312355],[36.407563,0.0309815],[36.4077492,0.0307275],[36.4079114,0.0304976],[36.4081937,0.0301892],[36.4084581,0.0298808],[36.4087044,0.0296691],[36.4090348,0.0295058]]},"properties":{"id":"DL-120","class":"distribution","ui_class":"distribution","network_raw":"Distribution Main","material":null,"diameter_mm":null,"length_m":309.7,"status":"open","service":"in-service","zone":"ZIWANI1","installed":null,"node_from":null,"node_to":null,"remarks":null,"layer":"Distribution lines"}},{"type":"Feature","id":"DL-121","geometry":{"type":"LineString","coordinates":[[36.4073647,0.0325902],[36.4064636,0.031937],[36.4058628,0.0324934],[36.404421,0.0341626],[36.4042167,0.0344891]]},"properties":{"id":"DL-121","class":"distribution","ui_class":"distribution","network_raw":"Distribution Main","material":null,"diameter_mm":null,"length_m":501.7,"status":"open","service":"in-service","zone":"SHAURI","installed":null,"node_from":null,"node_to":null,"remarks":null,"layer":"Distribution lines"}},{"type":"Feature","id":"DL-122","geometry":{"type":"LineString","coordinates":[[36.4065057,0.0304069],[36.4068841,0.0298505],[36.4071124,0.0294997],[36.4071785,0.0294453]]},"properties":{"id":"DL-122","class":"distribution","ui_class":"distribution","network_raw":"Distribution Main","material":null,"diameter_mm":null,"length_m":130.4,"status":"open","service":"in-service","zone":"ZIWANI1","installed":null,"node_from":null,"node_to":null,"remarks":null,"layer":"Distribution lines"}},{"type":"Feature","id":"DL-123","geometry":{"type":"LineString","coordinates":[[36.4069021,0.031181],[36.4066829,0.0312476],[36.4063374,0.0313625],[36.4061122,0.0314199],[36.4056075,0.031435],[36.4050398,0.0314501],[36.4045022,0.0314682],[36.4041718,0.0314743],[36.4036461,0.0314803],[36.4031235,0.0314924]]},"properties":{"id":"DL-123","class":"distribution","ui_class":"distribution","network_raw":"Distribution Main","material":null,"diameter_mm":null,"length_m":424.7,"status":"open","service":"in-service","zone":"SHAURI","installed":null,"node_from":null,"node_to":null,"remarks":null,"layer":"Distribution lines"}},{"type":"Feature","id":"DL-124","geometry":{"type":"LineString","coordinates":[[36.4076721,0.0336646],[36.4078062,0.0342534],[36.4080464,0.0347735],[36.4084309,0.0351727],[36.4090316,0.0354993],[36.4091998,0.0356323],[36.4092599,0.0359468],[36.4092719,0.0363581],[36.409344,0.0368903],[36.4095122,0.0374588]]},"properties":{"id":"DL-124","class":"distribution","ui_class":"distribution","network_raw":"Distribution Main","material":null,"diameter_mm":null,"length_m":497.4,"status":"open","service":"in-service","zone":"ZIWANI1","installed":null,"node_from":null,"node_to":null,"remarks":null,"layer":"Distribution lines"}},{"type":"Feature","id":"DL-125","geometry":{"type":"LineString","coordinates":[[36.4080464,0.0347735],[36.4084429,0.034326],[36.4089956,0.0336728],[36.4093441,0.0332132],[36.4096685,0.0327777],[36.4097646,0.0326689],[36.4095363,0.0322697],[36.4094763,0.032173],[36.4097526,0.0319069],[36.4101251,0.0315682],[36.4104255,0.0314109]]},"properties":{"id":"DL-125","class":"distribution","ui_class":"distribution","network_raw":"Distribution Main","material":null,"diameter_mm":null,"length_m":501.1,"status":"open","service":"in-service","zone":"ZIWANI","installed":null,"node_from":null,"node_to":null,"remarks":null,"layer":"Distribution lines"}},{"type":"Feature","id":"DL-126","geometry":{"type":"LineString","coordinates":[[36.4465891,0.0664241],[36.4467934,0.0662124],[36.4471418,0.0657891],[36.4474603,0.0653174],[36.4477006,0.0648154],[36.447959,0.064259],[36.4480611,0.0640292],[36.4484396,0.0634969],[36.4488602,0.0629345],[36.4492807,0.0623539],[36.4495571,0.0619427],[36.4498695,0.0615677],[36.4504943,0.0609327],[36.4509149,0.0604851],[36.4512213,0.060588],[36.4516298,0.0608057],[36.451858,0.0609751],[36.4523627,0.0609751],[36.4534801,0.0609268],[36.4548258,0.0609026],[36.4563277,0.0608785],[36.4575533,0.0608786],[36.4584304,0.0608544],[36.458923,0.0608787],[36.4593916,0.0612295],[36.4603888,0.06204],[36.4612779,0.0626932],[36.4618786,0.0631287]]},"properties":{"id":"DL-126","class":"distribution","ui_class":"distribution","network_raw":"Distribution Main","material":null,"diameter_mm":null,"length_m":2137.8,"status":"open","service":"in-service","zone":"KWANJORA","installed":null,"node_from":null,"node_to":null,"remarks":null,"layer":"Distribution lines"}},{"type":"Feature","id":"DL-127","geometry":{"type":"LineString","coordinates":[[36.4335496,0.0345701],[36.4329413,0.0345807],[36.4319801,0.034502],[36.4300697,0.0344657],[36.428676,0.0343931],[36.4273003,0.0343689]]},"properties":{"id":"DL-127","class":"distribution","ui_class":"distribution","network_raw":"Distribution Main","material":null,"diameter_mm":null,"length_m":696.3,"status":"open","service":"in-service","zone":"SHAURI","installed":null,"node_from":null,"node_to":null,"remarks":null,"layer":"Distribution lines"}},{"type":"Feature","id":"DL-128","geometry":{"type":"LineString","coordinates":[[36.4321183,0.0345021],[36.4320642,0.0343448],[36.4317158,0.0339759],[36.4312773,0.0335525],[36.4308627,0.0331473],[36.4303521,0.0326453],[36.4300638,0.0323308],[36.4297334,0.0319255],[36.4293669,0.0314356],[36.4292047,0.0312058]]},"properties":{"id":"DL-128","class":"distribution","ui_class":"distribution","network_raw":"Distribution Main","material":null,"diameter_mm":null,"length_m":490.4,"status":"open","service":"in-service","zone":"SHAURI","installed":null,"node_from":null,"node_to":null,"remarks":null,"layer":"Distribution lines"}},{"type":"Feature","id":"DL-129","geometry":{"type":"LineString","coordinates":[[36.4385097,0.0585254],[36.4378204,0.0578864],[36.4365749,0.0591599],[36.4345322,0.0613492],[36.4326458,0.0634054],[36.4318407,0.0642884],[36.4314682,0.0646754],[36.4317686,0.0653407],[36.4301225,0.0661752],[36.4264458,0.067929],[36.4243792,0.0689449],[36.4230094,0.0696464],[36.4214234,0.0704083],[36.4200417,0.0710614]]},"properties":{"id":"DL-129","class":"distribution","ui_class":"distribution","network_raw":"Distribution Main","material":null,"diameter_mm":null,"length_m":2667.2,"status":"open","service":"in-service","zone":"KWANJORA","installed":null,"node_from":null,"node_to":null,"remarks":null,"layer":"Distribution lines"}},{"type":"Feature","id":"DL-130","geometry":{"type":"LineString","coordinates":[[36.4291192,0.0666409],[36.4302365,0.0691569]]},"properties":{"id":"DL-130","class":"distribution","ui_class":"distribution","network_raw":"Distribution Main","material":null,"diameter_mm":null,"length_m":304.7,"status":"open","service":"in-service","zone":"KWANJORA","installed":null,"node_from":null,"node_to":null,"remarks":null,"layer":"Distribution lines"}},{"type":"Feature","id":"DL-131","geometry":{"type":"LineString","coordinates":[[36.4464289,0.0662742],[36.4450871,0.0677546],[36.4426359,0.0702704],[36.4417347,0.0713348],[36.4412181,0.0718308],[36.4409177,0.0720606],[36.4405572,0.0721815],[36.4403049,0.0722783],[36.4401607,0.0723992],[36.4401246,0.0726411],[36.4402448,0.0730645],[36.440461,0.0735121],[36.4403168,0.073633],[36.4398602,0.073766],[36.4395719,0.0738628],[36.4393436,0.0740684],[36.4391032,0.0744434],[36.4387788,0.0749514],[36.4383102,0.0753263],[36.4379737,0.0757497],[36.4375652,0.0765601],[36.4372648,0.0770923],[36.4369644,0.0775277],[36.4367601,0.0777938],[36.4364837,0.0780357],[36.4361954,0.0782051],[36.435931,0.0783139],[36.4356186,0.0782776],[36.4353783,0.0783381],[36.4351741,0.0784227],[36.4349458,0.0784469],[36.4345373,0.0784832],[36.434321,0.0784952],[36.4341528,0.0786283],[36.4339605,0.0790033],[36.4335039,0.0797048],[36.4330473,0.0803459],[36.4325907,0.0809022],[36.4318577,0.0815312],[36.4307763,0.0825472]]},"properties":{"id":"DL-131","class":"distribution","ui_class":"distribution","network_raw":"Distribution Main","material":null,"diameter_mm":null,"length_m":2654.2,"status":"open","service":"in-service","zone":"KWANJORA","installed":null,"node_from":null,"node_to":null,"remarks":null,"layer":"Distribution lines"}},{"type":"Feature","id":"DL-132","geometry":{"type":"LineString","coordinates":[[36.449462,0.0692709],[36.4460721,0.0722665],[36.4440655,0.0740445]]},"properties":{"id":"DL-132","class":"distribution","ui_class":"distribution","network_raw":"Distribution Main","material":null,"diameter_mm":null,"length_m":799.7,"status":"open","service":"in-service","zone":"KWANJORA","installed":null,"node_from":null,"node_to":null,"remarks":null,"layer":"Distribution lines"}},{"type":"Feature","id":"DL-133","geometry":{"type":"LineString","coordinates":[[36.4495807,0.0693697],[36.4500073,0.0693213],[36.4519778,0.0692972],[36.4530231,0.0692913],[36.4538341,0.0692792],[36.4542606,0.0695574],[36.4549935,0.0699325],[36.4554141,0.0701986],[36.4557745,0.070501],[36.4567297,0.070495],[36.4587663,0.0704951],[36.4602982,0.0704589],[36.4618903,0.0704469]]},"properties":{"id":"DL-133","class":"distribution","ui_class":"distribution","network_raw":"Distribution Main","material":null,"diameter_mm":null,"length_m":1410.3,"status":"open","service":"in-service","zone":"KWANJORA","installed":null,"node_from":null,"node_to":null,"remarks":null,"layer":"Distribution lines"}},{"type":"Feature","id":"SA-01","geometry":{"type":"LineString","coordinates":[[36.4228779,-0.0033983],[36.4186784,0.0010541],[36.4180929,0.0031904],[36.4167732,0.0017895],[36.4153623,0.0003138],[36.4139205,-0.0012248],[36.4116137,-0.0036197],[36.4099412,-0.0055067],[36.4083697,-0.0070888],[36.4076632,-0.0065953],[36.4072307,-0.0059421],[36.4067549,-0.0045196],[36.4030107,0.0030187],[36.4023719,0.004944],[36.4018529,0.0064681],[36.4011608,0.0088993],[36.4008724,0.0096758],[36.4004687,0.0107137],[36.4003101,0.011512],[36.4003534,0.0121869],[36.4003263,0.0136202],[36.4002668,0.0138706],[36.4003101,0.0140375],[36.4005984,0.0142625],[36.4011824,0.0147125],[36.4018672,0.0152641],[36.4023213,0.0158809],[36.4025808,0.016447],[36.4027034,0.0170421],[36.4028187,0.017405],[36.4028548,0.0179058],[36.4027682,0.0184428],[36.4025736,0.0191686],[36.4023285,0.0197056],[36.4020329,0.0205402],[36.401968,0.0213603],[36.4014057,0.0218828],[36.4008939,0.0223908],[36.4004686,0.022536],[36.3999351,0.0228117],[36.3991998,0.0231964],[36.3982554,0.023581],[36.3977796,0.023639],[36.3972462,0.023668],[36.3966118,0.0235955],[36.3959774,0.023443],[36.3954007,0.02316],[36.3949394,0.022935],[36.394442,0.0229568],[36.3938725,0.0231672],[36.3931876,0.023443],[36.3927191,0.0237623],[36.3920414,0.0242993],[36.3915368,0.0248001],[36.3912557,0.0252355],[36.3910682,0.0256564],[36.3908952,0.0261282],[36.3905131,0.0270208],[36.3899436,0.0278699],[36.3898859,0.0282981],[36.3899364,0.029002],[36.3902175,0.0295609],[36.3904482,0.0299818],[36.3906788,0.0306567],[36.3909095,0.0310777],[36.391032,0.0315566],[36.3910104,0.0322026],[36.3909527,0.0325727],[36.3906499,0.0330226],[36.3912265,0.0357732],[36.3914068,0.0358966],[36.3916951,0.0351781],[36.3927333,0.0330517],[36.3935911,0.0317164],[36.3944274,0.0308528],[36.3955159,0.0301271],[36.3961359,0.029815],[36.3971019,0.0294014],[36.3980823,0.0289079],[36.398764,0.0285598],[36.3992934,0.0285959],[36.3998268,0.0286684],[36.4020688,0.0291039],[36.4020111,0.0294958],[36.401975,0.0306135],[36.4019101,0.0321303],[36.4017515,0.0325439],[36.4013694,0.0329649],[36.4010883,0.0332769],[36.4010738,0.0335745],[36.4011603,0.0338648],[36.4012108,0.0340898],[36.401218,0.0342857],[36.4010882,0.0346849],[36.4009873,0.0350768],[36.400703,0.0356818],[36.4022632,0.0364993],[36.402429,0.0363178],[36.4025371,0.0363033],[36.4027534,0.0364702],[36.4031859,0.0367823],[36.4036761,0.0371307],[36.4040365,0.0372976],[36.4045916,0.0375807],[36.4051971,0.0378855],[36.4058243,0.0382121],[36.4068047,0.0386621],[36.4070426,0.0386621],[36.4075544,0.0386767],[36.4079797,0.038713],[36.4096954,0.0387203],[36.4113102,0.0387566],[36.414374,0.0387712],[36.4162988,0.0387931],[36.418101,0.0388076],[36.4183966,0.038579],[36.4187318,0.0383903],[36.4190057,0.0382494],[36.4194598,0.038523],[36.4209075,0.0393844],[36.4216333,0.0398171],[36.4223997,0.0402621],[36.4235797,0.0409072],[36.4242001,0.0412542],[36.4246988,0.0414828],[36.4254571,0.0420707],[36.4259924,0.0425974],[36.4265722,0.0433036],[36.4271277,0.0440222],[36.4282529,0.0455409],[36.4287091,0.0461042],[36.4289321,0.0463982],[36.4291227,0.0466288],[36.4213661,0.0524845],[36.4203569,0.0532393],[36.4184683,0.0489718],[36.4175888,0.0493491],[36.4139735,0.0510763],[36.4117711,0.052143],[36.4100085,0.0529812],[36.4073195,0.0542693],[36.4063751,0.0547337],[36.4073699,0.057038],[36.4090854,0.0607865],[36.4102963,0.0635589],[36.4118821,0.0671587],[36.4132084,0.0700473],[36.4136048,0.0708819],[36.4154864,0.0699821],[36.4163803,0.0695322],[36.4165245,0.0695394],[36.4169426,0.0698878],[36.4186294,0.0712088],[36.4215129,0.0733862],[36.4230122,0.0746346],[36.4235312,0.0754765],[36.4255597,0.0798698],[36.4255639,0.0801505],[36.4252106,0.0811956],[36.4250736,0.0817471],[36.4250879,0.0826616],[36.4251888,0.0834164],[36.4253185,0.0841349],[36.42565,0.0854558],[36.426062,0.0871546],[36.4265186,0.0867731],[36.427272,0.0859639],[36.4281011,0.0851693],[36.4290248,0.0843439],[36.4291501,0.0842621],[36.429734,0.0844872],[36.4313235,0.0850026],[36.4326319,0.0854562],[36.4339079,0.0858628],[36.4342407,0.0859259],[36.4343693,0.0858955],[36.4344774,0.0858882],[36.4381612,0.0865779],[36.4401653,0.0870135],[36.440525,0.0871285],[36.4408572,0.0881317],[36.4427964,0.0876167],[36.4431194,0.0895147],[36.4442776,0.0896052],[36.4443716,0.089623],[36.4444329,0.0893363],[36.4445374,0.0892238],[36.4450132,0.0888464],[36.4457919,0.0880917],[36.4476952,0.086408],[36.4511558,0.0834907],[36.458167,0.0773592],[36.4629506,0.0731564],[36.4691361,0.0722133],[36.4772903,0.070934],[36.477297,0.070813],[36.4772178,0.0704283],[36.4771673,0.0694848],[36.4768866,0.062256],[36.4766489,0.0575602],[36.4763895,0.0540764],[36.4762815,0.0517611],[36.4760653,0.0491048],[36.4759788,0.0478637],[36.4760077,0.0475879],[36.4761375,0.0474355],[36.4763321,0.0472903],[36.4766421,0.047254],[36.4769305,0.0472032],[36.4769305,0.0470508],[36.4768584,0.0467968],[36.4767214,0.0464412],[36.4765052,0.04565],[36.476361,0.0452001],[36.4761304,0.0445904],[36.4759718,0.0440098],[36.4757411,0.0433856],[36.475532,0.0429428],[36.4751716,0.0416074],[36.4747103,0.0399272],[36.4740291,0.0376627],[36.4737011,0.0364615],[36.4734272,0.0355797],[36.4729622,0.0341826],[36.4726198,0.0330322],[36.4718341,0.030579],[36.4713439,0.0292726],[36.4707456,0.0277666],[36.4701184,0.0263477],[36.4696606,0.0254804],[36.4693218,0.0248634],[36.4690443,0.0244352],[36.4688352,0.0242284],[36.4683738,0.0239054],[36.4678259,0.0234881],[36.4673862,0.0231687],[36.4669392,0.0229873],[36.4661714,0.0227332],[36.4657028,0.02253],[36.4655659,0.0224284],[36.4653568,0.022051],[36.4649927,0.0213397],[36.4646503,0.0206248],[36.4644881,0.0201639],[36.4643656,0.019547],[36.4642741,0.0189625],[36.4641637,0.0186035],[36.4635942,0.0187051],[36.463414,0.0184729],[36.4623254,0.0171156],[36.4612585,0.0158746],[36.4593697,0.0135666],[36.4579207,0.0117739],[36.456551,0.0101481],[36.4547271,0.0081595],[36.4526365,0.0063378],[36.4513605,0.0052782],[36.4505382,0.0045553],[36.4494068,0.005837],[36.4484624,0.0068386],[36.446166,0.0092281],[36.4442717,0.0074294],[36.4439279,0.0080215],[36.443553,0.008486],[36.4432935,0.0087908],[36.443243,0.0090956],[36.4430267,0.009473],[36.442933,0.0098867],[36.4428176,0.0104601],[36.4428442,0.0111893],[36.4424932,0.0115778],[36.4417651,0.0124487],[36.4410082,0.0113019],[36.4406621,0.0107504],[36.4404603,0.0105326],[36.4400998,0.010373],[36.439588,0.0102423],[36.4393213,0.0100318],[36.4385571,0.0093061],[36.4372883,0.0082029],[36.4352842,0.0064466],[36.4339434,0.0050676],[36.4321877,0.0037057],[36.4293008,0.0015839],[36.4260027,-0.0010106],[36.4243807,-0.0022517],[36.4228779,-0.0033983]]},"properties":{"id":"SA-01","class":"boundary","ui_class":"boundary","network_raw":"Service Area Boundary","material":null,"diameter_mm":null,"length_m":42439.0,"status":"open","service":"in-service","zone":null,"installed":null,"node_from":null,"node_to":null,"remarks":"Erline Water Service Area","layer":"Service Area"}}]}