DC_ID,Node1,Node2,EPANET,Diameter,Length,Roughness,Minorloss,Status,Material,Zone,DateMapped,Dia_Inch,Network,Inst_Date,ServiceSta,Remarks,Ext_Overha,Category,Sength
,,,,25,313.171,0.0,0.1,OPEN,PPR,CBD,29.04.2024,1.00,Distribution Main,,In service,EXT,,Minor,313.16
,,,,25,452.302,0.0,0.1,OPEN,PPR,CBD,29.04.2024,1.00,Distribution Main,,In service,Ok,,Minor,452.28
578.267046,,,Y,75,578.267,0.0,0.1,CLOSED,PVC,KREKAJ,10.2016,3.00,Distribution Main,2016,Still pending,OK,No,Major,578.22
342.000404,,,Y,50,335.339,0.0,0.1,CLOSED,PVC,KREKAJ,10.2016,2.00,Distribution Main,2016,Still pending,ok,No,Minor,335.31
114.394614,,,Y,75,114.395,0.0,0.1,CLOSED,PVC,KREKAJ,10.2016,3.00,Distribution Main,2016,Still pending,Ok,No,Major,114.38
194.477605,,,Y,50,194.478,0.0,0.1,CLOSED,PVC,KREKAJ,10.2016,2.00,Distribution Main,2016,Still pending,Ok,No,Minor,194.46
123.299881,,,Y,100,123.300,0.0,0.1,OPEN,PVC,MYT,07.2015,4.00,Distribution Main,2014,In Service,,No,Major,123.29
141.115538,,,Y,32,141.116,0.0,0.1,OPEN,PVC,MYT,03.2017,1.25,Distribution Main,,In Service,Ok,No,Minor,141.10
422.667058,,,Y,32,422.667,0.0,0.1,OPEN,PVC,MYT,03.2017,1.25,Distribution Main,,In Service,Ok,No,Minor,422.63
23.4329962,,,Y,50,23.433,0.0,0.1,OPEN,PVC,MYT,03.2017,2.00,Distribution Main,,In Service,Ok,No,Minor,23.43
127.695942,,,Y,32,127.696,0.0,0.1,OPEN,PVC,MYT,03.2017,1.25,Distribution Main,,In Service,Ok,No,Minor,127.68
136.640697,,,Y,50,136.641,0.0,0.1,OPEN,PVC,MYT,09.2016,2.00,Distribution Main,09.2016,In Service,,No,Minor,136.63
128.132094,,,Y,32,128.132,0.0,0.1,OPEN,PVC,MYT,03.2017,1.25,Distribution Main,,In Service,Ok,No,Minor,128.12
262.644678,,,Y,50,262.645,0.0,0.1,OPEN,PVC,MYT,03.2017,2.00,Distribution Main,,In Service,Laid by the community,No,Minor,262.62
104.852262,,,Y,32,104.852,0.0,0.1,OPEN,PVC,MYT,03.2017,1.25,Distribution Main,,In Service,Ok,No,Minor,104.84
910.393470,,,Y,40,910.393,0.0,0.1,OPEN,PVC,MYT,03.2017,1.50,Distribution Main,2016,In Service,Serves Wamalanda Kiosk,No,Minor,910.31
196.518498,,,Y,100,196.518,0.0,0.1,OPEN,PVC,MYT,10.2015,4.00,Distribution Main,N/A,In Service,N/A,No,Major,196.50
767.233705,,,Y,100,767.234,0.0,0.1,OPEN,PVC,MYT,03.2017,4.00,Distribution Main,2014,In Service,LTAP,No,Major,767.17
803.507024,,,Y,100,803.507,0.0,0.1,OPEN,PVC,MYT,03.2017,4.00,Distribution Main,1978,In Service,Ok,No,Major,803.44
51.9363005,,,Y,300,51.936,0.0,0.1,OPEN,GI,MIL,2014,12.00,Distribution Main,N/A,In Service,Supplies water for backwash.,No,Major,51.93
11.0704488,,,Y,400,11.070,0.0,0.1,OPEN,Steel,MIL,2014,16.00,Distribution Main,N/A,In Service,N/A,No,Major,11.07
10.5968711,,,Y,400,10.597,0.0,0.1,OPEN,Steel,MIL,2014,16.00,Distribution Main,N/A,In Service,N/A,No,Major,10.60
5.03964373,,,Y,400,5.040,0.0,0.1,OPEN,Steel,MIL,2014,16.00,Distribution Main,N/A,In Service,N/A,No,Major,5.04
6.22172342,,,Y,400,6.222,0.0,0.1,OPEN,Steel,MIL,2014,16.00,Distribution Main,N/A,In Service,N/A,No,Major,6.22
2137.03724,,,Y,600,2137.037,0.0,0.1,OPEN,Steel,MIL,2014,24.00,Transmission Main,N/A,In Service,Supplies water to Kibuye.,No,Major,2136.89
8.62378809,,,Y,300,8.624,0.0,0.1,OPEN,Steel,MIL,2014,12.00,Distribution Main,N/A,In Service,N/A,No,Major,8.62
11.0663519,,,Y,300,11.066,0.0,0.1,OPEN,Steel,MIL,2014,12.00,Distribution Main,N/A,In Service,N/A,No,Major,11.07
14.2936234,,,Y,250,14.294,0.0,0.1,OPEN,Steel,MIL,2014,10.00,Distribution Main,N/A,In Service,N/A,No,Major,14.29
9.06442204,,,Y,250,9.064,0.0,0.1,OPEN,Steel,MIL,2014,10.00,Distribution Main,N/A,In Service,N/A,No,Major,9.06
15.9445099,,,Y,225,15.945,0.0,0.1,OPEN,GI,MIL,2014,9.00,Transmission Main,N/A,In Service,Supplies water to Watson.,No,Major,15.94
70.8563769,,,Y,225,70.856,0.0,0.1,OPEN,GI,MIL,2014,9.00,Transmission Main,N/A,In Service,Supplies water to Watson.,No,Major,70.85
1.70855416,,,Y,300,1.709,0.0,0.1,CLOSED,Steel,MIL,2014,12.00,Distribution Main,N/A,In Service,N/A,No,Major,1.71
1.71645885,,,Y,300,1.716,0.0,0.1,CLOSED,Steel,MIL,2014,12.00,Distribution Main,N/A,In Service,N/A,No,Major,1.72
5.72097528,,,Y,300,5.721,0.0,0.1,OPEN,Steel,MIL,2014,12.00,Distribution Main,N/A,In Service,N/A,No,Major,5.72
5.63942671,,,Y,300,5.639,0.0,0.1,OPEN,Steel,MIL,2014,12.00,Distribution Main,N/A,In Service,N/A,No,Major,5.64
1597.32068,,,Y,300,1597.321,0.0,0.1,OPEN,Steel,CBD,2014,12.00,Transmission Main,2014,In Service,LTAP Lines,No,Major,1597.22
527.648182,,,Y,600,527.648,0.0,0.1,OPEN,Steel,KREKAJ,2014,24.00,Transmission Main,2014,In Service,LTAP Lines,No,Major,527.60
134.370169,,,Y,700,134.370,0.0,0.1,OPEN,Steel,KREKAJ,2014,28.00,Transmission Main,2014,In Service,LTAP Lines,No,Major,134.36
1484.26187,,,Y,700,1484.262,0.0,0.1,OPEN,Steel,KREKAJ,2014,28.00,Transmission Main,2014,In Service,LTAP Lines,No,Major,1484.14
96.8117789,,,Y,100,96.812,0.0,0.1,OPEN,Steel,KREKAJ,2014,4.00,Distribution Main,2014,In Service,LTAP Lines,No,Major,96.80
24.7764618,,,Y,250,24.776,0.0,0.1,OPEN,Steel,CBD,2014,10.00,Distribution Main,2014,In Service,LTAP Lines,No,Major,24.78
126.429723,,,Y,350,126.430,0.0,0.1,OPEN,Steel,CBD,2014,14.00,Distribution Main,2014,In Service,LTAP Lines,No,Major,126.42
116.291340,,,Y,100,116.291,0.0,0.1,OPEN,Steel,CBD,2014,4.00,Distribution Main,2014,In Service,LTAP Lines-sleeve,No,Major,116.28
99.9693886,,,Y,200,99.969,0.0,0.1,OPEN,Steel,CBD,2014,8.00,Distribution Main,2014,In Service,LTAP Lines,No,Major,99.96
15.5669174,,,Y,150,15.567,0.0,0.1,OPEN,PVC,KREKAJ,2014,6.00,Distribution Main,06.2014,In Service,LTAP Extension lines,No,Major,15.57
104.579301,,,Y,50,104.579,0.0,0.1,OPEN,PVC,KREKAJ,2014,2.00,Distribution Main,06.2014,In Service,LTAP Extension lines,No,Minor,104.57
230.282346,,,Y,50,230.282,0.0,0.1,OPEN,PVC,KREKAJ,2014,,Distribution Main,06.2014,In Service,LTAP Extension lines,No,Minor,230.26
231.296332,,,Y,50,231.296,0.0,0.1,OPEN,PVC,KREKAJ,2014,,Distribution Main,06.2014,In Service,LTAP Extension lines,No,Minor,231.28
1469.22218,,,Y,100,1469.222,0.0,0.1,OPEN,PVC,CBD,2014,4.00,Distribution Main,2014,In Service,LTAP Lines,No,Major,1469.11
410.738310,,,Y,150,410.738,0.0,0.1,OPEN,PVC,CBD,2014,6.00,Distribution Main,N/A,In Service,N/A,No,Major,410.71
137.839727,,,Y,100,137.840,0.0,0.1,OPEN,PVC,MYT,2014,4.00,Distribution Main,2014,In Service,LTAP Lines,No,Major,137.83
170.768107,,,Y,100,170.768,0.0,0.1,OPEN,GI,CBD,2014,4.00,Distribution Main,N/A,In Service,N/A,No,Major,170.76
262.914259,,,Y,150,262.914,0.0,0.1,OPEN,AC,CBD,2014,6.00,Distribution Main,N/A,In Service,N/A,No,Major,262.90
264.571473,,,Y,75,264.571,0.0,0.1,OPEN,GI,CBD,2014,3.00,Distribution Main,N/A,In Service,N/A,No,Major,264.55
478.753744,,,Y,100,478.754,0.0,0.1,OPEN,GI,CBD,2014,4.00,Distribution Main,N/A,In Service,N/A,No,Major,478.72
712.480569,,,Y,50,712.481,0.0,0.1,OPEN,GI,CBD,2014,2.00,Distribution Main,N/A,In Service,N/A,No,Minor,712.43
74.5479957,,,Y,50,74.548,0.0,0.1,OPEN,GI,CBD,2014,2.00,Distribution Main,N/A,In Service,N/A,No,Minor,74.54
307.768503,,,Y,75,307.769,0.0,0.1,OPEN,GI,CBD,2014,3.00,Distribution Main,N/A,In Service,N/A,No,Major,307.75
114.049496,,,Y,50,114.049,0.0,0.1,OPEN,PVC,CBD,2014,2.00,Distribution Main,N/A,In Service,N/A,No,Minor,114.04
326.527149,,,Y,50,326.527,0.0,0.1,OPEN,PVC,CBD,2014,2.00,Distribution Main,N/A,In Service,N/A,No,Minor,326.50
414.266128,,,Y,75,414.266,0.0,0.1,OPEN,GI,CBD,2014,3.00,Distribution Main,N/A,In Service,N/A,No,Major,414.23
320.031742,,,Y,75,320.032,0.0,0.1,OPEN,GI,CBD,2014,3.00,Distribution Main,N/A,In Service,N/A,No,Major,320.01
433.020698,,,Y,250,433.021,0.0,0.1,OPEN,PVC,CBD,2014,10.00,Distribution Main,N/A,In Service,N/A,No,Major,432.99
174.391674,,,Y,75,174.392,0.0,0.1,OPEN,AC,CBD,2014,3.00,Distribution Main,N/A,In Service,N/A,No,Major,174.38
182.181534,,,Y,75,182.182,0.0,0.1,OPEN,GI,CBD,2014,3.00,Distribution Main,N/A,In Service,N/A,No,Major,182.17
155.895564,,,Y,100,155.896,0.0,0.1,OPEN,PVC,CBD,2014,4.00,Distribution Main,N/A,In Service,N/A,No,Major,155.88
1068.69621,,,Y,50,1068.696,0.0,0.1,OPEN,GI,CBD,2014,2.00,Distribution Main,N/A,In Service,N/A,No,Minor,1068.61
75.5308828,,,Y,150,75.531,0.0,0.1,OPEN,GI,CBD,2014,6.00,Distribution Main,N/A,In Service,N/A,No,Major,75.52
443.508801,,,Y,50,443.509,0.0,0.1,OPEN,PVC,KREKAJ,2014,2.00,Distribution Main,N/A,In Service,N/A,No,Minor,443.46
585.599050,,,Y,40,585.599,0.0,0.1,OPEN,PVC,KREKAJ,2014,1.50,Distribution Main,N/A,In Service,N/A,No,Minor,585.54
221.158231,,,Y,50,221.158,0.0,0.1,OPEN,PVC,KREKAJ,2014,2.00,Distribution Main,N/A,In Service,N/A,No,Minor,221.14
36.4906083,,,Y,40,36.491,0.0,0.1,OPEN,PVC,KREKAJ,2014,1.50,Distribution Main,N/A,In Service,N/A,No,Minor,36.49
990.159762,,,Y,50,990.160,0.0,0.1,OPEN,PVC,KREKAJ,2014,2.00,Distribution Main,N/A,In Service,N/A,No,Minor,990.07
120.720130,,,Y,50,120.720,0.0,0.1,OPEN,PVC,KREKAJ,2014,2.00,Distribution Main,N/A,In Service,N/A,No,Minor,120.71
302.146443,,,Y,150,302.146,0.0,0.1,OPEN,AC,KREKAJ,2014,6.00,Distribution Main,N/A,In Service,N/A,No,Major,302.12
482.843009,,,Y,100,482.843,0.0,0.1,OPEN,PVC,KREKAJ,2014,4.00,Distribution Main,N/A,In Service,N/A,No,Major,482.80
309.732733,,,Y,75,309.733,0.0,0.1,OPEN,PVC,KREKAJ,2014,3.00,Distribution Main,N/A,In Service,N/A,No,Major,309.71
167.820746,,,Y,75,167.821,0.0,0.1,OPEN,PVC,KREKAJ,2014,3.00,Distribution Main,N/A,In Service,N/A,No,Major,167.81
121.798079,,,Y,100,121.798,0.0,0.1,OPEN,PVC,KREKAJ,2014,4.00,Distribution Main,N/A,In Service,N/A,No,Major,121.79
252.035930,,,Y,100,252.036,0.0,0.1,OPEN,PVC,KREKAJ,2014,4.00,Distribution Main,N/A,In Service,N/A,No,Major,252.01
287.012847,,,Y,100,287.013,0.0,0.1,OPEN,PVC,KREKAJ,2014,4.00,Distribution Main,N/A,In Service,N/A,No,Major,286.99
67.9793019,,,Y,100,67.979,0.0,0.1,OPEN,PVC,KREKAJ,2014,4.00,Distribution Main,N/A,In Service,N/A,No,Major,67.97
7.36577284,,,Y,150,7.366,0.0,0.1,OPEN,GI,KREKAJ,2014,6.00,Distribution Main,N/A,In Service,Off takes at MYT3. Not sure where pipe changes mat,No,Major,7.37
639.744853,,,Y,200,639.745,0.0,0.1,OPEN,PVC,KREKAJ,2014,8.00,Distribution Main,N/A,In Service,N/A,No,Major,639.69
155.484252,,,Y,50,155.484,0.0,0.1,OPEN,PVC,KREKAJ,2014,2.00,Distribution Main,N/A,In Service,N/A,No,Minor,155.47
61.2970273,,,Y,75,61.297,0.0,0.1,OPEN,GI,KREKAJ,2014,3.00,Distribution Main,N/A,In Service,N/A,No,Major,61.29
134.614996,,,Y,75,134.615,0.0,0.1,OPEN,GI,KREKAJ,2014,3.00,Distribution Main,N/A,In Service,N/A,No,Major,134.60
101.510658,,,Y,75,101.511,0.0,0.1,OPEN,GI,KREKAJ,2014,3.00,Distribution Main,N/A,In Service,N/A,No,Major,101.50
127.340735,,,Y,75,127.341,0.0,0.1,OPEN,GI,KREKAJ,2014,3.00,Distribution Main,N/A,In Service,N/A,No,Major,127.33
126.721812,,,Y,75,126.722,0.0,0.1,OPEN,GI,KREKAJ,2014,3.00,Distribution Main,N/A,In Service,N/A,No,Major,126.71
122.673668,,,Y,75,122.674,0.0,0.1,OPEN,GI,KREKAJ,2014,3.00,Distribution Main,N/A,In Service,N/A,No,Major,122.66
69.0596949,,,Y,75,69.060,0.0,0.1,OPEN,GI,KREKAJ,2014,3.00,Distribution Main,N/A,In Service,N/A,No,Major,69.05
97.4095040,,,Y,75,97.410,0.0,0.1,OPEN,GI,KREKAJ,2014,3.00,Distribution Main,N/A,In Service,N/A,No,Major,97.40
90.1363984,,,Y,75,90.136,0.0,0.1,OPEN,GI,KREKAJ,2014,3.00,Distribution Main,N/A,In Service,N/A,No,Major,90.13
82.6403083,,,Y,75,82.640,0.0,0.1,OPEN,GI,KREKAJ,2014,3.00,Distribution Main,N/A,In Service,N/A,No,Major,82.63
317.544531,,,Y,50,317.545,0.0,0.1,OPEN,PVC,KREKAJ,2014,2.00,Distribution Main,02.2014,In Service,Lolwe DMA,No,Minor,317.52
231.526381,,,Y,50,231.526,0.0,0.1,OPEN,PVC,KREKAJ,2014,2.00,Distribution Main,02.2014,In Service,Lolwe DMA,No,Minor,231.51
101.749647,,,Y,50,101.750,0.0,0.1,OPEN,PVC,KREKAJ,2014,2.00,Distribution Main,02.2014,In Service,Lolwe DMA,No,Minor,101.74
198.992403,,,Y,50,198.992,0.0,0.1,OPEN,PVC,KREKAJ,2014,2.00,Distribution Main,02.2014,In Service,Lolwe DMA,No,Minor,198.98
592.369802,,,Y,50,593.110,0.0,0.1,OPEN,PVC,KREKAJ,2014,,Distribution Main,02.2014,In Service,Lolwe DMA,No,Minor,593.06
70.6963544,,,Y,100,70.696,0.0,0.1,OPEN,PVC,KREKAJ,2014,4.00,Distribution Main,02.2014,In Service,Lolwe DMA,No,Major,70.69
126.620416,,,Y,75,126.620,0.0,0.1,OPEN,PVC,KREKAJ,2014,3.00,Distribution Main,N/A,In Service,N/A,No,Major,126.61
135.837732,,,Y,50,135.838,0.0,0.1,OPEN,PVC,KREKAJ,2014,2.00,Distribution Main,N/A,In Service,N/A,No,Minor,135.83
283.059173,,,Y,50,283.059,0.0,0.1,OPEN,PVC,KREKAJ,2014,2.00,Distribution Main,02.2014,In Service,N/A,No,Minor,283.03
395.442371,,,Y,40,395.442,0.0,0.1,OPEN,PVC,MIL,2014,1.50,Distribution Main,N/A,In Service,N/A,No,Minor,395.41
389.075459,,,Y,75,389.075,0.0,0.1,OPEN,GI,MIL,2014,3.00,Distribution Main,N/A,In Service,N/A,No,Major,389.05
156.754393,,,Y,75,156.754,0.0,0.1,OPEN,GI,MIL,2014,3.00,Distribution Main,N/A,In Service,N/A,No,Major,156.74
486.559563,,,Y,100,486.560,0.0,0.1,OPEN,GI,MIL,2014,4.00,Distribution Main,N/A,In Service,N/A,No,Major,486.52
304.690199,,,Y,100,304.690,0.0,0.1,OPEN,GI,MIL,2014,4.00,Distribution Main,N/A,In Service,N/A,No,Major,304.67
251.859631,,,Y,150,251.860,0.0,0.1,OPEN,AC,MIL,2014,6.00,Distribution Main,N/A,In Service,N/A,No,Major,251.84
149.530913,,,Y,50,149.531,0.0,0.1,OPEN,PVC,MIL,2014,2.00,Distribution Main,N/A,In Service,N/A,No,Minor,149.52
23.9850563,,,Y,225,23.985,0.0,0.1,OPEN,AC,MIL,2014,9.00,Distribution Main,N/A,In Service,N/A,No,Major,23.98
26.7966540,,,N,150,26.797,0.0,0.1,OPEN,GI,MIL,2014,6.00,Distribution Main,09.2013,In Service,Supplies water to elevated tank.,No,Major,26.79
6.49397256,,,Y,350,6.494,0.0,0.1,OPEN,GI,MIL,2014,14.00,Distribution Main,N/A,In Service,Supplies water to Kibuye.,No,Major,6.49
175.281371,,,N,225,175.281,0.0,0.1,OPEN,AC,MIL,2014,9.00,Transmission Main,N/A,In Service,N/A,No,Major,175.27
419.925097,,,N,300,419.925,0.0,0.1,OPEN,AC,MIL,2014,12.00,Transmission Main,N/A,In Service,N/A,No,Major,419.90
329.152588,,,N,225,329.153,0.0,0.1,OPEN,AC,MIL,2014,9.00,Transmission Main,N/A,In Service,N/A,No,Major,329.13
148.394846,,,N,500,148.395,0.0,0.1,OPEN,Steel,MIL,2014,20.00,Transmission Main,2013,In Service,OK,No,Major,148.39
89.7586364,,,N,500,89.759,0.0,0.1,OPEN,Steel,MIL,2014,20.00,Transmission Main,2013,In Service,OK,No,Major,89.75
174.102493,,,N,500,174.102,0.0,0.1,OPEN,Steel,MIL,2014,20.00,Transmission Main,2013,In Service,OK,No,Major,174.09
2.47199487,,,N,600,2.472,0.0,0.1,OPEN,GI,MIL,2014,24.00,Transmission Main,N/A,In Service,N/A,No,Major,2.47
11.6114689,,,N,225,11.611,0.0,0.1,OPEN,GI,MIL,2014,9.00,Transmission Main,N/A,In Service,N/A,No,Major,11.61
11.5681929,,,N,225,11.568,0.0,0.1,OPEN,GI,MIL,2014,9.00,Transmission Main,N/A,In Service,N/A,No,Major,11.57
11.4245599,,,N,225,11.425,0.0,0.1,OPEN,GI,MIL,2014,9.00,Transmission Main,N/A,In Service,N/A,No,Major,11.42
11.7199593,,,N,225,11.720,0.0,0.1,OPEN,GI,MIL,2014,9.00,Transmission Main,N/A,In Service,N/A,No,Major,11.72
4.25510055,,,N,150,4.255,0.0,0.1,OPEN,GI,MIL,2014,6.00,Transmission Main,N/A,In Service,N/A,No,Major,4.25
4.14140713,,,N,150,4.141,0.0,0.1,OPEN,GI,MIL,2014,6.00,Transmission Main,N/A,In Service,N/A,No,Major,4.14
16.5031065,,,N,400,16.503,0.0,0.1,OPEN,GI,MIL,2014,16.00,Transmission Main,N/A,In Service,N/A,No,Major,16.50
219.554770,,,N,300,219.555,0.0,0.1,OPEN,AC,MIL,2014,12.00,Transmission Main,N/A,In Service,N/A,No,Major,219.54
88.3911871,,,N,300,88.391,0.0,0.1,OPEN,AC,MIL,2014,12.00,Transmission Main,N/A,In Service,N/A,No,Major,88.39
175.336871,,,N,300,175.337,0.0,0.1,OPEN,AC,MIL,2014,12.00,Transmission Main,N/A,In Service,N/A,No,Major,175.33
420.998218,,,N,300,420.998,0.0,0.1,OPEN,AC,MIL,2014,12.00,Transmission Main,N/A,In Service,N/A,No,Major,420.97
4.16726804,,,N,150,4.167,0.0,0.1,OPEN,GI,MIL,2014,6.00,Transmission Main,N/A,In Service,N/A,No,Major,4.17
4.01399797,,,N,150,4.014,0.0,0.1,OPEN,GI,MIL,2014,6.00,Transmission Main,N/A,In Service,N/A,No,Major,4.01
27.8429695,,,N,150,27.843,0.0,0.1,OPEN,GI,MIL,2014,6.00,Transmission Main,N/A,In Service,N/A,No,Major,27.84
1.97797320,,,N,400,1.978,0.0,0.1,OPEN,GI,MIL,2014,16.00,Transmission Main,N/A,In Service,N/A,No,Major,1.98
14.9009305,,,N,400,14.901,0.0,0.1,OPEN,GI,MIL,2014,16.00,Transmission Main,N/A,Out of service,Intake,No,Major,14.90
14.8319644,,,N,400,14.832,0.0,0.1,OPEN,GI,MIL,2014,16.00,Transmission Main,N/A,In Service,Intake,No,Major,14.83
14.8045508,,,N,400,14.805,0.0,0.1,OPEN,GI,MIL,2014,16.00,Transmission Main,N/A,In Service,Intake,No,Major,14.80
14.5790510,,,N,400,14.579,0.0,0.1,OPEN,GI,MIL,2014,16.00,Transmission Main,N/A,In Service,Intake,No,Major,14.58
14.8728652,,,N,400,14.873,0.0,0.1,OPEN,GI,MIL,2014,16.00,Transmission Main,N/A,In Service,Intake,No,Major,14.87
15.0770055,,,N,400,15.077,0.0,0.1,OPEN,GI,MIL,2014,16.00,Transmission Main,N/A,In Service,N/A,No,Major,15.08
19.5295373,,,N,400,19.530,0.0,0.1,OPEN,GI,MIL,2014,16.00,Transmission Main,N/A,In Service,N/A,No,Major,19.53
10.4560381,,,N,400,10.456,0.0,0.1,OPEN,GI,MIL,2014,16.00,Transmission Main,N/A,In Service,N/A,No,Major,10.46
5.12045123,,,N,400,5.120,0.0,0.1,OPEN,GI,MIL,2014,16.00,Transmission Main,N/A,In Service,N/A,No,Major,5.12
1.34283806,,,Y,150,1.343,0.0,0.1,CLOSED,GI,MIL,2014,6.00,Distribution Main,N/A,In Service,N/A,No,Major,1.34
2.41297337,,,Y,225,2.413,0.0,0.1,OPEN,GI,MIL,2014,9.00,Distribution Main,N/A,In Service,N/A,No,Major,2.41
1.48502689,,,Y,150,1.485,0.0,0.1,OPEN,GI,MIL,2014,6.00,Distribution Main,N/A,In Service,N/A,No,Major,1.48
1.23354473,,,N,150,1.234,0.0,0.1,CLOSED,GI,MIL,2014,6.00,Distribution Main,N/A,In Service,N/A,No,Major,1.23
1.24133373,,,Y,225,1.241,0.0,0.1,OPEN,GI,MIL,2014,9.00,Distribution Main,N/A,In Service,Interconnection for water balancing in pipes.,No,Major,1.24
776.189902,,,Y,150,776.190,0.0,0.1,OPEN,PVC,MIL,2014,6.00,Distribution Main,N/A,In Service,N/A,No,Major,776.14
1.86707253,,,Y,150,1.867,0.0,0.1,OPEN,GI,MIL,2014,6.00,Distribution Main,N/A,In Service,Interconnection pipe at junction.,No,Major,1.87
2.04013536,,,Y,225,2.040,0.0,0.1,OPEN,AC,MIL,2014,9.00,Distribution Main,N/A,In Service,When bursts occurs PVC is used in repair.,No,Major,2.04
312.459158,,,Y,100,312.459,0.0,0.1,OPEN,PVC,MIL,2014,4.00,Distribution Main,N/A,In Service,N/A,No,Major,312.44
624.122255,,,Y,50,624.122,0.0,0.1,OPEN,PVC,MIL,2014,2.00,Distribution Main,N/A,In Service,N/A,No,Minor,624.08
399.165202,,,Y,50,399.165,0.0,0.1,OPEN,PVC,MIL,2014,2.00,Distribution Main,N/A,In Service,N/A,No,Minor,399.14
264.682808,,,Y,75,240.872,0.0,0.1,OPEN,GI,MIL,2014,3.00,Distribution Main,N/A,In Service,N/A,No,Major,240.85
186.980397,,,Y,75,186.980,0.0,0.1,OPEN,AC,MIL,2014,3.00,Distribution Main,N/A,In Service,N/A,No,Major,186.97
18.7375343,,,Y,200,18.738,0.0,0.1,OPEN,GI,MIL,2014,8.00,Distribution Main,N/A,In Service,N/A,No,Major,18.74
46.1842698,,,Y,225,46.184,0.0,0.1,OPEN,AC,MIL,2014,9.00,Distribution Main,N/A,In Service,N/A,No,Major,46.18
25.3397818,,,N,225,25.340,0.0,0.1,OPEN,Steel,MIL,2014,9.00,Distribution Main,N/A,In Service,N/A,No,Major,25.34
16.3055095,,,N,225,16.306,0.0,0.1,OPEN,Steel,MIL,2014,9.00,Distribution Main,N/A,In Service,N/A,No,Major,16.30
5.30035111,,,Y,150,5.300,0.0,0.1,OPEN,Steel,MIL,2014,6.00,Distribution Main,N/A,In Service,N/A,No,Major,5.30
4.87675643,,,Y,150,4.877,0.0,0.1,OPEN,Steel,MIL,2014,6.00,Distribution Main,N/A,In Service,N/A,No,Major,4.88
5.44465875,,,Y,150,5.445,0.0,0.1,OPEN,Steel,MIL,2014,6.00,Distribution Main,N/A,In Service,N/A,No,Major,5.44
6.79975733,,,N,150,6.800,0.0,0.1,OPEN,Steel,MIL,2014,6.00,Distribution Main,N/A,In Service,N/A,No,Major,6.80
213.191502,,,Y,75,213.192,0.0,0.1,OPEN,GI,ME,2014,3.00,Distribution Main,N/A,In Service,To verify the point of material change.,Yes,Major,213.17
170.440470,,,Y,100,170.440,0.0,0.1,OPEN,PVC,ME,2014,4.00,Distribution Main,N/A,In Service,N/A,No,Major,170.43
167.768122,,,Y,150,167.768,0.0,0.1,OPEN,PVC,ME,2014,6.00,Distribution Main,N/A,In Service,N/A,No,Major,167.76
1348.39446,,,Y,100,1348.394,0.0,0.1,OPEN,PVC,CBD,2014,4.00,Distribution Main,N/A,In Service,N/A,No,Major,1348.31
6.79909908,,,Y,100,6.799,0.0,0.1,OPEN,GI,CBD,2014,4.00,Distribution Main,N/A,In Service,N/A,No,Major,6.80
883.561494,,,Y,225,883.561,0.0,0.1,OPEN,PVC,CBD,2014,9.00,Distribution Main,N/A,In Service,N/A,No,Major,883.49
217.774703,,,Y,100,217.775,0.0,0.1,OPEN,GI,CBD,2014,4.00,Distribution Main,N/A,In Service,N/A,No,Major,217.76
154.410375,,,Y,100,154.410,0.0,0.1,OPEN,GI,CBD,2014,4.00,Distribution Main,N/A,In Service,N/A,No,Major,154.40
217.314938,,,Y,32,217.315,0.0,0.1,OPEN,GI,MYT,2014,1.25,Service line,N/A,In Service,N/A,No,Minor,217.30
72.1081212,,,Y,32,72.108,0.0,0.1,OPEN,GI,MYT,2014,1.25,Service line,N/A,In Service,N/A,No,Minor,72.10
73.3721394,,,Y,32,73.372,0.0,0.1,OPEN,GI,MYT,2014,1.25,Service line,N/A,In Service,N/A,No,Minor,73.37
10.9774244,,,Y,32,10.977,0.0,0.1,OPEN,GI,MYT,2014,1.25,Service line,N/A,In Service,N/A,No,Minor,10.98
44.4097975,,,Y,32,44.410,0.0,0.1,OPEN,GI,MYT,2014,1.25,Service line,N/A,In Service,N/A,No,Minor,44.41
51.2848154,,,Y,32,51.285,0.0,0.1,OPEN,GI,MYT,2014,1.25,Service line,N/A,In Service,N/A,No,Minor,51.28
49.0612606,,,Y,40,49.061,0.0,0.1,OPEN,GI,MYT,2014,1.50,Distribution Main,N/A,In Service,N/A,No,Minor,49.06
83.2191375,,,Y,32,83.219,0.0,0.1,OPEN,GI,MYT,2014,1.25,Service line,N/A,In Service,N/A,No,Minor,83.21
47.2757783,,,Y,32,47.276,0.0,0.1,OPEN,GI,MYT,2014,1.25,Service line,N/A,In Service,N/A,No,Minor,47.27
386.749196,,,Y,100,386.749,0.0,0.1,OPEN,PVC,MYT,2014,4.00,Distribution Main,N/A,In Service,Off take from 8 inch line,No,Major,386.72
255.269042,,,Y,40,255.269,0.0,0.1,OPEN,PVC,MYT,2014,1.50,Distribution Main,N/A,In Service,N/A,No,Minor,255.25
40.5784623,,,Y,100,40.578,0.0,0.1,OPEN,PVC,MYT,2014,4.00,Distribution Main,N/A,In Service,N/A,No,Major,40.58
134.770014,,,Y,100,134.770,0.0,0.1,OPEN,PVC,MYT,2014,4.00,Distribution Main,N/A,In Service,new off take from 8 inch line,No,Major,134.76
103.493546,,,Y,100,103.494,0.0,0.1,OPEN,PVC,MYT,2014,4.00,Distribution Main,N/A,In Service,Off take from 8 inch line,No,Major,103.48
129.147630,,,Y,100,129.148,0.0,0.1,OPEN,PVC,MYT,2014,4.00,Distribution Main,N/A,In Service,Off take from 8 inch line,No,Major,129.14
364.612298,,,Y,100,364.612,0.0,0.1,OPEN,PVC,MYT,2014,4.00,Distribution Main,N/A,In Service,Off take from 8 inch line,No,Major,364.58
558.996931,,,Y,100,558.997,0.0,0.1,OPEN,PVC,MYT,2014,4.00,Distribution Main,N/A,In Service,Off take from 8 inch line,No,Major,558.95
396.115518,,,Y,100,396.116,0.0,0.1,OPEN,PVC,MYT,2014,4.00,Distribution Main,N/A,In Service,Off take to Catholic. Yet to be completed.,No,Major,396.08
89.0201977,,,Y,75,89.020,0.0,0.1,OPEN,PVC,MYT,2014,3.00,Distribution Main,N/A,In Service,N/A,No,Major,89.01
101.672598,,,Y,75,101.673,0.0,0.1,OPEN,HDPE,MYT,21.12.2020,3.00,Distribution Main,2019,In Service,N/A,No,Major,101.66
5.74818653,,,Y,100,5.748,0.0,0.1,OPEN,PVC,MYT,2014,4.00,Distribution Main,N/A,In Service,Off take from Corner Maji,No,Major,5.75
258.071207,,,Y,100,258.071,0.0,0.1,OPEN,PVC,MYT,2014,4.00,Distribution Main,N/A,In Service,Off take from Callbox to Meta Meta Kiosk.,No,Major,258.05
14.3109998,,,Y,50,14.311,0.0,0.1,OPEN,PVC,MYT,2014,2.00,Distribution Main,N/A,In Service,N/A,No,Minor,14.31
96.3541951,,,Y,100,96.354,0.0,0.1,OPEN,PVC,MYT,2014,4.00,Service line,N/A,In Service,N/A,No,Major,96.35
23.7878554,,,Y,50,23.788,0.0,0.1,OPEN,PVC,MYT,2014,2.00,Distribution Main,N/A,In Service,Off take from Callbox to Meta Meta Kiosk.,No,Minor,23.79
432.209855,,,Y,75,432.210,0.0,0.1,OPEN,PVC,MYT,2014,3.00,Distribution Main,01.2012,In Service,Managed by DMM,No,Major,432.17
29.0070244,,,Y,50,29.007,0.0,0.1,OPEN,PVC,MYT,2014,2.00,Distribution Main,01.2012,In Service,Managed by DMM,No,Minor,29.00
538.393728,,,Y,50,538.394,0.0,0.1,OPEN,PVC,MYT,2014,2.00,Distribution Main,01.2012,In Service,Managed by DMM,No,Minor,538.35
407.388948,,,Y,40,407.959,0.0,0.1,OPEN,PVC,MYT,2014,1.50,Distribution Main,01.2012,In Service,Managed by DMM,No,Minor,407.92
344.377248,,,Y,40,344.377,0.0,0.1,OPEN,GI,MYT,2014,1.50,Distribution Main,01.2012,In Service,Managed by DMM,No,Minor,344.35
40.8923839,,,Y,40,40.892,0.0,0.1,OPEN,GI,MYT,2014,1.50,Distribution Main,01.2012,In Service,Managed by DMM,No,Minor,40.89
2.38437316,,,Y,200,2.384,0.0,0.1,OPEN,PVC,MYT,2014,8.00,Distribution Main,N/A,In Service,Off take of 8 inch towards Kona Lejo. Dead end at,No,Major,2.38
85.6464118,,,Y,200,85.646,0.0,0.1,OPEN,PVC,MYT,2014,8.00,Distribution Main,N/A,In Service,N/A,No,Major,85.64
4.54494730,,,Y,200,4.545,0.0,0.1,OPEN,PVC,MYT,2014,8.00,Distribution Main,N/A,In Service,N/A,No,Major,4.54
392.220434,,,Y,200,392.220,0.0,0.1,OPEN,PVC,MYT,2014,8.00,Distribution Main,N/A,In Service,From Kibuye,No,Major,392.19
7.78909126,,,Y,50,7.789,0.0,0.1,OPEN,PVC,MYT,2014,2.00,Distribution Main,N/A,In Service,N/A,No,Minor,7.79
99.2711362,,,Y,25,99.271,0.0,0.1,OPEN,PVC,MYT,2014,1.00,Service line,N/A,In Service,N/A,No,Minor,99.26
76.1486911,,,Y,50,76.149,0.0,0.1,OPEN,PVC,MYT,2014,2.00,Distribution Main,N/A,In Service,N/A,No,Minor,76.14
87.9419237,,,Y,20,87.942,0.0,0.1,OPEN,PVC,MYT,2014,0.75,Service line,N/A,In Service,N/A,No,Minor,87.93
13.5056225,,,Y,25,13.506,0.0,0.1,OPEN,PVC,MYT,2014,1.00,Service line,N/A,In Service,N/A,No,Minor,13.50
84.6829489,,,Y,25,84.683,0.0,0.1,OPEN,PVC,MYT,2014,1.00,Service line,N/A,In Service,N/A,No,Minor,84.68
74.5757935,,,Y,25,74.576,0.0,0.1,OPEN,PVC,MYT,2014,1.00,Service line,N/A,In Service,N/A,No,Minor,74.57
74.8505512,,,Y,25,74.851,0.0,0.1,OPEN,PVC,MYT,2014,1.00,Service line,N/A,In Service,N/A,No,Minor,74.84
48.9139199,,,Y,25,48.914,0.0,0.1,OPEN,PVC,MYT,2014,1.00,Service line,N/A,In Service,N/A,No,Minor,48.91
50.9786336,,,Y,25,50.979,0.0,0.1,OPEN,PVC,MYT,2014,1.00,Service line,N/A,In Service,N/A,No,Minor,50.97
56.3347033,,,Y,25,56.335,0.0,0.1,OPEN,PVC,MYT,2014,1.00,Service line,N/A,In Service,N/A,No,Minor,56.33
12.9430924,,,Y,20,12.943,0.0,0.1,OPEN,PVC,MYT,2014,0.75,Service line,N/A,In Service,N/A,No,Minor,12.94
10.8492663,,,Y,40,10.849,0.0,0.1,OPEN,PVC,ME,2014,1.50,Distribution Main,N/A,In Service,N/A,No,Minor,10.85
27.1983811,,,Y,25,27.198,0.0,0.1,OPEN,PVC,ME,2014,1.00,Service line,N/A,In Service,N/A,No,Minor,27.20
24.8103943,,,Y,25,24.810,0.0,0.1,OPEN,PVC,ME,2014,1.00,Service line,N/A,In Service,N/A,No,Minor,24.81
233.173429,,,Y,25,233.173,0.0,0.1,OPEN,PVC,ME,2014,1.00,Service line,N/A,In Service,N/A,No,Minor,233.16
76.9953246,,,Y,25,76.995,0.0,0.1,OPEN,PVC,ME,2014,1.00,Service line,N/A,In Service,N/A,No,Minor,76.99
56.2733394,,,Y,25,56.273,0.0,0.1,OPEN,PVC,ME,2014,1.00,Service line,N/A,In Service,N/A,No,Minor,56.27
81.5779047,,,Y,25,81.578,0.0,0.1,OPEN,PVC,ME,2014,1.00,Service line,N/A,In Service,N/A,No,Minor,81.57
52.7273491,,,Y,25,52.727,0.0,0.1,OPEN,PVC,ME,2014,1.00,Service line,N/A,In Service,N/A,No,Minor,52.72
26.7757790,,,Y,25,26.776,0.0,0.1,OPEN,PVC,ME,2014,1.00,Service line,N/A,In Service,N/A,No,Minor,26.77
156.726070,,,Y,25,156.726,0.0,0.1,OPEN,PVC,ME,2014,1.00,Service line,N/A,In Service,N/A,No,Minor,156.71
91.9871646,,,Y,25,91.987,0.0,0.1,OPEN,PVC,ME,2014,1.00,Service line,N/A,In Service,N/A,No,Minor,91.98
1.09891184,,,Y,50,1.099,0.0,0.1,OPEN,PVC,ME,2014,2.00,Distribution Main,N/A,In Service,N/A,No,Minor,1.10
2.02704360,,,Y,50,2.027,0.0,0.1,OPEN,PVC,ME,2014,2.00,Distribution Main,03.2014,In Service,N/A,No,Minor,2.03
232.553377,,,Y,75,232.553,0.0,0.1,OPEN,PVC,ME,2014,3.00,Distribution Main,04.2014,In Service,N/A,No,Major,232.54
111.875336,,,Y,40,111.875,0.0,0.1,OPEN,PVC,ME,2014,1.50,Distribution Main,N/A,In Service,N/A,No,Minor,111.87
53.3299594,,,Y,20,53.330,0.0,0.1,OPEN,PVC,ME,2014,0.75,Service line,N/A,In Service,N/A,No,Minor,53.33
26.2308869,,,Y,20,26.231,0.0,0.1,OPEN,PVC,ME,2014,0.75,Service line,N/A,In Service,N/A,No,Minor,26.23
76.0948095,,,Y,20,76.095,0.0,0.1,OPEN,PVC,ME,2014,0.75,Service line,N/A,In Service,N/A,No,Minor,76.09
575.687149,,,Y,40,575.687,0.0,0.1,OPEN,PVC,KREKAJ,2014,1.50,Distribution Main,N/A,In Service,N/A,No,Minor,575.63
210.808714,,,Y,25,210.809,0.0,0.1,OPEN,PVC,KREKAJ,2014,1.00,Service line,N/A,In Service,N/A,No,Minor,210.79
208.938899,,,Y,40,208.939,0.0,0.1,OPEN,PVC,KREKAJ,2014,1.50,Distribution Main,N/A,In Service,N/A,No,Minor,208.92
390.001029,,,Y,25,390.001,0.0,0.1,OPEN,PVC,KREKAJ,2014,1.00,Service line,N/A,In Service,N/A,No,Minor,389.96
264.962609,,,Y,50,264.963,0.0,0.1,OPEN,PVC,KREKAJ,2014,2.00,Distribution Main,N/A,In Service,N/A,No,Minor,264.94
196.390665,,,Y,50,196.391,0.0,0.1,OPEN,PVC,MYT,2014,2.00,Distribution Main,N/A,In Service,N/A,No,Minor,196.37
181.475515,,,Y,50,181.476,0.0,0.1,OPEN,PVC,MYT,2014,2.00,Distribution Main,N/A,In Service,N/A,No,Minor,181.46
534.407492,,,Y,50,534.407,0.0,0.1,OPEN,PVC,KREKAJ,2014,2.00,Distribution Main,N/A,In Service,N/A,No,Minor,534.36
180.135978,,,Y,50,180.136,0.0,0.1,OPEN,PVC,MYT,2014,2.00,Distribution Main,N/A,In Service,N/A,No,Minor,180.12
119.742139,,,Y,75,119.742,0.0,0.1,OPEN,PVC,KREKAJ,2014,3.00,Distribution Main,N/A,In Service,N/A,No,Major,119.73
124.802622,,,Y,75,124.803,0.0,0.1,OPEN,PVC,KREKAJ,2014,3.00,Distribution Main,N/A,In Service,N/A,No,Major,124.79
189.539652,,,Y,75,189.540,0.0,0.1,OPEN,PVC,KREKAJ,2014,3.00,Distribution Main,N/A,In Service,N/A,No,Major,189.52
1189.23267,,,Y,75,1181.073,0.0,0.1,OPEN,PVC,KREKAJ,2014,3.00,Distribution Main,N/A,In Service,N/A,No,Major,1180.97
192.831983,,,Y,100,192.832,0.0,0.1,OPEN,PVC,KREKAJ,2014,4.00,Distribution Main,N/A,In Service,N/A,No,Major,192.82
65.4541200,,,Y,150,65.454,0.0,0.1,OPEN,PVC,KREKAJ,2014,6.00,Distribution Main,N/A,In Service,N/A,No,Major,65.45
238.049821,,,Y,20,238.050,0.0,0.1,OPEN,PVC,MYT,2014,0.75,Service line,N/A,In Service,N/A,No,Minor,238.03
495.082983,,,Y,40,495.083,0.0,0.1,OPEN,PVC,KREKAJ,2014,1.50,Distribution Main,N/A,In Service,N/A,No,Minor,495.04
172.915800,,,Y,40,172.916,0.0,0.1,OPEN,PVC,KREKAJ,2014,1.50,Distribution Main,N/A,In Service,N/A,No,Minor,172.90
83.3847387,,,Y,32,83.385,0.0,0.1,OPEN,PVC,MYT,2014,1.25,Service line,N/A,In Service,N/A,No,Minor,83.38
405.074509,,,Y,32,405.075,0.0,0.1,OPEN,PVC,MYT,2014,1.25,Distribution Main,N/A,In Service,N/A,No,Minor,405.04
201.793055,,,Y,32,201.793,0.0,0.1,OPEN,PVC,KREKAJ,2014,1.25,Service line,N/A,In Service,N/A,No,Minor,201.78
89.9698946,,,Y,32,89.970,0.0,0.1,OPEN,PVC,KREKAJ,2014,1.25,Service line,N/A,In Service,N/A,No,Minor,89.96
368.362862,,,Y,75,368.363,0.0,0.1,OPEN,GI,ME,2014,3.00,Distribution Main,N/A,In Service,To be replaced by PVC,No,Major,368.33
303.613138,,,Y,75,303.613,0.0,0.1,OPEN,GI,ME,2014,3.00,Distribution Main,N/A,In Service,N/A,No,Major,303.59
159.586765,,,Y,75,159.587,0.0,0.1,OPEN,GI,ME,2014,3.00,Distribution Main,N/A,In Service,N/A,No,Major,159.57
233.884689,,,Y,75,233.885,0.0,0.1,OPEN,GI,ME,2014,3.00,Distribution Main,N/A,In Service,N/A,No,Major,233.87
606.482655,,,Y,100,606.483,0.0,0.1,OPEN,PVC,ME,2014,4.00,Distribution Main,N/A,In Service,N/A,No,Major,606.44
29.4440517,,,Y,100,29.444,0.0,0.1,OPEN,GI,ME,2014,4.00,Distribution Main,N/A,In Service,N/A,No,Major,29.44
30.6153528,,,Y,100,30.615,0.0,0.1,OPEN,GI,ME,2014,4.00,Distribution Main,N/A,In Service,N/A,No,Major,30.61
302.146135,,,Y,100,302.146,0.0,0.1,OPEN,PVC,ME,2014,4.00,Distribution Main,N/A,In Service,N/A,No,Major,302.12
135.672988,,,Y,100,135.673,0.0,0.1,OPEN,PVC,MIL,2014,4.00,Distribution Main,N/A,In Service,N/A,No,Major,135.66
16.3025223,,,Y,75,16.303,0.0,0.1,OPEN,AC,MIL,2014,3.00,Distribution Main,N/A,In Service,N/A,No,Major,16.30
100.516316,,,Y,75,100.516,0.0,0.1,OPEN,GI,MIL,2014,3.00,Distribution Main,N/A,In Service,N/A,No,Major,100.51
684.348178,,,Y,75,684.348,0.0,0.1,OPEN,GI,MIL,2014,3.00,Distribution Main,N/A,In Service,N/A,No,Major,684.30
97.9014237,,,Y,100,97.901,0.0,0.1,OPEN,PVC,MIL,2014,4.00,Distribution Main,N/A,In Service,N/A,No,Major,97.89
682.543206,,,Y,75,682.543,0.0,0.1,OPEN,GI,MIL,2014,3.00,Distribution Main,N/A,In Service,N/A,No,Major,682.49
681.468908,,,Y,75,681.469,0.0,0.1,OPEN,GI,MIL,2014,3.00,Distribution Main,N/A,In Service,N/A,No,Major,681.42
251.347013,,,Y,75,251.347,0.0,0.1,OPEN,GI,ME,2014,3.00,Distribution Main,N/A,In Service,N/A,No,Major,251.33
58.8944231,,,Y,100,58.894,0.0,0.1,OPEN,PVC,MIL,2014,4.00,Distribution Main,N/A,In Service,N/A,No,Major,58.89
1.68601936,,,Y,25,1.686,0.0,0.1,OPEN,PVC,ME,2014,1.00,Service line,N/A,In Service,N/A,No,Minor,1.69
188.867533,,,Y,150,188.868,0.0,0.1,OPEN,PVC,ME,2014,6.00,Distribution Main,N/A,In Service,N/A,No,Major,188.85
360.053911,,,Y,75,360.054,0.0,0.1,OPEN,GI,ME,2014,3.00,Distribution Main,N/A,In Service,N/A,No,Major,360.03
82.5362008,,,Y,50,82.536,0.0,0.1,OPEN,PVC,ME,2014,2.00,Distribution Main,N/A,In Service,N/A,No,Minor,82.53
214.613108,,,Y,50,214.613,0.0,0.1,OPEN,GI,ME,2014,2.00,Distribution Main,N/A,In Service,N/A,No,Minor,214.60
338.980596,,,Y,100,338.981,0.0,0.1,OPEN,PVC,ME,2014,,Distribution Main,N/A,In Service,LTAP Lines,No,Major,338.95
46.2580733,,,Y,75,46.258,0.0,0.1,OPEN,AC,ME,2014,3.00,Distribution Main,N/A,In Service,N/A,No,Major,46.25
417.757446,,,Y,75,432.271,0.0,0.1,OPEN,PVC,ME,2014,3.00,Distribution Main,N/A,In Service,N/A,No,Major,432.24
437.921808,,,Y,50,251.745,0.0,0.1,OPEN,PVC,ME,2014,2.00,Distribution Main,N/A,In Service,N/A,No,Minor,251.72
574.539867,,,Y,100,574.540,0.0,0.1,OPEN,PVC,ME,2014,4.00,Distribution Main,N/A,In Service,LTAP Lines,No,Major,574.49
217.713637,,,Y,100,217.714,0.0,0.1,OPEN,PVC,ME,2014,4.00,Distribution Main,N/A,In Service,LTAP Lines,No,Major,217.70
728.712729,,,Y,100,728.713,0.0,0.1,OPEN,PVC,ME,2014,,Distribution Main,N/A,In Service,LTAP Lines,No,Major,728.65
31.3831616,,,Y,50,31.383,0.0,0.1,OPEN,PVC,ME,2014,2.00,Distribution Main,N/A,In Service,N/A,No,Minor,31.38
11.2876124,,,Y,20,11.288,0.0,0.1,OPEN,PVC,ME,2014,0.75,Service line,05.2014,In Service,N/A,No,Minor,11.29
59.1935264,,,Y,20,59.194,0.0,0.1,OPEN,PVC,ME,2014,0.75,Service line,05.2014,In Service,N/A,No,Minor,59.19
12.9817485,,,Y,20,12.982,0.0,0.1,OPEN,PVC,ME,2014,0.75,Service line,05.2014,In Service,N/A,No,Minor,12.98
24.9009854,,,Y,40,24.901,0.0,0.1,OPEN,PVC,MYT,2014,1.50,Distribution Main,05.2014,In Service,Supplies 'spaghettis',No,Minor,24.90
2.02810454,,,Y,20,2.028,0.0,0.1,OPEN,PVC,ME,2014,0.75,Service line,05.2014,In Service,N/A,No,Minor,2.03
1.75088322,,,Y,25,1.751,0.0,0.1,OPEN,PVC,ME,2014,1.00,Service line,05.2014,In Service,N/A,No,Minor,1.75
32.6893665,,,Y,25,32.689,0.0,0.1,OPEN,PVC,ME,2014,1.00,Service line,05.2014,In Service,N/A,No,Minor,32.69
18.7392143,,,Y,25,18.739,0.0,0.1,OPEN,PVC,ME,2014,1.00,Service line,05.2014,In Service,N/A,No,Minor,18.74
27.8762251,,,Y,20,27.876,0.0,0.1,OPEN,PVC,ME,2014,0.75,Service line,N/A,Out of service,N/A,No,Minor,27.87
240.687133,,,Y,75,240.687,0.0,0.1,OPEN,GI,CBD,2014,3.00,Distribution Main,N/A,In Service,N/A,No,Major,240.67
241.655955,,,Y,150,241.656,0.0,0.1,OPEN,AC,CBD,2014,6.00,Distribution Main,N/A,In Service,N/A,No,Major,241.64
241.275477,,,Y,75,241.275,0.0,0.1,OPEN,PVC,MIL,2014,3.00,Distribution Main,09.2014,In Service,N/A,No,Major,241.26
65.3933002,,,Y,75,65.393,0.0,0.1,OPEN,GI,MYT,2014,3.00,Service line,N/A,In Service,N/A,No,Major,65.39
447.945079,,,Y,250,447.945,0.0,0.1,OPEN,Steel,CBD,2014,10.00,Distribution Main,2014,In Service,LTAP Lines,No,Major,447.92
36.5481709,,,N,225,36.548,0.0,0.1,OPEN,GI,MIL,2014,9.00,Transmission Main,N/A,In Service,N/A,No,Major,36.55
34.2038500,,,N,150,34.204,0.0,0.1,OPEN,GI,MIL,2014,6.00,Transmission Main,N/A,In Service,N/A,No,Major,34.20
31.6367490,,,N,225,31.637,0.0,0.1,OPEN,GI,MIL,2014,9.00,Transmission Main,N/A,In Service,N/A,No,Major,31.63
29.7911049,,,N,150,29.791,0.0,0.1,OPEN,GI,MIL,2014,6.00,Transmission Main,N/A,In Service,N/A,No,Major,29.79
273.150650,,,Y,50,273.151,0.0,0.1,OPEN,PVC,MIL,2014,2.00,Distribution Main,N/A,In Service,N/A,No,Minor,273.13
252.508184,,,Y,50,252.508,0.0,0.1,OPEN,PVC,MIL,2014,2.00,Distribution Main,N/A,In Service,N/A,No,Minor,252.49
196.192565,,,Y,50,196.193,0.0,0.1,OPEN,PVC,MIL,2014,2.00,Distribution Main,N/A,In Service,N/A,No,Minor,196.18
257.897771,,,Y,50,257.898,0.0,0.1,OPEN,PVC,MIL,2014,2.00,Distribution Main,N/A,In Service,N/A,No,Minor,257.88
382.843814,,,Y,50,382.844,0.0,0.1,OPEN,PVC,MIL,2014,2.00,Distribution Main,N/A,In Service,N/A,No,Minor,382.82
17.6683353,,,Y,100,17.668,0.0,0.1,OPEN,GI,CBD,2014,4.00,Distribution Main,N/A,In Service,N/A,No,Major,17.67
1396.12041,,,Y,100,866.958,0.0,0.1,OPEN,PVC,CBD,2014,4.00,Distribution Main,N/A,In Service,N/A,No,Major,866.90
681.924910,,,Y,100,303.858,0.0,0.1,OPEN,GI,CBD,2014,4.00,Distribution Main,N/A,In Service,N/A,No,Major,303.84
13.4107876,,,Y,400,13.411,0.0,0.1,OPEN,Steel,CBD,2014,16.00,Transmission Main,2014,In Service,LTAP Lines,No,Major,13.41
7.41485969,,,Y,400,7.415,0.0,0.1,OPEN,Steel,CBD,2014,16.00,Transmission Main,2014,In Service,LTAP Lines,No,Major,7.41
29.5514047,,,Y,50,29.551,0.0,0.1,OPEN,PVC,MIL,2014,2.00,Distribution Main,09.2014,In Service,N/A,No,Minor,29.55
44.5142780,,,Y,50,44.514,0.0,0.1,OPEN,PVC,MIL,2014,2.00,Distribution Main,09.2014,In Service,N/A,No,Minor,44.51
132.916204,,,Y,75,132.916,0.0,0.1,OPEN,GI,MIL,2014,3.00,Distribution Main,N/A,In Service,Low pressure,No,Major,132.91
171.463311,,,Y,100,171.463,0.0,0.1,OPEN,PVC,MIL,2014,4.00,Distribution Main,N/A,In Service,N/A,No,Major,171.45
115.236340,,,Y,40,115.236,0.0,0.1,OPEN,GI,MYT,2014,1.50,Distribution Main,N/A,In Service,N/A,No,Minor,115.23
100.618568,,,Y,50,100.619,0.0,0.1,OPEN,GI,MYT,2014,2.00,Distribution Main,N/A,In Service,N/A,No,Minor,100.61
167.507968,,,Y,50,167.508,0.0,0.1,OPEN,GI,MYT,2014,2.00,Distribution Main,N/A,In Service,N/A,No,Minor,167.49
183.326281,,,Y,50,183.326,0.0,0.1,OPEN,PVC,CBD,2014,2.00,Distribution Main,2014,In Service,LTAP Extension lines,No,Minor,183.31
98.7975400,,,Y,40,98.793,0.0,0.1,OPEN,PVC,CBD,2014,,Distribution Main,2014,In Service,LTAP Extension lines,No,Minor,98.79
3.60232169,,,Y,25,3.602,0.0,0.1,OPEN,PVC,CBD,2014,1.00,Service line,08.2014,In Service,LTAP Extension lines,No,Minor,3.60
14.8029839,,,Y,20,14.803,0.0,0.1,OPEN,PVC,CBD,2014,0.75,Service line,N/A,In Service,LTAP Extension lines,No,Minor,14.80
64.6697330,,,Y,40,64.670,0.0,0.1,OPEN,PVC,CBD,2014,1.50,Distribution Main,2014,In Service,LTAP Extension lines,No,Minor,64.67
13.0247024,,,Y,25,13.025,0.0,0.1,OPEN,PVC,CBD,2014,1.00,Service line,08.2014,In Service,LTAP Extension lines,No,Minor,13.02
64.0018925,,,Y,20,64.002,0.0,0.1,OPEN,PVC,KREKAJ,2014,0.75,Service line,08.2014,In Service,LTAP Extension lines,No,Minor,64.00
18.3612056,,,Y,25,18.361,0.0,0.1,OPEN,PVC,CBD,2014,1.00,Service line,08.2014,In Service,LTAP Extension lines,No,Minor,18.36
36.6677181,,,Y,25,36.668,0.0,0.1,OPEN,PVC,CBD,2014,1.00,Service line,08.2014,In Service,LTAP Extension lines,No,Minor,36.66
23.5950271,,,Y,75,23.595,0.0,0.1,OPEN,PVC,KREKAJ,2014,3.00,Service line,2014,In Service,LTAP Extension lines,No,Major,23.59
156.512325,,,Y,100,156.512,0.0,0.1,OPEN,PVC,KREKAJ,2014,4.00,Distribution Main,2014,In Service,LTAP Extension lines,No,Major,156.50
50.3791747,,,Y,50,50.379,0.0,0.1,OPEN,PVC,KREKAJ,2014,2.00,Distribution Main,,In Service,LTAP Extension lines,No,Minor,50.38
69.8544779,,,Y,100,69.854,0.0,0.1,OPEN,Steel,CBD,2014,4.00,Distribution Main,N/A,In Service,N/A,No,Major,69.85
185.560208,,,Y,50,185.560,0.0,0.1,OPEN,PVC,MYT,2014,2.00,Distribution Main,2014,In Service,N/A,No,Minor,185.54
156.454157,,,Y,50,156.454,0.0,0.1,OPEN,PVC,MYT,2014,2.00,Distribution Main,2014,In Service,N/A,No,Minor,156.44
103.180966,,,Y,50,103.181,0.0,0.1,OPEN,PVC,MYT,2014,2.00,Distribution Main,2014,In Service,N/A,No,Minor,103.17
6.66144718,,,Y,50,6.661,0.0,0.1,OPEN,PVC,MYT,2014,2.00,Distribution Main,2014,In Service,N/A,No,Minor,6.66
36.4324441,,,Y,50,36.432,0.0,0.1,OPEN,PVC,MYT,2014,2.00,Distribution Main,2014,In Service,N/A,No,Minor,36.43
70.8345679,,,Y,50,70.835,0.0,0.1,OPEN,PVC,MYT,2014,2.00,Distribution Main,2014,In Service,N/A,No,Minor,70.83
99.6626687,,,Y,50,99.663,0.0,0.1,OPEN,PVC,MYT,2014,2.00,Distribution Main,2014,In Service,N/A,No,Minor,99.65
29.1124305,,,Y,50,29.112,0.0,0.1,OPEN,PVC,MYT,2014,2.00,Distribution Main,2014,In Service,N/A,No,Minor,29.11
3.44548426,,,Y,50,3.445,0.0,0.1,OPEN,PVC,MYT,2014,2.00,Distribution Main,2014,In Service,N/A,No,Minor,3.45
6.29037189,,,Y,50,6.290,0.0,0.1,OPEN,PVC,MYT,2014,2.00,Distribution Main,2014,In Service,N/A,No,Minor,6.29
4.47283355,,,Y,50,4.473,0.0,0.1,OPEN,PVC,MYT,2014,2.00,Distribution Main,2014,In Service,N/A,No,Minor,4.47
18.1242620,,,Y,50,18.124,0.0,0.1,OPEN,PVC,MYT,2014,2.00,Distribution Main,2014,In Service,N/A,No,Minor,18.12
22.4663858,,,Y,50,22.466,0.0,0.1,OPEN,PVC,MYT,2014,2.00,Distribution Main,2014,In Service,N/A,No,Minor,22.46
173.157994,,,Y,50,173.158,0.0,0.1,OPEN,PVC,KREKAJ,07.2015,2.00,Distribution Main,2014,In Service,Pamoja Trust Funded -DMM,No,Minor,173.14
62.3731273,,,Y,50,62.373,0.0,0.1,OPEN,PVC,KREKAJ,2014,2.00,Distribution Main,2014,In Service,Pamoja Trust Funded -DMM,No,Minor,62.37
34.0476410,,,Y,40,34.048,0.0,0.1,OPEN,PVC,KREKAJ,07.2015,1.50,Distribution Main,2014,In Service,Pamoja Trust Funded -DMM,No,Minor,34.05
2.06254098,,,Y,50,2.063,0.0,0.1,OPEN,PVC,KREKAJ,2014,2.00,Distribution Main,2014,In Service,Pamoja Trust Funded -DMM,No,Minor,2.06
4.10395380,,,Y,50,4.104,0.0,0.1,OPEN,PVC,KREKAJ,2014,2.00,Distribution Main,2014,In Service,Pamoja Trust Funded -DMM,No,Minor,4.10
65.4975142,,,Y,50,65.498,0.0,0.1,OPEN,PVC,KREKAJ,2014,2.00,Distribution Main,2014,In Service,Pamoja Trust Funded -DMM,No,Minor,65.49
50.5555536,,,Y,50,50.556,0.0,0.1,OPEN,PVC,KREKAJ,2014,2.00,Distribution Main,2014,In Service,Pamoja Trust Funded -DMM,No,Minor,50.55
309.073592,,,Y,50,309.074,0.0,0.1,OPEN,PVC,MIL,2014,2.00,Distribution Main,N/A,In Service,N/A,No,Minor,309.05
131.812584,,,Y,150,131.813,0.0,0.1,OPEN,PVC,KREKAJ,2014,6.00,Distribution Main,06.2014,In Service,LTAP Extension lines,No,Major,131.80
58.9163090,,,Y,32,58.916,0.0,0.1,OPEN,PVC,KREKAJ,2014,1.25,Service line,06.2014,In Service,N/A,No,Minor,58.91
59.9264409,,,Y,25,59.926,0.0,0.1,OPEN,PVC,CBD,2014,1.00,Service line,08.2014,In Service,LTAP Extension lines,No,Minor,59.92
614.318073,,,Y,350,614.318,0.0,0.1,OPEN,Steel,CBD,2014,14.00,Transmission Main,2014,In Service,LTAP Lines,No,Major,614.27
550.918128,,,Y,350,550.918,0.0,0.1,OPEN,PVC,ME,2014,14.00,Distribution Main,2014,In Service,LTAP Lines,No,Major,550.87
253.089309,,,Y,100,253.089,0.0,0.1,OPEN,PVC,CBD,2014,4.00,Distribution Main,11.2014,In Service,New Extensions,No,Major,253.08
269.306232,,,Y,25,269.306,0.0,0.1,OPEN,PVC,KREKAJ,01.2015,1.00,Distribution Main,10.2014,In Service,New Extensions,No,Minor,269.28
77.3510923,,,Y,150,77.111,0.0,0.1,OPEN,PVC,KREKAJ,01.2015,6.00,Distribution Main,10.2014,In Service,New Extensions,No,Major,77.10
431.648384,,,Y,100,440.654,0.0,0.1,OPEN,PVC,KREKAJ,01.2015,4.00,Distribution Main,12.2014,In Service,New Extensions,No,Major,440.62
204.128640,,,Y,50,204.129,0.0,0.1,OPEN,PVC,KREKAJ,01.2015,2.00,Distribution Main,01.2015,In Service,New Extensions,No,Minor,204.11
83.9473454,,,Y,50,83.947,0.0,0.1,OPEN,PVC,KREKAJ,01.2015,2.00,Distribution Main,12.2014,In Service,New Extensions,No,Minor,83.94
6.77115051,,,Y,50,6.771,0.0,0.1,OPEN,PVC,CBD,01.2015,2.00,Distribution Main,09.2014,In Service,New Extensions,No,Minor,6.77
37.5346565,,,Y,75,37.535,0.0,0.1,OPEN,HDPE,CBD,20.06.2022,3.00,Distribution Main,2022,In Service,New Extensions,Ovh,Major,37.53
248.074107,,,Y,50,251.305,0.0,0.1,OPEN,PVC,CBD,01.2015,2.00,Distribution Main,09.2014,In Service,New Extensions,No,Minor,251.29
476.825206,,,Y,100,476.825,0.0,0.1,OPEN,PVC,CBD,01.2015,,Distribution Main,12.2014,In Service,New Extensions,No,Major,476.79
111.622960,,,Y,50,111.623,0.0,0.1,OPEN,PVC,CBD,01.2015,2.00,Distribution Main,12.2014,In Service,New Extensions,No,Minor,111.62
128.533513,,,Y,50,128.534,0.0,0.1,OPEN,PVC,CBD,01.2015,2.00,Distribution Main,08.2014,In Service,New Extensions,No,Minor,128.53
336.154639,,,Y,100,336.155,0.0,0.1,OPEN,PVC,CBD,01.2015,4.00,Distribution Main,12.2014,In Service,New Extensions,No,Major,336.14
125.114992,,,Y,100,125.115,0.0,0.1,OPEN,PVC,CBD,01.2015,4.00,Distribution Main,12.2014,In Service,New Extensions,No,Major,125.11
101.414246,,,Y,50,101.414,0.0,0.1,OPEN,PVC,CBD,01.2015,2.00,Distribution Main,12.2014,In Service,New Extensions,No,Minor,101.41
310.600822,,,Y,100,310.601,0.0,0.1,OPEN,PVC,CBD,01.2015,4.00,Distribution Main,12.2014,In Service,New Extensions,No,Major,310.59
65.2397908,,,Y,75,65.240,0.0,0.1,OPEN,PVC,CBD,01.2015,3.00,Distribution Main,12.2014,In Service,New Extensions,No,Major,65.24
192.954167,,,Y,50,192.954,0.0,0.1,OPEN,PVC,CBD,01.2015,2.00,Distribution Main,12.2014,In Service,New Extensions,No,Minor,192.94
5.09289662,,,Y,50,5.093,0.0,0.1,OPEN,PVC,CBD,01.2015,2.00,Distribution Main,12.2014,In Service,New Extensions,No,Minor,5.09
145.199995,,,Y,50,145.200,0.0,0.1,OPEN,PVC,CBD,01.2015,2.00,Distribution Main,12.2014,In Service,New Extensions,No,Minor,145.19
43.0116942,,,Y,100,43.012,0.0,0.1,OPEN,PVC,MYT,02.2015,4.00,Distribution Main,02.2015,In Service,Network renewal,No,Major,43.01
681.585929,,,Y,100,681.586,0.0,0.1,OPEN,PVC,MIL,02.2015,4.00,Distribution Main,02.2015,In Service,Network renewal,No,Major,681.54
759.461292,,,Y,150,759.461,0.0,0.1,OPEN,PVC,MIL,2014,6.00,Distribution Main,N/A,In Service,N/A,No,Major,759.41
306.863927,,,Y,150,306.864,0.0,0.1,OPEN,PVC,MIL,2014,6.00,Distribution Main,N/A,In Service,N/A,No,Major,306.84
165.331562,,,Y,200,165.332,0.0,0.1,OPEN,PVC,MIL,2014,8.00,Distribution Main,N/A,In Service,N/A,No,Major,165.32
57.1397787,,,Y,200,57.140,0.0,0.1,OPEN,PVC,MIL,2014,8.00,Distribution Main,N/A,In Service,N/A,No,Major,57.14
16.7121163,,,Y,150,16.712,0.0,0.1,OPEN,PVC,MIL,2014,6.00,Distribution Main,N/A,In Service,N/A,No,Major,16.71
389.330305,,,Y,200,389.330,0.0,0.1,OPEN,PVC,MIL,2014,8.00,Distribution Main,N/A,In Service,N/A,No,Major,389.30
690.011262,,,Y,200,690.011,0.0,0.1,OPEN,PVC,MIL,2014,8.00,Distribution Main,N/A,In Service,N/A,No,Major,689.96
343.234141,,,Y,75,343.234,0.0,0.1,OPEN,PVC,MIL,02.2015,3.00,Distribution Main,02.2015,In Service,Laid by contractor,No,Major,343.21
100.629224,,,Y,75,100.629,0.0,0.1,OPEN,PVC,MIL,02.2015,3.00,Distribution Main,02.2015,In Service,Laid by contractor,No,Major,100.62
604.158984,,,Y,50,604.159,0.0,0.1,OPEN,PVC,CBD,08.2015,,Distribution Main,08.2015,In Service,New extension,No,Minor,604.12
454.920053,,,Y,225,454.920,0.0,0.1,OPEN,AC,CBD,05.2015,9.00,Distribution Main,N/A,In Service,N/A,No,Major,454.89
390.809708,,,Y,100,390.810,0.0,0.1,OPEN,GI,KREKAJ,03.2015,4.00,Distribution Main,N/A,In Service,N/A,No,Major,390.78
147.597968,,,Y,50,147.598,0.0,0.1,OPEN,PVC,KREKAJ,03.2015,2.00,Distribution Main,N/A,In Service,N/A,No,Minor,147.58
168.035762,,,Y,100,168.036,0.0,0.1,OPEN,PVC,KREKAJ,03.2015,4.00,Distribution Main,N/A,In Service,N/A,No,Major,168.02
41.8208183,,,Y,50,41.821,0.0,0.1,OPEN,PVC,KREKAJ,2014,2.00,Distribution Main,N/A,In Service,N/A,No,Minor,41.82
8.78929321,,,N,300,8.789,0.0,0.1,OPEN,GI,MIL,2014,12.00,Distribution Main,N/A,In Service,Supplies water for backwash.,No,Major,8.79
724.407570,,,Y,600,724.408,0.0,0.1,OPEN,Steel,MIL,2014,24.00,Transmission Main,N/A,In Service,Supplies water to Kibuye.,No,Major,724.35
18.1766122,,,Y,600,18.177,0.0,0.1,OPEN,Steel,CBD,2014,24.00,Distribution Main,N/A,In Service,N/A,No,Major,18.18
64.0739537,,,Y,600,64.074,0.0,0.1,OPEN,Steel,CBD,2014,24.00,Transmission Main,N/A,In Service,Supplies water to Kibuye.,No,Major,64.07
9.39296912,,,Y,350,9.393,0.0,0.1,OPEN,Steel,CBD,2014,14.00,Distribution Main,N/A,In Service,N/A,No,Major,9.39
3.57775283,,,Y,350,3.578,0.0,0.1,OPEN,Steel,CBD,2014,14.00,Distribution Main,N/A,In Service,N/A,No,Major,3.58
44.9755786,,,Y,600,44.976,0.0,0.1,OPEN,Steel,CBD,2014,24.00,Distribution Main,N/A,In Service,N/A,No,Major,44.97
11.1328276,,,Y,350,11.133,0.0,0.1,OPEN,PVC,CBD,2014,14.00,Distribution Main,N/A,In Service,N/A,No,Major,11.13
2.22045637,,,Y,350,2.220,0.0,0.1,OPEN,PVC,CBD,2014,14.00,Distribution Main,N/A,In Service,N/A,No,Major,2.22
20.3222973,,,Y,150,20.322,0.0,0.1,OPEN,Steel,CBD,2014,6.00,Distribution Main,N/A,In Service,N/A,No,Major,20.32
11.1515502,,,Y,150,11.152,0.0,0.1,OPEN,Steel,MIL,2014,6.00,Distribution Main,N/A,In Service,N/A,No,Major,11.15
11.9545728,,,Y,250,11.955,0.0,0.1,OPEN,Steel,MIL,2014,10.00,Distribution Main,N/A,In Service,N/A,No,Major,11.95
3.08961952,,,Y,150,3.090,0.0,0.1,CV,Steel,MIL,2014,6.00,Distribution Main,N/A,In Service,N/A,No,Major,3.09
3.45301196,,,Y,150,3.453,0.0,0.1,CLOSED,Steel,MIL,2014,6.00,Distribution Main,N/A,In Service,N/A,No,Major,3.45
4.90391637,,,Y,220,4.904,0.0,0.1,CLOSED,Steel,CBD,2014,8.00,Distribution Main,N/A,In Service,Supplies water to Kibuye.,No,Major,4.90
7.53399317,,,Y,220,7.534,0.0,0.1,OPEN,GI,MIL,2014,8.00,Distribution Main,N/A,In Service,Supplies water to Kibuye.,No,Major,7.53
19.8879107,,,Y,350,19.888,0.0,0.1,OPEN,PVC,MIL,2014,14.00,Transmission Main,N/A,In Service,Supplies water to Kibuye.,No,Major,19.89
105.983554,,,Y,350,105.984,0.0,0.1,OPEN,PVC,CBD,2014,14.00,Transmission Main,N/A,In Service,Supplies water to Kibuye.,No,Major,105.98
1657.06981,,,Y,350,1657.070,0.0,0.1,OPEN,PVC,MIL,2014,14.00,Transmission Main,N/A,In Service,Supplies water to Kibuye.,No,Major,1656.96
125.187867,,,Y,350,125.188,0.0,0.1,OPEN,PVC,CBD,2014,14.00,Transmission Main,N/A,In Service,Supplies water to Kibuye.,No,Major,125.18
1.84788999,,,Y,350,1.848,0.0,0.1,OPEN,PVC,CBD,2014,14.00,Transmission Main,N/A,In Service,Supplies water to Kibuye.,No,Major,1.85
16.1000752,,,Y,350,16.100,0.0,0.1,OPEN,PVC,CBD,2014,14.00,Transmission Main,N/A,In Service,Supplies water to Kibuye.,No,Major,16.10
2.78158124,,,Y,350,2.782,0.0,0.1,OPEN,PVC,CBD,2014,14.00,Transmission Main,N/A,In Service,Supplies water to Kibuye.,No,Major,2.78
59.4613592,,,Y,350,59.461,0.0,0.1,OPEN,PVC,CBD,2014,14.00,Transmission Main,N/A,In Service,Supplies water to Kibuye.,No,Major,59.46
2.84586023,,,Y,350,2.846,0.0,0.1,OPEN,PVC,CBD,2014,14.00,Transmission Main,N/A,In Service,Supplies water to Kibuye.,No,Major,2.85
354.888614,,,Y,350,354.889,0.0,0.1,OPEN,PVC,CBD,2014,14.00,Transmission Main,N/A,In Service,Supplies water to Kibuye.,No,Major,354.86
139.162240,,,Y,350,139.162,0.0,0.1,OPEN,PVC,CBD,2014,14.00,Transmission Main,N/A,In Service,Supplies water to Kibuye.,No,Major,139.15
755.316946,,,Y,350,755.317,0.0,0.1,OPEN,PVC,CBD,2014,14.00,Transmission Main,N/A,In Service,Supplies water to Kibuye.,No,Major,755.26
56.7572454,,,Y,150,56.757,0.0,0.1,OPEN,PVC,ME,2014,6.00,Distribution Main,N/A,In Service,N/A,No,Major,56.75
103.146119,,,Y,100,103.146,0.0,0.1,OPEN,GI,CBD,2014,4.00,Distribution Main,N/A,In Service,N/A,No,Major,103.14
95.5989373,,,Y,100,95.599,0.0,0.1,OPEN,GI,CBD,2014,4.00,Distribution Main,N/A,In Service,N/A,No,Major,95.59
28.5389333,,,Y,100,28.539,0.0,0.1,OPEN,GI,CBD,2014,4.00,Distribution Main,N/A,In Service,N/A,No,Major,28.54
601.094400,,,Y,150,601.094,0.0,0.1,OPEN,PVC,MIL,2014,6.00,Distribution Main,N/A,In Service,N/A,No,Major,601.05
260.329864,,,Y,150,260.330,0.0,0.1,OPEN,PVC,MIL,2014,6.00,Distribution Main,N/A,In Service,N/A,No,Major,260.31
100.010767,,,Y,150,100.011,0.0,0.1,OPEN,PVC,MIL,2014,6.00,Distribution Main,N/A,In Service,N/A,No,Major,100.00
94.8541682,,,Y,100,94.854,0.0,0.1,OPEN,PVC,MIL,2014,4.00,Distribution Main,N/A,In Service,N/A,No,Major,94.85
36.2037356,,,Y,100,36.204,0.0,0.1,OPEN,PVC,MIL,2014,4.00,Distribution Main,N/A,In Service,N/A,No,Major,36.20
86.1662307,,,Y,100,86.166,0.0,0.1,OPEN,PVC,MIL,2014,4.00,Distribution Main,N/A,In Service,N/A,No,Major,86.16
319.990776,,,Y,100,319.991,0.0,0.1,OPEN,PVC,MIL,2014,4.00,Distribution Main,N/A,In Service,N/A,No,Major,319.97
21.5455856,,,Y,50,21.546,0.0,0.1,OPEN,PVC,MIL,2014,2.00,Distribution Main,N/A,In Service,N/A,No,Minor,21.54
149.977401,,,Y,200,149.977,0.0,0.1,OPEN,PVC,MIL,2014,8.00,Distribution Main,N/A,In Service,N/A,No,Major,149.97
261.002425,,,Y,200,261.002,0.0,0.1,OPEN,PVC,MIL,2014,8.00,Distribution Main,N/A,In Service,N/A,No,Major,260.98
315.889614,,,Y,100,315.890,0.0,0.1,OPEN,GI,ME,2014,4.00,Distribution Main,N/A,In Service,N/A,No,Major,315.87
76.9067149,,,Y,225,76.907,0.0,0.1,OPEN,AC,MIL,2014,9.00,Transmission Main,N/A,In Service,N/A,No,Major,76.90
18.1295135,,,Y,225,18.130,0.0,0.1,OPEN,AC,MIL,2014,9.00,Transmission Main,N/A,In Service,N/A,No,Major,18.13
19.8498421,,,Y,225,19.850,0.0,0.1,OPEN,AC,MIL,2014,9.00,Distribution Main,N/A,In Service,N/A,No,Major,19.85
17.3595211,,,Y,250,17.360,0.0,0.1,OPEN,GI,MIL,2014,10.00,Distribution Main,2012,In Service,N/A,No,Major,17.36
302.982429,,,Y,225,302.982,0.0,0.1,OPEN,AC,MIL,2014,9.00,Distribution Main,N/A,In Service,N/A,No,Major,302.96
163.629581,,,Y,75,163.630,0.0,0.1,OPEN,AC,MIL,2014,3.00,Distribution Main,N/A,In Service,N/A,No,Major,163.62
1.66564680,,,Y,1000,1.666,0.0,0.1,OPEN,Steel,MIL,2014,40.00,Imaginary Lines,N/A,In Service,Imaginary Lines,No,Major,1.67
6.93750889,,,Y,1000,6.938,0.0,0.1,OPEN,Steel,CBD,2014,40.00,Imaginary Lines,N/A,In Service,Imaginary Lines,No,Major,6.94
6.69613978,,,Y,1000,6.696,0.0,0.1,OPEN,Steel,CBD,2014,40.00,Imaginary Lines,N/A,In Service,Imaginary Lines,No,Major,6.70
685.907926,,,Y,75,685.908,0.0,0.1,OPEN,AC,MIL,2014,3.00,Distribution Main,N/A,In Service,N/A,No,Major,685.86
117.663151,,,Y,75,117.663,0.0,0.1,OPEN,GI,MIL,2014,3.00,Distribution Main,N/A,In Service,N/A,No,Major,117.65
15.0348945,,,Y,75,15.035,0.0,0.1,OPEN,GI,MIL,2014,3.00,Distribution Main,N/A,In Service,N/A,No,Major,15.03
1103.76220,,,Y,75,1103.762,0.0,0.1,OPEN,GI,MIL,2014,3.00,Distribution Main,N/A,In Service,N/A,No,Major,1103.68
2.51781987,,,Y,75,2.518,0.0,0.1,OPEN,GI,MIL,2014,3.00,Distribution Main,N/A,In Service,N/A,No,Major,2.52
117.805016,,,Y,100,117.805,0.0,0.1,OPEN,PVC,MIL,2014,4.00,Distribution Main,N/A,In Service,N/A,No,Major,117.80
21.4782771,,,Y,100,21.478,0.0,0.1,OPEN,PVC,MIL,2014,4.00,Distribution Main,N/A,In Service,N/A,No,Major,21.48
293.757523,,,Y,100,293.758,0.0,0.1,OPEN,PVC,MIL,2014,4.00,Distribution Main,N/A,In Service,N/A,No,Major,293.74
2.27005934,,,Y,100,2.270,0.0,0.1,OPEN,PVC,MIL,2014,4.00,Distribution Main,N/A,In Service,N/A,No,Major,2.27
15.8363836,,,Y,150,15.836,0.0,0.1,OPEN,PVC,MIL,2014,6.00,Distribution Main,N/A,In Service,N/A,No,Major,15.84
368.361930,,,Y,150,368.362,0.0,0.1,OPEN,PVC,MIL,2014,6.00,Distribution Main,N/A,In Service,N/A,No,Major,368.33
58.1176012,,,Y,100,61.858,0.0,0.1,OPEN,GI,MIL,2014,4.00,Distribution Main,N/A,In Service,N/A,No,Major,61.85
310.466471,,,Y,200,310.466,0.0,0.1,OPEN,PVC,MIL,2014,8.00,Distribution Main,N/A,In Service,N/A,No,Major,310.44
2.57994918,,,Y,100,2.580,0.0,0.1,OPEN,GI,ME,2014,4.00,Distribution Main,N/A,In Service,N/A,No,Major,2.58
508.278202,,,Y,100,508.278,0.0,0.1,OPEN,PVC,ME,2014,4.00,Distribution Main,N/A,In Service,N/A,Yes,Major,508.24
66.2006998,,,Y,100,66.201,0.0,0.1,OPEN,PVC,ME,2014,4.00,Distribution Main,N/A,In Service,N/A,No,Major,66.20
426.841109,,,Y,50,426.841,0.0,0.1,OPEN,PVC,ME,2014,2.00,Distribution Main,N/A,In Service,N/A,No,Minor,426.81
537.573079,,,Y,100,537.573,0.0,0.1,OPEN,PVC,ME,2014,,Distribution Main,N/A,In Service,LTAP Lines,No,Major,537.53
95.0830381,,,Y,100,95.083,0.0,0.1,OPEN,PVC,MYT,2014,4.00,Distribution Main,N/A,In Service,LTAP Lines,No,Major,95.08
247.389580,,,Y,100,247.390,0.0,0.1,OPEN,PVC,MYT,2014,4.00,Distribution Main,N/A,In Service,LTAP Lines,No,Major,247.37
326.395192,,,Y,100,326.395,0.0,0.1,OPEN,PVC,ME,2014,4.00,Distribution Main,N/A,In Service,N/A,No,Major,326.37
74.9697770,,,Y,100,74.970,0.0,0.1,OPEN,PVC,ME,2014,4.00,Distribution Main,N/A,In Service,N/A,No,Major,74.96
83.7806127,,,Y,100,83.781,0.0,0.1,OPEN,PVC,ME,2014,4.00,Distribution Main,N/A,In Service,N/A,No,Major,83.77
12.6208316,,,Y,100,12.621,0.0,0.1,OPEN,PVC,ME,2014,4.00,Distribution Main,N/A,In Service,N/A,No,Major,12.62
420.447793,,,Y,150,420.448,0.0,0.1,OPEN,PVC,MIL,2014,6.00,Distribution Main,N/A,In Service,N/A,No,Major,420.42
575.256213,,,Y,150,575.256,0.0,0.1,OPEN,PVC,MIL,2014,6.00,Distribution Main,N/A,In Service,N/A,No,Major,575.21
106.692626,,,Y,200,106.693,0.0,0.1,OPEN,PVC,MIL,2014,8.00,Distribution Main,N/A,In Service,N/A,No,Major,106.69
2210.77530,,,Y,200,2210.775,0.0,0.1,OPEN,PVC,MIL,2014,8.00,Distribution Main,N/A,In Service,N/A,No,Major,2210.61
226.125557,,,Y,100,234.014,0.0,0.1,OPEN,PVC,MIL,02.2015,4.00,Distribution Main,02.2015,In Service,Network renewal,No,Major,233.99
1165.48212,,,Y,100,1165.482,0.0,0.1,OPEN,PVC,MIL,02.2015,4.00,Distribution Main,02.2015,In Service,Network renewal,No,Major,1165.39
981.453449,,,Y,100,981.453,0.0,0.1,OPEN,PVC,MIL,2014,4.00,Distribution Main,N/A,In Service,N/A,No,Major,981.37
47.1480504,,,Y,100,47.148,0.0,0.1,OPEN,PVC,MYT,2014,4.00,Distribution Main,N/A,In Service,N/A,No,Major,47.14
2.87827599,,,Y,225,2.878,0.0,0.1,OPEN,GI,MIL,2014,9.00,Distribution Main,N/A,In Service,N/A,No,Major,2.88
14.6370082,,,Y,225,14.637,0.0,0.1,OPEN,AC,MIL,2014,9.00,Distribution Main,N/A,In Service,When bursts occurs PVC is used in repair.,No,Major,14.64
302.414940,,,Y,225,302.415,0.0,0.1,OPEN,AC,MIL,2014,13.00,Distribution Main,N/A,In Service,When bursts occurs PVC is used in repair.,No,Major,302.39
11.3232411,,,Y,300,11.323,0.0,0.1,OPEN,Steel,MIL,2014,12.00,Distribution Main,N/A,In Service,N/A,No,Major,11.32
4.87588160,,,Y,150,4.876,0.0,0.1,OPEN,Steel,MIL,2014,6.00,Distribution Main,N/A,In Service,N/A,No,Major,4.88
1.56950412,,,Y,150,1.570,0.0,0.1,CLOSED,GI,MIL,2014,6.00,Distribution Main,N/A,In Service,N/A,No,Major,1.57
231.603559,,,Y,225,235.542,0.0,0.1,OPEN,AC,MIL,2014,9.00,Distribution Main,N/A,In Service,N/A,No,Major,235.53
663.384199,,,Y,225,668.934,0.0,0.1,OPEN,AC,MIL,2014,9.00,Distribution Main,N/A,In Service,N/A,No,Major,668.89
496.757540,,,Y,75,496.758,0.0,0.1,OPEN,GI,MIL,2014,3.00,Distribution Main,N/A,In Service,To verify the point of material change.,No,Major,496.72
120.099144,,,Y,50,120.099,0.0,0.1,OPEN,AC,MIL,2014,2.00,Distribution Main,N/A,In Service,To verify dead end or source.,No,Minor,120.09
874.035273,,,Y,75,874.035,0.0,0.1,OPEN,AC,MIL,2014,3.00,Distribution Main,N/A,In Service,To verify dead end or source.,No,Major,873.97
13.8269720,,,Y,75,13.827,0.0,0.1,OPEN,AC,MIL,2014,3.00,Distribution Main,N/A,In Service,To verify dead end or source.,No,Major,13.83
141.745750,,,Y,75,141.746,0.0,0.1,OPEN,GI,MIL,2014,3.00,Distribution Main,N/A,In Service,N/A,No,Major,141.74
215.158433,,,Y,50,215.158,0.0,0.1,OPEN,PVC,MIL,2014,2.00,Distribution Main,N/A,In Service,N/A,No,Minor,215.14
85.3456200,,,Y,75,85.346,0.0,0.1,OPEN,GI,MIL,2014,3.00,Distribution Main,N/A,In Service,Low pressure,No,Major,85.34
371.426732,,,Y,75,371.427,0.0,0.1,OPEN,GI,MIL,2014,3.00,Distribution Main,N/A,In Service,Low pressure,No,Major,371.40
137.853296,,,Y,75,137.853,0.0,0.1,OPEN,PVC,MIL,2014,3.00,Distribution Main,09.2014,In Service,N/A,No,Major,137.84
185.754290,,,Y,75,185.754,0.0,0.1,OPEN,GI,ME,2014,3.00,Distribution Main,N/A,In Service,N/A,No,Major,185.74
887.415165,,,Y,100,887.415,0.0,0.1,OPEN,PVC,ME,2014,4.00,Distribution Main,N/A,In Service,LTAP Lines,No,Major,887.35
642.641702,,,Y,75,642.642,0.0,0.1,OPEN,GI,ME,2014,3.00,Distribution Main,N/A,In Service,N/A,No,Major,642.59
22.5429779,,,Y,75,22.543,0.0,0.1,OPEN,GI,ME,2014,3.00,Distribution Main,N/A,In Service,N/A,No,Major,22.54
346.280101,,,Y,150,346.280,0.0,0.1,OPEN,PVC,ME,2014,6.00,Distribution Main,N/A,In Service,N/A,No,Major,346.25
169.508656,,,Y,150,169.509,0.0,0.1,OPEN,PVC,ME,2014,6.00,Distribution Main,N/A,In Service,N/A,No,Major,169.50
87.9181759,,,Y,75,87.918,0.0,0.1,OPEN,GI,ME,2014,3.00,Distribution Main,N/A,In Service,N/A,No,Major,87.91
66.6437512,,,Y,150,66.644,0.0,0.1,OPEN,PVC,ME,2014,6.00,Distribution Main,N/A,In Service,N/A,No,Major,66.64
28.7401748,,,Y,75,28.740,0.0,0.1,OPEN,GI,CBD,2014,3.00,Distribution Main,N/A,In Service,N/A,No,Major,28.74
53.1298609,,,Y,75,53.130,0.0,0.1,OPEN,GI,CBD,2014,3.00,Distribution Main,N/A,In Service,N/A,No,Major,53.13
23.9694837,,,Y,75,23.969,0.0,0.1,OPEN,GI,CBD,2014,3.00,Distribution Main,N/A,In Service,N/A,No,Major,23.97
129.563149,,,Y,100,129.563,0.0,0.1,OPEN,GI,CBD,2014,4.00,Distribution Main,N/A,In Service,N/A,No,Major,129.55
103.811169,,,Y,100,103.811,0.0,0.1,OPEN,GI,CBD,2014,4.00,Distribution Main,N/A,In Service,N/A,No,Major,103.80
18.3135653,,,Y,50,18.314,0.0,0.1,OPEN,GI,ME,2014,2.00,Distribution Main,N/A,In Service,N/A,No,Minor,18.31
187.342616,,,Y,75,187.343,0.0,0.1,OPEN,AC,ME,2014,3.00,Distribution Main,N/A,In Service,N/A,No,Major,187.33
94.1456913,,,Y,75,94.146,0.0,0.1,OPEN,GI,ME,2014,3.00,Distribution Main,N/A,In Service,N/A,No,Major,94.14
60.5708985,,,Y,75,60.571,0.0,0.1,OPEN,GI,ME,2014,3.00,Distribution Main,N/A,In Service,N/A,No,Major,60.57
128.816960,,,Y,75,128.817,0.0,0.1,OPEN,GI,ME,2014,3.00,Distribution Main,N/A,In Service,N/A,No,Major,128.81
386.163689,,,Y,350,386.164,0.0,0.1,OPEN,PVC,CBD,2014,14.00,Distribution Main,2014,In Service,LTAP Lines,No,Major,386.13
16.7030412,,,Y,350,16.703,0.0,0.1,OPEN,PVC,ME,2014,14.00,Distribution Main,2014,In Service,LTAP Lines,No,Major,16.70
430.212093,,,Y,200,430.212,0.0,0.1,OPEN,PVC,MYT,2014,8.00,Distribution Main,N/A,In Service,Off take of 8 inch towards Kona Lejo. Dead end at,No,Major,430.18
9.53507930,,,Y,200,9.535,0.0,0.1,OPEN,PVC,MYT,2014,8.00,Distribution Main,N/A,In Service,N/A,No,Major,9.53
94.6933484,,,Y,200,94.693,0.0,0.1,OPEN,PVC,MYT,2014,8.00,Distribution Main,N/A,In Service,N/A,No,Major,94.69
10.8833162,,,Y,200,10.883,0.0,0.1,OPEN,PVC,MYT,2014,8.00,Distribution Main,N/A,In Service,From Kibuye,No,Major,10.88
296.804973,,,Y,200,296.805,0.0,0.1,OPEN,PVC,MYT,2014,8.00,Distribution Main,N/A,In Service,From Kibuye,No,Major,296.78
735.666323,,,Y,200,735.666,0.0,0.1,OPEN,PVC,MYT,2014,8.00,Distribution Main,N/A,In Service,N/A,No,Major,735.60
252.693524,,,Y,200,252.694,0.0,0.1,OPEN,PVC,MYT,2014,8.00,Distribution Main,N/A,In Service,N/A,No,Major,252.67
4.56898738,,,Y,200,4.569,0.0,0.1,OPEN,PVC,MYT,2014,8.00,Distribution Main,N/A,In Service,N/A,No,Major,4.57
175.343119,,,Y,200,175.343,0.0,0.1,OPEN,PVC,MYT,2014,8.00,Distribution Main,N/A,In Service,N/A,No,Major,175.33
275.836259,,,Y,200,275.836,0.0,0.1,OPEN,PVC,MYT,2014,8.00,Distribution Main,N/A,In Service,N/A,No,Major,275.81
229.529470,,,Y,100,229.529,0.0,0.1,OPEN,PVC,MYT,2014,4.00,Distribution Main,N/A,In Service,Off take from 8 inch line,No,Major,229.51
237.921055,,,Y,100,237.921,0.0,0.1,OPEN,PVC,MYT,2014,4.00,Distribution Main,N/A,In Service,N/A,No,Major,237.90
173.394913,,,Y,100,173.395,0.0,0.1,OPEN,PVC,MYT,2014,4.00,Distribution Main,N/A,In Service,new off take from 8 inch line,No,Major,173.38
251.176569,,,Y,150,251.177,0.0,0.1,OPEN,PVC,MYT,2014,6.00,Distribution Main,N/A,In Service,Off take from 8 inch line,No,Major,251.15
22.0954961,,,Y,200,22.095,0.0,0.1,OPEN,PVC,MYT,2014,8.00,Distribution Main,N/A,In Service,N/A,No,Major,22.09
334.424030,,,Y,200,334.424,0.0,0.1,OPEN,PVC,MYT,2014,8.00,Distribution Main,N/A,In Service,N/A,No,Major,334.39
129.810485,,,Y,200,129.810,0.0,0.1,OPEN,PVC,MYT,2014,8.00,Distribution Main,N/A,In Service,N/A,No,Major,129.80
94.5024016,,,Y,200,94.502,0.0,0.1,OPEN,PVC,MYT,2014,8.00,Distribution Main,N/A,In Service,N/A,No,Major,94.49
24.8359097,,,Y,200,24.836,0.0,0.1,OPEN,PVC,MYT,2014,8.00,Distribution Main,N/A,In Service,N/A,No,Major,24.83
591.860725,,,Y,200,591.561,0.0,0.1,OPEN,PVC,MYT,2014,8.00,Distribution Main,N/A,In Service,N/A,No,Major,591.51
234.335505,,,Y,200,234.336,0.0,0.1,OPEN,PVC,MYT,2014,8.00,Distribution Main,N/A,In Service,N/A,No,Major,234.32
108.126196,,,Y,200,108.126,0.0,0.1,OPEN,PVC,MYT,2014,8.00,Distribution Main,N/A,In Service,N/A,No,Major,108.12
60.2521082,,,Y,200,60.252,0.0,0.1,OPEN,PVC,MYT,2014,8.00,Distribution Main,N/A,In Service,N/A,No,Major,60.25
842.701195,,,Y,250,842.701,0.0,0.1,OPEN,PVC,MYT,2014,10.00,Distribution Main,N/A,In Service,N/A,No,Major,842.63
1717.92986,,,Y,600,1717.930,0.0,0.1,OPEN,Steel,KREKAJ,2014,24.00,Transmission Main,2014,In Service,LTAP Lines,No,Major,1717.78
1010.47892,,,Y,350,1010.479,0.0,0.1,OPEN,Steel,KREKAJ,2014,14.00,Transmission Main,2014,In Service,LTAP Lines,No,Major,1010.40
109.603007,,,Y,150,109.603,0.0,0.1,OPEN,PVC,KREKAJ,2014,6.00,Distribution Main,06.2014,In Service,LTAP Extension lines,No,Major,109.59
58.1440823,,,Y,150,58.144,0.0,0.1,OPEN,PVC,KREKAJ,2014,6.00,Distribution Main,06.2014,In Service,LTAP Extension lines,No,Major,58.14
53.8762949,,,Y,150,53.876,0.0,0.1,OPEN,PVC,KREKAJ,2014,6.00,Distribution Main,06.2014,In Service,LTAP Extension lines,No,Major,53.87
105.348496,,,Y,150,105.348,0.0,0.1,OPEN,AC,KREKAJ,2014,6.00,Distribution Main,N/A,In Service,N/A,No,Major,105.34
740.905968,,,Y,50,740.906,0.0,0.1,OPEN,PVC,KREKAJ,2014,2.00,Distribution Main,N/A,In Service,N/A,No,Minor,740.83
519.912197,,,Y,50,519.912,0.0,0.1,OPEN,PVC,KREKAJ,2014,2.00,Distribution Main,N/A,In Service,N/A,No,Minor,519.86
12.0026011,,,Y,250,12.003,0.0,0.1,OPEN,PVC,KREKAJ,2014,10.00,Distribution Main,N/A,In Service,N/A,No,Major,12.00
95.0566328,,,Y,32,95.057,0.0,0.1,OPEN,PVC,KREKAJ,2014,1.25,Service line,N/A,In Service,N/A,No,Minor,95.05
64.1772772,,,Y,40,64.177,0.0,0.1,OPEN,PVC,KREKAJ,2014,1.50,Distribution Main,N/A,In Service,N/A,No,Minor,64.17
368.611492,,,Y,40,368.611,0.0,0.1,OPEN,PVC,KREKAJ,2014,1.50,Distribution Main,N/A,In Service,N/A,No,Minor,368.57
155.235617,,,Y,150,155.236,0.0,0.1,OPEN,AC,KREKAJ,2014,6.00,Distribution Main,N/A,In Service,N/A,No,Major,155.22
1792.39041,,,Y,150,1792.390,0.0,0.1,OPEN,AC,KREKAJ,2014,6.00,Distribution Main,N/A,In Service,N/A,No,Major,1792.23
283.789083,,,Y,150,283.789,0.0,0.1,OPEN,AC,KREKAJ,2014,6.00,Distribution Main,N/A,In Service,N/A,No,Major,283.76
176.816673,,,Y,100,176.817,0.0,0.1,OPEN,PVC,KREKAJ,03.2015,4.00,Distribution Main,N/A,In Service,N/A,No,Major,176.80
39.5225775,,,Y,40,39.523,0.0,0.1,OPEN,PVC,KREKAJ,04.2015,1.50,Service line,N/A,In Service,N/A,No,Minor,39.52
1038.28738,,,Y,600,1038.287,0.0,0.1,OPEN,Steel,KREKAJ,2014,24.00,Transmission Main,2014,In Service,LTAP Lines,No,Major,1038.19
148.682454,,,Y,50,148.682,0.0,0.1,OPEN,PVC,KREKAJ,01.2015,2.00,Distribution Main,10.2014,In Service,New Extensions,No,Minor,148.67
302.461172,,,Y,50,147.309,0.0,0.1,OPEN,PVC,KREKAJ,01.2015,2.00,Distribution Main,12.2014,In Service,New Extensions,No,Minor,147.30
107.086437,,,Y,700,107.086,0.0,0.1,OPEN,Steel,KREKAJ,2014,28.00,Transmission Main,2014,In Service,LTAP Lines,No,Major,107.08
436.126928,,,Y,100,436.127,0.0,0.1,OPEN,Steel,KREKAJ,2014,4.00,Distribution Main,2014,In Service,LTAP Lines,No,Major,436.07
6.23232325,,,Y,100,6.232,0.0,0.1,OPEN,Steel,KREKAJ,2014,4.00,Distribution Main,2014,In Service,LTAP Lines,No,Major,6.23
17.7003880,,,Y,100,17.700,0.0,0.1,OPEN,PVC,KREKAJ,2014,4.00,Distribution Main,2014,In Service,LTAP Lines,No,Major,17.70
1646.74130,,,Y,75,1646.741,0.0,0.1,OPEN,PVC,KREKAJ,2014,3.00,Distribution Main,N/A,In Service,N/A,No,Major,1646.59
36.8369345,,,Y,75,36.837,0.0,0.1,CLOSED,PVC,KREKAJ,2014,3.00,Distribution Main,N/A,In Service,N/A,No,Major,36.83
607.030288,,,Y,50,607.030,0.0,0.1,OPEN,PVC,KREKAJ,2014,2.00,Distribution Main,N/A,In Service,N/A,No,Minor,606.98
84.6967520,,,Y,50,84.697,0.0,0.1,OPEN,PVC,KREKAJ,2014,2.00,Distribution Main,02.2014,In Service,Lolwe DMA,No,Minor,84.69
503.860503,,,Y,50,503.861,0.0,0.1,OPEN,PVC,KREKAJ,2014,2.00,Distribution Main,02.2014,In Service,Lolwe DMA,No,Minor,503.82
238.059184,,,Y,50,251.253,0.0,0.1,CLOSED,PVC,KREKAJ,2014,2.00,Distribution Main,02.2014,In Service,Lolwe DMA,No,Minor,251.23
334.304507,,,Y,100,334.305,0.0,0.1,OPEN,PVC,KREKAJ,2014,4.00,Distribution Main,02.2014,In Service,Lolwe DMA,No,Major,334.28
212.016667,,,Y,100,212.017,0.0,0.1,OPEN,PVC,KREKAJ,2014,4.00,Distribution Main,02.2014,In Service,Lolwe DMA,No,Major,212.00
105.185094,,,Y,150,105.185,0.0,0.1,OPEN,PVC,KREKAJ,2014,6.00,Distribution Main,N/A,In Service,N/A,No,Major,105.18
459.751566,,,Y,150,459.752,0.0,0.1,OPEN,PVC,KREKAJ,2014,6.00,Distribution Main,N/A,In Service,N/A,No,Major,459.71
501.527809,,,Y,150,501.528,0.0,0.1,OPEN,PVC,KREKAJ,2014,6.00,Distribution Main,N/A,In Service,N/A,No,Major,501.49
309.366059,,,Y,150,309.366,0.0,0.1,OPEN,PVC,KREKAJ,2014,6.00,Distribution Main,N/A,In Service,N/A,No,Major,309.34
7.25992295,,,Y,150,7.260,0.0,0.1,OPEN,PVC,KREKAJ,2014,6.00,Distribution Main,N/A,In Service,N/A,No,Major,7.26
111.154456,,,Y,150,111.154,0.0,0.1,OPEN,PVC,KREKAJ,2014,6.00,Distribution Main,N/A,In Service,N/A,No,Major,111.15
100.766788,,,Y,150,100.767,0.0,0.1,OPEN,PVC,KREKAJ,2014,6.00,Distribution Main,N/A,In Service,N/A,No,Major,100.76
2.70558481,,,Y,150,2.706,0.0,0.1,OPEN,PVC,KREKAJ,2014,6.00,Distribution Main,N/A,In Service,N/A,No,Major,2.71
168.911561,,,Y,150,168.912,0.0,0.1,OPEN,PVC,KREKAJ,2014,6.00,Distribution Main,N/A,In Service,N/A,No,Major,168.90
148.563833,,,Y,150,148.564,0.0,0.1,OPEN,PVC,KREKAJ,2014,6.00,Distribution Main,N/A,In Service,N/A,No,Major,148.55
263.972684,,,Y,150,263.973,0.0,0.1,OPEN,PVC,KREKAJ,2014,6.00,Distribution Main,N/A,In Service,N/A,No,Major,263.95
158.076150,,,Y,150,158.076,0.0,0.1,OPEN,PVC,KREKAJ,2014,6.00,Distribution Main,N/A,In Service,N/A,No,Major,158.06
63.0781467,,,Y,75,63.078,0.0,0.1,OPEN,GI,KREKAJ,2014,3.00,Distribution Main,N/A,In Service,N/A,No,Major,63.07
83.3600884,,,Y,75,83.360,0.0,0.1,OPEN,GI,KREKAJ,2014,3.00,Distribution Main,N/A,In Service,N/A,No,Major,83.35
54.0841177,,,Y,75,54.084,0.0,0.1,OPEN,GI,KREKAJ,2014,3.00,Distribution Main,N/A,In Service,N/A,No,Major,54.08
69.9069206,,,Y,75,69.907,0.0,0.1,OPEN,GI,KREKAJ,2014,3.00,Distribution Main,N/A,In Service,N/A,No,Major,69.90
65.7167113,,,Y,75,65.717,0.0,0.1,OPEN,GI,KREKAJ,2014,3.00,Distribution Main,N/A,In Service,N/A,No,Major,65.71
109.200898,,,Y,75,109.201,0.0,0.1,OPEN,GI,KREKAJ,2014,3.00,Distribution Main,N/A,In Service,N/A,No,Major,109.19
59.6209666,,,Y,75,59.621,0.0,0.1,OPEN,GI,KREKAJ,2014,3.00,Distribution Main,N/A,In Service,N/A,No,Major,59.62
63.7136094,,,Y,75,63.714,0.0,0.1,OPEN,GI,KREKAJ,2014,3.00,Distribution Main,N/A,In Service,N/A,No,Major,63.71
62.9423892,,,Y,75,62.942,0.0,0.1,OPEN,GI,KREKAJ,2014,3.00,Distribution Main,N/A,In Service,N/A,No,Major,62.94
56.6049158,,,Y,75,56.605,0.0,0.1,OPEN,GI,KREKAJ,2014,3.00,Distribution Main,N/A,In Service,N/A,No,Major,56.60
80.2601652,,,Y,75,80.260,0.0,0.1,OPEN,GI,KREKAJ,2014,3.00,Distribution Main,N/A,In Service,N/A,No,Major,80.25
177.153312,,,Y,100,177.153,0.0,0.1,OPEN,PVC,KREKAJ,2014,4.00,Distribution Main,N/A,In Service,N/A,No,Major,177.14
138.814312,,,Y,100,138.814,0.0,0.1,OPEN,PVC,KREKAJ,2014,4.00,Distribution Main,N/A,In Service,N/A,No,Major,138.80
41.1900356,,,Y,100,41.190,0.0,0.1,OPEN,GI,CBD,2014,4.00,Distribution Main,N/A,In Service,N/A,No,Major,41.19
150.961211,,,Y,100,150.961,0.0,0.1,OPEN,GI,CBD,2014,4.00,Distribution Main,N/A,In Service,N/A,No,Major,150.95
141.175129,,,Y,150,141.175,0.0,0.1,OPEN,GI,CBD,2014,6.00,Distribution Main,N/A,In Service,N/A,No,Major,141.16
116.472557,,,Y,150,116.473,0.0,0.1,OPEN,PVC,KREKAJ,2014,6.00,Distribution Main,06.2014,In Service,LTAP Extension lines,No,Major,116.46
76.5788222,,,Y,150,76.579,0.0,0.1,OPEN,PVC,KREKAJ,2014,6.00,Distribution Main,06.2014,In Service,LTAP Extension lines,No,Major,76.57
394.914816,,,Y,150,378.212,0.0,0.1,OPEN,PVC,KREKAJ,2014,6.00,Distribution Main,06.2014,In Service,LTAP Extension lines,No,Major,378.18
8.04417845,,,Y,150,8.044,0.0,0.1,OPEN,PVC,KREKAJ,2014,6.00,Distribution Main,06.2014,In Service,LTAP Extension lines,No,Major,8.04
52.4532252,,,Y,150,52.453,0.0,0.1,OPEN,PVC,KREKAJ,2014,6.00,Distribution Main,06.2014,In Service,LTAP Extension lines,No,Major,52.45
63.7153676,,,Y,150,63.715,0.0,0.1,OPEN,PVC,KREKAJ,2014,6.00,Distribution Main,06.2014,In Service,LTAP Extension lines,No,Major,63.71
286.361054,,,Y,75,286.361,0.0,0.1,OPEN,PVC,KREKAJ,2014,3.00,Distribution Main,06.2014,In Service,LTAP Extension lines,No,Major,286.34
81.5616068,,,Y,150,81.562,0.0,0.1,OPEN,PVC,KREKAJ,2014,6.00,Distribution Main,06.2014,In Service,LTAP Extension lines,No,Major,81.56
6.92452039,,,Y,100,6.925,0.0,0.1,OPEN,PVC,KREKAJ,2014,4.00,Distribution Main,2014,In Service,LTAP Extension lines,No,Major,6.92
272.729502,,,Y,50,272.730,0.0,0.1,OPEN,PVC,KREKAJ,2014,2.00,Distribution Main,2014,In Service,LTAP Extension lines,No,Minor,272.71
36.9568531,,,Y,50,36.957,0.0,0.1,OPEN,PVC,KREKAJ,2014,2.00,Distribution Main,2014,In Service,LTAP Extension lines,No,Minor,36.95
140.527890,,,Y,50,140.528,0.0,0.1,OPEN,PVC,KREKAJ,2014,2.00,Distribution Main,08.2014,In Service,LTAP Extension lines,No,Minor,140.52
809.421529,,,Y,350,809.422,0.0,0.1,OPEN,Steel,KREKAJ,2014,14.00,Transmission Main,2014,In Service,LTAP Lines,No,Major,809.36
323.317556,,,Y,50,323.318,0.0,0.1,OPEN,PVC,CBD,2014,2.00,Distribution Main,2014,In Service,LTAP Extension lines,No,Minor,323.29
3.18729242,,,Y,50,3.187,0.0,0.1,OPEN,PVC,CBD,2014,2.00,Distribution Main,2014,In Service,LTAP Extension lines,No,Minor,3.19
17.8987776,,,Y,40,17.899,0.0,0.1,OPEN,PVC,CBD,2014,1.50,Distribution Main,2014,In Service,LTAP Extension lines,No,Minor,17.90
8.04076152,,,Y,40,8.041,0.0,0.1,OPEN,PVC,CBD,2014,1.50,Distribution Main,2014,In Service,LTAP Extension lines,No,Minor,8.04
332.291801,,,Y,300,332.292,0.0,0.1,OPEN,Steel,CBD,2014,12.00,Transmission Main,2014,In Service,LTAP Lines,No,Major,332.27
355.853896,,,Y,50,355.854,0.0,0.1,OPEN,PVC,CBD,01.2015,2.00,Distribution Main,09.2014,In Service,New Extensions,No,Minor,355.83
480.507170,,,Y,300,480.507,0.0,0.1,OPEN,Steel,CBD,2014,12.00,Transmission Main,2014,In Service,LTAP Lines,No,Major,480.48
145.660613,,,Y,300,145.661,0.0,0.1,OPEN,Steel,CBD,2014,12.00,Transmission Main,2014,In Service,LTAP Lines,No,Major,145.65
413.277231,,,Y,600,413.277,0.0,0.1,OPEN,Steel,KREKAJ,2014,24.00,Transmission Main,2014,In Service,LTAP Lines,No,Major,413.24
150.071017,,,Y,400,150.071,0.0,0.1,OPEN,Steel,KREKAJ,2014,16.00,Transmission Main,2014,In Service,LTAP Lines,No,Major,150.06
51.0181800,,,Y,400,51.018,0.0,0.1,OPEN,Steel,CBD,2014,16.00,Transmission Main,2014,In Service,LTAP Lines,No,Major,51.01
74.3593861,,,Y,400,74.359,0.0,0.1,OPEN,Steel,CBD,2014,16.00,Transmission Main,2014,In Service,LTAP Lines,No,Major,74.35
7.32455325,,,Y,5000,7.325,0.0,0.1,OPEN,Steel,CBD,2014,200.0,Imaginary Lines,N/A,In Service,Imaginary Lines,No,Major,7.32
7.05927986,,,Y,5000,7.059,0.0,0.1,OPEN,Steel,CBD,2014,200.0,Imaginary Lines,N/A,In Service,Imaginary Lines,No,Major,7.06
370.643273,,,Y,200,370.643,0.0,0.1,OPEN,PVC,KREKAJ,2014,8.00,Distribution Main,N/A,In Service,N/A,No,Major,370.61
233.772754,,,Y,200,233.773,0.0,0.1,OPEN,PVC,KREKAJ,2014,8.00,Distribution Main,N/A,In Service,N/A,No,Major,233.75
32.0292616,,,Y,75,32.029,0.0,0.1,OPEN,PVC,KREKAJ,2014,3.00,Distribution Main,N/A,In Service,N/A,No,Major,32.03
38.6065895,,,Y,100,38.607,0.0,0.1,OPEN,PVC,KREKAJ,2014,4.00,Distribution Main,N/A,In Service,N/A,No,Major,38.60
45.7276717,,,Y,150,45.728,0.0,0.1,OPEN,PVC,KREKAJ,2014,6.00,Distribution Main,N/A,In Service,N/A,No,Major,45.72
73.1396018,,,Y,150,73.140,0.0,0.1,OPEN,PVC,KREKAJ,2014,6.00,Distribution Main,N/A,In Service,N/A,No,Major,73.13
905.861792,,,Y,350,905.862,0.0,0.1,OPEN,Steel,CBD,2014,14.00,Distribution Main,2014,In Service,LTAP Lines,No,Major,905.81
622.097394,,,Y,250,622.097,0.0,0.1,OPEN,Steel,CBD,2014,10.00,Distribution Main,2014,In Service,LTAP Lines,No,Major,622.07
170.963428,,,Y,250,170.963,0.0,0.1,OPEN,Steel,CBD,2014,10.00,Distribution Main,2014,In Service,LTAP Lines,No,Major,170.95
227.188161,,,Y,250,227.188,0.0,0.1,OPEN,Steel,CBD,2014,10.00,Distribution Main,2014,In Service,LTAP Lines,No,Major,227.18
460.456909,,,Y,250,460.457,0.0,0.1,OPEN,Steel,CBD,2014,10.00,Distribution Main,2014,In Service,LTAP Lines,No,Major,460.44
785.043479,,,Y,250,785.043,0.0,0.1,OPEN,Steel,CBD,2014,10.00,Distribution Main,2014,In Service,LTAP Lines,No,Major,785.01
848.603347,,,Y,200,674.349,0.0,0.1,OPEN,Steel,CBD,2014,8.00,Distribution Main,2014,In Service,LTAP Lines,No,Major,674.32
70.4159063,,,Y,200,70.416,0.0,0.1,OPEN,Steel,CBD,2014,8.00,Distribution Main,2014,In Service,LTAP Lines,No,Major,70.41
121.815641,,,Y,200,121.816,0.0,0.1,OPEN,Steel,CBD,2014,8.00,Distribution Main,2014,In Service,LTAP Lines,No,Major,121.81
134.628860,,,Y,50,134.629,0.0,0.1,OPEN,PVC,CBD,01.2015,2.00,Distribution Main,12.2014,In Service,New Extensions,No,Minor,134.62
213.487032,,,Y,75,213.487,0.0,0.1,OPEN,PVC,CBD,01.2015,3.00,Distribution Main,09.2014,In Service,New Extensions,No,Major,213.48
238.226278,,,Y,100,238.226,0.0,0.1,OPEN,GI,CBD,2014,4.00,Distribution Main,N/A,In Service,N/A,No,Major,238.21
370.357189,,,Y,150,353.271,0.0,0.1,OPEN,AC,CBD,2014,6.00,Distribution Main,N/A,In Service,N/A,No,Major,353.24
418.872727,,,Y,100,358.290,0.0,0.1,OPEN,PVC,KREKAJ,2014,4.00,Distribution Main,N/A,In Service,N/A,No,Major,358.26
215.345685,,,Y,150,215.346,0.0,0.1,OPEN,PVC,CBD,2014,6.00,Distribution Main,N/A,In Service,N/A,No,Major,215.33
569.294966,,,N,250,569.295,0.0,0.1,OPEN,PVC,CBD,2014,10.00,Distribution Main,N/A,In Service,N/A,No,Major,569.25
1452.50910,,,Y,100,1452.509,0.0,0.1,OPEN,PVC,CBD,2014,4.00,Distribution Main,N/A,In Service,N/A,No,Major,1452.40
1366.45954,,,Y,100,1366.460,0.0,0.1,OPEN,PVC,CBD,2014,4.00,Distribution Main,N/A,In Service,N/A,No,Major,1366.36
414.356950,,,Y,100,414.357,0.0,0.1,OPEN,PVC,CBD,2014,4.00,Distribution Main,N/A,In Service,N/A,No,Major,414.33
139.939964,,,Y,50,139.940,0.0,0.1,OPEN,PVC,KREKAJ,2014,2.00,Distribution Main,N/A,In Service,DMM,No,Minor,139.93
260.772784,,,Y,50,260.773,0.0,0.1,OPEN,PVC,KREKAJ,2014,2.00,Distribution Main,N/A,In Service,DMM,No,Minor,260.75
50.1456880,,,Y,50,50.146,0.0,0.1,OPEN,PVC,KREKAJ,2014,2.00,Distribution Main,N/A,In Service,Pamoja Trust Funded -DMM,No,Minor,50.14
22.2946677,,,Y,50,22.295,0.0,0.1,OPEN,PVC,KREKAJ,2014,2.00,Distribution Main,N/A,In Service,Pamoja Trust Funded -DMM,No,Minor,22.29
111.661210,,,Y,50,111.661,0.0,0.1,OPEN,PVC,KREKAJ,2014,2.00,Distribution Main,N/A,In Service,DMM,No,Minor,111.65
65.5764057,,,Y,50,65.576,0.0,0.1,OPEN,PVC,KREKAJ,2014,2.00,Distribution Main,2014,In Service,Pamoja Trust Funded -DMM,No,Minor,65.57
7.30310072,,,Y,50,7.303,0.0,0.1,OPEN,PVC,KREKAJ,2014,2.00,Distribution Main,2014,In Service,Pamoja Trust Funded -DMM,No,Minor,7.30
7.98788605,,,Y,50,7.988,0.0,0.1,OPEN,PVC,KREKAJ,2014,2.00,Distribution Main,2014,In Service,Pamoja Trust Funded -DMM,No,Minor,7.99
138.184564,,,Y,50,138.185,0.0,0.1,OPEN,PVC,KREKAJ,2014,2.00,Distribution Main,2014,In Service,Pamoja Trust Funded -DMM,No,Minor,138.17
146.896547,,,Y,50,146.897,0.0,0.1,OPEN,PVC,KREKAJ,2014,2.00,Distribution Main,2014,In Service,Pamoja Trust Funded -DMM,No,Minor,146.89
17.0086524,,,Y,50,17.009,0.0,0.1,OPEN,PVC,KREKAJ,2014,2.00,Distribution Main,2014,In Service,Pamoja Trust Funded -DMM,No,Minor,17.01
134.211668,,,Y,150,134.212,0.0,0.1,OPEN,PVC,KREKAJ,2014,6.00,Distribution Main,N/A,In Service,N/A,No,Major,134.20
936.327426,,,Y,600,936.327,0.0,0.1,OPEN,Steel,KREKAJ,2014,24.00,Transmission Main,2014,In Service,LTAP Lines,No,Major,936.25
789.715160,,,Y,100,789.715,0.0,0.1,OPEN,PVC,KREKAJ,2014,4.00,Distribution Main,N/A,In Service,N/A,No,Major,789.65
87.5717735,,,Y,100,87.572,0.0,0.1,OPEN,PVC,KREKAJ,2014,4.00,Distribution Main,N/A,In Service,N/A,No,Major,87.56
327.424689,,,Y,75,327.425,0.0,0.1,OPEN,PVC,KREKAJ,2014,3.00,Distribution Main,N/A,In Service,N/A,No,Major,327.40
81.6284413,,,Y,75,81.628,0.0,0.1,OPEN,PVC,KREKAJ,2014,3.00,Distribution Main,N/A,In Service,N/A,No,Major,81.62
130.344408,,,Y,100,130.344,0.0,0.1,OPEN,PVC,KREKAJ,2014,4.00,Distribution Main,N/A,In Service,N/A,No,Major,130.33
40.3440146,,,Y,150,40.344,0.0,0.1,OPEN,PVC,KREKAJ,2014,6.00,Distribution Main,N/A,In Service,N/A,No,Major,40.34
269.327258,,,Y,150,269.327,0.0,0.1,OPEN,PVC,KREKAJ,2014,6.00,Distribution Main,N/A,In Service,N/A,No,Major,269.30
97.1799314,,,Y,150,97.180,0.0,0.1,OPEN,PVC,KREKAJ,2014,6.00,Distribution Main,N/A,In Service,N/A,No,Major,97.17
43.1648012,,,Y,150,43.165,0.0,0.1,OPEN,PVC,KREKAJ,2014,6.00,Distribution Main,N/A,In Service,N/A,No,Major,43.16
161.907532,,,Y,150,161.908,0.0,0.1,OPEN,PVC,KREKAJ,2014,6.00,Distribution Main,N/A,In Service,N/A,No,Major,161.89
69.6291453,,,Y,75,69.629,0.0,0.1,OPEN,PVC,KREKAJ,2014,3.00,Distribution Main,N/A,In Service,N/A,No,Major,69.62
230.076399,,,Y,100,230.076,0.0,0.1,OPEN,PVC,KREKAJ,2014,4.00,Distribution Main,N/A,In Service,N/A,No,Major,230.06
349.257176,,,Y,100,349.257,0.0,0.1,OPEN,PVC,KREKAJ,2014,4.00,Distribution Main,N/A,In Service,N/A,No,Major,349.23
222.579931,,,Y,150,222.580,0.0,0.1,OPEN,PVC,KREKAJ,2014,6.00,Distribution Main,N/A,In Service,N/A,No,Major,222.56
277.026312,,,Y,150,277.026,0.0,0.1,OPEN,PVC,KREKAJ,2014,6.00,Distribution Main,N/A,In Service,N/A,No,Major,277.00
547.370195,,,Y,150,547.370,0.0,0.1,OPEN,PVC,KREKAJ,2014,6.00,Distribution Main,N/A,In Service,N/A,No,Major,547.32
469.156444,,,Y,150,469.156,0.0,0.1,OPEN,PVC,KREKAJ,2014,6.00,Distribution Main,N/A,In Service,N/A,No,Major,469.11
160.167552,,,Y,75,160.168,0.0,0.1,OPEN,PVC,MYT,2014,3.00,Distribution Main,N/A,In Service,N/A,No,Major,160.15
27.2689125,,,Y,75,27.269,0.0,0.1,OPEN,PVC,KREKAJ,2014,3.00,Distribution Main,N/A,In Service,N/A,No,Major,27.27
494.034472,,,Y,50,494.034,0.0,0.1,OPEN,PVC,MYT,2014,2.00,Distribution Main,N/A,In Service,N/A,No,Minor,493.99
44.1769293,,,Y,50,44.177,0.0,0.1,OPEN,PVC,MYT,2014,2.00,Distribution Main,N/A,In Service,N/A,No,Minor,44.17
238.857907,,,Y,50,238.858,0.0,0.1,OPEN,PVC,MYT,2014,2.00,Distribution Main,N/A,In Service,N/A,No,Minor,238.84
1227.28487,,,Y,75,1227.285,0.0,0.1,OPEN,PVC,KREKAJ,2014,3.00,Distribution Main,N/A,In Service,N/A,No,Major,1227.16
4.28614502,,,Y,50,4.286,0.0,0.1,OPEN,PVC,MYT,2014,2.00,Distribution Main,2014,In Service,N/A,No,Minor,4.29
250.696017,,,Y,75,250.696,0.0,0.1,OPEN,HDPE,MYT,21.12.2020,3.00,Distribution Main,2019,In Service,N/A,No,Major,250.67
29.4984710,,,Y,75,29.498,0.0,0.1,OPEN,HDPE,MYT,21.12.2020,3.00,Distribution Main,2019,In Service,N/A,No,Major,29.50
130.865174,,,Y,100,130.865,0.0,0.1,OPEN,PVC,MYT,2014,4.00,Distribution Main,N/A,In Service,off take from Manyatta Primary School.,No,Major,130.85
162.975835,,,Y,100,173.072,0.0,0.1,OPEN,PVC,MYT,2014,4.00,Distribution Main,N/A,In Service,off take from Manyatta Primary School.,No,Major,173.06
288.600982,,,Y,50,288.601,0.0,0.1,OPEN,PVC,MYT,2014,2.00,Distribution Main,2014,In Service,N/A,No,Minor,288.58
113.298337,,,Y,50,113.298,0.0,0.1,OPEN,PVC,MYT,2014,2.00,Distribution Main,2014,In Service,N/A,No,Minor,113.29
216.385184,,,Y,50,216.385,0.0,0.1,OPEN,PVC,MYT,2014,2.00,Distribution Main,2014,In Service,N/A,No,Minor,216.37
27.6897441,,,Y,50,27.690,0.0,0.1,OPEN,PVC,MYT,2014,2.00,Distribution Main,2014,In Service,N/A,No,Minor,27.69
153.304420,,,Y,75,153.304,0.0,0.1,OPEN,PVC,MYT,2014,3.00,Distribution Main,01.2012,In Service,Managed by DMM,No,Major,153.29
99.7892009,,,Y,75,99.789,0.0,0.1,OPEN,PVC,MYT,2014,3.00,Distribution Main,01.2012,In Service,Managed by DMM,No,Major,99.78
50.5043123,,,Y,50,50.504,0.0,0.1,OPEN,PVC,MYT,2014,2.00,Distribution Main,2014,In Service,N/A,No,Minor,50.50
192.631120,,,Y,50,192.631,0.0,0.1,OPEN,PVC,MYT,2014,2.00,Distribution Main,2014,In Service,N/A,No,Minor,192.61
266.724916,,,Y,40,266.725,0.0,0.1,OPEN,PVC,MYT,2014,1.50,Distribution Main,01.2012,In Service,Managed by DMM,No,Minor,266.70
60.0516112,,,Y,50,60.052,0.0,0.1,OPEN,PVC,MYT,2014,2.00,Distribution Main,01.2012,In Service,Managed by DMM,No,Minor,60.05
256.985719,,,Y,350,256.986,0.0,0.1,OPEN,PVC,MYT,2014,14.00,Distribution Main,2014,In Service,LTAP Lines,No,Major,256.96
39.0518342,,,Y,50,39.052,0.0,0.1,OPEN,PVC,MYT,2014,2.00,Distribution Main,N/A,In Service,N/A,No,Minor,39.05
28.7110136,,,Y,50,28.711,0.0,0.1,OPEN,PVC,MYT,2014,2.00,Distribution Main,N/A,In Service,N/A,No,Minor,28.71
102.114479,,,Y,50,102.114,0.0,0.1,OPEN,PVC,MYT,2014,2.00,Distribution Main,N/A,In Service,N/A,No,Minor,102.11
54.0499920,,,Y,50,54.050,0.0,0.1,OPEN,PVC,MYT,2014,2.00,Distribution Main,N/A,In Service,N/A,No,Minor,54.05
94.7332089,,,Y,25,94.733,0.0,0.1,OPEN,PVC,MYT,2014,1.00,Service line,N/A,In Service,N/A,No,Minor,94.72
82.6859129,,,Y,25,82.686,0.0,0.1,OPEN,PVC,MYT,2014,1.00,Service line,N/A,In Service,N/A,No,Minor,82.68
9.90383688,,,Y,25,9.904,0.0,0.1,OPEN,PVC,MYT,2014,1.00,Service line,N/A,In Service,N/A,No,Minor,9.90
24.0271070,,,Y,25,24.027,0.0,0.1,OPEN,PVC,MYT,2014,1.00,Service line,N/A,In Service,N/A,No,Minor,24.02
9.70884154,,,Y,25,9.709,0.0,0.1,OPEN,PVC,MYT,2014,1.00,Service line,N/A,In Service,N/A,No,Minor,9.71
8.18180856,,,Y,25,8.182,0.0,0.1,OPEN,PVC,MYT,2014,1.00,Service line,N/A,In Service,N/A,No,Minor,8.18
17.3750516,,,Y,25,17.375,0.0,0.1,OPEN,PVC,MYT,2014,1.00,Service line,N/A,In Service,N/A,No,Minor,17.37
37.6912031,,,Y,50,37.691,0.0,0.1,OPEN,PVC,ME,2014,2.00,Distribution Main,03.2014,In Service,N/A,No,Minor,37.69
24.3337932,,,Y,50,24.334,0.0,0.1,OPEN,PVC,ME,2014,2.00,Distribution Main,03.2014,In Service,N/A,No,Minor,24.33
20.1742863,,,Y,50,20.174,0.0,0.1,OPEN,PVC,ME,2014,2.00,Distribution Main,03.2014,In Service,N/A,No,Minor,20.17
32.3253412,,,Y,50,32.325,0.0,0.1,OPEN,PVC,ME,2014,2.00,Distribution Main,03.2014,In Service,N/A,No,Minor,32.32
24.0289484,,,Y,50,24.029,0.0,0.1,OPEN,PVC,ME,2014,2.00,Distribution Main,03.2014,In Service,N/A,No,Minor,24.03
59.7999941,,,Y,50,59.800,0.0,0.1,OPEN,PVC,ME,2014,2.00,Distribution Main,03.2014,In Service,N/A,No,Minor,59.80
19.0251752,,,Y,40,19.025,0.0,0.1,OPEN,PVC,ME,2014,1.50,Distribution Main,N/A,In Service,N/A,No,Minor,19.02
8.60869087,,,Y,40,8.609,0.0,0.1,OPEN,PVC,ME,2014,1.50,Distribution Main,N/A,In Service,N/A,No,Minor,8.61
3.69772970,,,Y,40,3.698,0.0,0.1,OPEN,PVC,ME,2014,1.50,Distribution Main,N/A,In Service,N/A,No,Minor,3.70
32.3459587,,,Y,40,32.346,0.0,0.1,OPEN,PVC,ME,2014,1.50,Distribution Main,N/A,In Service,N/A,No,Minor,32.34
15.2858485,,,Y,40,15.286,0.0,0.1,OPEN,PVC,ME,2014,1.50,Distribution Main,N/A,In Service,N/A,No,Minor,15.28
37.4053299,,,Y,25,37.405,0.0,0.1,OPEN,PVC,ME,2014,1.00,Service line,N/A,In Service,N/A,No,Minor,37.40
29.6757366,,,Y,20,29.676,0.0,0.1,OPEN,PVC,ME,2014,0.75,Service line,N/A,In Service,N/A,No,Minor,29.67
9.93705428,,,Y,25,9.937,0.0,0.1,OPEN,PVC,ME,2014,1.00,Service line,05.2014,In Service,N/A,No,Minor,9.94
26.5335331,,,Y,25,26.534,0.0,0.1,OPEN,PVC,ME,2014,1.00,Service line,N/A,In Service,N/A,No,Minor,26.53
11.4712735,,,Y,25,11.471,0.0,0.1,OPEN,PVC,ME,2014,1.00,Service line,N/A,In Service,N/A,No,Minor,11.47
43.1324352,,,Y,40,43.132,0.0,0.1,OPEN,GI,ME,2014,1.50,Distribution Main,N/A,In Service,N/A,No,Minor,43.13
18.2059270,,,Y,20,18.206,0.0,0.1,OPEN,PVC,ME,2014,0.75,Service line,05.2014,In Service,N/A,No,Minor,18.20
35.1559109,,,Y,50,35.156,0.0,0.1,OPEN,PVC,ME,2014,2.00,Distribution Main,N/A,In Service,N/A,No,Minor,35.15
33.1684639,,,Y,25,33.168,0.0,0.1,OPEN,PVC,ME,2014,1.00,Service line,N/A,In Service,N/A,No,Minor,33.17
1236.31611,,,Y,75,1236.316,0.0,0.1,OPEN,GI,ME,2014,3.00,Distribution Main,N/A,In Service,N/A,No,Major,1236.21
435.918518,,,Y,32,435.919,0.0,0.1,OPEN,GI,MYT,2014,1.25,Service line,N/A,In Service,N/A,No,Minor,435.88
276.205001,,,Y,100,276.205,0.0,0.1,OPEN,PVC,MYT,2014,4.00,Distribution Main,2014,In Service,LTAP Lines,No,Major,276.18
10.0704364,,,Y,100,10.070,0.0,0.1,OPEN,PVC,MYT,2014,4.00,Distribution Main,2014,In Service,LTAP Lines,No,Major,10.07
52.0395043,,,Y,32,52.040,0.0,0.1,OPEN,GI,MYT,2014,1.25,Service line,N/A,In Service,N/A,No,Minor,52.04
87.9149072,,,Y,32,87.915,0.0,0.1,OPEN,GI,MYT,2014,1.25,Service line,N/A,In Service,N/A,No,Minor,87.91
79.8511878,,,Y,32,79.851,0.0,0.1,OPEN,GI,MYT,2014,1.25,Service line,N/A,In Service,N/A,No,Minor,79.84
7.64865180,,,Y,32,7.649,0.0,0.1,OPEN,GI,MYT,2014,1.25,Service line,N/A,In Service,N/A,No,Minor,7.65
29.6522688,,,Y,50,29.652,0.0,0.1,OPEN,GI,MYT,2014,2.00,Distribution Main,N/A,In Service,N/A,No,Minor,29.65
247.044368,,,Y,32,247.044,0.0,0.1,OPEN,GI,MYT,2014,1.25,Service line,N/A,In Service,N/A,No,Minor,247.02
246.667266,,,Y,32,246.667,0.0,0.1,OPEN,GI,MYT,2014,1.25,Service line,N/A,In Service,N/A,No,Minor,246.65
246.508407,,,Y,32,246.508,0.0,0.1,OPEN,GI,MYT,2014,1.25,Service line,N/A,In Service,N/A,No,Minor,246.49
32.8141341,,,Y,32,32.814,0.0,0.1,OPEN,GI,MYT,2014,1.25,Service line,N/A,In Service,N/A,No,Minor,32.81
120.235353,,,Y,40,120.235,0.0,0.1,OPEN,GI,MYT,2014,1.50,Distribution Main,N/A,In Service,N/A,No,Minor,120.23
50.1588806,,,Y,32,50.159,0.0,0.1,OPEN,GI,MYT,2014,1.25,Service line,N/A,In Service,N/A,No,Minor,50.15
102.890944,,,Y,100,102.891,0.0,0.1,OPEN,Steel,CBD,04.2015,4.00,Distribution Main,N/A,In Service,Russia Line,No,Major,102.88
17.1585261,,,Y,100,17.159,0.0,0.1,CLOSED,Steel,CBD,04.2015,4.00,Distribution Main,N/A,In Service,N/A,No,Major,17.16
4.54330260,,,Y,100,4.543,0.0,0.1,OPEN,Steel,CBD,04.2015,4.00,Distribution Main,N/A,In Service,N/A,No,Major,4.54
32.8075488,,,Y,100,32.808,0.0,0.1,OPEN,Steel,CBD,04.2015,4.00,Distribution Main,N/A,In Service,N/A,No,Major,32.80
2.59660646,,,Y,5000,2.597,0.0,0.1,OPEN,Steel,CBD,2014,200.0,Imaginary Lines,N/A,In Service,Imaginary Lines,No,Major,2.60
4.17163353,,,Y,5000,4.172,0.0,0.1,OPEN,Steel,CBD,2014,200.0,Imaginary Lines,N/A,In Service,Imaginary Lines,No,Major,4.17
98.3420571,,,Y,250,98.342,0.0,0.1,OPEN,Steel,CBD,04.2015,10.00,Distribution Main,N/A,In Service,N/A,No,Major,98.33
6.94736267,,,Y,5000,6.947,0.0,0.1,OPEN,Steel,CBD,2014,200.0,Imaginary Lines,N/A,In Service,Imaginary Lines,No,Major,6.95
4.70895304,,,Y,100,4.709,0.0,0.1,OPEN,Steel,CBD,2014,4.00,Distribution Main,N/A,In Service,N/A,No,Major,4.71
4.02652371,,,Y,100,4.027,0.0,0.1,OPEN,Steel,CBD,2014,4.00,Distribution Main,N/A,In Service,N/A,No,Major,4.03
7.52788756,,,Y,100,7.528,0.0,0.1,CLOSED,Steel,CBD,2014,4.00,Distribution Main,N/A,In Service,N/A,No,Major,7.53
11.7265807,,,Y,100,11.727,0.0,0.1,CLOSED,Steel,CBD,2014,4.00,Distribution Main,N/A,In Service,N/A,No,Major,11.73
7.71955154,,,Y,100,7.720,0.0,0.1,CLOSED,Steel,CBD,2014,4.00,Distribution Main,N/A,In Service,N/A,No,Major,7.72
18.8197358,,,Y,600,18.820,0.0,0.1,OPEN,Steel,CBD,2014,24.00,Distribution Main,N/A,In Service,N/A,No,Major,18.82
2.64070778,,,Y,200,2.641,0.0,0.1,OPEN,Steel,CBD,2014,8.00,Distribution Main,N/A,In Service,N/A,No,Major,2.64
18.0691031,,,Y,200,18.069,0.0,0.1,CLOSED,Steel,CBD,2014,8.00,Distribution Main,N/A,In Service,N/A,No,Major,18.07
13.1593137,,,Y,200,13.159,0.0,0.1,CLOSED,Steel,CBD,2014,8.00,Distribution Main,N/A,In Service,N/A,No,Major,13.16
20.2168947,,,Y,600,20.217,0.0,0.1,OPEN,Steel,CBD,2014,24.00,Distribution Main,N/A,In Service,N/A,No,Major,20.22
76.8132978,,,Y,250,76.813,0.0,0.1,OPEN,Steel,CBD,2014,10.00,Distribution Main,N/A,In Service,N/A,No,Major,76.81
26.4807049,,,Y,250,26.481,0.0,0.1,OPEN,PVC,CBD,2014,10.00,Distribution Main,N/A,In Service,N/A,No,Major,26.48
8.04930221,,,Y,350,8.049,0.0,0.1,OPEN,PVC,CBD,2014,14.00,Distribution Main,2014,In Service,LTAP Lines,No,Major,8.05
14.1481782,,,Y,400,14.148,0.0,0.1,OPEN,Steel,CBD,2014,16.00,Transmission Main,2014,In Service,LTAP Lines,No,Major,14.15
313.925419,,,Y,250,313.925,0.0,0.1,OPEN,PVC,CBD,2014,10.00,Distribution Main,N/A,In Service,N/A,No,Major,313.90
21.3714173,,,Y,350,21.371,0.0,0.1,CLOSED,Steel,CBD,2014,14.00,Distribution Main,N/A,In Service,N/A,No,Major,21.37
1.15993180,,,Y,350,1.160,0.0,0.1,CLOSED,PVC,CBD,2014,14.00,Transmission Main,N/A,In Service,Supplies water to Kibuye.,No,Major,1.16
35.6588412,,,Y,350,35.659,0.0,0.1,OPEN,PVC,CBD,2014,14.00,Distribution Main,2014,In Service,LTAP Lines,No,Major,35.66
7.83809065,,,Y,400,7.838,0.0,0.1,OPEN,Steel,CBD,2014,16.00,Distribution Main,N/A,In Service,N/A,No,Major,7.84
7.82661947,,,Y,400,7.827,0.0,0.1,OPEN,Steel,CBD,2014,16.00,Distribution Main,N/A,In Service,N/A,No,Major,7.83
10.8379468,,,Y,400,10.838,0.0,0.1,OPEN,Steel,CBD,2014,16.00,Transmission Main,2014,In Service,LTAP Lines,No,Major,10.84
4.77548835,,,Y,220,4.775,0.0,0.1,CLOSED,Steel,CBD,2014,8.00,Distribution Main,N/A,In Service,N/A,No,Major,4.78
17.0988653,,,Y,5000,17.099,0.0,0.1,CLOSED,Steel,CBD,2014,200.0,Imaginary Lines,N/A,In Service,Imaginary Lines,No,Major,17.10
15.8477882,,,Y,5000,15.848,0.0,0.1,CLOSED,Steel,CBD,2014,200.0,Imaginary Lines,N/A,In Service,Imaginary Lines,No,Major,15.85
75.4328076,,,Y,350,75.433,0.0,0.1,OPEN,PVC,CBD,2014,14.00,Distribution Main,N/A,In Service,N/A,No,Major,75.43
139.373541,,,Y,150,139.374,0.0,0.1,OPEN,GI,CBD,2014,6.00,Distribution Main,N/A,In Service,N/A,No,Major,139.36
129.937949,,,Y,150,129.938,0.0,0.1,OPEN,GI,CBD,2014,6.00,Distribution Main,N/A,In Service,N/A,No,Major,129.93
1047.69928,,,Y,125,1047.699,0.0,0.1,OPEN,GI,CBD,2014,5.00,Distribution Main,N/A,In Service,N/A,No,Major,1047.62
3.68553482,,,Y,200,3.686,0.0,0.1,OPEN,Steel,CBD,2014,8.00,Distribution Main,N/A,In Service,N/A,No,Major,3.69
353.311989,,,Y,350,353.312,0.0,0.1,OPEN,PVC,CBD,2014,14.00,Transmission Main,N/A,In Service,Supplies water to Kibuye.,No,Major,353.28
665.941374,,,Y,75,665.941,0.0,0.1,OPEN,GI,MYT,2014,3.00,Distribution Main,N/A,In Service,N/A,No,Major,665.89
9.71163494,,,Y,220,9.712,0.0,0.1,OPEN,GI,MIL,2014,8.00,Distribution Main,N/A,In Service,Supplies water to Kibuye.,No,Major,9.71
916.235305,,,Y,400,916.235,0.0,0.1,OPEN,Steel,CBD,2014,16.00,Transmission Main,2014,In Service,LTAP Lines,No,Major,916.16
432.450442,,,Y,32,432.450,0.0,0.1,OPEN,GI,ME,2014,1.25,Service line,N/A,In Service,N/A,No,Minor,432.42
375.796657,,,Y,100,375.797,0.0,0.1,OPEN,PVC,MYT,2014,4.00,Distribution Main,N/A,In Service,Off take from Corner Maji,No,Major,375.76
495.869337,,,Y,700,495.869,0.0,0.1,OPEN,Steel,KREKAJ,2014,28.00,Transmission Main,2014,In Service,LTAP Lines,No,Major,495.82
2154.51530,,,Y,700,2154.515,0.0,0.1,OPEN,Steel,KREKAJ,2014,28.00,Transmission Main,2014,In Service,LTAP Lines,No,Major,2154.30
612.082089,,,Y,700,612.082,0.0,0.1,OPEN,Steel,KREKAJ,2014,28.00,Transmission Main,2014,In Service,LTAP Lines,No,Major,612.02
2354.90326,,,Y,600,2354.903,0.0,0.1,OPEN,Steel,KREKAJ,2014,24.00,Transmission Main,2014,In Service,LTAP Lines,No,Major,2354.68
487.692357,,,Y,200,487.692,0.0,0.1,OPEN,Steel,KREKAJ,2014,8.00,Transmission Main,2014,In Service,LTAP Lines,No,Major,487.65
225.155363,,,Y,100,225.155,0.0,0.1,OPEN,PVC,KREKAJ,2014,4.00,Distribution Main,N/A,In Service,Mama Leah,No,Major,225.14
116.457420,,,Y,100,116.457,0.0,0.1,OPEN,PVC,CBD,2014,4.00,Distribution Main,N/A,In Service,N/A,No,Major,116.45
67.6271058,,,Y,32,67.627,0.0,0.1,OPEN,GI,MYT,2014,1.25,Service line,N/A,In Service,N/A,No,Minor,67.62
52.2011261,,,Y,32,52.201,0.0,0.1,OPEN,GI,MYT,2014,1.25,Service line,N/A,In Service,N/A,No,Minor,52.20
67.3588861,,,Y,32,67.359,0.0,0.1,OPEN,GI,MYT,2014,1.25,Service line,N/A,In Service,N/A,No,Minor,67.35
445.240518,,,Y,100,445.241,0.0,0.1,OPEN,PVC,MYT,2014,4.00,Distribution Main,2014,In Service,LTAP Lines,No,Major,445.20
3593.97462,,,Y,200,3593.975,0.0,0.1,OPEN,Steel,KREKAJ,2014,8.00,Distribution Main,2014,In Service,LTAP Lines,No,Major,3593.65
1134.07099,,,Y,100,1134.071,0.0,0.1,OPEN,PVC,MYT,2014,4.00,Distribution Main,2014,In Service,LTAP Lines,No,Major,1133.94
56.9303218,,,Y,75,56.930,0.0,0.1,OPEN,PVC,KREKAJ,2014,3.00,Distribution Main,06.2014,In Service,LTAP Extension lines,No,Major,56.93
419.237170,,,Y,225,419.237,0.0,0.1,OPEN,AC,MIL,2014,9.00,Distribution Main,N/A,In Service,N/A,No,Major,419.21
291.537323,,,Y,75,291.537,0.0,0.1,OPEN,AC,MIL,2014,3.00,Distribution Main,N/A,In Service,N/A,No,Major,291.52
925.823536,,,Y,150,925.824,0.0,0.1,OPEN,PVC,CBD,05.2015,6.00,Distribution Main,2013,In Service,Shallow depth,No,Major,925.76
1027.74262,,,Y,100,1027.743,0.0,0.1,OPEN,PVC,CBD,05.2015,4.00,Distribution Main,2013,In Service,Shallow depth,No,Major,1027.67
2106.87114,,,Y,600,2106.871,0.0,0.1,OPEN,Steel,CBD,2014,24.00,Transmission Main,N/A,In Service,Supplies water to Kibuye.,No,Major,2106.71
230.167223,,,Y,600,230.167,0.0,0.1,OPEN,Steel,ME,2014,24.00,Transmission Main,N/A,In Service,Supplies water to Kibuye.,No,Major,230.15
539.635815,,,Y,100,539.636,0.0,0.1,OPEN,PVC,MYT,2014,,Distribution Main,N/A,In Service,N/A,No,Major,539.59
299.602072,,,Y,100,299.602,0.0,0.1,OPEN,PVC,KREKAJ,07.2015,4.00,Distribution Main,N/A,In Service,DMM,No,Major,299.58
3.15502896,,,Y,50,3.155,0.0,0.1,OPEN,PVC,KREKAJ,07.2015,2.00,Distribution Main,2014,In Service,Pamoja Trust Funded -DMM,No,Minor,3.15
13.5948047,,,Y,50,13.595,0.0,0.1,OPEN,PVC,KREKAJ,07.2015,2.00,Distribution Main,2014,In Service,Pamoja Trust Funded -DMM,No,Minor,13.59
160.755923,,,Y,50,160.756,0.0,0.1,OPEN,PVC,KREKAJ,2014,2.00,Distribution Main,2014,In Service,Pamoja Trust Funded -DMM,No,Minor,160.74
62.3462324,,,Y,100,62.346,0.0,0.1,OPEN,PVC,KREKAJ,07.2015,4.00,Distribution Main,N/A,In Service,Pamoja Trust Funded -DMM,No,Major,62.34
248.757317,,,Y,50,248.757,0.0,0.1,OPEN,PVC,KREKAJ,2014,2.00,Distribution Main,N/A,In Service,Pamoja Trust Funded -DMM,No,Minor,248.74
168.579372,,,Y,40,168.579,0.0,0.1,OPEN,PVC,KREKAJ,07.2015,1.50,Distribution Main,2014,In Service,DMM,No,Minor,168.57
385.940355,,,Y,32,385.940,0.0,0.1,OPEN,PVC,KREKAJ,07.2015,1.25,Distribution Main,2014,In Service,DMM,No,Minor,385.91
199.284826,,,Y,40,199.285,0.0,0.1,OPEN,PVC,KREKAJ,07.2015,1.50,Distribution Main,2014,In Service,DMM,No,Minor,199.27
178.548479,,,Y,40,178.548,0.0,0.1,OPEN,PVC,KREKAJ,07.2015,1.50,Distribution Main,2014,In Service,DMM,No,Minor,178.53
135.492753,,,Y,40,135.493,0.0,0.1,OPEN,PVC,KREKAJ,07.2015,1.50,Distribution Main,2014,In Service,DMM,No,Minor,135.48
103.669607,,,Y,100,103.670,0.0,0.1,OPEN,GI,CBD,07.2015,4.00,Distribution Main,N/A,In Service,,No,Major,103.66
431.593066,,,Y,75,431.593,0.0,0.1,OPEN,PVC,CBD,07.2015,3.00,Distribution Main,07.2015,In Service,N/A,No,Major,431.57
1006.88476,,,Y,75,1006.885,0.0,0.1,OPEN,PVC,CBD,07.2015,3.00,Distribution Main,07.2015,In Service,New connection,No,Major,1006.84
48.1365533,,,Y,100,48.137,0.0,0.1,OPEN,PVC,CBD,07.2015,4.00,Distribution Main,02.2015,In Service,N/A,No,Major,48.13
424.741870,,,Y,50,424.742,0.0,0.1,OPEN,PVC,CBD,07.2015,2.00,Distribution Main,07.2015,In Service,N/A,No,Minor,424.72
26.6962926,,,Y,100,26.696,0.0,0.1,OPEN,GI,MYT,07.2015,4.00,Distribution Main,N/A,In Service,N/A,No,Major,26.69
271.040309,,,Y,100,271.040,0.0,0.1,OPEN,PVC,MYT,07.2015,4.00,Distribution Main,N/A,In Service,N/A,No,Major,271.02
127.043377,,,Y,40,127.043,0.0,0.1,OPEN,PVC,MYT,07.2015,1.50,Distribution Main,N/A,In Service,N/A,No,Minor,127.03
251.572354,,,Y,25,251.572,0.0,0.1,OPEN,PVC,MYT,07.2015,1.00,Distribution Main,07.2016,In Service,N/A,No,Minor,251.55
35.2861420,,,Y,50,35.286,0.0,0.1,OPEN,PVC,MYT,07.2015,2.00,Distribution Main,2012,In Service,N/A,No,Minor,35.28
218.485888,,,Y,50,218.486,0.0,0.1,OPEN,PVC,MYT,07.2015,2.00,Distribution Main,2012,In Service,N/A,No,Minor,218.47
193.527058,,,Y,25,193.527,0.0,0.1,OPEN,PVC,MYT,07.2015,1.00,Distribution Main,N/A,In Service,N/A,No,Minor,193.51
91.3570339,,,Y,100,91.357,0.0,0.1,OPEN,PVC,CBD,07.2015,4.00,Distribution Main,N/A,In Service,,No,Major,91.35
28.6116740,,,Y,100,28.612,0.0,0.1,OPEN,GI,CBD,07.2015,4.00,Distribution Main,,In Service,,No,Major,28.61
189.590673,,,Y,50,189.591,0.0,0.1,OPEN,PVC,CBD,08.2015,2.00,Distribution Main,N/A,In Service,Structures over it,No,Minor,189.58
170.903389,,,Y,20,170.903,0.0,0.1,OPEN,PVC,CBD,08.2015,0.75,Service line,N/A,In Service,Too small,No,Minor,170.89
122.937458,,,Y,25,122.937,0.0,0.1,OPEN,PVC,CBD,08.2015,1.00,Distribution Main,N/A,In Service,Too Small,No,Minor,122.93
194.964267,,,Y,20,194.964,0.0,0.1,OPEN,PVC,CBD,08.2015,0.75,Service line,N/A,In Service,,No,Minor,194.95
108.143378,,,Y,32,108.143,0.0,0.1,OPEN,PVC,CBD,08.2015,1.25,Distribution Main,N/A,In Service,,No,Minor,108.14
186.905808,,,Y,50,186.906,0.0,0.1,OPEN,PVC,CBD,08.2015,2.00,Distribution Main,N/A,In Service,,No,Minor,186.89
172.933361,,,Y,50,172.933,0.0,0.1,OPEN,PVC,CBD,08.2015,2.00,Distribution Main,N/A,In Service,,No,Minor,172.92
25.3787992,,,Y,75,25.379,0.0,0.1,OPEN,PVC,CBD,08.2015,3.00,Distribution Main,N/A,In Service,,No,Major,25.38
57.3179799,,,Y,25,57.318,0.0,0.1,OPEN,PVC,CBD,08.2015,1.00,Service line,N/A,In Service,,No,Minor,57.31
58.8732899,,,Y,25,58.873,0.0,0.1,OPEN,PVC,CBD,08.2015,1.00,Service line,N/A,In Service,,No,Minor,58.87
58.0462365,,,Y,25,58.046,0.0,0.1,OPEN,PVC,CBD,08.2015,1.00,Service line,N/A,In Service,,No,Minor,58.04
59.6538330,,,Y,25,59.654,0.0,0.1,OPEN,PVC,CBD,08.2015,1.00,Service line,N/A,In Service,,No,Minor,59.65
67.5117618,,,Y,25,67.512,0.0,0.1,OPEN,PVC,CBD,08.2015,1.00,Service line,N/A,In Service,,No,Minor,67.51
67.4831109,,,Y,25,67.483,0.0,0.1,OPEN,PVC,CBD,08.2015,1.00,Service line,N/A,In Service,,No,Minor,67.48
68.6560257,,,Y,25,68.656,0.0,0.1,OPEN,PVC,CBD,08.2015,1.00,Service line,N/A,In Service,,No,Minor,68.65
68.8168596,,,Y,25,68.817,0.0,0.1,OPEN,PVC,CBD,08.2015,1.00,Service line,N/A,In Service,,No,Minor,68.81
45.5426168,,,Y,25,45.543,0.0,0.1,OPEN,PVC,CBD,08.2015,1.00,Distribution Main,N/A,In Service,,No,Minor,45.54
49.1509190,,,Y,75,49.151,0.0,0.1,OPEN,PVC,MYT,08.2015,3.00,Distribution Main,08.2015,In Service,New extension,No,Major,49.14
387.689402,,,Y,25,387.689,0.0,0.1,OPEN,PVC,CBD,08.2015,1.00,Distribution Main,N/A,In Service,N/A,No,Minor,387.66
40.4576399,,,Y,25,40.458,0.0,0.1,OPEN,PVC,CBD,08.2015,1.00,Distribution Main,N/A,In Service,,No,Minor,40.45
27.6572487,,,Y,20,27.657,0.0,0.1,OPEN,PVC,CBD,08.2015,0.75,Service line,N/A,In Service,,No,Minor,27.66
70.4659632,,,Y,25,70.466,0.0,0.1,OPEN,PVC,CBD,08.2015,1.00,Service line,N/A,In Service,,No,Minor,70.46
165.130705,,,Y,20,165.131,0.0,0.1,OPEN,PVC,CBD,08.2015,0.75,Service line,N/A,In Service,,No,Minor,165.12
197.003838,,,Y,150,196.930,0.0,0.1,OPEN,GI,ME,08.2015,6.00,Distribution Main,N/A,In Service,,No,Major,196.92
548.307052,,,Y,75,548.307,0.0,0.1,OPEN,GI,ME,08.2015,3.00,Distribution Main,,In Service,,No,Major,548.26
528.265672,,,Y,75,528.266,0.0,0.1,OPEN,GI,ME,08.2015,3.00,Distribution Main,N/A,In Service,,No,Major,528.22
217.246163,,,Y,100,217.246,0.0,0.1,OPEN,PVC,CBD,08.2015,4.00,Distribution Main,N/A,In Service,,No,Major,217.23
124.839644,,,Y,40,124.840,0.0,0.1,OPEN,PVC,CBD,09.2015,1.50,Distribution Main,09.2015,In Service,,No,Minor,124.83
564.608784,,,Y,50,564.609,0.0,0.1,OPEN,PVC,CBD,09.2015,2.00,Distribution Main,N/A,In Service,,No,Minor,564.57
300.956805,,,Y,50,300.957,0.0,0.1,OPEN,PVC,MIL,10.2015,2.00,Distribution Main,10.2015,In Service,Proposed DW_Pipe Network,No,Minor,300.93
87.3511642,,,Y,50,87.351,0.0,0.1,OPEN,PVC,MIL,10.2015,2.00,Distribution Main,10.2015,In Service,Proposed DW_Pipe Network,No,Minor,87.34
300.979302,,,Y,50,300.979,0.0,0.1,OPEN,PVC,MIL,10.2015,2.00,Distribution Main,10.2015,In Service,Proposed DW_Pipe Network,No,Minor,300.95
1147.40606,,,Y,100,1147.406,0.0,0.1,OPEN,PVC,MIL,10.2015,4.00,Distribution Main,N/A,In Service,New extension,No,Major,1147.32
153.836791,,,Y,75,153.837,0.0,0.1,OPEN,AC,MIL,10.2015,3.00,Distribution Main,N/A,In Service,,No,Major,153.83
392.561349,,,Y,50,392.561,0.0,0.1,OPEN,PVC,MIL,10.2015,2.00,Distribution Main,N/A,In Service,,No,Minor,392.53
167.889824,,,Y,75,167.890,0.0,0.1,OPEN,GI,MIL,08.2015,3.00,Distribution Main,N/A,In Service,,No,Major,167.88
291.274529,,,Y,32,291.275,0.0,0.1,OPEN,PVC,MYT,10.2015,1.25,Distribution Main,,In Service,,No,Minor,291.25
118.870080,,,Y,40,118.870,0.0,0.1,OPEN,GI,MYT,10.2015,1.50,Distribution Main,N/A,In Service,,No,Minor,118.86
37.7146206,,,N,32,37.715,0.0,0.1,OPEN,GI,MYT,10.2015,1.25,Distribution Main,N/A,In Service,,No,Minor,37.71
15.1536683,,,N,32,15.154,0.0,0.1,OPEN,PVC,MYT,10.2015,1.25,Distribution Main,N/A,In Service,Boosterline,No,Minor,15.15
207.100087,,,Y,50,207.100,0.0,0.1,OPEN,PVC,ME,10.2015,2.00,Distribution Main,N/A,In Service,,No,Minor,207.08
110.347413,,,Y,75,110.347,0.0,0.1,OPEN,PVC,ME,11.2015,3.00,Distribution Main,11.2015,In Service,To be overhauled to PVC,No,Major,110.34
51.0714930,,,Y,75,50.897,0.0,0.1,OPEN,PVC,ME,11.2015,3.00,Distribution Main,N/A,In Service,,No,Major,50.89
135.323064,,,Y,65,135.323,0.0,0.1,OPEN,PVC,CBD,11.2015,2.50,Distribution Main,N/A,In Service,,No,Major,135.32
991.481272,,,Y,20,991.481,0.0,0.1,OPEN,PVC,CBD,10.2015,0.75,Service line,09.2015,In Service,,No,Minor,991.43
92.0253145,,,Y,75,92.025,0.0,0.1,OPEN,PVC,KREKAJ,11.2015,3.00,Distribution Main,N/A,In Service,,No,Major,92.02
39.7863815,,,Y,75,39.786,0.0,0.1,OPEN,PVC,KREKAJ,11.2015,3.00,Distribution Main,,In Service,,No,Major,39.78
196.109916,,,Y,150,196.110,0.0,0.1,OPEN,PVC,MYT,11.2015,6.00,Distribution Main,N/A,In Service,,No,Major,196.09
302.926701,,,Y,50,302.927,0.0,0.1,OPEN,PVC,KREKAJ,11.2015,2.00,Distribution Main,N/A,In Service,,No,Minor,302.90
855.680286,,,Y,50,855.680,0.0,0.1,OPEN,PVC,KREKAJ,11.2015,2.00,Distribution Main,N/A,In Service,N/A,No,Minor,855.60
22.3093073,,,Y,75,22.309,0.0,0.1,OPEN,PVC,KREKAJ,11.2015,3.00,Distribution Main,N/A,In Service,N/A,No,Major,22.31
257.713418,,,Y,50,257.713,0.0,0.1,OPEN,PVC,KREKAJ,11.2015,2.00,Distribution Main,N/A,In Service,N/A,No,Minor,257.69
494.668023,,,Y,40,494.668,0.0,0.1,OPEN,PVC,KREKAJ,11.2015,1.50,Distribution Main,N/A,In Service,,No,Minor,494.62
522.236991,,,Y,50,228.376,0.0,0.1,OPEN,PVC,MYT,11.2015,,Distribution Main,N/A,In Service,N/A,No,Minor,228.36
58.9455148,,,Y,75,58.946,0.0,0.1,OPEN,PVC,MIL,12.2015,3.00,Distribution Main,,In Service,,No,Major,58.94
301.772133,,,Y,50,301.772,0.0,0.1,OPEN,PVC,MIL,12.2015,2.00,Distribution Main,N/A,In Service,,No,Minor,301.75
29.8631031,,,Y,75,29.863,0.0,0.1,OPEN,PVC,MIL,12.2015,3.00,Distribution Main,N/A,In Service,,No,Major,29.86
20.3165110,,,Y,50,20.317,0.0,0.1,OPEN,PVC,MIL,12.2015,2.00,Distribution Main,N/A,In Service,,No,Minor,20.31
106.286860,,,Y,50,106.287,0.0,0.1,OPEN,PVC,MIL,12.2015,2.00,Distribution Main,,In Service,,No,Minor,106.28
74.0114276,,,Y,50,74.011,0.0,0.1,OPEN,PVC,MIL,12.2015,2.00,Distribution Main,N/A,In Service,,No,Minor,74.01
118.810231,,,Y,50,118.810,0.0,0.1,OPEN,PVC,MIL,12.2015,2.00,Distribution Main,N/A,In Service,,No,Minor,118.80
694.198799,,,Y,100,694.199,0.0,0.1,OPEN,PVC,MYT,12.2015,4.00,Distribution Main,N/A,In Service,,No,Major,694.14
116.645458,,,Y,75,116.645,0.0,0.1,OPEN,PVC,ME,01.2016,3.00,Distribution Main,12.2015,In Service,New Extension,No,Major,116.64
603.069393,,,Y,75,775.817,0.0,0.1,OPEN,PVC,CBD,01.2016,3.00,Distribution Main,N/A,In Service,,No,Major,775.78
40.1791282,,,Y,150,40.179,0.0,0.1,OPEN,PVC,CBD,01.2016,6.00,Distribution Main,2015,In Service,,No,Major,40.18
467.509807,,,Y,100,467.510,0.0,0.1,OPEN,PVC,CBD,01.2016,4.00,Distribution Main,2015,In Service,,No,Major,467.48
884.742885,,,Y,100,884.743,0.0,0.1,OPEN,PVC,CBD,01.2016,4.00,Distribution Main,2015,In Service,,No,Major,884.68
24.3615557,,,Y,100,24.362,0.0,0.1,OPEN,PVC,MIL,03.2016,4.00,Distribution Main,N/A,In Service,,No,Major,24.36
627.838708,,,Y,75,627.839,0.0,0.1,OPEN,GI,MIL,2014,3.00,Distribution Main,N/A,In Service,N/A,No,Major,627.79
407.012318,,,Y,75,407.012,0.0,0.1,OPEN,PVC,MIL,02.2016,3.00,Distribution Main,N/A,In Service,,No,Major,406.98
589.019883,,,Y,75,589.020,0.0,0.1,OPEN,PVC,MIL,03.2016,3.00,Distribution Main,02.2015,In Service,Line along Tom Mboya,No,Major,588.98
467.320035,,,Y,75,467.320,0.0,0.1,OPEN,PVC,MIL,03.2016,3.00,Distribution Main,02.2015,In Service,,No,Major,467.29
529.825407,,,Y,100,529.825,0.0,0.1,OPEN,PVC,MYT,03.2016,4.00,Distribution Main,N/A,In Service,,No,Major,529.78
233.635795,,,Y,100,233.636,0.0,0.1,OPEN,PVC,MYT,03.2016,4.00,Distribution Main,N/A,In Service,,No,Major,233.62
648.274206,,,Y,75,648.230,0.0,0.1,OPEN,PVC,KREKAJ,03.2016,,Distribution Main,N/A,In Service,,No,Major,648.16
331.415645,,,Y,75,331.416,0.0,0.1,OPEN,GI,CBD,03.2016,3.00,Distribution Main,N/A,In Service,,No,Major,331.39
173.929956,,,Y,50,173.930,0.0,0.1,OPEN,PVC,CBD,11.2015,2.00,Distribution Main,N/A,In Service,,No,Minor,173.92
97.6588152,,,Y,50,97.659,0.0,0.1,OPEN,PVC,KREKAJ,11.2015,2.00,Distribution Main,N/A,In Service,,No,Minor,97.65
494.070214,,,Y,100,494.070,0.0,0.1,OPEN,PVC,MYT,03.2016,4.00,Distribution Main,N/A,In Service,,No,Major,494.03
1215.08619,,,Y,100,1215.086,0.0,0.1,OPEN,PVC,MYT,12.2015,4.00,Distribution Main,N/A,In Service,,No,Major,1214.98
151.573199,,,Y,100,151.573,0.0,0.1,OPEN,PVC,CBD,03.2016,4.00,Distribution Main,N/A,In Service,,No,Major,151.56
484.386151,,,Y,150,484.386,0.0,0.1,OPEN,PVC,KREKAJ,2014,6.00,Distribution Main,N/A,In Service,N/A,No,Major,484.34
88.0139161,,,Y,100,88.014,0.0,0.1,OPEN,PVC,MYT,07.2015,4.00,Distribution Main,N/A,In Service,N/A,No,Major,88.01
51.1953539,,,Y,50,51.195,0.0,0.1,OPEN,PVC,MYT,07.2015,2.00,Distribution Main,2012,In Service,N/A,No,Minor,51.19
1224.81061,,,Y,32,1224.811,0.0,0.1,OPEN,PVC,MYT,2014,1.25,Distribution Main,N/A,In Service,N/A,No,Minor,1224.69
226.393880,,,Y,50,226.394,0.0,0.1,OPEN,PVC,MYT,2014,2.00,Distribution Main,N/A,In Service,N/A,No,Minor,226.37
48.3966538,,,Y,75,48.397,0.0,0.1,OPEN,PVC,ME,11.2015,3.00,Distribution Main,11.2015,In Service,To be overhauled to PVC,No,Major,48.39
240.572394,,,Y,75,240.572,0.0,0.1,OPEN,PVC,ME,11.2015,,Distribution Main,11.2015,In Service,To be overhauled to PVC,No,Major,240.55
69.8470424,,,Y,75,69.847,0.0,0.1,OPEN,GI,ME,2014,3.00,Distribution Main,N/A,In Service,N/A,No,Major,69.84
143.447416,,,Y,75,143.447,0.0,0.1,OPEN,GI,ME,2014,3.00,Distribution Main,N/A,In Service,N/A,No,Major,143.44
255.902751,,,Y,75,255.903,0.0,0.1,OPEN,GI,ME,2014,3.00,Distribution Main,N/A,In Service,N/A,No,Major,255.88
963.549250,,,Y,350,942.186,0.0,0.1,OPEN,PVC,ME,2014,14.00,Distribution Main,2014,In Service,LTAP Lines,No,Major,942.11
242.600852,,,Y,150,242.601,0.0,0.1,OPEN,PVC,ME,01.2016,6.00,Distribution Main,N/A,In Service,,No,Major,242.58
73.5485129,,,Y,75,73.549,0.0,0.1,OPEN,GI,ME,2014,3.00,Distribution Main,N/A,In Service,N/A,No,Major,73.54
184.523216,,,Y,75,184.523,0.0,0.1,OPEN,GI,ME,2014,3.00,Distribution Main,N/A,In Service,N/A,No,Major,184.51
118.201815,,,Y,75,118.202,0.0,0.1,OPEN,GI,ME,2014,3.00,Distribution Main,N/A,In Service,N/A,No,Major,118.19
110.542291,,,Y,75,110.542,0.0,0.1,OPEN,GI,ME,2014,3.00,Distribution Main,N/A,In Service,N/A,No,Major,110.53
12.3249973,,,Y,75,12.325,0.0,0.1,OPEN,GI,ME,2014,3.00,Distribution Main,N/A,In Service,N/A,No,Major,12.32
14.5687123,,,Y,75,14.569,0.0,0.1,OPEN,GI,ME,2014,3.00,Distribution Main,N/A,In Service,N/A,No,Major,14.57
443.407872,,,Y,350,443.408,0.0,0.1,OPEN,PVC,CBD,2014,14.00,Transmission Main,N/A,In Service,Supplies water to Kibuye.,No,Major,443.37
1413.31760,,,Y,100,1413.318,0.0,0.1,OPEN,PVC,MIL,02.2016,4.00,Distribution Main,,In Service,,No,Major,1413.22
172.342407,,,Y,100,172.342,0.0,0.1,OPEN,PVC,MIL,02.2016,4.00,Distribution Main,,In Service,,No,Major,172.33
285.929188,,,Y,200,285.929,0.0,0.1,OPEN,PVC,MIL,2014,8.00,Distribution Main,N/A,In Service,N/A,No,Major,285.91
82.0073667,,,Y,200,82.007,0.0,0.1,OPEN,PVC,MIL,2014,8.00,Distribution Main,N/A,In Service,N/A,No,Major,82.00
145.794293,,,Y,50,145.794,0.0,0.1,OPEN,PVC,MIL,12.2015,2.00,Distribution Main,N/A,In Service,,No,Minor,145.78
73.0586121,,,Y,75,73.059,0.0,0.1,OPEN,PVC,MIL,12.2015,3.00,Distribution Main,N/A,In Service,,No,Major,73.05
53.8309184,,,Y,75,53.831,0.0,0.1,OPEN,PVC,MIL,12.2015,3.00,Distribution Main,N/A,In Service,,No,Major,53.83
7.59240234,,,Y,100,7.592,0.0,0.1,OPEN,PVC,MIL,2014,4.00,Distribution Main,N/A,In Service,N/A,No,Major,7.59
15.3049925,,,Y,100,15.305,0.0,0.1,OPEN,PVC,MIL,02.2016,4.00,Distribution Main,,In Service,,No,Major,15.30
439.178577,,,Y,75,439.179,0.0,0.1,OPEN,GI,MIL,2014,3.00,Distribution Main,N/A,In Service,N/A,No,Major,439.15
127.107191,,,Y,75,127.107,0.0,0.1,OPEN,AC,MIL,10.2015,3.00,Distribution Main,N/A,In Service,,No,Major,127.10
424.734100,,,Y,350,424.734,0.0,0.1,OPEN,PVC,MIL,2014,14.00,Transmission Main,N/A,In Service,Supplies water to Kibuye.,No,Major,424.70
123.242268,,,Y,75,150.851,0.0,0.1,OPEN,PVC,CBD,07.2015,3.00,Distribution Main,07.2015,In Service,N/A,No,Major,150.84
86.9448420,,,Y,50,86.945,0.0,0.1,OPEN,PVC,KREKAJ,03.2016,2.00,Distribution Main,,In Service,,No,Minor,86.94
619.034521,,,Y,50,619.035,0.0,0.1,OPEN,PVC,CBD,03.2016,2.00,Distribution Main,03.2016,In Service,,No,Minor,619.01
31.6785000,,,Y,50,31.679,0.0,0.1,OPEN,PVC,ME,,2.00,Distribution Main,N/A,In Service,,No,Minor,31.68
57.6913934,,,Y,50,57.691,0.0,0.1,OPEN,PVC,ME,05.2015,2.00,Distribution Main,N/A,In Service,Confirm oftake,No,Minor,57.69
45.7938500,,,Y,75,45.794,0.0,0.1,OPEN,GI,ME,02.2017,3.00,Distribution Main,N/A,In Service,Confirm offtake and route,No,Major,45.79
216.727653,,,Y,40,184.662,0.0,0.1,OPEN,PVC,MYT,03.2016,1.50,Distribution Main,N/A,In Service,,No,Minor,184.65
57.0696535,,,Y,50,57.070,0.0,0.1,OPEN,PVC,KREKAJ,06.2016,,Distribution Main,N/A,In Service,,No,Minor,57.06
155.805367,,,Y,25,155.805,0.0,0.1,OPEN,PVC,KREKAJ,,1.00,Distribution Main,,In Service,,No,Minor,155.79
18.2157133,,,Y,150,18.216,0.0,0.1,OPEN,AC,CBD,06.2016,6.00,Distribution Main,N/A,In Service,Pipe is corroded,No,Major,18.21
192.786966,,,Y,225,192.787,0.0,0.1,OPEN,AC,MIL,06.2016,9.00,Distribution Main,,In Service,,No,Major,192.77
56.0058750,,,Y,225,56.006,0.0,0.1,OPEN,AC,MIL,06.2016,9.00,Distribution Main,N/A,In Service,,No,Major,56.00
221.693396,,,Y,50,221.693,0.0,0.1,OPEN,PVC,ME,08.2016,2.00,Distribution Main,N/A,In Service,,No,Minor,221.68
806.471766,,,Y,75,806.472,0.0,0.1,OPEN,GI,ME,07.2016,3.00,Distribution Main,N/A,In Service,,No,Major,806.41
601.979099,,,Y,75,601.979,0.0,0.1,OPEN,PVC,MYT,09.2016,3.00,Distribution Main,09.2016,In Service,,No,Major,601.90
796.859736,,,Y,40,796.860,0.0,0.1,OPEN,PVC,CBD,,1.50,Distribution Main,,In Service,,No,Minor,796.83
281.234779,,,Y,32,281.235,0.0,0.1,OPEN,PVC,CBD,05.2016,1.25,Distribution Main,06.2016,In Service,,No,Minor,281.22
644.007197,,,Y,40,644.007,0.0,0.1,OPEN,PVC,CBD,06.2016,1.50,Distribution Main,06.2016,In Service,Serves a water kiosk,No,Minor,643.98
1452.56097,,,Y,50,1452.561,0.0,0.1,OPEN,PVC,CBD,07.2016,2.00,Distribution Main,N/A,In Service,,No,Minor,1452.51
1427.27811,,,Y,40,1427.278,0.0,0.1,OPEN,PVC,CBD,,1.50,Distribution Main,,In Service,,No,Minor,1427.23
112.474975,,,Y,20,112.475,0.0,0.1,OPEN,PVC,MYT,06.2016,0.75,Service line,,In Service,Line serving water kiosk,No,Minor,112.47
310.708899,,,Y,150,310.709,0.0,0.1,OPEN,PVC,CBD,05.2015,6.00,Distribution Main,2013,In Service,Shallow depth,No,Major,310.69
520.987209,,,Y,20,520.987,0.0,0.1,OPEN,PVC,KREKAJ,06.2016,0.75,Service line,,In Service,,No,Minor,520.93
8.51498971,,,Y,50,8.515,0.0,0.1,OPEN,PVC,KREKAJ,06.2016,2.00,Distribution Main,,In Service,,No,Minor,8.51
229.152381,,,Y,40,229.152,0.0,0.1,OPEN,PVC,KREKAJ,06.2016,1.50,Distribution Main,,In Service,,No,Minor,229.13
204.635349,,,Y,20,204.635,0.0,0.1,OPEN,PVC,KREKAJ,06.2016,0.75,Service line,,In Service,,No,Minor,204.61
202.866985,,,Y,25,202.867,0.0,0.1,OPEN,PVC,KREKAJ,06.2016,1.00,Distribution Main,N/A,In Service,,No,Minor,202.85
1731.75636,,,Y,50,1731.756,0.0,0.1,OPEN,PVC,CBD,09.2015,2.00,Distribution Main,N/A,In Service,N/A,No,Minor,1731.63
468.523459,,,Y,40,468.523,0.0,0.1,OPEN,PVC,KREKAJ,07.2016,1.50,Distribution Main,06.2016,In Service,ok,No,Minor,468.48
1096.68282,,,Y,40,1096.683,0.0,0.1,OPEN,PVC,KREKAJ,07.2016,1.50,Distribution Main,06.2016,In Service,OK,No,Minor,1096.57
46.1771764,,,Y,75,46.177,0.0,0.1,OPEN,PVC,MYT,07.2016,3.00,Distribution Main,,In Service,,No,Major,46.17
666.556776,,,Y,50,666.557,0.0,0.1,OPEN,PVC,MYT,07.2016,2.00,Distribution Main,,In Service,,No,Minor,666.49
46.1835398,,,Y,32,46.184,0.0,0.1,OPEN,PVC,MYT,07.2016,1.25,Distribution Main,,In Service,,No,Minor,46.18
195.558237,,,Y,40,195.558,0.0,0.1,OPEN,PVC,KREKAJ,07.2016,1.50,Distribution Main,07.2016,In Service,,No,Minor,195.54
551.072363,,,Y,100,551.072,0.0,0.1,OPEN,HDPE,KREKAJ,08.2016,4.00,Distribution Main,06.2016,In Service,Shallow/Joins Expossed,No,Major,551.02
224.179824,,,Y,32,224.180,0.0,0.1,OPEN,PVC,KREKAJ,07.2016,1.25,Distribution Main,07.2016,In Service,,No,Minor,224.16
18.6291195,,,Y,100,18.131,0.0,0.1,OPEN,GI,CBD,03.2016,4.00,Service line,,In Service,Line serving Kenya Pipeline,No,Major,18.13
444.589520,,,Y,25,444.590,0.0,0.1,OPEN,PVC,KREKAJ,07.2016,1.00,Distribution Main,07.2016,In Service,,No,Minor,444.55
5.13000826,,,Y,100,5.130,0.0,0.1,OPEN,GI,CBD,03.2016,4.00,Service line,,In Service,Serving Kennya Pipeline,No,Major,5.13
192.603284,,,Y,50,192.603,0.0,0.1,OPEN,PVC,CBD,03.2016,2.00,Distribution Main,2016,In Service,,No,Minor,192.59
973.289723,,,Y,50,973.290,0.0,0.1,OPEN,PVC,CBD,03.2016,2.00,Distribution Main,,In Service,,No,Minor,973.24
42.4041898,,,Y,20,42.404,0.0,0.1,OPEN,PVC,CBD,03.2016,0.75,Service line,,In Service,,No,Minor,42.40
10.2694013,,,Y,50,10.269,0.0,0.1,OPEN,PVC,ME,03.2016,2.00,Distribution Main,03.2016,In Service,Extension and Overhaul of Pembe Tatu Area in Middl,No,Minor,10.27
43.2891555,,,Y,50,43.289,0.0,0.1,OPEN,PVC,ME,03.2016,2.00,Distribution Main,03.2016,In Service,Extension and Overhaul of Pembe Tatu Area in Middl,No,Minor,43.29
43.3763406,,,Y,50,43.376,0.0,0.1,OPEN,PVC,ME,03.2016,2.00,Distribution Main,03.2016,In Service,Extension and Overhaul of Pembe Tatu Area in Middl,No,Minor,43.37
41.2538719,,,Y,50,41.254,0.0,0.1,OPEN,PVC,ME,03.2016,2.00,Distribution Main,03.2016,In Service,Extension and Overhaul of Pembe Tatu Area in Middl,No,Minor,41.25
40.8762864,,,Y,50,40.876,0.0,0.1,OPEN,PVC,ME,03.2016,2.00,Distribution Main,03.2016,In Service,Extension and Overhaul of Pembe Tatu Area in Middl,No,Minor,40.87
41.8747548,,,Y,50,41.875,0.0,0.1,OPEN,PVC,ME,03.2016,2.00,Distribution Main,03.2016,In Service,Extension and Overhaul of Pembe Tatu Area in Middl,No,Minor,41.87
41.6225207,,,Y,50,41.623,0.0,0.1,OPEN,PVC,ME,03.2016,2.00,Distribution Main,03.2016,In Service,Extension and Overhaul of Pembe Tatu Area in Middl,No,Minor,41.62
194.047094,,,Y,50,194.047,0.0,0.1,OPEN,PVC,KREKAJ,03.2016,2.00,Service line,,In Service,Not standard,No,Minor,194.03
242.909208,,,Y,100,242.909,0.0,0.1,OPEN,PVC,MYT,04.2016,4.00,Distribution Main,,In Service,,No,Major,242.89
1471.79474,,,Y,50,1471.795,0.0,0.1,OPEN,PVC,MYT,04.2016,2.00,Distribution Main,,In Service,Prone to burst because of poor quality pipe,No,Minor,1471.64
289.973554,,,Y,75,289.974,0.0,0.1,OPEN,PVC,MIL,04.2016,3.00,Distribution Main,,In Service,,No,Major,289.95
289.751013,,,Y,25,289.751,0.0,0.1,OPEN,PVC,MIL,04.2016,1.00,Distribution Main,,In Service,,No,Minor,289.73
184.135856,,,Y,20,184.136,0.0,0.1,OPEN,PVC,MIL,04.2016,0.75,Service line,,In Service,,No,Minor,184.12
19.1136325,,,Y,75,19.114,0.0,0.1,OPEN,GI,CBD,05.2016,3.00,Distribution Main,,In Service,,No,Major,19.11
184.198671,,,Y,75,184.199,0.0,0.1,OPEN,GI,CBD,05.2016,3.00,Distribution Main,,In Service,,No,Major,184.19
392.857980,,,Y,75,392.858,0.0,0.1,OPEN,GI,CBD,05.2016,3.00,Distribution Main,,In Service,,No,Major,392.83
450.917305,,,Y,50,450.917,0.0,0.1,OPEN,PVC,KREKAJ,05.2016,2.00,Distribution Main,,In Service,,No,Minor,450.88
116.636383,,,Y,40,116.636,0.0,0.1,OPEN,PVC,KREKAJ,05.2016,1.50,Distribution Main,2014,In Service,,No,Minor,116.63
713.295566,,,Y,50,713.296,0.0,0.1,OPEN,PVC,MIL,09.2016,2.00,Distribution Main,,In Service,,No,Minor,713.23
195.721068,,,Y,50,195.721,0.0,0.1,OPEN,HDPE,MYT,09.2016,2.00,Distribution Main,04.2016,In Service,,No,Minor,195.70
64.1905827,,,Y,50,64.191,0.0,0.1,OPEN,HDPE,MYT,09.2016,2.00,Distribution Main,04.2016,In Service,ok,No,Minor,64.18
180.636426,,,Y,50,180.636,0.0,0.1,OPEN,HDPE,MYT,09.2016,2.00,Distribution Main,04.2016,In Service,ok,No,Minor,180.62
295.057630,,,Y,50,295.058,0.0,0.1,OPEN,HDPE,MYT,09.2016,2.00,Distribution Main,04.2016,In Service,ok,No,Minor,295.03
288.239895,,,Y,50,288.240,0.0,0.1,OPEN,HDPE,MYT,09.2016,2.00,Distribution Main,04.2016,In Service,ok,No,Minor,288.21
365.891953,,,Y,50,365.892,0.0,0.1,OPEN,HDPE,MYT,09.2016,2.00,Distribution Main,04.2016,In Service,ok,No,Minor,365.86
186.499748,,,Y,75,186.500,0.0,0.1,OPEN,PVC,CBD,03.2016,3.00,Distribution Main,2016,In Service,,No,Major,186.49
427.871232,,,Y,75,427.871,0.0,0.1,OPEN,PVC,CBD,03.2016,3.00,Distribution Main,,In Service,,No,Major,427.85
5.12255671,,,Y,100,5.123,0.0,0.1,OPEN,GI,CBD,03.2016,4.00,Service line,,In Service,Line serving Kenya Pipeline,No,Major,5.12
594.140933,,,Y,100,594.141,0.0,0.1,OPEN,PVC,CBD,2014,4.00,Distribution Main,N/A,In Service,N/A,No,Major,594.11
95.1181225,,,Y,75,95.118,0.0,0.1,OPEN,GI,CBD,2014,3.00,Distribution Main,,In Service,,No,Major,95.11
194.598689,,,Y,150,194.599,0.0,0.1,OPEN,AC,CBD,06.2016,6.00,Distribution Main,N/A,In Service,,No,Major,194.59
171.624859,,,N,75,171.625,0.0,0.1,OPEN,GI,CBD,05.2016,3.00,Distribution Main,N/A,In Service,,No,Major,171.61
79.8124683,,,Y,100,79.812,0.0,0.1,OPEN,GI,CBD,05.2016,4.00,Distribution Main,N/A,In Service,,No,Major,79.81
206.386193,,,Y,50,93.966,0.0,0.1,OPEN,PVC,MIL,06.2016,2.00,Distribution Main,N/A,In Service,,No,Minor,93.96
247.677394,,,Y,50,247.677,0.0,0.1,OPEN,PVC,KREKAJ,03.3016,2.00,Distribution Main,N/A,In Service,,No,Minor,247.66
949.312530,,,Y,100,949.313,0.0,0.1,OPEN,GI,CBD,06.2016,4.00,Distribution Main,N/A,In Service,,No,Major,949.24
176.431236,,,Y,50,176.431,0.0,0.1,OPEN,GI,CBD,06.2016,2.00,Distribution Main,N/A,In Service,,No,Minor,176.42
70.1896796,,,Y,15,70.190,0.0,0.1,OPEN,PVC,KREKAJ,06.2016,0.50,Service line,N/A,In Service,,No,Minor,70.18
575.494349,,,Y,225,575.494,0.0,0.1,OPEN,AC,MIL,06.2016,9.00,Distribution Main,N/A,In Service,,No,Major,575.45
336.132258,,,Y,75,336.132,0.0,0.1,OPEN,PVC,MYT,04.2016,3.00,Distribution Main,N/A,In Service,,No,Major,336.10
105.770533,,,Y,100,105.771,0.0,0.1,OPEN,GI,CBD,2014,4.00,Distribution Main,N/A,In Service,N/A,No,Major,105.76
89.2425581,,,Y,100,89.243,0.0,0.1,OPEN,GI,CBD,2014,4.00,Distribution Main,N/A,In Service,N/A,No,Major,89.24
471.732876,,,Y,100,471.733,0.0,0.1,OPEN,PVC,MYT,2014,4.00,Distribution Main,2014,In Service,LTAP Lines,No,Major,471.67
839.701494,,,Y,200,839.701,0.0,0.1,OPEN,Steel,KREKAJ,2014,8.00,Distribution Main,2014,In Service,LTAP Lines,No,Major,839.61
57.6012475,,,Y,50,57.601,0.0,0.1,OPEN,PVC,KREKAJ,03.2016,2.00,Distribution Main,,In Service,,No,Minor,57.60
1208.97419,,,Y,50,438.167,0.0,0.1,OPEN,PVC,KREKAJ,03.2016,2.00,Distribution Main,,In Service,,No,Minor,438.12
212.324173,,,Y,75,212.324,0.0,0.1,OPEN,PVC,KREKAJ,2014,3.00,Distribution Main,N/A,In Service,N/A,No,Major,212.30
480.477304,,,Y,75,480.477,0.0,0.1,OPEN,PVC,KREKAJ,2014,3.00,Distribution Main,N/A,In Service,N/A,No,Major,480.43
641.621935,,,Y,50,641.622,0.0,0.1,OPEN,PVC,KREKAJ,06.2016,2.00,Distribution Main,,In Service,,No,Minor,641.56
147.284168,,,Y,25,147.284,0.0,0.1,OPEN,PVC,KREKAJ,2014,1.00,Service line,N/A,In Service,N/A,No,Minor,147.27
21.7992986,,,Y,75,21.799,0.0,0.1,OPEN,PVC,KREKAJ,11.2015,3.00,Distribution Main,N/A,In Service,N/A,No,Major,21.80
439.084903,,,Y,75,439.085,0.0,0.1,OPEN,PVC,KREKAJ,11.2015,3.00,Distribution Main,N/A,In Service,N/A,No,Major,439.05
282.492357,,,Y,40,282.492,0.0,0.1,OPEN,PVC,KREKAJ,05.2016,1.50,Distribution Main,,In Service,,No,Minor,282.47
334.129114,,,Y,150,334.129,0.0,0.1,OPEN,PVC,KREKAJ,2014,6.00,Distribution Main,N/A,In Service,N/A,No,Major,334.10
147.115573,,,Y,200,147.116,0.0,0.1,OPEN,Steel,KREKAJ,2014,8.00,Distribution Main,2014,In Service,LTAP Lines,No,Major,147.10
810.525644,,,Y,200,810.526,0.0,0.1,OPEN,Steel,KREKAJ,2014,8.00,Distribution Main,2014,In Service,LTAP Lines,No,Major,810.44
194.470721,,,Y,75,194.471,0.0,0.1,OPEN,PVC,MYT,07.2016,3.00,Distribution Main,,In Service,,No,Major,194.45
155.038341,,,Y,50,155.038,0.0,0.1,OPEN,PVC,MYT,2014,2.00,Distribution Main,N/A,In Service,N/A,No,Minor,155.02
160.248285,,,Y,150,160.248,0.0,0.1,OPEN,PVC,MYT,2014,6.00,Distribution Main,N/A,In Service,Off take from 8 inch line,No,Major,160.23
336.185615,,,Y,100,336.186,0.0,0.1,OPEN,PVC,MYT,04.2016,4.00,Distribution Main,,In Service,,No,Major,336.16
69.6441363,,,Y,50,69.644,0.0,0.1,OPEN,HDPE,MYT,09.2016,2.00,Distribution Main,04.2016,In Service,,No,Minor,69.64
53.8484094,,,Y,75,53.848,0.0,0.1,OPEN,HDPE,MYT,21.12.2020,3.00,Distribution Main,2019,In Service,N/A,No,Major,53.84
17.6153176,,,Y,50,17.615,0.0,0.1,OPEN,PVC,MYT,2014,2.00,Distribution Main,2014,In Service,N/A,No,Minor,17.61
192.398907,,,Y,100,192.644,0.0,0.1,OPEN,PVC,MYT,2014,4.00,Distribution Main,N/A,In Service,N/A,No,Major,192.63
107.328564,,,Y,75,107.329,0.0,0.1,OPEN,PVC,MIL,12.2015,3.00,Distribution Main,,In Service,,No,Major,107.32
4.29268672,,,Y,75,4.293,0.0,0.1,OPEN,PVC,MIL,04.2016,3.00,Distribution Main,,In Service,,No,Major,4.29
250.471220,,,Y,200,250.471,0.0,0.1,OPEN,PVC,MIL,2014,8.00,Distribution Main,N/A,In Service,N/A,No,Major,250.45
464.881014,,,Y,250,464.881,0.0,0.1,OPEN,Steel,CBD,2014,10.00,Distribution Main,2014,In Service,LTAP Lines,No,Major,464.86
217.027325,,,Y,250,217.027,0.0,0.1,OPEN,Steel,CBD,2014,10.00,Distribution Main,2014,In Service,LTAP Lines,No,Major,217.02
378.980787,,,Y,250,378.981,0.0,0.1,OPEN,Steel,CBD,2014,10.00,Distribution Main,2014,In Service,LTAP Lines,No,Major,378.96
373.262877,,,Y,250,373.263,0.0,0.1,OPEN,Steel,CBD,2014,10.00,Distribution Main,2014,In Service,LTAP Lines,No,Major,373.25
304.241284,,,Y,200,304.241,0.0,0.1,OPEN,Steel,CBD,2014,8.00,Distribution Main,2014,In Service,LTAP Lines,No,Major,304.23
107.369985,,,Y,250,107.370,0.0,0.1,OPEN,Steel,CBD,2014,10.00,Distribution Main,2014,In Service,LTAP Lines,No,Major,107.36
532.256440,,,Y,250,532.256,0.0,0.1,OPEN,Steel,CBD,2014,10.00,Distribution Main,2014,In Service,LTAP Lines,No,Major,532.23
52.2623161,,,Y,250,52.262,0.0,0.1,OPEN,Steel,CBD,2014,10.00,Distribution Main,2014,In Service,LTAP Lines,No,Major,52.26
82.4411054,,,Y,75,82.441,0.0,0.1,OPEN,HDPE,CBD,20.06.2022,3.00,Distribution Main,04.2022,In Service,Ok,OVH,Major,82.44
503.459477,,,Y,100,503.459,0.0,0.1,OPEN,PVC,CBD,2014,4.00,Distribution Main,N/A,In Service,N/A,No,Major,503.43
87.3640477,,,Y,150,87.364,0.0,0.1,OPEN,PVC,CBD,2014,6.00,Distribution Main,N/A,In Service,N/A,No,Major,87.36
622.468111,,,Y,150,622.468,0.0,0.1,OPEN,PVC,CBD,2014,6.00,Distribution Main,N/A,In Service,N/A,No,Major,622.42
181.000465,,,Y,50,181.000,0.0,0.1,OPEN,PVC,CBD,2014,2.00,Distribution Main,N/A,In Service,N/A,No,Minor,180.99
29.4726730,,,Y,50,29.473,0.0,0.1,OPEN,PVC,CBD,08.2015,2.00,Distribution Main,N/A,In Service,,No,Minor,29.47
182.715427,,,Y,100,182.715,0.0,0.1,OPEN,PVC,MIL,2014,4.00,Distribution Main,N/A,In Service,N/A,No,Major,182.70
237.190046,,,Y,100,237.190,0.0,0.1,OPEN,PVC,MIL,02.2015,4.00,Distribution Main,02.2015,In Service,Network renewal,No,Major,237.17
200.025324,,,Y,100,200.025,0.0,0.1,OPEN,PVC,MIL,02.2015,4.00,Distribution Main,02.2015,In Service,Network renewal,No,Major,200.01
381.938314,,,Y,100,381.938,0.0,0.1,OPEN,PVC,MIL,02.2015,4.00,Distribution Main,02.2015,In Service,Network renewal,No,Major,381.90
625.659398,,,Y,100,625.659,0.0,0.1,OPEN,PVC,MIL,02.2015,4.00,Distribution Main,02.2015,In Service,Network renewal,No,Major,625.60
437.398464,,,Y,100,437.398,0.0,0.1,OPEN,PVC,MIL,02.2015,4.00,Distribution Main,02.2015,In Service,Network renewal,No,Major,437.36
193.886319,,,Y,50,178.940,0.0,0.1,OPEN,PVC,MIL,10.2015,2.00,Distribution Main,10.2015,In Service,Proposed DW_Pipe Network,No,Minor,178.92
266.241516,,,Y,50,266.242,0.0,0.1,OPEN,PVC,KREKAJ,2014,2.00,Distribution Main,06.2014,In Service,LTAP Extension lines,No,Minor,266.22
74.3430907,,,Y,75,74.343,0.0,0.1,OPEN,PVC,CBD,01.2015,3.00,Distribution Main,12.2014,In Service,New Extensions,No,Major,74.34
195.633207,,,Y,350,195.633,0.0,0.1,OPEN,PVC,MIL,2014,14.00,Transmission Main,N/A,In Service,Supplies water to Kibuye.,No,Major,195.62
197.661773,,,Y,75,197.662,0.0,0.1,OPEN,GI,CBD,2014,3.00,Distribution Main,N/A,In Service,N/A,No,Major,197.65
135.321473,,,Y,100,135.321,0.0,0.1,OPEN,PVC,CBD,07.2015,4.00,Distribution Main,N/A,In Service,,No,Major,135.31
165.819472,,,Y,50,165.819,0.0,0.1,OPEN,PVC,CBD,03.2016,2.00,Distribution Main,,In Service,,No,Minor,165.81
24.7129117,,,Y,75,24.713,0.0,0.1,OPEN,PVC,CBD,08.2015,3.00,Distribution Main,N/A,In Service,,No,Major,24.71
50.2268583,,,Y,75,50.227,0.0,0.1,OPEN,PVC,CBD,08.2015,3.00,Distribution Main,N/A,In Service,,No,Major,50.22
49.9508227,,,Y,75,49.951,0.0,0.1,OPEN,PVC,CBD,08.2015,3.00,Distribution Main,N/A,In Service,,No,Major,49.95
145.802696,,,Y,50,145.803,0.0,0.1,OPEN,PVC,CBD,2014,2.00,Distribution Main,N/A,In Service,N/A,No,Minor,145.79
52.5871727,,,Y,25,52.587,0.0,0.1,OPEN,PVC,CBD,08.2015,1.00,Distribution Main,N/A,In Service,Too Small,No,Minor,52.58
632.225640,,,Y,125,632.226,0.0,0.1,OPEN,GI,CBD,2014,5.00,Distribution Main,N/A,In Service,N/A,No,Major,632.18
409.646492,,,Y,100,409.646,0.0,0.1,OPEN,GI,CBD,2014,4.00,Distribution Main,N/A,In Service,N/A,No,Major,409.62
229.239889,,,Y,100,229.240,0.0,0.1,OPEN,GI,CBD,2014,4.00,Distribution Main,N/A,In Service,N/A,No,Major,229.22
433.260302,,,Y,350,433.260,0.0,0.1,OPEN,PVC,CBD,2014,14.00,Transmission Main,N/A,In Service,Supplies water to Kibuye.,No,Major,433.23
26.9426167,,,Y,225,26.943,0.0,0.1,OPEN,AC,MIL,2014,9.00,Transmission Main,N/A,In Service,N/A,No,Major,26.94
304.158372,,,Y,75,304.158,0.0,0.1,OPEN,GI,MIL,2014,3.00,Distribution Main,N/A,In Service,To verify the point of material change.,No,Major,304.14
611.639939,,,Y,75,611.640,0.0,0.1,OPEN,GI,MIL,2014,3.00,Distribution Main,N/A,In Service,N/A,No,Major,611.60
703.448002,,,Y,75,703.448,0.0,0.1,OPEN,AC,MIL,2014,3.00,Distribution Main,N/A,In Service,N/A,No,Major,703.40
616.076398,,,Y,75,616.076,0.0,0.1,OPEN,AC,MIL,10.2015,3.00,Distribution Main,N/A,In Service,,No,Major,616.03
249.630367,,,Y,75,249.630,0.0,0.1,OPEN,GI,MIL,08.2015,3.00,Distribution Main,N/A,In Service,,No,Major,249.61
335.045667,,,Y,75,335.046,0.0,0.1,OPEN,GI,MIL,08.2015,3.00,Distribution Main,N/A,In Service,,No,Major,335.02
634.203066,,,Y,50,634.203,0.0,0.1,OPEN,AC,MIL,2014,2.00,Distribution Main,N/A,In Service,To verify dead end or source.,No,Minor,634.16
209.049335,,,Y,100,209.049,0.0,0.1,OPEN,PVC,MIL,02.2016,4.00,Distribution Main,,In Service,,No,Major,209.03
1126.99486,,,Y,100,1126.995,0.0,0.1,OPEN,PVC,MIL,2014,4.00,Distribution Main,N/A,In Service,N/A,No,Major,1126.92
453.345346,,,Y,150,453.345,0.0,0.1,OPEN,PVC,ME,01.2016,6.00,Distribution Main,N/A,In Service,,No,Major,453.31
737.959909,,,Y,350,724.657,0.0,0.1,OPEN,PVC,ME,2014,14.00,Distribution Main,2014,In Service,LTAP Lines,No,Major,724.60
7.69991689,,,Y,50,7.700,0.0,0.1,OPEN,PVC,ME,03.2016,2.00,Distribution Main,03.2016,In Service,Extension and Overhaul of Pembe Tatu Area in Middl,No,Minor,7.70
7.02427224,,,Y,50,7.024,0.0,0.1,OPEN,PVC,ME,03.2016,2.00,Distribution Main,03.2016,In Service,Extension and Overhaul of Pembe Tatu Area in Middl,No,Minor,7.02
36.0268580,,,Y,50,36.027,0.0,0.1,OPEN,PVC,ME,03.2016,2.00,Distribution Main,03.2016,In Service,Extension and Overhaul of Pembe Tatu Area in Middl,No,Minor,36.02
7.54165774,,,Y,50,7.542,0.0,0.1,OPEN,PVC,ME,03.2016,2.00,Distribution Main,03.2016,In Service,Extension and Overhaul of Pembe Tatu Area in Middl,No,Minor,7.54
35.1197834,,,Y,50,35.120,0.0,0.1,OPEN,PVC,ME,03.2016,2.00,Distribution Main,03.2016,In Service,Extension and Overhaul of Pembe Tatu Area in Middl,No,Minor,35.12
192.204132,,,Y,75,192.204,0.0,0.1,OPEN,GI,ME,2014,3.00,Distribution Main,N/A,In Service,N/A,No,Major,192.19
131.841930,,,Y,75,131.842,0.0,0.1,OPEN,GI,ME,2014,3.00,Distribution Main,N/A,In Service,N/A,No,Major,131.83
318.693825,,,Y,100,318.694,0.0,0.1,OPEN,PVC,MYT,2014,4.00,Distribution Main,N/A,In Service,N/A,No,Major,318.67
569.214299,,,Y,150,555.664,0.0,0.1,OPEN,AC,KREKAJ,2014,6.00,Distribution Main,N/A,In Service,N/A,No,Major,555.62
740.734829,,,Y,350,740.735,0.0,0.1,OPEN,Steel,KREKAJ,2014,14.00,Transmission Main,2014,In Service,LTAP Lines,No,Major,740.68
209.415841,,,Y,50,209.416,0.0,0.1,OPEN,PVC,KREKAJ,2014,,Distribution Main,N/A,In Service,N/A,No,Minor,209.40
21.7784861,,,Y,50,21.778,0.0,0.1,OPEN,PVC,KREKAJ,2014,2.00,Distribution Main,N/A,In Service,N/A,No,Minor,21.78
21.2917747,,,Y,150,21.292,0.0,0.1,OPEN,PVC,ME,2014,6.00,Distribution Main,N/A,In Service,N/A,No,Major,21.29
95.5948112,,,Y,100,95.595,0.0,0.1,OPEN,GI,CBD,2014,4.00,Distribution Main,N/A,In Service,N/A,No,Major,95.59
644.304350,,,Y,75,290.078,0.0,0.1,OPEN,PVC,KREKAJ,2014,3.00,Distribution Main,06.2014,In Service,LTAP Extension lines,No,Major,290.05
1292.67025,,,Y,50,1292.670,0.0,0.1,OPEN,PVC,KREKAJ,11.2015,,Distribution Main,,In Service,,No,Minor,1292.55
1427.95324,,,Y,200,1427.953,0.0,0.1,OPEN,Steel,KREKAJ,2014,8.00,Distribution Main,2014,In Service,LTAP Lines,No,Major,1427.80
642.699915,,,Y,50,642.700,0.0,0.1,OPEN,PVC,KREKAJ,07.2015,2.00,Distribution Main,2014,In Service,Pamoja Trust Funded -DMM,No,Minor,642.65
15.3738608,,,Y,700,15.374,0.0,0.1,OPEN,Steel,KREKAJ,2014,28.00,Transmission Main,2014,In Service,LTAP Lines,No,Major,15.37
413.095838,,,Y,100,413.096,0.0,0.1,OPEN,GI,CBD,2014,4.00,Distribution Main,N/A,In Service,N/A,No,Major,413.07
994.143873,,,Y,75,994.144,0.0,0.1,OPEN,GI,CBD,2014,3.00,Distribution Main,N/A,In Service,N/A,No,Major,994.07
113.429793,,,Y,75,113.430,0.0,0.1,OPEN,GI,MIL,2014,3.00,Distribution Main,N/A,In Service,N/A,No,Major,113.42
232.013050,,,Y,100,232.013,0.0,0.1,OPEN,GI,ME,02.2017,4.00,Distribution Main,N/A,In Service,"Confirm connection to 6"" PVC",No,Major,232.00
267.855204,,,Y,100,267.855,0.0,0.1,OPEN,PVC,MIL,02.2017,4.00,Distribution Main,N/A,In Service,,No,Major,267.84
367.385955,,,Y,50,367.386,0.0,0.1,OPEN,PVC,CBD,02.2017,2.00,Distribution Main,11.2016,In Service,Serves Mayfair,No,Minor,367.36
47.8225200,,,Y,50,47.823,0.0,0.1,OPEN,PVC,ME,02.2017,2.00,Distribution Main,06.2016,In Service,,No,Minor,47.82
75.9868557,,,Y,50,75.987,0.0,0.1,OPEN,PVC,ME,02.2017,2.00,Distribution Main,06.2016,In Service,,No,Minor,75.98
71.4343276,,,Y,40,71.434,0.0,0.1,OPEN,PVC,ME,02.2017,1.50,Distribution Main,2016,In Service,,No,Minor,71.43
98.8008367,,,Y,40,98.801,0.0,0.1,OPEN,PVC,ME,02.2017,1.50,Distribution Main,2016,In Service,,No,Minor,98.79
93.2575552,,,Y,40,93.258,0.0,0.1,OPEN,PVC,ME,02.2017,1.50,Distribution Main,2016,In Service,,No,Minor,93.25
2.40762682,,,Y,40,2.408,0.0,0.1,OPEN,PVC,ME,02.2017,1.50,Distribution Main,2016,In Service,,No,Minor,2.41
120.812965,,,Y,40,120.813,0.0,0.1,OPEN,PVC,ME,02.2017,1.50,Distribution Main,2016,In Service,,No,Minor,120.80
741.995971,,,Y,75,741.996,0.0,0.1,OPEN,GI,CBD,03.2017,3.00,Distribution Main,,In Service,Ok,No,Major,741.94
178.690033,,,Y,75,178.690,0.0,0.1,OPEN,GI,CBD,03.2017,3.00,Distribution Main,,In Service,Ok,No,Major,178.68
268.838989,,,Y,75,268.839,0.0,0.1,OPEN,GI,MIL,03.2017,3.00,Distribution Main,N/A,In Service,Serves Sunset,No,Major,268.82
9.00024015,,,Y,50,9.000,0.0,0.1,OPEN,PVC,MIL,03.2017,2.00,Service line,N/A,In Service,Serves Sunset Hotel,No,Minor,9.00
205.689884,,,Y,32,205.690,0.0,0.1,OPEN,PVC,KREKAJ,04.2017,1.25,Distribution Main,,In Service,,No,Minor,205.67
128.438541,,,Y,40,128.439,0.0,0.1,OPEN,PVC,KREKAJ,04.2017,1.50,Distribution Main,,In Service,,No,Minor,128.43
669.399415,,,Y,150,669.399,0.0,0.1,OPEN,PVC,KREKAJ,04.2017,6.00,Distribution Main,,In Service,,No,Major,669.34
142.302300,,,Y,32,142.302,0.0,0.1,OPEN,PVC,KREKAJ,04.2017,1.25,Distribution Main,,In Service,,No,Minor,142.29
2.35537329,,,Y,100,2.355,0.0,0.1,OPEN,GI,CBD,11.2016,4.00,Distribution Main,10.2016,In Service,ok,No,Major,2.36
370.378385,,,Y,100,370.378,0.0,0.1,OPEN,PVC,CBD,11.2016,4.00,Distribution Main,10.2016,In Service,,No,Major,370.36
1630.74432,,,Y,150,1634.600,0.0,0.1,OPEN,PVC,CBD,02.2017,6.00,Distribution Main,10.2016,In Service,ok,No,Major,1634.50
1015.21527,,,Y,50,1015.173,0.0,0.1,OPEN,PVC,CBD,,2.00,Distribution Main,,In Service,,No,Minor,1015.13
497.922609,,,Y,50,497.923,0.0,0.1,OPEN,PVC,CBD,07.2015,2.00,Distribution Main,07.2015,In Service,N/A,No,Minor,497.90
363.022154,,,Y,50,363.022,0.0,0.1,OPEN,PVC,MYT,01.2017,2.00,Distribution Main,10.2016,In Service,Ok,No,Minor,362.99
274.168567,,,Y,40,274.169,0.0,0.1,OPEN,PVC,CBD,,1.50,Distribution Main,,In Service,,No,Minor,274.16
140.320442,,,Y,75,140.320,0.0,0.1,OPEN,PVC,MYT,01.2017,3.00,Distribution Main,2016,In Service,Ok,No,Major,140.31
1369.13360,,,Y,40,1369.134,0.0,0.1,OPEN,PVC,MYT,01.2017,1.50,Distribution Main,11.2016,In Service,Suffers low pressures occasionally,No,Minor,1368.99
377.785413,,,Y,50,377.785,0.0,0.1,OPEN,HDPE,MYT,01.2017,2.00,Distribution Main,11.2016,In Service,Ok,No,Minor,377.75
123.948234,,,Y,75,123.948,0.0,0.1,OPEN,PVC,CBD,11.2016,3.00,Distribution Main,,In Service,,No,Major,123.94
1572.17492,,,Y,50,1575.515,0.0,0.1,OPEN,PVC,CBD,01.2017,2.00,Distribution Main,2016,In Service,Ok,No,Minor,1575.45
527.538793,,,Y,75,522.412,0.0,0.1,OPEN,PVC,CBD,10.2016,3.00,Distribution Main,10.2016,In Service,,No,Major,522.39
77.9555921,,,Y,50,77.956,0.0,0.1,OPEN,PVC,MYT,12.2016,2.00,Distribution Main,,In Service,,No,Minor,77.95
56.6561684,,,Y,25,56.656,0.0,0.1,OPEN,PPR,MYT,12.2016,1.00,Service line,,In Service,Ok,No,Minor,56.65
147.513287,,,Y,20,147.513,0.0,0.1,OPEN,PVC,MYT,12.2016,0.75,Distribution Main,04.2016,In Service,,No,Minor,147.50
237.152213,,,Y,25,237.152,0.0,0.1,OPEN,PVC,MYT,12.2016,1.00,Distribution Main,04.2016,In Service,,No,Minor,237.13
362.627856,,,Y,40,362.628,0.0,0.1,OPEN,HDPE,MYT,12.2016,1.50,Distribution Main,04.2016,In Service,,No,Minor,362.59
183.715715,,,Y,32,183.716,0.0,0.1,OPEN,HDPE,MYT,12.2016,1.25,Distribution Main,04.2016,In Service,,No,Minor,183.70
2332.34484,,,Y,100,2332.345,0.0,0.1,OPEN,PVC,CBD,11.2016,4.00,Distribution Main,10.2016,In Service,,No,Major,2332.25
110.029350,,,Y,100,110.029,0.0,0.1,OPEN,GI,CBD,11.2016,4.00,Distribution Main,10.2016,In Service,ok,No,Major,110.02
292.838421,,,Y,100,292.838,0.0,0.1,OPEN,PVC,MYT,07.2015,4.00,Distribution Main,N/A,In Service,N/A,No,Major,292.81
1159.91339,,,Y,100,1159.913,0.0,0.1,OPEN,PVC,MYT,07.2015,4.00,Distribution Main,2014,In Service,LTAP,No,Major,1159.81
102.771298,,,Y,50,102.771,0.0,0.1,OPEN,PVC,MYT,03.2017,2.00,Distribution Main,,In Service,Ok,No,Minor,102.76
1019.44801,,,Y,32,1019.448,0.0,0.1,OPEN,PVC,MYT,2014,1.25,Distribution Main,N/A,In Service,N/A,No,Minor,1019.35
219.691968,,,Y,50,219.692,0.0,0.1,OPEN,PVC,MYT,2014,2.00,Distribution Main,N/A,In Service,N/A,No,Minor,219.67
40.2918997,,,Y,50,40.292,0.0,0.1,OPEN,PVC,MYT,07.2015,2.00,Distribution Main,2012,In Service,N/A,No,Minor,40.29
28.6798038,,,Y,50,28.680,0.0,0.1,OPEN,PVC,MYT,2014,2.00,Distribution Main,N/A,In Service,N/A,No,Minor,28.68
96.5104083,,,Y,50,96.510,0.0,0.1,OPEN,PVC,MYT,2014,2.00,Distribution Main,2014,In Service,N/A,No,Minor,96.50
335.594596,,,Y,50,335.595,0.0,0.1,OPEN,PVC,MYT,2014,2.00,Distribution Main,2014,In Service,N/A,No,Minor,335.56
384.532211,,,Y,50,384.532,0.0,0.1,OPEN,PVC,MYT,12.2016,2.00,Distribution Main,,In Service,,No,Minor,384.50
162.125124,,,Y,50,162.125,0.0,0.1,OPEN,PVC,KREKAJ,03.2015,2.00,Distribution Main,N/A,In Service,N/A,No,Minor,162.11
1018.06791,,,Y,32,1018.068,0.0,0.1,OPEN,PVC,KREKAJ,2014,1.25,Distribution Main,06.2014,In Service,LTAP Extension lines,No,Minor,1017.97
1225.31577,,,Y,40,1225.316,0.0,0.1,OPEN,PVC,KREKAJ,02.2017,1.50,Distribution Main,02.2017,In Service,OK,Yes,Minor,1225.20
15.9272549,,,Y,100,15.927,0.0,0.1,CLOSED,HDPE,KREKAJ,10.2016,4.00,Distribution Main,2016,Still pending,Pump line,No,Major,15.93
2668.28165,,,Y,100,2668.282,0.0,0.1,OPEN,Steel,KREKAJ,2014,4.00,Distribution Main,2014,In Service,LTAP Lines,No,Major,2667.97
608.927765,,,Y,40,608.928,0.0,0.1,OPEN,PVC,MYT,12.2016,1.50,Distribution Main,04.2016,In Service,,No,Minor,608.87
84.7380218,,,Y,40,84.738,0.0,0.1,OPEN,PPR,MYT,04.2016,1.50,Distribution Main,,In Service,,No,Minor,84.73
7.03303381,,,Y,100,7.033,0.0,0.1,OPEN,GI,ME,2014,4.00,Distribution Main,N/A,In Service,N/A,No,Major,7.03
108.530050,,,Y,75,108.530,0.0,0.1,OPEN,PVC,ME,2014,3.00,Distribution Main,N/A,In Service,N/A,No,Major,108.52
257.062822,,,Y,50,257.063,0.0,0.1,OPEN,PVC,ME,,2.00,Distribution Main,N/A,In Service,,No,Minor,257.04
6.02850158,,,Y,100,6.029,0.0,0.1,OPEN,PVC,MYT,2014,4.00,Distribution Main,2014,In Service,LTAP Lines,No,Major,6.03
876.994525,,,Y,100,876.995,0.0,0.1,OPEN,PVC,MYT,2014,4.00,Distribution Main,2014,In Service,LTAP Lines,Yes,Major,876.92
314.188867,,,Y,100,314.189,0.0,0.1,OPEN,PVC,MYT,2014,4.00,Distribution Main,2014,In Service,LTAP Lines,No,Major,314.16
454.631160,,,Y,100,454.631,0.0,0.1,OPEN,PVC,MYT,2014,4.00,Distribution Main,2014,In Service,LTAP Lines,No,Major,454.59
81.1188622,,,Y,40,81.119,0.0,0.1,OPEN,PVC,ME,02.2017,1.50,Distribution Main,2016,In Service,,No,Minor,81.11
41.3234737,,,Y,75,41.323,0.0,0.1,OPEN,GI,ME,2014,3.00,Distribution Main,N/A,In Service,N/A,No,Major,41.32
136.617327,,,Y,50,136.617,0.0,0.1,OPEN,PVC,ME,02.2017,2.00,Distribution Main,06.2016,In Service,,No,Minor,136.61
168.611237,,,Y,75,168.611,0.0,0.1,OPEN,GI,ME,02.2017,3.00,Distribution Main,N/A,In Service,Confirm offtake and route,No,Major,168.60
233.446128,,,Y,75,233.446,0.0,0.1,OPEN,GI,ME,2014,3.00,Distribution Main,N/A,In Service,N/A,No,Major,233.43
146.937409,,,Y,32,146.937,0.0,0.1,OPEN,GI,MYT,2014,1.25,Service line,N/A,In Service,N/A,No,Minor,146.93
64.4917844,,,Y,32,64.492,0.0,0.1,OPEN,GI,MYT,2014,1.25,Service line,N/A,In Service,N/A,No,Minor,64.49
76.7415890,,,Y,50,76.742,0.0,0.1,OPEN,PVC,ME,03.2016,2.00,Distribution Main,03.2016,In Service,Extension and Overhaul of Pembe Tatu Area in Middl,No,Minor,76.74
80.8018787,,,Y,50,80.802,0.0,0.1,OPEN,PVC,ME,03.2016,2.00,Distribution Main,03.2016,In Service,Extension and Overhaul of Pembe Tatu Area in Middl,No,Minor,80.80
548.928647,,,Y,125,548.929,0.0,0.1,OPEN,AC,MIL,10.2015,5.00,Distribution Main,N/A,In Service,,No,Major,548.89
973.257679,,,Y,225,973.258,0.0,0.1,OPEN,AC,MIL,2014,9.00,Distribution Main,N/A,In Service,N/A,No,Major,973.19
1.58622359,,,Y,75,1.586,0.0,0.1,OPEN,GI,MIL,03.2017,3.00,Distribution Main,N/A,In Service,Serves Sunset,No,Major,1.59
271.340877,,,Y,150,271.341,0.0,0.1,OPEN,AC,CBD,06.2016,6.00,Distribution Main,N/A,In Service,Pipe is corroded,No,Major,271.32
142.708951,,,Y,225,142.709,0.0,0.1,OPEN,AC,MIL,06.2016,9.00,Distribution Main,N/A,In Service,,No,Major,142.70
89.3336955,,,Y,75,89.334,0.0,0.1,OPEN,GI,CBD,03.2016,3.00,Distribution Main,N/A,In Service,,No,Major,89.33
1525.62608,,,Y,150,1525.626,0.0,0.1,OPEN,GI,CBD,2014,6.00,Distribution Main,N/A,In Service,N/A,No,Major,1525.51
12.5589472,,,Y,75,12.559,0.0,0.1,OPEN,GI,CBD,2014,3.00,Distribution Main,N/A,In Service,N/A,No,Major,12.56
66.0734985,,,Y,75,66.073,0.0,0.1,OPEN,GI,CBD,2014,3.00,Distribution Main,N/A,In Service,N/A,No,Major,66.07
186.915521,,,Y,150,186.916,0.0,0.1,OPEN,AC,CBD,06.2016,6.00,Distribution Main,N/A,In Service,,No,Major,186.90
1409.21558,,,Y,150,1409.216,0.0,0.1,OPEN,GI,CBD,2014,6.00,Distribution Main,N/A,In Service,N/A,No,Major,1409.11
206.254016,,,Y,75,206.254,0.0,0.1,OPEN,GI,CBD,05.2016,3.00,Distribution Main,,In Service,,No,Major,206.24
51.3066649,,,Y,50,51.307,0.0,0.1,OPEN,PVC,CBD,08.2015,2.00,Distribution Main,N/A,In Service,Structures over it,No,Minor,51.30
84.6676944,,,Y,50,84.668,0.0,0.1,OPEN,PVC,CBD,08.2015,2.00,Distribution Main,N/A,In Service,,No,Minor,84.66
2634.27720,,,Y,50,2634.277,0.0,0.1,OPEN,PVC,MYT,08.2016,2.00,Distribution Main,07.2016,In Service,Has many leakages,No,Minor,2634.01
427.772004,,,Y,100,427.772,0.0,0.1,OPEN,HDPE,MYT,2014,,Distribution Main,N/A,In Service,Gate valve at dead end.,No,Major,427.73
112.698057,,,Y,50,112.698,0.0,0.1,OPEN,PVC,MYT,2014,2.00,Distribution Main,2014,In Service,N/A,No,Minor,112.69
58.7709238,,,Y,100,49.047,0.0,0.1,OPEN,GI,MYT,2014,4.00,Distribution Main,N/A,In Service,Crosses road. Pipe is exposed.,No,Major,49.04
438.258180,,,Y,200,438.258,0.0,0.1,OPEN,PVC,MYT,2014,8.00,Distribution Main,N/A,In Service,N/A,No,Major,438.22
590.834574,,,Y,150,590.835,0.0,0.1,OPEN,PVC,ME,2014,6.00,Distribution Main,N/A,In Service,N/A,No,Major,590.79
922.049921,,,Y,100,922.050,0.0,0.1,OPEN,PVC,MYT,2014,4.00,Distribution Main,2014,In Service,LTAP Lines,No,Major,921.97
52.1913406,,,Y,350,52.191,0.0,0.1,OPEN,PVC,CBD,2014,14.00,Transmission Main,N/A,In Service,Supplies water to Kibuye.,No,Major,52.19
155.311232,,,Y,40,155.311,0.0,0.1,OPEN,PVC,KREKAJ,07.2015,1.50,Distribution Main,2014,In Service,Pamoja Trust Funded -DMM,No,Minor,155.30
381.901553,,,Y,200,381.902,0.0,0.1,OPEN,PVC,MYT,2014,8.00,Distribution Main,N/A,In Service,N/A,No,Major,381.87
202.917371,,,Y,100,202.917,0.0,0.1,OPEN,PVC,MYT,2014,4.00,Distribution Main,N/A,In Service,N/A,No,Major,202.90
868.048567,,,Y,100,868.049,0.0,0.1,OPEN,PVC,MYT,2014,4.00,Distribution Main,N/A,In Service,N/A,No,Major,867.97
10.7660954,,,Y,75,10.766,0.0,0.1,OPEN,AC,ME,2014,3.00,Distribution Main,N/A,In Service,N/A,No,Major,10.77
69.3123709,,,Y,75,69.312,0.0,0.1,OPEN,HDPE,ME,2014,3.00,Distribution Main,N/A,In Service,N/A,No,Major,69.31
105.676657,,,Y,75,105.677,0.0,0.1,OPEN,PVC,ME,2014,3.00,Distribution Main,N/A,In Service,N/A,No,Major,105.67
793.832822,,,N,250,793.833,0.0,0.1,OPEN,PVC,CBD,05.2016,10.00,Distribution Main,,In Service,,No,Major,793.77
483.267336,,,N,150,483.267,0.0,0.1,OPEN,PVC,CBD,2014,6.00,Distribution Main,N/A,In Service,N/A,No,Major,483.23
12.6832400,,,,250,12.683,0.0,0.1,OPEN,PVC,CBD,,10.00,,,,,No,Major,12.68
401.223636,,,Y,125,365.240,0.0,0.1,OPEN,AC,MIL,10.2015,5.00,Distribution Main,N/A,In Service,,No,Major,365.21
106.782979,,,N,75,106.783,0.0,0.1,OPEN,GI,MIL,06.2017,3.00,Distribution Main,N/A,In Service,,No,Major,106.78
194.931153,,,N,75,194.931,0.0,0.1,OPEN,GI,MIL,06.2017,3.00,Distribution Main,N/A,In Service,,No,Major,194.92
358.892526,,,Y,225,358.893,0.0,0.1,OPEN,AC,MIL,2014,9.00,Transmission Main,N/A,In Service,N/A,No,Major,358.87
547.230517,,,N,75,547.231,0.0,0.1,OPEN,GI,MIL,06.2017,3.00,Distribution Main,N/A,In Service,,No,Major,547.19
88.6831982,,,N,75,88.683,0.0,0.1,Open,GI,ME,06.2017,3.00,,,,,No,Major,88.68
859.427931,,,N,150,859.428,0.0,0.1,OPEN,PVC,CBD,06.2017,6.00,Distribution Main,2014,In Service,,No,Major,859.36
1078.07400,,,Y,150,1078.074,0.0,0.1,OPEN,AC,MIL,2014,6.00,Distribution Main,N/A,In Service,To ground truth,No,Major,1077.99
130.765627,,,Y,150,130.766,0.0,0.1,OPEN,AC,MIL,2014,6.00,Distribution Main,N/A,In Service,N/A,No,Major,130.76
485.562899,,,N,50,485.563,0.0,0.1,OPEN,PVC,MYT,06.2017,,Distribution Main,06.2017,In Service,Laid by Duncan Ocholla,Yes,Minor,485.52
1368.31575,,,Y,100,1346.549,0.0,0.1,OPEN,HDPE,MYT,03.2016,,Distribution Main,N/A,In Service,,No,Major,1346.43
185.266362,,,Y,150,185.266,0.0,0.1,OPEN,AC,MIL,2014,6.00,Distribution Main,N/A,In Service,N/A,No,Major,185.25
306.096464,,,Y,150,306.096,0.0,0.1,OPEN,AC,MIL,2014,6.00,Distribution Main,N/A,In Service,N/A,No,Major,306.07
845.668082,,,N,50,845.668,0.0,0.1,OPEN,PVC,MIL,06.2017,2.00,Distribution Main,,In Service,Dead end at county bridge,No,Minor,845.61
424.379902,,,N,50,424.380,0.0,0.1,OPEN,PVC,CBD,,2.00,,,,,No,Minor,424.37
691.667410,,,N,32,691.667,0.0,0.1,OPEN,PVC,KREKAJ,06.2017,1.25,Distribution Main,06.2017,In service,Ok,Yes,Minor,691.59
750.756111,,,N,50,751.485,0.0,0.1,OPEN,PVC,KREKAJ,06.2017,,Distribution Main,2016,In service,Not yet connected to main line,Yes,Minor,751.40
316.324905,,,N,75,316.325,0.0,0.1,OPEN,PVC,KREKAJ,05.2017,3.00,Distribution Main,05.2017,In service,Ok,Yes,Major,316.30
119.049251,,,N,50,119.049,0.0,0.1,OPEN,PVC,KREKAJ,05.2017,2.00,Distribution Main,05.2017,In service,Ok,Yes,Minor,119.04
42.6331901,,,,40,42.633,0.0,0.1,OPEN,PVC,KREKAJ,05.2017,1.50,Distribution Main,05.2017,In service,Ok,Yes,Minor,42.63
260.144896,,,N,75,260.145,0.0,0.1,OPEN,PVC,KREKAJ,06.2017,3.00,Distribution Main,06.2017,In service,Ok,Yes,Major,260.12
223.798573,,,N,50,223.799,0.0,0.1,OPEN,PVC,KREKAJ,06.2017,2.00,Distribution Main,06.2017,In service,Ok,Yes,Minor,223.78
214.638388,,,N,25,214.638,0.0,0.1,OPEN,PVC,KREKAJ,06.2017,1.00,Service line,06.2017,In Service,Laid by Kiptoo,Yes,Minor,214.61
20.8531770,,,N,75,20.853,0.0,0.1,OPEN,GI,CBD,07.2017,3.00,Distribution Main,2010,In Service,,No,Major,20.85
71.6777534,,,N,50,71.678,0.0,0.1,OPEN,PVC,CBD,07.2017,2.00,Distribution Main,2010,In Service,,No,Minor,71.67
157.305134,,,N,40,157.305,0.0,0.1,OPEN,PVC,CBD,07.2017,1.50,Distribution Main,2010,In Service,,No,Minor,157.29
38.3005957,,,N,40,38.301,0.0,0.1,OPEN,PVC,CBD,07.2017,1.50,Distribution Main,2010,In Service,,No,Minor,38.30
160.711651,,,N,40,160.712,0.0,0.1,OPEN,PVC,CBD,07.2017,1.50,Distribution Main,2010,In Service,,No,Minor,160.70
506.610315,,,N,75,506.610,0.0,0.1,OPEN,PVC,MYT,07.2017,3.00,Distribution Main,06.2017,In Service,Laid by Lawrence,Yes,Major,506.56
256.480216,,,N,50,256.480,0.0,0.1,OPEN,PVC,MIL,05.2017,2.00,Distribution Main,04.2017,In Service,,Yes,Minor,256.46
173.232383,,,N,25,173.232,0.0,0.1,OPEN,PVC,KREKAJ,07.2017,1.00,Service line,,In Service,,No,Minor,173.21
644.223906,,,N,20,644.224,0.0,0.1,OPEN,PVC,KREKAJ,07.2017,0.75,Service line,06.2017,In Service,,Yes,Minor,644.16
528.288287,,,N,75,528.288,0.0,0.1,OPEN,PVC,CBD,06.2017,3.00,Distribution Main,,In Service,,Yes,Major,528.27
315.065778,,,Y,150,315.066,0.0,0.1,OPEN,PVC,ME,01.2016,6.00,Distribution Main,N/A,In Service,,Yes,Major,315.04
272.672320,,,Y,150,272.672,0.0,0.1,OPEN,PVC,ME,01.2016,6.00,Distribution Main,N/A,In Service,,No,Major,272.65
114.566597,,,N,40,114.175,0.0,0.1,OPEN,PVC,ME,07.2019,1.50,Distribution Main,2019,In Service,OD50 WSUP PROJECT,Yes,Minor,114.17
164.170661,,,N,40,164.171,0.0,0.1,OPEN,PVC,ME,07.2019,1.50,Distribution Main,2019,In Service,OD50 WSUP PROJECT,,Minor,164.16
234.935547,,,N,40,234.936,0.0,0.1,OPEN,PVC,ME,07.2019,1.50,Distribution Main,2019,In Service,OD50 WSUP PROJECT,,Minor,234.92
98.1538076,,,N,40,98.154,0.0,0.1,OPEN,PVC,ME,07.2019,1.50,Distribution Main,2019,In Service,OD50 WSUP PROJECT,,Minor,98.15
89.6405619,,,N,40,89.659,0.0,0.1,OPEN,PVC,ME,07.2019,1.50,Distribution Main,2019,In Service,OD50 WSUP PROJECT,,Minor,89.65
428.079737,,,N,75,428.080,0.0,0.1,OPEN,PVC,CBD,07.2017,3.00,Distribution Main,06.2017,In Service,,Yes,Major,428.06
63.6127530,,,N,75,63.613,0.0,0.1,OPEN,PVC,CBD,07.2017,3.00,Distribution Main,06. 2017,In Service,,Yes,Major,63.61
255.858595,,,Y,100,255.859,0.0,0.1,OPEN,PVC,ME,2014,,Distribution Main,N/A,In Service,N/A,No,Major,255.84
394.162935,,,N,25,394.163,0.0,0.1,OPEN,PVC,CBD,,1.00,,,,,No,Minor,394.15
603.987078,,,N,100,603.987,0.0,0.1,OPEN,PVC,MIL,08.2017,4.00,Distribution Main,N/A,In Service,Ok,,Major,603.94
15.9636777,,,Y,75,15.964,0.0,0.1,OPEN,GI,MIL,2014,3.00,Distribution Main,N/A,In Service,N/A,No,Major,15.96
127.851697,,,Y,125,127.852,0.0,0.1,OPEN,AC,MIL,10.2015,5.00,Distribution Main,N/A,In Service,,No,Major,127.84
244.384682,,,N,75,244.385,0.0,0.1,OPEN,GI,MIL,08.2017,3.00,Distribution Main,,In Service,,,Major,244.37
258.220371,,,Y,75,258.220,0.0,0.1,OPEN,GI,MIL,03.2017,3.00,Distribution Main,N/A,In Service,Serves Sunset,No,Major,258.20
354.590902,,,N,150,354.591,0.0,0.1,OPEN,PVC,MIL,08.2017,6.00,Distribution Main,,In Service,Ok,,Major,354.57
1768.89075,,,,50,1768.891,0.0,0.1,OPEN,PVC,MYT,28.07.2022,2.00,Distribution Main,08.2017,In service,Ok,,Minor,1768.72
311.078462,,,,50,311.078,0.0,0.1,OPEN,PVC,KREKAJ,09.2017,2.00,Distribution Main,,In service,Ok,,Minor,311.05
236.906947,,,,50,236.907,0.0,0.1,OPEN,PVC,KREKAJ,09.2017,,Distribution Main,OCT/2017,In service,Ok,Yes,Minor,236.88
516.159992,,,,40,516.160,0.0,0.1,OPEN,PVC,MYT,11/2017,4.00,Distribution Main,,In service,Ok,,Minor,516.12
571.646898,,,,50,571.647,0.0,0.1,OPEN,PVC,MIL,01/2018,2.00,Distribution Main,,In service,Ok,,Minor,571.61
783.049598,,,,75,783.050,0.0,0.1,OPEN,PVC,KRE,01/2018,3.00,Distribution Main,,In service,Ok,,Major,782.98
336.577159,,,,40,336.577,0.0,0.1,OPEN,PVC,KRE,01/2018,1.50,Distribution Main,,In service,Ok,,Minor,336.55
393.408259,,,Y,50,393.408,0.0,0.1,OPEN,PVC,KREKAJ,2014,2.00,Distribution Main,06.2014,In Service,LTAP Extension lines,No,Minor,393.37
354.022381,,,,32,354.022,0.0,0.1,OPEN,PVC,KRE,01/2018,1.25,Distribution Main,,In service,Ok,,Minor,353.99
704.313949,,,,32,704.314,0.0,0.1,OPEN,PVC,CBD,01/2018,1.25,Distribution Main,2017,In service,OK,,Minor,704.29
795.444205,,,,25,795.444,0.0,0.1,OPEN,PVC,CBD,01/2018,1.00,Distribution Main,2017,|In service,Ok,,Minor,795.42
207.387512,,,,25,207.388,0.0,0.1,OPEN,PVC,CBD,01/2018,1.00,Distribution Main,2017,In service,Ok,,Minor,207.38
455.640099,,,N,25,455.640,0.0,0.1,OPEN,PVC,CBD,,1.00,,,,,No,Minor,455.62
55.2546412,,,,75,55.255,0.0,0.1,OPEN,PVC,MYT,02.2018,3.00,Distribution Main,12.2017,In service,Ok,,Major,55.25
1645.59484,,,,75,1645.595,0.0,0.1,OPEN,PVC,MYT,02.2018,3.00,Distribution Main,12.2017,In service,Ok,,Major,1645.44
132.101189,,,,50,132.101,0.0,0.1,OPEN,PVC,MYT,02.2018,2.00,Distribution Main,12/2017,In service,Ok,,Minor,132.09
322.433178,,,,100,322.433,0.0,0.1,OPEN,PVC,KREKAJ,03.2018,4.00,Distribution Main,,In service,Ok,,Major,322.41
64.7225103,,,,32,64.723,0.0,0.1,OPEN,PVC,CBD,03.2018,1.25,Distribution Main,,In service,Ok,,Minor,64.72
345.329137,,,Y,40,345.329,0.0,0.1,OPEN,PVC,CBD,04.2018,1.50,Distribution Main,,In service,Ok,,Minor,345.30
73.7794341,,,Y,50,73.779,0.0,0.1,OPEN,PVC,MIL,04.2018,2.00,Distribution Main,,In service,Ok,,Minor,73.77
125.949020,,,Y,50,125.949,0.0,0.1,OPEN,PVC,MIL,04.2018,2.00,Distribution Main,,In service,OK,,Minor,125.94
832.138304,,,Y,75,832.138,0.0,0.1,OPEN,GI,MIL,04.2018,2.00,Distribution Main,,In service,Ok,,Major,832.08
136.378776,,,,50,136.379,0.0,0.1,OPEN,PVC,MIL,05.2019,2.00,Distribution Main,,,,,Minor,136.37
1298.46503,,,,50,1298.465,0.0,0.1,OPEN,PVC,MYT,05.2018,2.00,Distribution Main,04.2018,In service,Ok,,Minor,1298.33
1660.91982,,,,50,1660.920,0.0,0.1,OPEN,PVC,MYT,05.2018,2.00,Distribution Main,04.2018,In service,Ok,Ext,Minor,1660.73
1849.06703,,,,100,1849.067,0.0,0.1,OPEN,PVC,MYT,05.2018,4.00,Distribution Main,2018,In service,Ok,,Major,1848.88
136.843805,,,,250,136.844,0.0,0.1,OPEN,Steel,MYT,05.2018,10.00,Distribution Main,2014,In service,OK,,Major,136.83
12.0950206,,,,200,12.095,0.0,0.1,OPEN,Steel,MYT,05.2018,8.00,Distribution Main,2013,In service,Boostline,,Major,12.09
179.790625,,,Y,100,179.791,0.0,0.1,OPEN,PVC,MYT,03.2016,4.00,Distribution Main,N/A,In Service,,No,Major,179.78
734.140314,,,,100,734.140,0.0,0.1,OPEN,PVC,MYT,11/2017,4.00,Distribution Main,,In service,Ok,,Major,734.08
747.193630,,,Y,100,747.194,0.0,0.1,OPEN,PVC,MYT,03.2016,4.00,Distribution Main,N/A,In Service,,No,Major,747.13
517.983108,,,,75,517.983,0.0,0.1,OPEN,PVC,KREKAJ,05.2018,3.00,Distribution Main,,In service,Ok,,Major,517.94
2017.59432,,,,50,2017.594,0.0,0.1,OPEN,PVC,KREKAJ,06.2018,2.00,Distribution Main,05.2018,Out of service,Not yet connected,,Minor,2017.34
3237.81973,,,,50,3237.820,0.0,0.1,CLOSED,PVC,MYT,06.2018,2.00,Distribution Main,04.2018,,Not yet connected,,Minor,3237.46
261.108716,,,,50,261.109,0.0,0.1,OPEN,PVC,MIL,07.2018,2.00,Distribution Main,04.2018,In service,Ok,,Minor,261.09
519.186258,,,,50,519.186,0.0,0.1,OPEN,PVC,KREKAJ,07.2018,,Distribution Main,2018,In service,,,Minor,519.13
234.965098,,,,25,234.965,0.0,0.1,OPEN,PVC,KREKAJ,07.2018,1.00,Distribution Main,2018,In service,Ok,,Minor,234.94
572.476155,,,,32,572.476,0.0,0.1,OPEN,PVC,CBD,07.2018,1.25,Distribution Main,2018,In service,OK,,Minor,572.46
111.180060,,,,40,111.180,0.0,0.1,OPEN,GI,KREKAJ,08.2018,1.50,Distribution Main,,In service,The network is rusted,,Minor,111.17
158.834742,,,,40,158.835,0.0,0.1,OPEN,GI,KREKAJ,08.2018,1.50,Distribution Main,,In service,Line is dilapidated,,Minor,158.82
4241.74749,,,,75,4006.428,0.0,0.1,CLOSED,PVC,MYT,08.2018,3.00,Distribution Main,2018,Out of service,Still under construction,,Major,4006.03
583.049059,,,,100,583.049,0.0,0.1,OPEN,GI,CBD,08.2018,4.00,Distribution Main,,In service,the line is dilapidated,,Major,583.01
293.598502,,,,50,293.599,0.0,0.1,OPEN,PVC,MIL,08.2018,2.00,Distribution Main,,In service,ok,,Minor,293.58
182.060002,,,,75,182.060,0.0,0.1,OPEN,PVC,KREKAJ,08.2018,3.00,Distribution Main,2018,In service,Ok,,Major,182.04
197.787832,,,,50,197.788,0.0,0.1,OPEN,PVC,MYT,09.2018,2.00,Distribution Main,,In service,Ok,,Minor,197.77
235.085159,,,,100,234.898,0.0,0.1,OPEN,PVC,MYT,09.2018,4.00,Distribution Main,,OPEN,Suffers low pressure,,Major,234.88
24.7837110,,,Y,100,24.784,0.0,0.1,OPEN,PVC,MYT,2014,4.00,Distribution Main,N/A,In Service,new off take from 8 inch line,No,Major,24.78
84.1816342,,,Y,150,84.182,0.0,0.1,OPEN,PVC,MYT,2014,6.00,Distribution Main,N/A,In Service,Off take from 8 inch line,No,Major,84.17
718.979459,,,,4,716.377,0.0,0.1,OPEN,PVC,MYT,09.2018,4.00,Distribution Main,,In service,Ok,,Minor,716.32
1223.46122,,,Y,50,1223.461,0.0,0.1,OPEN,PVC,MYT,08.2016,2.00,Distribution Main,07.2016,In Service,Has many leakages,No,Minor,1223.34
355.211295,,,Y,100,355.211,0.0,0.1,OPEN,PVC,CBD,01.2016,4.00,Distribution Main,2015,In Service,,No,Major,355.19
966.539658,,,,50,966.540,0.0,0.1,OPEN,PVC,CBD,07.2018,2.00,Distribution Main,2018,In service,Ok,,Minor,966.47
123.562147,,,,50,123.562,0.0,0.1,OPEN,PVC,MYT,12.2018,2.00,Distribution Main,2018,In service,Ok,,Minor,123.55
79.6130904,,,,40,79.613,0.0,0.1,OPEN,PVC,MYT,12.2018,1.50,Distribution Main,2018,In service,Ok,,Minor,79.61
60.5409701,,,,32,60.541,0.0,0.1,OPEN,PVC,MTY,12.2018,,Distribution Main,2018,In service,Ok,,Minor,60.54
203.139252,,,,50,203.139,0.0,0.1,OPEN,PVC,MYT,01.2019,2.00,Distribution Main,,In service,Ok,,Minor,203.12
193.285384,,,,50,193.285,0.0,0.1,OPEN,GI,KREKAJ,01.2019,2.00,Distribution Main,,In service,The network is dilapidated,,Minor,193.26
122.684756,,,,50,122.685,0.0,0.1,OPEN,GI,KREKAJ,01.2019,2.00,Distribution Main,,In service,The network is dilapidated,,Minor,122.67
58.7052530,,,,50,58.705,0.0,0.1,OPEN,GI,KREKAJ,01.2019,2.00,Distribution Main,,In service,The network is dilapidated,,Minor,58.70
48.7588064,,,,32,48.759,0.0,0.1,OPEN,GI,KREKAJ,01.2019,1.25,Service line,,In service,The network is dilapidated,,Minor,48.75
141.943012,,,,50,141.943,0.0,0.1,OPEN,GI,KREKAJ,01.2019,2.00,Distribution Main,,In service,The network is dilapidated,,Minor,141.93
162.654401,,,,50,162.654,0.0,0.1,OPEN,GI,KREKAJ,01.2019,2.00,Distribution Main,,In service,The network is dilapidated,,Minor,162.64
191.765183,,,,50,191.765,0.0,0.1,OPEN,GI,KREKAJ,01.2019,2.00,Distribution Main,,In service,The network is dilapidated,,Minor,191.74
110.797591,,,,,110.798,0.0,0.1,OPEN,GI,KREKAJ,01.2019,,,,In service,The network is dilapidated,,pending,110.79
188.035853,,,,25,188.036,0.0,0.1,OPEN,GI,KREKAJ,01.2019,1.00,Service line,,In service,The network is dilapidated,,Minor,188.02
41.0822202,,,,32,41.082,0.0,0.1,OPEN,GI,KREKAJ,01.2019,1.25,Service line,,In service,The network is dilapidated,,Minor,41.08
74.7132781,,,,,74.713,0.0,0.1,OPEN,GI,KREKAJ,01.2019,,,,In service,The network is dilapidated,,pending,74.71
39.7249261,,,,32,39.725,0.0,0.1,OPEN,GI,KREKAJ,01.2019,1.25,Service line,,In service,The network is dilapidated,,Minor,39.72
47.7762629,,,,32,47.776,0.0,0.1,OPEN,GI,KREKAJ,01.2019,1.25,Service line,,In service,The network is dilapidated,,Minor,47.77
54.0622626,,,,32,54.062,0.0,0.1,OPEN,GI,KREKAJ,01.2019,1.25,Service line,,In service,The network is dilapidated,,Minor,54.06
198.507180,,,,25,198.507,0.0,0.1,OPEN,GI,KREKAJ,01.2019,1.00,Service line,,In service,The network is dilapidated,,Minor,198.49
1162.52564,,,,200,1162.526,0.0,0.1,OPEN,GI,CBD,02.2019,8.00,Distribution Main,2014,In service,Ok,,Major,1162.45
325.440957,,,,40,325.441,0.0,0.1,OPEN,PVC,CBD,2.2019,,Distribution Main,,In service,Ok,,Minor,325.42
177.751271,,,,40,178.371,0.0,0.1,OPEN,PVC,CBD,02.2019,1.50,Distribution Main,2018,In Service,,,Minor,178.36
2338.06820,,,,50,2338.068,0.0,0.1,OPEN,PVC,MYT,05.2018,2.00,Distribution Main,04.2018,In service,Ok,,Minor,2337.83
1277.22685,,,,50,1277.227,0.0,0.1,OPEN,PVC,MYT,05.2018,2.00,Distribution Main,04.2018,In service,Ok,,Minor,1277.10
88.1327433,,,Y,40,88.133,0.0,0.1,OPEN,PPR,MYT,04.2016,1.50,Distribution Main,,In Service,,No,Minor,88.12
585.970862,,,,100,585.971,0.0,0.1,OPEN,PVC,CBD,02.2019,4.00,Distribution Main,2018,In service,Ok,,Major,585.95
585.981419,,,,75,585.981,0.0,0.1,OPEN,PVC,CBD,2.2019,3.00,Distribution Main,2018,In service,Ok,,Major,585.96
401.665065,,,,50,401.665,0.0,0.1,OPEN,PVC,CBD,2.2019,2.00,Distribution Main,2018,In service,Ok,,Minor,401.65
261.823243,,,,40,261.823,0.0,0.1,OPEN,PVC,CBD,2.2019,1.50,Distribution Main,2018,In service,Ok,,Minor,261.82
182.857176,,,,32,182.857,0.0,0.1,OPEN,PVC,CBD,2.2019,1.25,Distribution Main,2018,In service,Ok,,Minor,182.85
73.7438973,,,,25,73.744,0.0,0.1,OPEN,PVC,CBD,2.2019,1.00,Service line,2018,In service,Ok,,Minor,73.74
592.961442,,,,100,592.961,0.0,0.1,OPEN,PVC,KREKAJ,02.2019,4.00,Distribution Main,2018,In service,Ok,,Major,592.91
218.726323,,,,,218.726,0.0,0.1,,PVC,RIAT C,,,,,,,,pending,218.71
734.071380,,,,50,734.071,0.0,0.1,OPEN,PVC,KREKAJ,03.2019,,Distribution Main,2018,In service,Ok,,Minor,733.99
44.8231521,,,,50,44.823,0.0,0.1,OPEN,PVC,KREKAJ,03.2018,2.00,Distribution Main,,In service,Ok,,Minor,44.82
259.682429,,,,25,254.649,0.0,0.1,OPEN,PVC,MYT,04.2019,1.00,Distribution Main,2018,In service,Ok,,Minor,254.63
131.309131,,,,50,131.309,0.0,0.1,OPEN,PVC,KREKAJ,04.2019,2.00,Distribution Main,,In service,Ok,,Minor,131.30
169.461682,,,,25,169.462,0.0,0.1,OPEN,PVC,KREKAJ,04.2019,1.00,Distribution Main,,In service,Ok,,Minor,169.45
2495.59473,,,,75,2495.595,0.0,0.1,OPEN,PVC,KREKAJ,02.2019,3.00,Distribution Main,2018,In service,Ok,,Major,2495.38
582.164424,,,,50,582.164,0.0,0.1,OPEN,PVC,KREKAJ,04.2019,2.00,Distribution Main,,In service,Ok,,Minor,582.11
215.208397,,,,40,215.208,0.0,0.1,OPEN,PVC,KREKAJ,04.2019,1.50,Distribution Main,,In service,Ok,,Minor,215.19
196.114767,,,,32,196.115,0.0,0.1,OPEN,PVC,KREKAJ,04.2019,1.25,Distribution Main,,In service,Ok,,Minor,196.10
149.745970,,,,25,149.746,0.0,0.1,,,,,1.00,,,,,,Minor,149.73
501.123663,,,,75,501.124,0.0,0.1,OPEN,GI,MYT,04.2019,3.00,Distribution Main,,In service,Dilapidated,,Major,501.08
268.739053,,,,50,268.739,0.0,0.1,OPEN,GI,MYT,04.2019,2.00,Distribution Main,,In service,Dilapidated,,Minor,268.72
131.711533,,,,40,131.712,0.0,0.1,OPEN,HDPE,MYT,04.2019,1.50,Distribution Main,,In service,,,Minor,131.70
173.440736,,,,50,173.441,0.0,0.1,OPEN,GI,MYT,04.2019,2.00,Distribution Main,,In service,,,Minor,173.43
100.646785,,,,40,100.647,0.0,0.1,OPEN,HDPE,MYT,04.2019,1.50,Distribution Main,,In service,,,Minor,100.64
98.9370051,,,,40,98.937,0.0,0.1,OPEN,HDPE,MYT,04.2019,1.50,Distribution Main,,In service,,,Minor,98.93
98.9090874,,,,40,98.909,0.0,0.1,OPEN,HDPE,MYT,04.2019,1.50,Distribution Main,,In service,,,Minor,98.90
104.170345,,,,40,104.170,0.0,0.1,OPEN,HDPE,MYT,04.2019,1.50,Distribution Main,,In service,,,Minor,104.16
97.9168292,,,,40,97.917,0.0,0.1,OPEN,HDPE,MYT,04.2019,1.50,Distribution Main,,In service,,,Minor,97.91
100.841615,,,,40,100.842,0.0,0.1,OPEN,HDPE,MYT,04.2019,1.50,Distribution Main,,In service,,,Minor,100.83
467.175552,,,Y,20,467.176,0.0,0.1,OPEN,PVC,MYT,07.2016,0.75,Distribution Main,,In Service,,No,Minor,467.13
525.092251,,,,40,525.092,0.0,0.1,OPEN,PVC,MYT,05.2019,1.50,Distribution Main,2019,In service,DN50 WSUP PROJECT,,Minor,525.04
78.3557993,,,,50,78.356,0.0,0.1,OPEN,PPR,MYT,05.2019,2.00,Service line,,In service,ok,,Minor,78.35
107.069002,,,Y,100,107.069,0.0,0.1,OPEN,PVC,CBD,2014,4.00,Distribution Main,N/A,In Service,N/A,No,Major,107.06
158.835810,,,,25,158.836,0.0,0.1,OPEN,PVC,ME,07.2019,1.00,Distribution Main,2019,In service,OD32 WSUP PROJECT,,Minor,158.82
76.1653372,,,,25,76.165,0.0,0.1,OPEN,PVC,ME,07.2019,1.00,Distribution Main,2019,In service,OD32 WSUP PROJECT,,Minor,76.16
75.4842933,,,,25,75.484,0.0,0.1,OPEN,PVC,ME,07.2019,1.00,Distribution Main,2019,In service,OD32 WSUP PROJECT,,Minor,75.48
205.435385,,,,50,206.452,0.0,0.1,OPEN,PVC,CBD,05.2019,2.00,Distribution Main,2019,In Service,,,Minor,206.44
203.318075,,,,40,203.318,0.0,0.1,OPEN,PVC,ME,07.2019,1.50,Distribution Main,2019,In Service,OD50 WSUP PROJECT,,Minor,203.30
402.455689,,,,40,402.456,0.0,0.1,OPEN,PVC,MYT,06.2019,1.50,Distribution Main,2018,In service,,,Minor,402.42
838.186240,,,Y,50,838.186,0.0,0.1,OPEN,PVC,KREKAJ,2014,2.00,Distribution Main,N/A,In Service,N/A,No,Minor,838.10
168.262240,,,Y,50,168.262,0.0,0.1,OPEN,PVC,KREKAJ,2014,2.00,Distribution Main,N/A,In Service,N/A,No,Minor,168.25
585.606570,,,,40,585.607,0.0,0.1,OPEN,HDPE,KREKAJ,2019,1.50,Distribution Main,06.2019,In service,Ok,,Minor,585.55
282.751328,,,,75,282.751,0.0,0.1,OPEN,PVC,KREKAJ,06.2019,2.50,Distribution Main,2019,In service,Ok,,Major,282.72
665.159287,,,,25,665.159,0.0,0.1,OPEN,PVC,CBD,06.2019,1.00,Distribution Main,2019,In service,Ok,,Minor,665.14
115.053839,,,,32,115.054,0.0,0.1,OPEN,HDPE,MYT,06.2019,1.25,Distribution Main,2019,In service,Ok,,Minor,115.04
207.534297,,,,25,207.534,0.0,0.1,OPEN,PVC,KREKAJ,06.2019,1.00,Distribution Main,2019,In service,OK,,Minor,207.51
871.293046,,,,100,871.293,0.0,0.1,OPEN,PVC,KREKAJ,07.2019,4.00,Distribution Main,,In service,Ok,,Major,871.22
251.739870,,,,32,251.740,0.0,0.1,OPEN,PVC,KREKAJ,07.2019,1.25,Distribution Main,,In service,Ok,,Minor,251.72
232.536413,,,,32,232.536,0.0,0.1,OPEN,PVC,KREKAJ,07.2019,1.25,Distribution Main,,In service,Ok,,Minor,232.52
140.405827,,,,50,140.406,0.0,0.1,OPEN,PVC,KREKAJ,07.2019,2.00,Distribution Main,,In service,OK,,Minor,140.39
179.008010,,,,32,179.008,0.0,0.1,OPEN,PVC,KREKAJ,07.2019,1.25,Distribution Main,,In service,Ok,,Minor,178.99
222.231630,,,,32,222.232,0.0,0.1,OPEN,PVC,KREKAJ,07.2019,1.25,Distribution Main,,In service,Ok,,Minor,222.21
55.3002116,,,,50,55.300,0.0,0.1,OPEN,PVC,KREKAJ,07.2019,2.00,Distribution Main,,In service,Ok,,Minor,55.30
20.1383869,,,,32,20.138,0.0,0.1,OPEN,PVC,KREKAJ,07.2019,1.25,Distribution Main,,In service,Ok,,Minor,20.14
49.1483137,,,,25,49.148,0.0,0.1,OPEN,PVC,KREKAJ,07.2019,1.00,Distribution Main,,In service,Ok,,Minor,49.14
128.214735,,,,110,128.215,0.0,0.1,OPEN,PVC,KREKAJ,07.2019,4.00,Distribution Main,2019,In service,OD110 WSUP PROJECT,,Major,128.20
93.5937031,,,,110,93.594,0.0,0.1,OPEN,PVC,KREKAJ,07.2019,4.00,Distribution Main,2019,In service,OD110 WSUP PROJECT,,Major,93.58
73.1072676,,,,110,73.107,0.0,0.1,OPEN,PVC,KREKAJ,07.2019,4.00,Distribution Main,2019,In service,OD110 WSUP PROJECT,,Major,73.10
1376.94239,,,,50,1376.942,0.0,0.1,OPEN,PVC,KREKAJ,07.2019,2.00,Distribution Main,2019,In service,OD63 WSUP PROJECT,,Minor,1376.80
1449.39678,,,,63,1449.397,0.0,0.1,OPEN,PVC,KREKAJ,07.2019,2.50,Distribution Main,2019,In service,OD75 WSUP PROJECT,,Major,1449.25
918.850928,,,,50,918.851,0.0,0.1,OPEN,PVC,KREKAJ,07.2019,2.00,Distribution Main,2019,In service,OD63 WSUP PROJECT,,Minor,918.76
714.856835,,,,32,714.857,0.0,0.1,OPEN,PVC,KREKAJ,07.2019,1.25,Distribution Main,2019,In service,OD40 WSUP PROJECT,,Minor,714.78
939.296810,,,,25,939.297,0.0,0.1,OPEN,PVC,KREKAJ,07.2019,1.00,Distribution Main,2019,In service,OD32 WSUP PROJECT,,Minor,939.20
599.547487,,,,40,599.547,0.0,0.1,OPEN,PPR,CBD,07.2019,1.50,Distribution Main,,In service,Ok,,Minor,599.51
567.255961,,,,50,567.256,0.0,0.1,OPEN,PVC,KREKAJ,06.2019,1.50,Distribution Main,2019,In service,Ok,,Minor,567.20
1072.51354,,,,40,1072.514,0.0,0.1,OPEN,PVC,KREKAJ,06.2019,1.25,Distribution Main,2019,In service,Ok,,Minor,1072.41
416.062735,,,,50,416.063,0.0,0.1,OPEN,PVC,CBD,07.2019,2.00,Distribution Main,2019,In service,OD63 WSUP PROJECT,,Minor,416.04
368.243401,,,,50,368.243,0.0,0.1,OPEN,PVC,CBD,07.2019,2.00,Distribution Main,2019,In service,OD63 WSUP PROJECT,,Minor,368.22
733.903529,,,,50,733.904,0.0,0.1,,PVC,CBD,07.2019,2.00,Distribution Main,2019,In service,OD63 WSUP PROJECT,,Minor,733.86
160.852179,,,,50,160.852,0.0,0.1,,PVC,CBD,07.2019,2.00,Distribution Main,2019,In service,OD63 WSUP PROJECT,,Minor,160.84
566.595501,,,,32,566.596,0.0,0.1,OPEN,PVC,MYT,05.2019,1.25,Distribution Main,2019,In service,OD40 WSUP PROJECT,,Minor,566.54
57.7779479,,,,25,58.598,0.0,0.1,OPEN,PVC,ME,07.2019,1.00,Distribution Main,2019,In service,OD32 WSUP PROJECT,,Minor,58.59
58.1782335,,,,25,58.178,0.0,0.1,OPEN,PVC,ME,07.2019,1.00,Distribution Main,2019,In service,OD32 WSUP PROJECT,,Minor,58.17
61.4249693,,,,25,61.425,0.0,0.1,OPEN,PVC,ME,07.2019,1.00,Distribution Main,2019,In service,OD32 WSUP PROJECT,,Minor,61.42
59.5727903,,,,25,59.573,0.0,0.1,OPEN,PVC,ME,07.2019,1.00,Distribution Main,2019,In service,OD32 WSUP PROJECT,,Minor,59.57
61.2325515,,,,25,61.233,0.0,0.1,OPEN,PVC,ME,07.2019,1.00,Distribution Main,2019,In service,OD32 WSUP PROJECT,,Minor,61.23
60.7741609,,,,25,60.774,0.0,0.1,OPEN,PVC,ME,07.2019,1.00,Distribution Main,2019,In service,OD32 WSUP PROJECT,,Minor,60.77
63.3462433,,,,25,63.346,0.0,0.1,OPEN,PVC,ME,07.2019,1.00,Distribution Main,2019,In service,OD32 WSUP PROJECT,,Minor,63.34
62.3303178,,,,25,62.330,0.0,0.1,OPEN,PVC,ME,07.2019,1.00,Distribution Main,2019,In service,OD32 WSUP PROJECT,,Minor,62.33
332.029142,,,Y,32,332.029,0.0,0.1,OPEN,PVC,ME,02.2017,1.25,Distribution Main,2016,In Service,,No,Minor,332.00
83.6320842,,,,50,83.632,0.0,0.1,OPEN,PVC,CBD,08.2019,2.00,Service line,,In service,,,Minor,83.63
235.988955,,,,40,235.989,0.0,0.1,,PVC,KREKAJ,08.2019,1.25,Distribution Main,2019,In service,Ok,,Minor,235.97
173.895552,,,,32,173.896,0.0,0.1,,PVC,KREKAJ,08.2019,1.00,Distribution Main,2019,In service,Ok,,Minor,173.88
311.585608,,,,25,311.586,0.0,0.1,,PVC,KREKAJ,08.2019,1.00,Distribution Main,2019,In service,Ok,,Minor,311.55
177.327604,,,,25,177.328,0.0,0.1,,PVC,KREKAJ,08.2019,1.50,Distribution Main,2019,In service,Ok,,Minor,177.31
219.491680,,,,100,219.492,0.0,0.1,OPEN,GI,CBD,09.2019,4.00,Distribution Main,,In service,Ok,,Major,219.48
19.3301381,,,,75,19.330,0.0,0.1,OPEN,PVC,CBD,09.2019,3.00,Distribution Main,,In service,Boost line,,Major,19.33
474.582699,,,,75,474.583,0.0,0.1,OPEN,GI,CBD,09.2019,3.00,Distribution Main,,In service,Ok,,Major,474.55
91.3239529,,,,150,91.324,0.0,0.1,OPEN,GI,KREKAJ,09.2019,6.00,Distribution Main,,In service,Ok,,Major,91.31
76.5855233,,,Y,150,76.586,0.0,0.1,OPEN,PVC,KREKAJ,2014,6.00,Distribution Main,N/A,In Service,N/A,No,Major,76.58
242.802834,,,Y,150,242.803,0.0,0.1,OPEN,AC,KREKAJ,2014,6.00,Distribution Main,N/A,In Service,N/A,No,Major,242.78
66.2344267,,,Y,150,66.234,0.0,0.1,OPEN,GI,KREKAJ,2014,6.00,Distribution Main,N/A,In Service,N/A,No,Major,66.23
54.9422839,,,Y,150,54.942,0.0,0.1,OPEN,GI,KREKAJ,2014,6.00,Distribution Main,N/A,In Service,N/A,No,Major,54.94
360.180041,,,Y,150,360.180,0.0,0.1,OPEN,PVC,KREKAJ,2014,6.00,Distribution Main,N/A,In Service,N/A,No,Major,360.14
68.3673829,,,Y,150,68.367,0.0,0.1,OPEN,AC,KREKAJ,2014,6.00,Distribution Main,N/A,In Service,N/A,No,Major,68.36
370.592311,,,Y,150,370.592,0.0,0.1,OPEN,PVC,KREKAJ,2014,6.00,Distribution Main,N/A,In Service,N/A,No,Major,370.56
131.918152,,,Y,150,131.918,0.0,0.1,OPEN,GI,KREKAJ,2014,6.00,Distribution Main,N/A,In Service,N/A,No,Major,131.91
71.7801432,,,Y,150,71.780,0.0,0.1,OPEN,AC,KREKAJ,2014,6.00,Distribution Main,N/A,In Service,N/A,No,Major,71.77
60.6432131,,,Y,150,60.643,0.0,0.1,OPEN,HDPE,KREKAJ,2014,6.00,Distribution Main,N/A,In Service,N/A,No,Major,60.64
52.7995629,,,Y,150,52.800,0.0,0.1,OPEN,PVC,KREKAJ,2014,6.00,Distribution Main,N/A,In Service,N/A,No,Major,52.79
156.650918,,,Y,150,156.651,0.0,0.1,OPEN,AC,KREKAJ,2014,6.00,Distribution Main,N/A,In Service,N/A,No,Major,156.64
29.8662888,,,Y,150,29.866,0.0,0.1,OPEN,GI,KREKAJ,2014,6.00,Distribution Main,N/A,In Service,N/A,No,Major,29.86
154.217149,,,Y,150,154.217,0.0,0.1,OPEN,AC,KREKAJ,2014,6.00,Distribution Main,N/A,In Service,N/A,No,Major,154.20
344.493957,,,Y,150,344.494,0.0,0.1,OPEN,PVC,KREKAJ,2014,6.00,Distribution Main,N/A,In Service,N/A,No,Major,344.46
63.9840107,,,Y,150,63.984,0.0,0.1,OPEN,AC,KREKAJ,2014,6.00,Distribution Main,N/A,In Service,N/A,No,Major,63.98
261.488962,,,Y,150,261.489,0.0,0.1,OPEN,PVC,KREKAJ,2014,6.00,Distribution Main,N/A,In Service,N/A,No,Major,261.46
23.4902990,,,Y,150,23.490,0.0,0.1,OPEN,AC,KREKAJ,2014,6.00,Distribution Main,N/A,In Service,N/A,No,Major,23.49
156.174905,,,Y,150,156.175,0.0,0.1,OPEN,PVC,KREKAJ,2014,6.00,Distribution Main,N/A,In Service,N/A,No,Major,156.16
107.423911,,,Y,150,107.424,0.0,0.1,OPEN,AC,KREKAJ,2014,6.00,Distribution Main,N/A,In Service,N/A,No,Major,107.41
89.1220459,,,Y,150,89.122,0.0,0.1,OPEN,GI,KREKAJ,2014,6.00,Distribution Main,N/A,In Service,N/A,No,Major,89.11
46.4020453,,,Y,150,46.402,0.0,0.1,OPEN,AC,KREKAJ,2014,6.00,Distribution Main,N/A,In Service,N/A,No,Major,46.40
59.7034232,,,Y,150,59.703,0.0,0.1,OPEN,GI,KREKAJ,2014,6.00,Distribution Main,N/A,In Service,N/A,No,Major,59.70
47.0077170,,,Y,150,47.008,0.0,0.1,OPEN,AC,KREKAJ,2014,6.00,Distribution Main,N/A,In Service,N/A,No,Major,47.00
34.9241973,,,Y,150,34.924,0.0,0.1,OPEN,PVC,KREKAJ,2014,6.00,Distribution Main,N/A,In Service,N/A,No,Major,34.92
56.3831060,,,Y,150,56.383,0.0,0.1,OPEN,AC,KREKAJ,2014,6.00,Distribution Main,N/A,In Service,N/A,No,Major,56.38
142.610418,,,Y,150,142.610,0.0,0.1,OPEN,HDPE,KREKAJ,2014,6.00,Distribution Main,N/A,In Service,N/A,No,Major,142.60
1059.40231,,,Y,150,1059.402,0.0,0.1,OPEN,AC,KREKAJ,2014,6.00,Distribution Main,N/A,In Service,N/A,No,Major,1059.30
229.488755,,,Y,150,229.489,0.0,0.1,OPEN,PVC,KREKAJ,2014,6.00,Distribution Main,N/A,In Service,N/A,No,Major,229.47
48.8218261,,,Y,150,48.822,0.0,0.1,OPEN,AC,KREKAJ,2014,6.00,Distribution Main,N/A,In Service,N/A,No,Major,48.82
241.390397,,,,40,241.390,0.0,0.1,OPEN,PVC,KREKAJ,09.2019,1.50,Distribution Main,,In service,Ok,,Minor,241.37
431.441118,,,,50,431.441,0.0,0.1,OPEN,PVC,KREKAJ,09.2019,2.00,Distribution Main,,In service,Ok,,Minor,431.40
934.728255,,,Y,300,934.219,0.0,0.1,OPEN,Steel,CBD,2014,12.00,Transmission Main,2014,In Service,LTAP Lines,No,Major,934.16
4.18550226,,,,110,4.186,0.0,0.1,OPEN,GI,CBD,09.2019,4.00,Distribution Main,2017,In Service,OK,,Major,4.19
1.18175540,,,,50,1.182,0.0,0.1,OPEN,GI,CBD,2019,2.00,,2018,In service,Ok,,Minor,1.18
1.17090286,,,,50,1.171,0.0,0.1,OPEN,GI,CBD,2019,2.00,,2018,In service,Ok,,Minor,1.17
197.116300,,,,50,184.709,0.0,0.1,OPEN,PVC,MYT,09.2019,2.00,Distribution Main,,In service,OK,,Minor,184.69
556.879517,,,,50,556.880,0.0,0.1,OPEN,PVC,KREKAJ,09.2019,2.00,Distribution Main,,In service,Ok,,Minor,556.82
4.30834230,,,,50,4.308,0.0,0.1,OPEN,PVC,MIL,10.2019,2.00,Distribution Main,2019,In service,OK,,Minor,4.31
171.558184,,,,50,171.558,0.0,0.1,OPEN,HDPE,MIL,10.2019,2.00,Distribution Main,2019,In service,OK,,Minor,171.55
328.052146,,,,50,328.052,0.0,0.1,OPEN,HDPE,MIL,10.2019,2.00,Distribution Main,2019,In service,OK,,Minor,328.03
23.7917289,,,,50,23.792,0.0,0.1,OPEN,PVC,MIL,10.2019,2.00,Distribution Main,2019,In service,OK,,Minor,23.79
21.0375559,,,,50,21.038,0.0,0.1,OPEN,PVC,MIL,10.2019,2.00,Distribution Main,2019,In service,OK,,Minor,21.04
21.1357711,,,,50,21.136,0.0,0.1,OPEN,PVC,MIL,10.2019,2.00,Distribution Main,2019,In service,OK,,Minor,21.13
93.0672372,,,,50,93.067,0.0,0.1,OPEN,HDPE,MIL,10.2019,2.00,Distribution Main,2019,In service,OK,,Minor,93.06
116.275232,,,,50,116.275,0.0,0.1,OPEN,HDPE,MIL,10.2019,2.00,Distribution Main,2019,In service,OK,,Minor,116.27
229.134473,,,,100,223.581,0.0,0.1,OPEN,AC,MIL,10.2019,4.00,Distribution Main,,In service,Ok,,Major,223.57
257.248281,,,,100,257.248,0.0,0.1,OPEN,AC,MIL,10.2019,4.00,Distribution Main,,In service,Ok,,Major,257.23
351.224849,,,Y,50,351.225,0.0,0.1,OPEN,PVC,MIL,2014,2.00,Distribution Main,N/A,In Service,N/A,No,Minor,351.20
612.711564,,,Y,50,612.712,0.0,0.1,OPEN,PVC,MIL,2014,2.00,Distribution Main,N/A,In Service,N/A,No,Minor,612.67
11.6572935,,,,,11.657,0.0,0.1,,,,,,,,,,,pending,11.66
1217.70521,,,,75,1217.705,0.0,0.1,CLOSED,HDPE,MYT,04.2020,4.00,Distribution Main,2019,Out of service,Connection is still pending,Ova,Major,1217.56
5.42703857,,,Y,350,5.427,0.0,0.1,OPEN,Steel,CBD,2014,14.00,Distribution Main,N/A,In Service,N/A,No,Major,5.43
212.054134,,,,75,212.054,0.0,0.1,OPEN,PVC,RIAT C,1.2020,3.00,Distribution Main,2018,In service,,,Major,212.04
314.639400,,,,50,314.639,0.0,0.1,OPEN,PVC,RIAT C,1.2020,2.00,Distribution Main,2018,In service,,,Minor,314.62
177.630319,,,,40,177.630,0.0,0.1,OPEN,PVC,RIAT C,1.2020,1.50,Distribution Main,2018,In service,,,Minor,177.62
72.6561914,,,,50,72.656,0.0,0.1,OPEN,PVC,RIAT C,01.2020,2.00,Distribution Main,2018,In service,,,Minor,72.65
77.5383252,,,,40,77.538,0.0,0.1,OPEN,PVC,RIAT C,01.2020,1.50,Distribution Main,2018,In service,,,Minor,77.53
61.5079156,,,,40,61.508,0.0,0.1,,,,,1.50,,,,,,Minor,61.50
35.6556639,,,,50,35.656,0.0,0.1,,PVC,KREKAJ,,2.00,,,,,,Minor,35.65
363.299052,,,,50,363.299,0.0,0.1,OPEN,HDPE,MIL,11.2019,2.00,Distribution Main,2019,In service,Ok,,Minor,363.27
50.4397898,,,,50,50.440,0.0,0.1,OPEN,HDPE,MIL,11.2019,2.00,Distribution Main,2019,In service,Ok,,Minor,50.44
1543.44968,,,,50,1543.450,0.0,0.1,OPEN,PVC,KREKAJ,11.2019,2.00,Distribution Main,2019,In service,OK,,Minor,1543.25
12.5634766,,,,,12.563,0.0,0.1,,,,,,,,,,,pending,12.56
13.7126118,,,,,13.713,0.0,0.1,,,,,,,,,,,pending,13.71
35.4445096,,,,50,35.445,0.0,0.1,OPEN,PVC,MYT,06.2019,2.00,Distribution Main,2018,In service,Ok,,Minor,35.44
597.249094,,,,75,597.249,0.0,0.1,OPEN,HDPE,MYT,12.2019,3.00,Distribution Main,2019,Out of service,HIGH OCTANE PROJECT,,Major,597.17
1291.97277,,,,75,1291.973,0.0,0.1,OPEN,HDPE,MYT,12.2019,3.00,Distribution Main,2019,Out of service,HIGH OCTANE PROJECT,,Major,1291.81
300.179319,,,,50,300.179,0.0,0.1,OPEN,HDPE,MYT,12.2019,2.00,Distribution Main,2019,Out of service,HIGH OCTANE PROJECT,,Minor,300.14
292.242927,,,,50,292.243,0.0,0.1,OPEN,HDPE,MYT,12.2019,2.00,Distribution Main,2019,Out of service,HIGH OCTANE PROJECT,,Minor,292.21
936.225742,,,,75,936.226,0.0,0.1,OPEN,HDPE,MYT,12.2019,3.00,Distribution Main,2019,Out of service,HIGH OCTANE PROJECT,,Major,936.11
615.502484,,,,50,615.502,0.0,0.1,OPEN,HDPE,KREKAJ,12.2019,2.00,Distribution Main,2019,Out of service,HIGH OCTANE PROJECT,,Minor,615.43
555.670836,,,,50,555.671,0.0,0.1,OPEN,HDPE,MYT,12.2019,2.00,Distribution Main,2019,Out of service,HIGH OCTANE PROJECT,,Minor,555.60
99.5211597,,,,50,99.521,0.0,0.1,OPEN,HDPE,CBD,12.2019,2.00,Distribution Main,12.2019,In service,Ok,,Minor,99.51
187.872215,,,,40,187.872,0.0,0.1,OPEN,HDPE,CBD,12.2019,1.50,Distribution Main,12.2019,In service,Ok,,Minor,187.86
51.4935862,,,,40,51.494,0.0,0.1,OPEN,PVC,CBD,12.2019,1.50,Distribution Main,,In service,Ok,,Minor,51.49
148.965403,,,,75,148.965,0.0,0.1,,GI,,,3.00,,,,,,Major,148.95
247.803805,,,,100,247.804,0.0,0.1,OPEN,PVC,ME,12.2019,4.00,Distribution Main,,In service,Ok,,Major,247.78
94.8423382,,,Y,75,94.842,0.0,0.1,OPEN,GI,ME,10.2016,3.00,Distribution Main,,In Service,,No,Major,94.83
177.982778,,,Y,75,177.983,0.0,0.1,OPEN,AC,ME,10.2016,3.00,Distribution Main,,In Service,,No,Major,177.97
92.8343980,,,Y,75,92.560,0.0,0.1,OPEN,GI,ME,10.2016,3.00,Distribution Main,,In Service,,No,Major,92.55
156.916402,,,Y,75,166.605,0.0,0.1,OPEN,AC,ME,10.2016,3.00,Distribution Main,,In Service,,No,Major,166.59
199.610231,,,Y,75,199.610,0.0,0.1,OPEN,PVC,ME,06.2016,3.00,Distribution Main,07.2016,In Service,,No,Major,199.59
108.663664,,,,75,161.663,0.0,0.1,OPEN,PVC,KREKAJ,12.2019,3.00,Distribution Main,,In service,Ok,,Major,161.65
640.276460,,,Y,75,640.276,0.0,0.1,OPEN,PVC,CBD,03.2016,3.00,Distribution Main,,In Service,,No,Major,640.24
980.405353,,,,50,980.405,0.0,0.1,OPEN,HDPE,MYT,01.2020,2.00,Distribution Main,2019,In service,High octane,,Minor,980.29
918.714173,,,,50,918.714,0.0,0.1,OPEN,HDPE,MYT,01.2020,2.00,Distribution Main,2019,In service,High octane,,Minor,918.61
354.361636,,,,32,354.362,0.0,0.1,OPEN,HDPE,MIL,01.2020,1.25,Distribution Main,2019,In service,Ok,,Minor,354.33
155.870850,,,,75,155.871,0.0,0.1,OPEN,PVC,MIL,01.2020,3.00,Distribution Main,2019,In service,Ok,,Major,155.86
177.615070,,,,50,177.615,0.0,0.1,OPEN,PVC,MIL,01.2020,2.00,Distribution Main,2019,In service,Ok,,Minor,177.60
102.788875,,,,50,102.789,0.0,0.1,OPEN,PVC,MIL,01.2020,2.00,Distribution Main,2019,In service,Ok,,Minor,102.78
240.381622,,,,50,240.382,0.0,0.1,OPEN,PVC,MIL,01.2020,2.00,Distribution Main,2019,In service,Ok,,Minor,240.36
64.4160699,,,Y,50,64.416,0.0,0.1,OPEN,PVC,MIL,03.2020,2.00,Distribution Main,10.2015,In Service,Proposed DW_Pipe Network,No,Minor,64.41
421.537218,,,,50,421.537,0.0,0.1,OPEN,PVC,MIL,01.2020,2.00,Distribution Main,2019,In service,Ok,,Minor,421.50
368.227235,,,,50,368.227,0.0,0.1,OPEN,PVC,MIL,01.2020,2.00,Distribution Main,2019,In service,Ok,,Minor,368.20
159.262710,,,,75,159.263,0.0,0.1,OPEN,PVC,MIL,01.2020,3.00,Distribution Main,2019,In service,Ok,,Major,159.25
126.042314,,,,50,126.042,0.0,0.1,OPEN,PVC,MIL,01.2020,3.00,Distribution Main,2019,In service,Ok,,Minor,126.03
38.5048724,,,,150,38.505,0.0,0.1,OPEN,Steel,OBA,01.2020,6.00,Distribution Main,2018,In service,Tank outlets,,Major,38.50
682.357962,,,,40,682.358,0.0,0.1,OPEN,HDPE,OBA,01.2020,1.50,Distribution Main,2019,In service,Riverton OBA,,Minor,682.31
20.6981913,,,,100,20.698,0.0,0.1,OPEN,HDPE,OBA,01.2020,4.00,Distribution Main,2018,In service,Riverton OBA,,Major,20.70
78.1703424,,,,75,78.170,0.0,0.1,OPEN,HDPE,OBA,01.2020,3.00,Distribution Main,2018,In service,Riverton OBA,,Major,78.16
1034.47890,,,,40,1034.479,0.0,0.1,OPEN,HDPE,OBA,01.2020,1.50,Distribution Main,2018,In service,Riverton OBA,,Minor,1034.40
612.450743,,,,20,612.451,0.0,0.1,OPEN,HDPE,OBA,01.2020,0.75,Service line,2019,In service,Riverton OBA,,Minor,612.41
239.160179,,,,75,239.160,0.0,0.1,OPEN,HDPE,OBA,01.2020,3.00,Distribution Main,2018,In service,Riverton OBA,,Major,239.14
295.741877,,,,50,295.742,0.0,0.1,OPEN,HDPE,OBA,01.2020,2.00,Distribution Main,2018,In service,Riverton OBA,,Minor,295.72
241.363780,,,,100,241.364,0.0,0.1,OPEN,HDPE,OBA,01.2020,4.00,Distribution Main,2018,In service,Riverton OBA,,Major,241.34
675.460917,,,,40,675.461,0.0,0.1,OPEN,HDPE,OBA,01.2020,1.50,Distribution Main,2018,In service,Riverton OBA,,Minor,675.41
335.228521,,,,100,335.229,0.0,0.1,OPEN,HDPE,OBA,01.2020,4.00,Distribution Main,2018,In service,Riverton OBA,,Major,335.20
1318.48671,,,,40,1318.487,0.0,0.1,OPEN,HDPE,OBA,01.2020,1.50,Distribution Main,2018,In service,Riverton OBA,,Minor,1318.38
318.843283,,,,40,318.843,0.0,0.1,OPEN,HDPE,OBA,01.2020,1.50,Distribution Main,2018,In service,Riverton OBA,,Minor,318.82
129.925254,,,,25,129.925,0.0,0.1,OPEN,HDPE,OBA,01.2020,1.00,Distribution Main,2019,In service,Riverton OBA,,Minor,129.91
168.474654,,,,25,168.475,0.0,0.1,OPEN,HDPE,OBA,01.2020,1.00,Distribution Main,2019,In service,Riverton OBA,,Minor,168.46
271.085624,,,,20,271.086,0.0,0.1,OPEN,PPR,OBA,01.2020,0.75,Service line,2019,In service,,,Minor,271.06
179.056396,,,,25,179.056,0.0,0.1,OPEN,HDPE,OBA,01.2020,1.00,Distribution Main,2019,In service,,,Minor,179.04
177.889270,,,,20,177.889,0.0,0.1,OPEN,PPR,OBA,01.2020,0.75,Service line,2019,In service,,,Minor,177.88
571.672245,,,,100,571.672,0.0,0.1,OPEN,HDPE,OBA,01.2020,4.00,Distribution Main,2018,In service,Riverton OBA,,Major,571.63
133.227268,,,,50,133.227,0.0,0.1,OPEN,HDPE,OBA,01.2020,2.00,Distribution Main,2019,In service,,,Minor,133.22
670.800085,,,,25,670.800,0.0,0.1,OPEN,HDPE,OBA,01.2020,1.00,Distribution Main,2019,In service,,,Minor,670.75
1125.57990,,,,100,1125.580,0.0,0.1,OPEN,HDPE,OBA,01.2020,4.00,Distribution Main,2018,In service,Riverton OBA,,Major,1125.49
1052.41357,,,,50,1052.414,0.0,0.1,OPEN,HDPE,OBA,01.2020,2.00,Distribution Main,2018,In service,Riverton OBA,,Minor,1052.33
1203.30832,,,,75,1386.342,0.0,0.1,OPEN,HDPE,OBA,01.2020,3.00,Distribution Main,2018,In service,Riverton OBA,,Major,1386.23
260.287353,,,,100,260.287,0.0,0.1,OPEN,HDPE,OBA,01.2020,4.00,Distribution Main,2018,In service,Riverton OBA,,Major,260.27
861.992328,,,,40,861.992,0.0,0.1,OPEN,HDPE,OBA,01.2020,1.50,Distribution Main,2018,In service,Riverton OBA,,Minor,861.92
4.80137695,,,,150,4.801,0.0,0.1,OPEN,Steel,OBA,01.2020,6.00,Distribution Main,2018,In service,Tank outlets,,Major,4.80
3074.84171,,,,200,3074.842,0.0,0.1,OPEN,Steel,OBA,01.2020,8.00,Rising main,2018,In service,Riverton OBA,,Major,3074.60
5.73572813,,,,100,5.736,0.0,0.1,OPEN,Steel,OBA,01.2020,4.00,Rising main,2018,In service,Riverton OBA,,Major,5.74
17.3116014,,,,100,17.312,0.0,0.1,OPEN,Steel,OBA,01.2020,4.00,Rising main,2018,In service,,,Major,17.31
690.820117,,,,100,690.820,0.0,0.1,OPEN,HDPE,OBA,01.2020,4.00,Distribution Main,2018,Out of service,Riverton OBA,,Major,690.77
27.3122040,,,,150,27.312,0.0,0.1,OPEN,PVC,RIAT C,01.2020,6.00,Distribution Main,2018,In service,,,Major,27.31
3.02435146,,,,150,3.024,0.0,0.1,OPEN,PVC,RIAT C,01.2020,6.00,Distribution Main,2018,In service,,,Major,3.02
461.489691,,,,225,461.490,0.0,0.1,OPEN,PVC,RIAT C,01.2020,9.00,Distribution Main,2018,In service,,,Major,461.46
1004.02579,,,,100,1004.026,0.0,0.1,OPEN,PVC,RIAT C,01.2020,4.00,Distribution Main,2018,In service,,,Major,1003.96
1441.15767,,,,50,1441.158,0.0,0.1,OPEN,PVC,RIAT C,01.2020,2.00,Distribution Main,2018,In service,,,Minor,1441.06
704.870050,,,,50,704.870,0.0,0.1,OPEN,PVC,RIAT C,01.2020,2.00,Distribution Main,2018,In service,,,Minor,704.82
398.619609,,,,50,398.620,0.0,0.1,OPEN,PVC,RIAT C,01.2020,2.00,Distribution Main,2018,In service,,,Minor,398.59
266.443522,,,,50,266.444,0.0,0.1,OPEN,PVC,RIAT C,01.2020,2.00,Distribution Main,2018,In service,,,Minor,266.42
362.831585,,,,50,362.832,0.0,0.1,OPEN,PVC,RIAT C,01.2020,2.00,Distribution Main,2018,In service,,,Minor,362.81
1282.29323,,,,63,1282.293,0.0,0.1,OPEN,PVC,RIAT C,01.2020,2.50,Distribution Main,2018,In service,,,Major,1282.20
513.702965,,,,63,513.703,0.0,0.1,OPEN,PVC,RIAT C,01.2020,2.50,Distribution Main,2018,In service,,,Major,513.67
477.076135,,,,63,477.076,0.0,0.1,OPEN,PVC,RIAT C,01.2020,2.50,Distribution Main,2018,In service,,,Major,477.04
661.744580,,,,50,661.745,0.0,0.1,OPEN,PVC,RIAT C,01.2020,2.00,Distribution Main,2018,In service,,,Minor,661.70
968.501982,,,,63,968.502,0.0,0.1,OPEN,HDPE,RIAT C,01.2020,2.50,Distribution Main,2018,In service,,,Major,968.43
334.924983,,,,63,334.925,0.0,0.1,OPEN,PVC,RIAT C,01.2020,2.50,Distribution Main,2018,In service,,,Major,334.90
1145.79024,,,,63,1145.790,0.0,0.1,OPEN,PVC,RIAT C,01.2020,2.50,Distribution Main,2018,In service,,,Major,1145.72
229.610966,,,,150,229.611,0.0,0.1,OPEN,PVC,RIAT C,01.2020,6.00,Distribution Main,2018,In service,,,Major,229.60
759.735029,,,,40,759.735,0.0,0.1,OPEN,PVC,RIAT C,01.2020,1.50,Distribution Main,2018,In service,,,Minor,759.68
250.771065,,,,40,250.771,0.0,0.1,OPEN,PVC,RIAT C,01.2020,1.50,Distribution Main,2018,In service,,,Minor,250.75
591.066298,,,,32,591.066,0.0,0.1,OPEN,PVC,RIAT C,01.2020,1.25,Distribution Main,2018,In service,,,Minor,591.02
424.457454,,,,32,424.457,0.0,0.1,OPEN,PVC,RIAT C,01.2020,1.25,Distribution Main,2018,In service,,,Minor,424.43
758.227520,,,,40,758.228,0.0,0.1,OPEN,PVC,RIAT C,01.2020,1.50,Distribution Main,2018,In service,,,Minor,758.17
372.496224,,,,100,372.496,0.0,0.1,OPEN,PVC,RIAT C,01.2020,4.00,Distribution Main,2018,In service,,,Major,372.47
495.707626,,,,50,495.708,0.0,0.1,OPEN,HDPE,MYT,02.2020,2.00,Distribution Main,2020,Out of service,WFL,,Minor,495.65
288.580867,,,,50,288.581,0.0,0.1,OPEN,HDPE,MYT,02.2020,2.00,Distribution Main,2020,Out of service,WFL,,Minor,288.55
536.944284,,,,50,536.944,0.0,0.1,OPEN,HDPE,MYT,01.2020,2.00,Distribution Main,2020,In service,Ok,,Minor,536.88
309.607513,,,,50,309.608,0.0,0.1,OPEN,HDPE,MYT,01.2020,2.00,Distribution Main,2020,In service,Ok,,Minor,309.57
137.884570,,,,50,137.885,0.0,0.1,OPEN,HDPE,MYT,01.2020,2.00,,,,,,Minor,137.87
2343.93367,,,,150,2343.934,0.0,0.1,OPEN,PVC,CBD,02.2020,6.00,Distribution Main,2018,In service,Network Overhaul,,Major,2343.75
174.633151,,,,150,174.633,0.0,0.1,OPEN,GI,CBD,02.2020,6.00,Distribution Main,,In Service,,No,Major,174.62
452.243905,,,,50,452.244,0.0,0.1,OPEN,PVC,CBD,02.2020,2.00,Distribution Main,,In service,Ok,,Minor,452.21
328.373969,,,,75,328.374,0.0,0.1,OPEN,PVC,CBD,02.2020,3.00,Distribution Main,,In service,Ok,,Major,328.35
101.344972,,,,40,101.345,0.0,0.1,OPEN,HDPE,CBD,02.2020,1.50,Distribution Main,2019,In service,Ok,,Minor,101.34
146.718558,,,,32,146.719,0.0,0.1,OPEN,HDPE,CBD,02.2020,1.25,Distribution Main,2019,In service,Ok,,Minor,146.71
21.3833335,,,Y,50,21.383,0.0,0.1,OPEN,PVC,CBD,08.2015,2.00,Distribution Main,N/A,In Service,,No,Minor,21.38
704.435708,,,,100,704.436,0.0,0.1,OPEN,PVC,CBD,02.2020,4.00,Distribution Main,,In service,LTAP,,Major,704.38
162.560800,,,,50,162.561,0.0,0.1,OPEN,PVC,CBD,02.2020,2.00,Distribution Main,,In service,Ok,,Minor,162.55
215.850516,,,Y,100,215.851,0.0,0.1,OPEN,PVC,MIL,02.2016,4.00,Distribution Main,,In Service,,No,Major,215.84
198.332453,,,,100,198.332,0.0,0.1,OPEN,HDPE,MYT,03.2020,4.00,Distribution Main,2020,In service,Internal project,Ext,Major,198.31
526.759090,,,,75,526.759,0.0,0.1,OPEN,HDPE,MYT,03.2020,3.00,Distribution Main,2020,In service,Internal project,Ext,Major,526.70
424.777738,,,,75,424.778,0.0,0.1,OPEN,PVC,MYT,03.2020,3.00,Distribution Main,2019,In service,Ok,Ovh,Major,424.73
47.2826072,,,,25,47.283,0.0,0.1,OPEN,HDPE,RIAT C,03.2020,1.00,Distribution Main,2018,In service,,,Minor,47.28
310.428865,,,,32,310.429,0.0,0.1,OPEN,HDPE,RIAT C,03.2020,1.25,Distribution Main,2018,In service,,,Minor,310.41
67.9519374,,,,25,67.952,0.0,0.1,OPEN,HDPE,RIAT C,03.2020,1.00,Distribution Main,2018,In service,,,Minor,67.95
174.568764,,,,,174.569,0.0,0.1,,,,,,,,,,,pending,174.56
213.821300,,,,25,213.821,0.0,0.1,OPEN,PVC,KREKAJ,03.2020,1.00,Distribution Main,,In service,Ok,,Minor,213.80
169.205582,,,,32,169.206,0.0,0.1,OPEN,PVC,KREKAJ,03.2020,1.25,Distribution Main,,In service,Okl,,Minor,169.19
275.083932,,,,40,275.084,0.0,0.1,OPEN,PVC,KREKAJ,03.2020,1.50,Distribution Main,,In service,Ok,,Minor,275.06
55.1190998,,,,25,55.119,0.0,0.1,OPEN,PVC,KREKAJ,03.2020,1.00,Distribution Main,2019,In service,OK,,Minor,55.11
89.0148730,,,,50,89.015,0.0,0.1,OPEN,PVC,MIL,01.2020,2.00,Distribution Main,2019,In service,Ok,,Minor,89.01
61.2265848,,,Y,50,61.227,0.0,0.1,OPEN,PVC,MIL,10.2015,2.00,Distribution Main,10.2015,In Service,Proposed DW_Pipe Network,No,Minor,61.22
1185.39813,,,,50,1185.398,0.0,0.1,OPEN,HDPE,MYT,04.2020,2.00,Distribution Main,2020,In service,Ok,Ext,Minor,1185.28
295.001147,,,,50,295.001,0.0,0.1,OPEN,HDPE,MYT,04.2020,2.00,Distribution Main,2020,In service,Ok,Ext,Minor,294.97
1086.39499,,,,50,1086.395,0.0,0.1,OPEN,HDPE,MYT,04.2020,2.00,Distribution Main,2020,In service,Ok,Ext,Minor,1086.27
1385.03493,,,,100,1385.035,0.0,0.1,OPEN,PVC,KREKAJ,,4.00,Distribution Main,2018,In service,Ok,,Major,1384.90
13.4026025,,,,100,13.403,0.0,0.1,OPEN,PVC,KREKAJ,,4.00,Distribution Main,2018,In service,OK,,Major,13.40
75.2163591,,,,32,75.216,0.0,0.1,OPEN,PVC,KREKAJ,,1.25,Distribution Main,2018,In service,OK,,Minor,75.21
314.617293,,,,32,314.617,0.0,0.1,OPEN,PVC,KREKAJ,,1.25,Distribution Main,2018,In service,OK,,Minor,314.59
1034.07354,,,,40,1034.074,0.0,0.1,CLOSED,HDPE,OBA,04.2020,1.50,Distribution Main,2020,Out of service,Not yet connected,,Minor,1034.01
293.740437,,,,50,293.740,0.0,0.1,OPEN,HDPE,OBA,04.2020,2.00,Distribution Main,2020,In service,The network is low pressured,Ext,Minor,293.72
608.068563,,,Y,50,608.069,0.0,0.1,OPEN,PVC,KREKAJ,11.2015,2.00,Distribution Main,N/A,In Service,N/A,No,Minor,608.01
89.8603583,,,,50,89.860,0.0,0.1,OPEN,PVC,KREKAJ,,2.00,Distribution Main,2018,In service,OK,,Minor,89.85
157.548831,,,,75,157.549,0.0,0.1,OPEN,PVC,KREKAJ,,3.00,Distribution Main,2018,In service,OK,,Major,157.53
276.338152,,,,50,276.338,0.0,0.1,OPEN,PVC,KREKAJ,05.2020,2.00,Distribution Main,,In service,Ok,,Minor,276.32
213.918217,,,,75,213.918,0.0,0.1,OPEN,PVC,KREKAJ,05.2020,3.00,Distribution Main,,In service,OK,,Major,213.90
11.8604223,,,,50,11.860,0.0,0.1,OPEN,PVC,KREKAJ,05.2020,2.00,Distribution Main,,In service,Ok,,Minor,11.86
180.381472,,,,75,180.381,0.0,0.1,OPEN,HDPE,KREKAJ,05.2020,3.00,Distribution Main,,In service,Ok,,Major,180.36
387.978876,,,,50,387.979,0.0,0.1,OPEN,PVC,KREKAJ,05.2020,2.00,Distribution Main,,In service,Ok,,Minor,387.94
326.486461,,,,25,326.486,0.0,0.1,OPEN,PVC,KREKAJ,05.2020,1.00,Distribution Main,,In service,Ok,,Minor,326.46
463.838467,,,,25,463.838,0.0,0.1,OPEN,PPR,OBA,05.2020,1.00,Distribution Main,2020,In service,Ok,Ext,Minor,463.81
683.865883,,,,50,683.866,0.0,0.1,OPEN,HDPE,OBA,05.2020,2.00,Distribution Main,2019,In service,Ok,Ext,Minor,683.82
524.775718,,,,40,524.776,0.0,0.1,OPEN,PVC,OBA,05.2020,1.50,Distribution Main,2019,In service,Ok,Ext,Minor,524.74
143.753488,,,,32,143.753,0.0,0.1,OPEN,HDPE,OBA,05.2020,1.25,Distribution Main,2020,In service,Ok,Ext,Minor,143.74
292.570273,,,,25,292.570,0.0,0.1,OPEN,HDPE,OBA,05.2020,1.00,Distribution Main,2020,In service,Ok,Ext,Minor,292.55
39.9934362,,,,200,39.993,0.0,0.1,OPEN,HDPE,MYT,06.2020,,Distribution Main,05.2020,In service,OK,Ext,Major,39.99
310.275082,,,,200,310.275,0.0,0.1,OPEN,PVC,MYT,06.2020,,Distribution Main,05.2020,In service,OK,Ext,Major,310.25
36.7500258,,,,200,36.750,0.0,0.1,OPEN,HDPE,MYT,06.2020,,Distribution Main,05.2020,In service,OK,Ext,Major,36.75
112.362193,,,,200,112.362,0.0,0.1,OPEN,PVC,MYT,06.2020,,Distribution Main,05.2020,In service,OK,Ext,Major,112.35
2.79819806,,,,200,2.798,0.0,0.1,OPEN,HDPE,MYT,06.2020,,Distribution Main,05.2020,In service,OK,Ext,Major,2.80
54.6316099,,,,200,54.632,0.0,0.1,OPEN,PVC,MYT,06.2020,,Distribution Main,05.2020,In service,OK,Ext,Major,54.63
24.4168001,,,,200,24.417,0.0,0.1,OPEN,HDPE,MYT,06.2020,,Distribution Main,05.2020,In service,OK,Ext,Major,24.41
120.003763,,,,200,120.004,0.0,0.1,OPEN,PVC,MYT,06.2020,,Distribution Main,05.2020,In service,OK,Ext,Major,119.99
192.821199,,,,200,192.821,0.0,0.1,OPEN,HDPE,MYT,06.2020,,Distribution Main,05.2020,In service,OK,Ext,Major,192.81
54.8451169,,,,200,54.845,0.0,0.1,OPEN,PVC,MYT,06.2020,,Distribution Main,05.2020,In service,OK,Ext,Major,54.84
29.1265995,,,,200,29.127,0.0,0.1,OPEN,HDPE,MYT,06.2020,,Distribution Main,05.2020,In service,OK,Ext,Major,29.12
16.4648262,,,,220,16.465,0.0,0.1,OPEN,GI,MYT,06.2020,,Distribution Main,05.2020,In service,OK,Ext,Major,16.46
164.166718,,,,200,164.167,0.0,0.1,OPEN,HDPE,MYT,06.2020,,Distribution Main,05.2020,In service,OK,Ext,Major,164.15
20.3994979,,,,220,20.399,0.0,0.1,OPEN,GI,MYT,06.2020,,Distribution Main,05.2020,In service,OK,Ext,Major,20.40
202.225962,,,,200,202.226,0.0,0.1,OPEN,HDPE,MYT,06.2020,,Distribution Main,05.2020,In service,OK,Ext,Major,202.21
368.881875,,,Y,100,368.882,0.0,0.1,OPEN,PVC,MYT,2014,4.00,Distribution Main,N/A,In Service,N/A,No,Major,368.85
122.088255,,,Y,75,122.088,0.0,0.1,OPEN,PVC,CBD,08.2015,3.00,Distribution Main,N/A,In Service,,No,Major,122.08
266.270610,,,Y,50,266.271,0.0,0.1,OPEN,PVC,CBD,01.2015,2.00,Distribution Main,11.2014,In Service,New Extensions,No,Minor,266.25
52.1569954,,,,25,52.157,0.0,0.1,OPEN,PVC,CBD,06.2020,1.00,Distribution Main,2018,In service,Ok,EXT,Minor,52.15
292.070107,,,,75,292.070,0.0,0.1,OPEN,PVC,CBD,06.2020,3.00,Distribution Main,,In service,Ok,EXT,Major,292.05
411.253992,,,,40,411.254,0.0,0.1,OPEN,PVC,CBD,12.2019,1.50,Distribution Main,,In service,Ok,,Minor,411.22
232.378631,,,,75,232.379,0.0,0.1,OPEN,PVC,CBD,06.2020,3.00,Distribution Main,2018,In service,Ok,Ovh,Major,232.36
122.755511,,,,25,122.756,0.0,0.1,OPEN,PVC,CBD,02.2019,1.00,Distribution Main,2018,In Service,,,Minor,122.75
204.354271,,,,50,204.354,0.0,0.1,OPEN,PVC,CBD,06.2020,2.00,Distribution Main,2018,In service,Ok,Ext,Minor,204.34
206.892538,,,,32,206.893,0.0,0.1,OPEN,PVC,CBD,06.2020,1.25,Distribution Main,2015,In service,OK,EXT,Minor,206.88
327.612435,,,Y,100,327.612,0.0,0.1,OPEN,GI,CBD,01.2016,4.00,Distribution Main,2015,In Service,,No,Major,327.59
78.1312626,,,Y,100,78.131,0.0,0.1,OPEN,PVC,CBD,01.2016,4.00,Distribution Main,2015,In Service,,No,Major,78.13
289.781597,,,,65,289.782,0.0,0.1,OPEN,GI,CBD,06.2020,2.50,Distribution Main,,In service,Ok,,Major,289.76
294.674747,,,,100,294.675,0.0,0.1,OPEN,GI,CBD,06.2020,4.00,Distribution Main,,In service,Ok,,Major,294.65
291.898539,,,,100,291.899,0.0,0.1,OPEN,GI,CBD,06.2020,4.00,Distribution Main,,In service,Ok,,Major,291.88
432.939529,,,,100,432.940,0.0,0.1,OPEN,GI,CBD,06.2020,4.00,Distribution Main,,In service,Ok,,Major,432.91
108.855698,,,,32,108.856,0.0,0.1,OPEN,GI,CBD,06.2020,1.25,Distribution Main,,In service,Ok,,Minor,108.85
522.639977,,,,50,522.640,0.0,0.1,OPEN,HDPE,KREKAJ,06.2020,2.00,Distribution Main,05.2020,In service,Pump line from Obwolo Tank,EXT,Minor,522.59
100.675421,,,,40,100.675,0.0,0.1,OPEN,HDPE,KREKAJ,06.2020,1.50,Distribution Main,05.2020,In service,Pump line from Obwolo Tank,EXT,Minor,100.67
22.7253417,,,,,22.725,0.0,0.1,,,,,,,,,,,pending,22.72
2.64636308,,,,,2.646,0.0,0.1,,,,,,,,,,,pending,2.65
4.96517849,,,,,4.965,0.0,0.1,,,,,,,,,,,pending,4.96
35.8430575,,,,,35.843,0.0,0.1,,,,,,,,,,,pending,35.84
239.480126,,,Y,100,219.416,0.0,0.1,OPEN,GI,CBD,2014,4.00,Distribution Main,N/A,In Service,N/A,No,Major,219.40
538.684430,,,,40,538.684,0.0,0.1,OPEN,HDPE,CBD,07.2020,1.50,Distribution Main,07.2020,In service,Ok,Ext,Minor,538.65
298.101531,,,,25,298.102,0.0,0.1,OPEN,PVC,CBD,07.2020,,Distribution Main,09.2020,In service,OK,Ovh,Minor,298.08
157.801017,,,,75,157.801,0.0,0.1,OPEN,PVC,MIL,07.2020,3.00,Distribution Main,,In service,Ok,,Major,157.79
252.731447,,,,40,252.731,0.0,0.1,OPEN,PVC,MIL,07.2020,1.50,Distribution Main,,In service,Ok,,Minor,252.71
335.899784,,,,32,335.900,0.0,0.1,OPEN,PVC,OBA,07.2020,1.25,Distribution Main,,In service,Ok,,Minor,335.88
132.302143,,,,40,132.302,0.0,0.1,OPEN,HDPE,OBA,07.2020,1.50,Distribution Main,06.2020,In service,OK,,Minor,132.29
156.584953,,,,40,156.585,0.0,0.1,CLOSED,HDPE,OBA,07.2020,1.50,Distribution Main,,Out of service,Water not yet connected,Ext,Minor,156.58
175.351574,,,,20,175.352,0.0,0.1,CLOSED,HDPE,OBA,07.2020,1.00,Distribution Main,,Out of service,Water not yet connected,Ext,Minor,175.34
26.9082626,,,,40,26.908,0.0,0.1,CLOSED,HDPE,OBA,07.2020,1.50,Distribution Main,,Out of service,Water not yet connected,Ext,Minor,26.91
101.789436,,,,40,101.789,0.0,0.1,OPEN,PVC,OBA,08.2020,1.50,Distribution Main,2020,In service,Ok,Ext,Minor,101.78
58.3293630,,,,25,58.329,0.0,0.1,OPEN,HDPE,CBD,08.2020,1.00,Service line,08.2020,In service,Service line,,Minor,58.33
1074.12860,,,,75,1074.129,0.0,0.1,CLOSED,PVC,MYT,08.2020,3.00,Distribution Main,,Not in service,the line should be repaired,Ext,Major,1074.02
198.085826,,,,32,198.086,0.0,0.1,OPEN,HDPE,KREKAJ,08.2020,1.25,Distribution Main,08.2020,In service,Ok,Ovh,Minor,198.07
503.156416,,,,50,503.156,0.0,0.1,OPEN,PVC,ME,08.2020,2.00,Distribution Main,,In Service,,,Minor,503.12
26.7393259,,,,50,26.739,0.0,0.1,OPEN,PVC,ME,08.2020,2.00,Distribution Main,,In Service,,,Minor,26.74
221.230773,,,,50,221.231,0.0,0.1,OPEN,PVC,ME,08.2020,2.00,Distribution Main,,In Service,,,Minor,221.21
157.407911,,,,40,157.408,0.0,0.1,OPEN,PVC,ME,08.2020,1.50,Distribution Main,,In Service,,,Minor,157.40
101.489621,,,,32,101.490,0.0,0.1,OPEN,HDPE,CBD,09.2020,1.25,Distribution Main,2020,In service,Ok,,Minor,101.48
162.306154,,,,32,162.306,0.0,0.1,OPEN,HDPE,CBD,09.2020,1.25,Distribution Main,2020,In service,Ok,,Minor,162.30
281.594908,,,,40,281.595,0.0,0.1,OPEN,PVC,CBD,09.2020,1.50,Distribution Main,,In service,OK,,Minor,281.58
90.4008362,,,,50,90.401,0.0,0.1,OPEN,PVC,HDPE,09.2020,,Distribution Main,,In service,Ok,,Minor,90.39
574.564183,,,,25,574.564,0.0,0.1,OPEN,PPR,CBD,09.2020,1.00,Distribution Main,2019,In service,Ok,Ext,Minor,574.53
901.916373,,,Y,100,901.916,0.0,0.1,OPEN,PVC,MYT,03.2016,4.00,Distribution Main,N/A,In Service,,No,Major,901.84
231.594948,,,Y,100,231.595,0.0,0.1,OPEN,PVC,KREKAJ,2014,4.00,Distribution Main,N/A,In Service,N/A,No,Major,231.57
710.503438,,,,100,364.006,0.0,0.1,OPEN,GI,CBD,09.2019,3.00,Distribution Main,,In service,Ok,,Major,363.98
93.9820408,,,Y,100,93.982,0.0,0.1,OPEN,PVC,MIL,02.2015,4.00,Distribution Main,02.2015,In Service,Network renewal,No,Major,93.97
402.422220,,,Y,75,402.422,0.0,0.1,OPEN,PVC,KREKAJ,2014,3.00,Distribution Main,N/A,In Service,N/A,No,Major,402.38
169.696400,,,Y,150,169.696,0.0,0.1,OPEN,PVC,KREKAJ,2014,6.00,Distribution Main,N/A,In Service,N/A,No,Major,169.68
17.1631438,,,,,17.163,0.0,0.1,,,,,,,,,,,pending,17.16
94.0652823,,,,50,94.065,0.0,0.1,OPEN,PPR,CBD,09.2020,2.00,Distribution Main,,In service,Ok,Ext,Minor,94.06
316.759888,,,Y,100,316.760,0.0,0.1,OPEN,PVC,CBD,2014,4.00,Distribution Main,N/A,Out of service,N/A,No,Major,316.74
27.1410914,,,,50,27.141,0.0,0.1,OPEN,PVC,CBD,09.2020,2.00,Distribution Main,,In service,Ok,,Minor,27.14
58.7859765,,,,50,58.786,0.0,0.1,OPEN,PVC,CBD,09.2020,2.00,Distribution Main,,In service,Ok,,Minor,58.78
509.461132,,,,40,509.461,0.0,0.1,OPEN,PVC,CBD,09.2020,1.50,Distribution Main,,In service,,,Minor,509.42
27.2134810,,,,32,27.213,0.0,0.1,OPEN,PVC,CBD,09.2020,2.00,Distribution Main,,In service,OK,,Minor,27.21
87.7550480,,,,40,87.755,0.0,0.1,OPEN,PVC,CBD,09.2020,1.50,Distribution Main,,In service,,,Minor,87.75
103.436888,,,,25,103.437,0.0,0.1,OPEN,PPR,CBD,09.2020,1.00,Distribution Main,,In service,,,Minor,103.43
306.300965,,,,32,306.301,0.0,0.1,OPEN,PVC,CBD,09.2020,1.25,Distribution Main,,In service,,,Minor,306.28
58.6713426,,,,32,58.671,0.0,0.1,OPEN,PPR,CBD,09.2020,1.25,Distribution Main,,In service,,,Minor,58.67
228.928160,,,,90,228.928,0.0,0.1,OPEN,GI,CBD,01.11.2020,3.00,Distribution Main,1950s,In service,Old and dilapidated,,Major,228.91
363.764340,,,,32,363.764,0.0,0.1,OPEN,PVC,MYT,09.2020,1.25,Distribution Main,2018,In service,Ok,Ext,Minor,363.73
617.209221,,,,50,617.209,0.0,0.1,OPEN,PVC,MYT,09.2020,2.00,Distribution Main,2018,Out of service,Pipe not yet connected,Ext,Minor,617.15
576.892871,,,,50,576.893,0.0,0.1,OPEN,HDPE,KREKAJ,09.2020,2.00,Distribution Main,2019,In service,Ok,Ext,Minor,576.85
218.965524,,,Y,50,218.966,0.0,0.1,OPEN,HDPE,MYT,01.10.2020,2.00,Distribution Main,09.2020,In Service,N/A,Ovh,Minor,218.95
217.430158,,,,75,217.430,0.0,0.1,OPEN,GI,MIL,02.10.2020,3.00,Distribution Main,,In service,Network under drainage,,Major,217.41
203.848139,,,,150,200.767,0.0,0.1,,,,,6.00,,,,,,Major,200.75
866.731010,,,,50,866.731,0.0,0.1,OPEN,PVC,MYT,12.10.2020,2.00,Distribution Main,2018,In service,Extension done by the  county government,Ext,Minor,866.65
175.301259,,,,100,175.301,0.0,0.1,OPEN,PVC,CBD,13.10.2020,4.00,Distribution Main,,In service,Ok,,Major,175.29
186.928097,,,,75,186.928,0.0,0.1,OPEN,HDPE,ME,19.10.2020,3.00,Distribution Main,18.10.2020,In service,Ok,OVH,Major,186.91
209.218978,,,Y,50,209.219,0.0,0.1,OPEN,HDPE,CBD,05.2015,2.00,Distribution Main,2013,In Service,Shallow depth,No,Minor,209.21
696.130485,,,Y,100,686.721,0.0,0.1,OPEN,HDPE,CBD,05.2015,4.00,Distribution Main,2013,In Service,Shallow depth,No,Major,686.68
144.437646,,,Y,100,144.438,0.0,0.1,OPEN,GI,CBD,2014,4.00,Distribution Main,N/A,In Service,N/A,No,Major,144.43
15.8919027,,,,50,15.892,0.0,0.1,OPEN,PVC,CBD,19.10.2020,2.00,Distribution Main,10.2020,In service,Laid to overhaul the old line,,Minor,15.89
22.6836480,,,,75,22.684,0.0,0.1,OPEN,GI,CBD,19.10.2020,3.00,Distribution Main,1980s,In service,Old line,,Major,22.68
312.798621,,,,40,312.799,0.0,0.1,OPEN,HDPE,OBA,27.10.2020,1.50,Distribution Main,2019,In service,OK,EXT,Minor,312.78
312.658753,,,,25,312.659,0.0,0.1,OPEN,HDPE,CBD,30.10.2020,1.00,Distribution Main,29.10.2020,In service,Ok,Ext,Minor,312.63
384.890924,,,,100,384.891,0.0,0.1,OPEN,PVC,KREKAJ,06.11.2020,4.00,Distribution Main,2014,In service,Ok,,Major,384.86
242.777996,,,,40,242.778,0.0,0.1,OPEN,HDPE,KREKAJ,06.11.2020,1.50,Distribution Main,10.2020,In service,OK,Ext,Minor,242.76
204.670962,,,,40,204.671,0.0,0.1,OPEN,PVC,KREKAJ,07.2019,1.50,Distribution Main,,In service,Ok,,Minor,204.65
98.7985556,,,,100,98.799,0.0,0.1,OPEN,PVC,KREKAJ,07.2019,4.00,Distribution Main,,In service,Ok,,Major,98.79
151.964842,,,,40,151.965,0.0,0.1,OPEN,PVC,KREKAJ,05.11.2020,1.50,Distribution Main,,In service,Ok,,Minor,151.95
98.8946073,,,,50,98.895,0.0,0.1,OPEN,PVC,KREKAJ,06.11.2020,2.00,Distribution Main,,In service,Ok,,Minor,98.89
160.588744,,,,40,160.589,0.0,0.1,OPEN,PVC,KREKAJ,06.11.2020,1.50,Distribution Main,,In service,OK,,Minor,160.57
114.136431,,,,32,114.136,0.0,0.1,OPEN,PVC,KREKAJ,06.11.2020,1.25,Distribution Main,,In service,OK,,Minor,114.13
133.945989,,,,25,133.946,0.0,0.1,,,,,1.00,,,,,,Minor,133.93
121.065535,,,,32,121.066,0.0,0.1,,,,,1.25,,,,,,Minor,121.05
129.947709,,,,25,129.948,0.0,0.1,,,,,1.00,,,,,,Minor,129.94
59.6462641,,,,25,59.646,0.0,0.1,,,,1,,,,,,,Minor,59.64
94.2623502,,,,50,94.262,0.0,0.1,,,,,2.00,,,,,,Minor,94.25
184.456563,,,,32,184.457,0.0,0.1,,,,,1.25,,,,,,Minor,184.44
62.9049755,,,,40,62.905,0.0,0.1,,,,,1.50,,,,,,Minor,62.90
61.2880701,,,,50,61.288,0.0,0.1,,,,,2.00,,,,,,Minor,61.28
46.7877701,,,Y,100,46.788,0.0,0.1,OPEN,PVC,KREKAJ,2014,4.00,Distribution Main,N/A,In Service,N/A,No,Major,46.78
102.349174,,,,100,102.349,0.0,0.1,,,,,4.00,,,,,,Major,102.34
219.634708,,,,40,219.635,0.0,0.1,OPEN,PVC,KREKAJ,07.2019,1.50,Distribution Main,,In service,OK,,Minor,219.62
77.9863489,,,,25,77.986,0.0,0.1,OPEN,PVC,KREKAJ,09/11/2020,1.00,Distribution Main,,In service,Ok,,Minor,77.98
75.0529688,,,,40,75.053,0.0,0.1,OPEN,PVC,KREKAJ,09/11/2020,1.50,Distribution Main,,In service,Ok,,Minor,75.05
83.6166081,,,,32,83.617,0.0,0.1,OPEN,PVC,KREKAJ,09/11/2020,1.25,Distribution Main,,In service,Ok,,Minor,83.61
244.784067,,,,75,244.784,0.0,0.1,OPEN,GI,CBD,11.11.2020,3.00,Distribution Main,1950s,In service,Old line,,Major,244.77
377.093048,,,,75,377.093,0.0,0.1,OPEN,GI,CBD,11.11.2020,3.00,Distribution Main,1950s,In service,Old Line,,Major,377.06
570.553818,,,,25,570.554,0.0,0.1,OPEN,HDPE,OBA,02.11.2020,1.00,Distribution Main,2019,In service,Ok,Ext,Minor,570.52
500.938855,,,,40,500.939,0.0,0.1,OPEN,HDPE,KREKAJ,20.11.2020,1.50,Distribution Main,11.2020,In service,OK,Ext,Minor,500.90
106.915889,,,,40,279.475,0.0,0.1,OPEN,HDPE,KREKAJ,20.11.2020,1.50,Distribution Main,11.2020,In service,OK,Ext,Minor,279.45
102.609925,,,,40,102.610,0.0,0.1,OPEN,HDPE,KREKAJ,20.11.2020,1.50,Distribution Main,11.2020,In service,OK,Ext,Minor,102.60
385.147013,,,,40,385.147,0.0,0.1,OPEN,HDPE,CBD,19.11.2020,1.50,Distribution Main,10.2020,In service,OK,OVH,Minor,385.12
2.90226023,,,,25,2.902,0.0,0.1,OPEN,PVC,CBD,06.2020,1.00,Distribution Main,,In service,Prone to leakages,Ext,Minor,2.90
80.8921158,,,,40,80.892,0.0,0.1,OPEN,HDPE,CBD,02.2020,1.50,Distribution Main,2019,In service,Ok,,Minor,80.89
146.010867,,,,25,146.011,0.0,0.1,OPEN,PVC,CBD,06.2020,1.00,Distribution Main,,In service,Prone to leakages,Ext,Minor,146.00
199.908087,,,,40,199.908,0.0,0.1,OPEN,HDPE,CBD,20.11.2020,1.50,Distribution Main,11.2020,In service,Ok,Ovh,Minor,199.89
155.497432,,,,50,155.497,0.0,0.1,OPEN,GI,CBD,04.12.2020,2.00,Distribution Main,1980s,In service,The line is clogged,,Minor,155.49
194.441110,,,,40,194.441,0.0,0.1,OPEN,HDPE,CBD,04.12.2020,1.50,Distribution Main,11.2020,In service,OK,Ext,Minor,194.43
151.765997,,,,32,151.766,0.0,0.1,OPEN,HDPE,CBD,04.12.2020,1.25,Distribution Main,11.2020,In service,OK,Ext,Minor,151.75
50.6859286,,,,32,50.686,0.0,0.1,OPEN,HDPE,CBD,04.12.2020,1.25,Distribution Main,11.2020,In service,OK,Ext,Minor,50.68
287.707334,,,,40,287.707,0.0,0.1,OPEN,HDPE,CBD,04.12.2020,1.50,Distribution Main,11.2020,In service,OK,Ext,Minor,287.69
59.3411569,,,,40,59.341,0.0,0.1,OPEN,HDPE,CBD,04.12.2020,1.50,Distribution Main,11.2020,In service,OK,Ext,Minor,59.34
263.240865,,,,40,263.241,0.0,0.1,OPEN,HDPE,CBD,04.12.2020,40.00,Distribution Main,11.2020,In service,OK,Ext,Minor,263.22
330.235542,,,,40,347.983,0.0,0.1,OPEN,HDPE,MYT,04.12.2020,1.50,Distribution Main,11.2020,In service,Ok,Ext,Minor,347.94
113.337908,,,,32,113.338,0.0,0.1,OPEN,HDPE,MYT,04.12.2020,1.25,Distribution Main,11.2020,In service,Ok,Ext,Minor,113.33
489.296939,,,,50,489.297,0.0,0.1,OPEN,PVC,MIL,11.12.2020,2.00,Distribution Main,2002,In service,OK,,Minor,489.25
181.280057,,,,,181.280,0.0,0.1,,PVC,MYT,,,,,,,,pending,181.26
41.8611295,,,,,41.861,0.0,0.1,,PVC,MYT,,,,,,,,pending,41.86
315.870663,,,,,315.871,0.0,0.1,,PVC,MYT,,,,,,,,pending,315.84
135.914726,,,Y,50,163.597,0.0,0.1,OPEN,PVC,MIL,09.2016,2.00,Distribution Main,,In Service,,No,Minor,163.58
519.244424,,,,,519.244,0.0,0.1,,PVC,MYT,,,,,,,,pending,519.20
207.300655,,,,,207.301,0.0,0.1,,PVC,MYT,,,,,,,,pending,207.28
53.0102463,,,,,53.010,0.0,0.1,,PVC,MYT,,,,,,,,pending,53.01
183.876919,,,,50,183.877,0.0,0.1,OPEN,PVC,KREKAJ,15.12.2020,2.00,Distribution Main,,In service,Ok,,Minor,183.86
209.193493,,,Y,50,209.193,0.0,0.1,OPEN,PVC,MYT,2014,2.00,Distribution Main,N/A,In Service,N/A,No,Minor,209.17
232.217232,,,Y,75,232.217,0.0,0.1,OPEN,HDPE,MYT,21.12.2020,3.00,Distribution Main,2019,In Service,N/A,No,Major,232.20
131.665164,,,,50,131.665,0.0,0.1,OPEN,PVC,MYT,21.12.2020,2.00,Distribution Main,,In service,OK,,Minor,131.65
274.992428,,,,40,274.992,0.0,0.1,OPEN,PVC,MYT,10.02.2021,1.50,Distribution Main,,In service,Ok,,Minor,274.97
126.863282,,,,32,126.863,0.0,0.1,OPEN,HDPE,MYT,21.12.2020,1.25,Distribution Main,2019,In service,,,Minor,126.85
114.506545,,,,50,102.184,0.0,0.1,OPEN,PVC,MYT,21.12.2020,2.00,Distribution Main,,In service,Followup with the awuonda,,Minor,102.18
84.1049468,,,,75,84.105,0.0,0.1,OPEN,HDPE,ME,28.12.2020,3.00,Distribution Main,11.2020,In service,Ok,Ext,Major,84.10
694.549188,,,,75,694.549,0.0,0.1,OPEN,HDPE,MYT,25.01.2021,3.00,Distribution Main,01.2021,In service,Ok,Ext,Major,694.48
28.4789960,,,Y,40,28.479,0.0,0.1,OPEN,GI,ME,08.2015,1.50,Distribution Main,N/A,In Service,,No,Minor,28.48
131.315016,,,,40,131.315,0.0,0.1,OPEN,PVC,ME,26.01.2021,1.50,Distribution Main,,In service,Ok,,Minor,131.30
3.87294232,,,,20,4.338,0.0,0.1,OPEN,PPR,CBD,28.01.2021,0.75,Service line,,In Service,OK,,Minor,4.34
100.008780,,,,40,100.009,0.0,0.1,OPEN,PVC,CBD,28.01.2021,1.50,Distribution Main,,In Service,OK,,Minor,100.00
127.253561,,,,40,127.254,0.0,0.1,OPEN,PVC,CBD,28.01.2021,1.50,Distribution Main,,In Service,OK,,Minor,127.25
348.382481,,,,40,348.382,0.0,0.1,OPEN,PVC,CBD,28.01.2021,1.50,Distribution Main,,In Service,OK,,Minor,348.36
172.268050,,,,20,172.268,0.0,0.1,OPEN,PVC,CBD,28.01.2021,0.75,Service line,,In Service,OK,,Minor,172.26
400.197722,,,,50,400.198,0.0,0.1,OPEN,HDPE,CBD,22.02.2021,2.00,Distribution Main,01.2021,In service,Ok,,Minor,400.17
946.071936,,,,75,946.072,0.0,0.1,OPEN,HDPE,MYT,04.03.2021,3.00,Distribution Main,02.2021,In service,Ok,Ext,Major,945.97
816.075512,,,,50,816.076,0.0,0.1,OPEN,HDPE,MYT,04.03.2021,2.00,Distribution Main,02.2021,In service,Ok,Ext,Minor,815.99
31.9442933,,,,100,31.944,0.0,0.1,OPEN,GI,CBD,05.03.2021,4.00,Distribution Main,,In seervice,Old line,,Major,31.94
357.034219,,,,75,357.034,0.0,0.1,OPEN,PPR,KREKAJ,09.03.2021,3.00,Distribution Main,06.2021,06.2020,Water network requires an air valve at strategic p,Ext,Major,357.00
38.1967545,,,,75,38.197,0.0,0.1,OPEN,GI,KREKAJ,09.03.2021,3.00,Distribution Main,06.2021,06.2020,Water network requires an air valve at strategic p,Ext,Major,38.19
181.257624,,,,75,181.258,0.0,0.1,OPEN,PPR,KREKAJ,09.03.2021,3.00,Distribution Main,06.2021,06.2020,Water network requires an air valve at strategic p,Ext,Major,181.24
7.36752631,,,,75,7.368,0.0,0.1,OPEN,GI,KREKAJ,09.03.2021,3.00,Distribution Main,06.2021,06.2020,Water network requires an air valve at strategic p,Ext,Major,7.37
200.835741,,,,75,200.836,0.0,0.1,OPEN,PPR,KREKAJ,09.03.2021,3.00,Distribution Main,06.2021,06.2020,Water network requires an air valve at strategic p,Ext,Major,200.82
18.4303671,,,,75,18.430,0.0,0.1,OPEN,GI,KREKAJ,09.03.2021,3.00,Distribution Main,06.2021,06.2020,Water network requires an air valve at strategic p,Ext,Major,18.43
148.184624,,,,75,148.185,0.0,0.1,OPEN,PPR,KREKAJ,09.03.2021,3.00,Distribution Main,06.2021,06.2020,Water network requires an air valve at strategic p,Ext,Major,148.17
42.0659325,,,,75,42.066,0.0,0.1,OPEN,GI,KREKAJ,09.03.2021,3.00,Distribution Main,06.2021,06.2020,Water network requires an air valve at strategic p,Ext,Major,42.06
382.642666,,,,75,382.643,0.0,0.1,OPEN,PPR,KREKAJ,09.03.2021,3.00,Distribution Main,06.2021,06.2020,Water network requires an air valve at strategic p,Ext,Major,382.60
37.9997124,,,,75,38.000,0.0,0.1,OPEN,GI,KREKAJ,09.03.2021,3.00,Distribution Main,06.2021,06.2020,Water network requires an air valve at strategic p,Ext,Major,38.00
104.403333,,,,75,104.403,0.0,0.1,OPEN,PPR,KREKAJ,09.03.2021,3.00,Distribution Main,06.2021,06.2020,Water network requires an air valve at strategic p,Ext,Major,104.39
19.7306919,,,,75,19.731,0.0,0.1,OPEN,GI,KREKAJ,09.03.2021,3.00,Distribution Main,06.2021,06.2020,Water network requires an air valve at strategic p,Ext,Major,19.73
271.910926,,,,75,271.911,0.0,0.1,OPEN,PPR,KREKAJ,09.03.2021,3.00,Distribution Main,06.2021,In service,Water network requires an air valve at strategic p,Ext,Major,271.88
127.638283,,,,600,127.638,0.0,0.1,OPEN,Steel,KREKAJ,09.03.2021,24.00,Transmission Main,3013,In service,Line from Backwash tank to filters,,Major,127.63
171.812898,,,,600,171.813,0.0,0.1,OPEN,Steel,KREKAJ,08.03.2021,24.00,,2013,In service,Pump line to backwash tank,,Major,171.80
228.761764,,,,650,228.762,0.0,0.1,OPEN,Steel,KREKAJ,08.03.2021,26.00,Distribution Main,2013,In service,Raw water line from the river raw water tank,,Major,228.74
56.1834797,,,,100,56.183,0.0,0.1,OPEN,GI,MYT,16.03.2021,4.00,Distribution Main,2020,In service,Ok,,Major,56.18
436.744811,,,,75,436.745,0.0,0.1,OPEN,GI,CBD,25.03.2021,,Distribution Main,,In service,Dilapidated water network,,Major,436.72
363.420326,,,,40,363.420,0.0,0.1,OPEN,PVC,ME,08.04.2021,1.50,Distribution Main,,In service,Ok,,Minor,363.39
31.6049813,,,,50,31.605,0.0,0.1,OPEN,PVC,ME,08.04.2021,2.00,Distribution Main,,In service,Ok,,Minor,31.60
72.1195112,,,,32,72.120,0.0,0.1,OPEN,PVC,ME,08.04.2021,,Distribution Main,,In service,Ok,,Minor,72.11
280.399259,,,Y,75,280.399,0.0,0.1,OPEN,GI,MIL,2014,3.00,Distribution Main,N/A,In Service,Low pressure,No,Major,280.38
432.201848,,,,50,432.202,0.0,0.1,OPEN,PVC,MIL,12.2018,2.00,Distribution Main,11.2018,In service,,,Minor,432.17
413.795308,,,,75,413.795,0.0,0.1,OPEN,GI,MIL,19.04.2021,3.00,Distribution Main,,In service,Ok,,Major,413.77
142.727573,,,Y,100,142.728,0.0,0.1,OPEN,PVC,MIL,02.2016,4.00,Distribution Main,,In Service,,No,Major,142.72
97.0689933,,,Y,75,97.069,0.0,0.1,OPEN,GI,MIL,2014,3.00,Distribution Main,N/A,In Service,To verify the point of material change.,No,Major,97.06
95.9580823,,,Y,75,95.958,0.0,0.1,OPEN,GI,MIL,2014,3.00,Distribution Main,N/A,In Service,To verify the point of material change.,No,Major,95.95
536.283255,,,Y,75,536.283,0.0,0.1,OPEN,PVC,MIL,2014,3.00,Distribution Main,N/A,In Service,To verify the point of material change.,No,Major,536.25
764.996337,,,,75,764.996,0.0,0.1,OPEN,GI,ME,28.05.2021,3.00,Distribution Main,,In service,Network is clogged thus suffers low pressure,,Major,764.94
201.790596,,,,100,201.791,0.0,0.1,OPEN,PVC,ME,28.05.2021,4.00,Distribution Main,2016,In service,Ok,,Major,201.78
465.663000,,,,50,627.855,0.0,0.1,OPEN,HDPE,CBD,31.05.2021,2.00,Distribution Main,04.2021,In service,OK,EXT,Minor,627.82
113.376992,,,,50,113.377,0.0,0.1,OPEN,HDPE,ME,31.05.2021,2.00,Distribution Main,2021,In Service,OK,EXT,Minor,113.37
35.7078659,,,,50,35.708,0.0,0.1,OPEN,HDPE,ME,31.05.2021,2.00,Distribution Main,2021,In Service,OK,EXT,Minor,35.71
198.757108,,,,50,198.757,0.0,0.1,OPEN,HDPE,CBD,31.05.2021,2.00,Distribution Main,03.2021,In service,Pump line,EXT,Minor,198.74
382.361325,,,,75,382.361,0.0,0.1,OPEN,HDPE,CBD,31.05.2021,3.00,Distribution Main,04.2021,In service,OK,OVH,Major,382.34
900.691875,,,,50,900.692,0.0,0.1,OPEN,HDPE,CBD,31.05.2021,2.00,Distribution Main,04.2021,In service,Ok,,Minor,900.63
98.9511721,,,,75,90.755,0.0,0.1,OPEN,PVC,KREKAJ,09.06.2021,3.00,Distribution Main,,In service,Ok,,Major,90.75
79.4930106,,,,50,71.100,0.0,0.1,OPEN,PVC,KREKAJ,09.06.2021,2.00,Distribution Main,,In service,Ok,,Minor,71.09
188.588165,,,,32,197.337,0.0,0.1,OPEN,PVC,KREKAJ,09.06.2021,1.25,Distribution Main,,In service,Ok,,Minor,197.32
66.7145985,,,,40,66.715,0.0,0.1,OPEN,HDPE,MYT,26.07.2021,1.50,Distribution Main,,In service,Ok,,Minor,66.71
435.580735,,,,32,435.581,0.0,0.1,OPEN,HDPE,MYT,00.07.2021,1.25,Distribution Main,,In service,OK,,Minor,435.54
465.024067,,,,50,465.024,0.0,0.1,OPEN,PVC,MIL,29.07.2021,2.00,Distribution Main,,In service,OK,,Minor,464.99
110.237982,,,Y,50,110.238,0.0,0.1,OPEN,PVC,KREKAJ,2014,2.00,Distribution Main,N/A,In Service,N/A,No,Minor,110.23
88.7320240,,,Y,40,88.732,0.0,0.1,OPEN,PVC,KREKAJ,2014,1.50,Distribution Main,N/A,In Service,N/A,No,Minor,88.72
179.684514,,,,50,179.685,0.0,0.1,OPEN,HDPE,KREKAJ,26.07.2021,2.00,Distribution Main,12.2020,In service,OK,,Minor,179.67
238.386833,,,,40,238.387,0.0,0.1,OPEN,HDPE,KREKAJ,26.07.2021,1.50,Distribution Main,12.2020,In service,Ok,,Minor,238.36
38.7193818,,,,25,38.719,0.0,0.1,OPEN,PVC,KREKAJ,26.07.2021,1.00,Distribution Main,,In service,Ok,,Minor,38.72
339.122123,,,Y,32,339.122,0.0,0.1,OPEN,PVC,KREKAJ,11.2015,1.25,Distribution Main,,In Service,,No,Minor,339.09
137.170853,,,Y,50,137.171,0.0,0.1,OPEN,PVC,MYT,07.2015,2.00,Distribution Main,2014,In Service,,No,Minor,137.16
249.451753,,,Y,50,249.452,0.0,0.1,OPEN,HDPE,MYT,18.08.2021,2.00,Distribution Main,2014,In Service,,No,Minor,249.43
124.985603,,,Y,50,124.986,0.0,0.1,OPEN,PVC,MYT,07.2015,2.00,Distribution Main,2014,In Service,,No,Minor,124.97
301.920059,,,,75,301.920,0.0,0.1,OPEN,HDPE,CBD,19.08.2021,3.00,Distribution Main,08.2021,In service,Ok,Ext,Major,301.91
136.734615,,,,32,136.735,0.0,0.1,OPEN,PVC,CBD,25.08.2021,,Distribution Main,,In Service,,,Minor,136.73
33.6483875,,,,25,33.648,0.0,0.1,,PVC,CBD,25.08.2021,,Distribution Main,,In Service,,,Minor,33.65
348.441048,,,,25,348.441,0.0,0.1,OPEN,PVC,CBD,25.08.2021,,Distribution Main,,In Service,,,Minor,348.42
182.712077,,,,25,182.712,0.0,0.1,OPEN,PVC,CBD,25.08.2021,,Distribution Main,,In Service,,,Minor,182.70
100.301771,,,,25,100.302,0.0,0.1,OPEN,PVC,CBD,25.08.2021,1.00,Distribution Main,,In Service,,,Minor,100.29
337.608898,,,,20,337.609,0.0,0.1,OPEN,PVC,CBD,25.08.2021,,Distribution Main,,In Service,,,Minor,337.58
161.867001,,,,75,161.867,0.0,0.1,OPEN,GI,ME,30.08.2021,3.00,Distribution Main,,In Service,Network is dilapidated,,Major,161.85
179.872343,,,,75,179.872,0.0,0.1,OPEN,GI,ME,30.08.2021,3.00,Distribution Main,,In Service,Network is dilapidated,,Major,179.86
46.5353378,,,,75,46.535,0.0,0.1,OPEN,GI,ME,30.08.2021,3.00,Distribution Main,,In Service,Network is dilapidated,,Major,46.53
145.812541,,,,75,145.813,0.0,0.1,OPEN,GI,ME,30.08.2021,3.00,Distribution Main,,In Service,Network is dilapidated,,Major,145.80
140.399710,,,,40,140.400,0.0,0.1,OPEN,GI,ME,30.08.2021,1.50,Distribution Main,,In Service,Network is dilapidated,,Minor,140.39
137.153581,,,,40,137.154,0.0,0.1,OPEN,GI,ME,30.08.2021,1.50,Distribution Main,,In Service,Network is dilapidated,,Minor,137.14
204.755698,,,,40,204.756,0.0,0.1,OPEN,GI,ME,30.08.2021,1.50,Distribution Main,,In Service,Network is dilapidated,,Minor,204.74
68.1409786,,,,75,68.141,0.0,0.1,OPEN,GI,ME,30.08.2021,3.00,Distribution Main,,In Service,Network is dilapidated,,Major,68.14
48.5347220,,,,40,48.535,0.0,0.1,OPEN,GI,ME,30.08.2021,1.50,Distribution Main,,In Service,Network is dilapidated,,Minor,48.53
196.181857,,,,75,196.182,0.0,0.1,OPEN,GI,ME,30.08.2021,3.00,Distribution Main,,In Service,Network is dilapidated,,Major,196.17
47.8114883,,,,75,47.811,0.0,0.1,OPEN,GI,ME,30.08.2021,3.00,Distribution Main,,In Service,Network is dilapidated,,Major,47.81
733.255943,,,,,733.256,0.0,0.1,,,,,,,,,,,pending,733.18
279.548424,,,,,279.548,0.0,0.1,,,,,,,,,,,pending,279.52
1144.56920,,,,,1144.569,0.0,0.1,,,,,,,,,,,pending,1144.44
259.110820,,,,50,259.111,0.0,0.1,OPEN,PVC,MYT,23.09.2021,2.00,Distribution Main,,In service,The line suffers low pressure,,Minor,259.08
308.229053,,,,75,308.229,0.0,0.1,OPEN,GI,MIL,22.09.2021,3.00,Distribution Main,,In service,Old line that should be overhauled,,Major,308.21
55.8363780,,,,40,55.836,0.0,0.1,OPEN,PVC,CBD,23.09.2021,1.50,Distribution Main,,In service,Ok,,Minor,55.83
107.142439,,,,25,107.142,0.0,0.1,OPEN,PVC,CBD,23.09.2021,,Distribution Main,,In service,Ok,,Minor,107.14
76.8084773,,,,50,76.808,0.0,0.1,OPEN,PVC,CBD,23.09.2021,2.00,Distribution Main,,In service,Ok,,Minor,76.80
259.357792,,,,100,259.358,0.0,0.1,OPEN,GI,CBD,23.09.2021,4.00,Distribution Main,,I n service,Network is dilapidated,,Major,259.34
112.142902,,,,40,112.143,0.0,0.1,OPEN,GI,CBD,23.09.2021,1.50,Distribution Main,,In service,Dilapidated water network,,Minor,112.13
84.3241528,,,,25,84.324,0.0,0.1,OPEN,GI,CBD,23.09.2021,1.00,Distribution Main,,In service,Dilapidated water network,,Minor,84.32
702.075888,,,,25,702.076,0.0,0.1,OPEN,HDPE,MIL,23.09.2021,1.00,Service line,08.2021,In service,Ok,,Minor,702.02
392.066367,,,,75,392.066,0.0,0.1,OPEN,GI,MIL,23.09.2021,3.00,Distribution Main,,In service,Ok,,Major,392.04
134.330956,,,,75,134.331,0.0,0.1,OPEN,GI,MIL,23.09.2021,3.00,Distribution Main,,In service,OK,,Major,134.32
219.964787,,,,50,219.965,0.0,0.1,OPEN,PVC,MYT,02.2018,2.00,Distribution Main,12/2017,In service,Ok,,Minor,219.94
422.758700,,,,50,422.759,0.0,0.1,OPEN,PVC,MYT,02.2018,2.00,Distribution Main,12/2017,In service,Ok,,Minor,422.72
1001.26607,,,,50,999.836,0.0,0.1,CLOSED,PVC,MYT,10.2019,2.00,Distribution Main,2019,Out of service,Connection is still pending,,Minor,999.72
1.86658019,,,,50,1.867,0.0,0.1,CLOSED,PVC,MYT,10.2019,2.00,Distribution Main,2019,Out of service,Connection is still pending,,Minor,1.87
2353.10165,,,,50,2353.102,0.0,0.1,CLOSED,PVC,MYT,10.2019,2.00,Distribution Main,2019,Out of service,Connection is still pending,,Minor,2352.82
58.7005277,,,,40,58.701,0.0,0.1,OPEN,PVC,MIL,25.09.2021,1.50,Distribution Main,,In service,Ok,,Minor,58.70
9.75624076,,,,40,9.756,0.0,0.1,OPEN,PVC,MIL,25.10.2021,1.50,Distribution Main,,In service,Ok,,Minor,9.76
536.854658,,,,50,536.855,0.0,0.1,OPEN,PVC,MIL,25.10.2021,2.00,Distribution Main,,In service,OK,,Minor,536.81
423.247696,,,,40,423.248,0.0,0.1,OPEN,PVC,MIL,25.10.2021,1.50,Distribution Main,,In service,Ok,,Minor,423.21
153.679128,,,,40,153.679,0.0,0.1,OPEN,PVC,MIL,25.09.2021,1.50,Distribution Main,,In service,Ok,,Minor,153.67
146.740065,,,,40,146.740,0.0,0.1,OPEN,PVC,MIL,25.09.2021,1.50,Distribution Main,,In service,Ok,,Minor,146.73
211.339280,,,,50,211.339,0.0,0.1,OPEN,PVC,MIL,25.09.2021,2.00,Distribution Main,,In service,Ok,,Minor,211.32
8.61167918,,,,50,8.612,0.0,0.1,OPEN,PVC,MIL,25.09.2021,2.00,Distribution Main,,In service,Ok,,Minor,8.61
147.847484,,,,32,147.847,0.0,0.1,OPEN,PVC,MIL,25.09.2021,1.25,Distribution Main,,In service,Ok,,Minor,147.83
704.352169,,,,50,704.352,0.0,0.1,OPEN,PVC,MIL,03.2020,2.00,Distribution Main,2018,In service,OK,Ext,Minor,704.29
111.894987,,,Y,50,111.895,0.0,0.1,OPEN,PVC,MIL,10.2015,2.00,Distribution Main,10.2015,In Service,Proposed DW_Pipe Network,No,Minor,111.89
200.533728,,,,50,200.534,0.0,0.1,,HDPE,MYT,,2.00,,,,,,Minor,200.52
335.346117,,,,,335.346,0.0,0.1,,PVC,MYT,,,,,,,,pending,335.32
541.229085,,,,,541.229,0.0,0.1,,PVC,MYT,,,,,,,,pending,541.18
73.4541424,,,,,73.454,0.0,0.1,,PVC,MYT,,,,,,,,pending,73.45
548.581770,,,,25,548.582,0.0,0.1,OPEN,PVC,KREKAJ,01.11.2021,1.00,Distribution Main,,In service,Ok,,Minor,548.53
150.310228,,,,25,150.310,0.0,0.1,OPEN,PVC,MIL,25.10.2021,1.00,Distribution Main,,In service,Ok,,Minor,150.30
83.9471106,,,,32,83.947,0.0,0.1,OPEN,PVC,MIL,25.10.2021,1.25,Distribution Main,,In service,Ok,,Minor,83.94
83.5716297,,,,20,83.572,0.0,0.1,OPEN,PVC,MIL,25.10.2021,0.75,Service line,,In service,Ok,,Minor,83.56
480.915094,,,,25,480.915,0.0,0.1,OPEN,PVC,KRE,05.11.2021,1.00,Distribution Main,,In service,Ok,,Minor,480.87
9.27715081,,,,50,5.230,0.0,0.1,OPEN,PVC,ME,19.11.2021,2.00,Distribution Main,,In service,boost line,,Minor,5.23
46.0219405,,,,75,46.022,0.0,0.1,OPEN,PVC,ME,19.11.2021,3.00,Distribution Main,,In service,OK,,Major,46.02
24.1855359,,,,100,24.186,0.0,0.1,OPEN,PVC,ME,19.11.2021,4.00,Distribution Main,2020,In service,Boost line,,Major,24.18
393.726029,,,,50,393.726,0.0,0.1,OPEN,HDPE,KREKAJ,23.11.2021,2.00,Distribution Main,10.2021,In service,Ok,Ext,Minor,393.69
344.951320,,,,40,344.951,0.0,0.1,OPEN,HDPE,KREKAJ,23.11.2021,1.50,Distribution Main,10.2021,In service,Ok,Ext,Minor,344.92
335.074190,,,,32,335.074,0.0,0.1,OPEN,PVC,CBD,30.11.2021,1.25,Distribution Main,,In service,Ok,,Minor,335.06
287.632824,,,,40,287.633,0.0,0.1,OPEN,HDPE,KREKAJ,09.12.2021,1.50,Distribution Main,10.2021,In service,Ok,Ext,Minor,287.60
297.139367,,,,32,297.139,0.0,0.1,OPEN,HDPE,KREKAJ,09.12.2021,1.25,Distribution Main,12.2021,In service,OK,Ext,Minor,297.10
875.685263,,,,110,875.685,0.0,0.1,OPEN,HDPE,MYT,14.12.2021,4.00,Distribution Main,,In service,Ok,Ext,Major,875.60
1452.66116,,,Y,50,1452.661,0.0,0.1,OPEN,PVC,MYT,2017,2.00,Distribution Main,N/A,In Service,N/A,Yes,Minor,1452.52
585.769504,,,4,100,585.770,0.0,0.1,OPEN,PVC,MYT,2017,4.00,Distribution Main,N/A,In Service,N/A,Yes,Major,585.72
10.5796289,,,,32,10.580,0.0,0.1,OPEN,HDPE,OBA,16.12.2021,1.25,Distribution Main,11.2021,In service,Ok,Ext,Minor,10.58
399.352593,,,,25,399.353,0.0,0.1,OPEN,HDPE,OBA,16.12.2021,1.00,Distribution Main,11.2021,In service,Ok,Ext,Minor,399.32
101.878393,,,,32,101.878,0.0,0.1,OPEN,PVC,CBD,28.12.2021,1.25,Distribution Main,,In service,OK,,Minor,101.87
85.8629290,,,,25,85.863,0.0,0.1,OPEN,HDPE,CBD,28.12.2021,1.00,Distribution Main,,In service,OK,,Minor,85.86
117.854584,,,,25,117.855,0.0,0.1,OPEN,PPR,CBD,28.12.2021,1.00,Distribution Main,,In service,OK,,Minor,117.85
402.247475,,,,25,402.247,0.0,0.1,OPEN,PVC,KREKAJ,05/01/2022,1.00,Distribution Main,,In service,Ok,,Minor,402.21
304.947810,,,,40,307.304,0.0,0.1,OPEN,HDPE,MYT,13/01/2022,1.50,Distribution Main,09.2021,In service,Ok,Ext,Minor,307.28
127.244125,,,,100,127.244,0.0,0.1,OPEN,PVC,MIL,10/01/2022,4.00,Distribution Main,,In service,Ok,,Major,127.24
6.72832437,,,,50,6.728,0.0,0.1,OPEN,HDPE,MIL,10/01.2022,2.00,Distribution Main,2021,In service,Ok,,Minor,6.73
150.368129,,,,40,150.368,0.0,0.1,OPEN,HDPE,MIL,10/01.2022,1.50,Distribution Main,2021,In service,Ok,,Minor,150.36
271.040099,,,Y,50,271.040,0.0,0.1,OPEN,PVC,CBD,01.2015,2.00,Distribution Main,08.2014,In Service,New Extensions,No,Minor,271.02
3.42920535,,,Y,350,3.429,0.0,0.1,OPEN,Steel,CBD,2014,14.00,Distribution Main,2014,In Service,LTAP Lines,No,Major,3.43
413.259117,,,,75,413.259,0.0,0.1,OPEN,HDPE,KREKAJ,21.01.2022,3.00,Distribution Main,01.2022,In service,Ok,Ext,Major,413.22
90.0144555,,,,75,90.014,0.0,0.1,OPEN,PVC,CBD,04.02.2022,3.00,Distribution Main,,In service,Ok,,Major,90.01
143.203015,,,,40,143.203,0.0,0.1,OPEN,PVC,CBD,04.02.2022,1.50,Distribution Main,,In service,OK,,Minor,143.19
463.493572,,,,25,463.494,0.0,0.1,OPEN,PVC,CBD,04.02.2022,1.00,Distribution Main,,In service,OK,,Minor,463.46
208.949449,,,,20,208.949,0.0,0.1,OPEN,PPR,CBD,04.02.2022,0.75,Service line,,In service,Ok,,Minor,208.93
104.766158,,,,20,104.766,0.0,0.1,OPEN,PPR,CBD,04.02.2022,0.75,Service line,,In service,Surfers no water,,Minor,104.76
60.2233247,,,,50,60.223,0.0,0.1,OPEN,HDPE,CBD,04.02.2022,2.00,Distribution Main,01.2022,In service,OK,,Minor,60.22
124.816057,,,,50,124.816,0.0,0.1,OPEN,PVC,CBD,04.02.2022,2.00,Distribution Main,,In service,Ok,,Minor,124.81
2017.05441,,,,50,2017.054,0.0,0.1,OPEN,PVC,MYT,05.2018,2.00,Distribution Main,04.2018,In service,Ok,Ext,Minor,2016.85
798.459338,,,Y,50,798.459,0.0,0.1,OPEN,PVC,MYT,08.2016,2.00,Distribution Main,07.2016,In Service,Has many leakages,No,Minor,798.38
146.471955,,,,40,146.472,0.0,0.1,OPEN,HDPE,KREKAJ,17.02.2022,1.50,Distribution Main,12.2022,In service,Ok,EXT,Minor,146.46
70.6725274,,,,50,70.673,0.0,0.1,OPEN,PVC,KREKAJ,17.02.2022,2.00,Distribution Main,,In service,Ok,,Minor,70.67
88.1280350,,,,40,88.128,0.0,0.1,OPEN,HDPE,KREKAJ,17.02.2022,1.50,Distribution Main,12.2021,In service,OK,,Minor,88.12
690.161695,,,,75,190.800,0.0,0.1,OPEN,HDPE,MYT,03.02.2022,3.00,Distribution Main,12.2022,In service,Ok,EXT,Major,190.78
225.712272,,,,50,225.712,0.0,0.1,OPEN,PPR,ME,21.02.2022,2.00,Distribution Main,,In service,Ok,,Minor,225.69
71.8024869,,,,50,71.802,0.0,0.1,OPEN,PVC,CBD,21.02.2022,2.00,Distribution Main,,In service,Ok,,Minor,71.80
56.2168513,,,,40,56.217,0.0,0.1,OPEN,PVC,CBD,21.02.2022,1.50,Distribution Main,,In service,,Ok,Minor,56.21
55.9088993,,,,50,55.909,0.0,0.1,OPEN,HDPE,CBD,21.02.2022,2.00,Distribution Main,8.2021,In service,Ok,,Minor,55.91
134.195551,,,,25,134.196,0.0,0.1,OPEN,PPR,CBD,21.02.2022,1.00,Distribution Main,,In service,Ok,,Minor,134.19
52.5684785,,,,1,52.568,0.0,0.1,OPEN,PVC,CBD,21.02.2022,1.00,Distribution Main,,In service,Ok,,Minor,52.57
79.1124172,,,,32,79.112,0.0,0.1,OPEN,PVC,CBD,17.02.2022,1.25,Distribution Main,,In service,Ok,,Minor,79.11
108.318536,,,,32,108.319,0.0,0.1,OEPN,HDPE,CBD,17.02.2022,1.25,Distribution Main,2021,In service,Ok,,Minor,108.31
138.925625,,,,32,138.926,0.0,0.1,OPEN,PVC,CBD,17.02.2022,1.25,Distribution Main,,In service,Ok,,Minor,138.92
201.926110,,,,75,185.533,0.0,0.1,OPEN,HDPE,CBD,17.02.2022,3.00,Distribution Main,01.2022,In service,Ok,Ext,Major,185.52
134.446334,,,,25,134.446,0.0,0.1,OPEN,HDPE,MIL,08.03.2022,1.00,Distribution Main,2021,in service,OK,EXT,Minor,134.44
48.3942354,,,,40,48.394,0.0,0.1,OPEN,HDPE,OBA,15.03.2022,1.50,Distribution Main,2021,In service,Ok,,Minor,48.39
135.630892,,,,50,135.631,0.0,0.1,OPEN,HDPE,MYT,15.03.2022,2.00,Distribution Main,,In service,Ok,,Minor,135.62
3.19343421,,,Y,50,3.193,0.0,0.1,OPEN,PVC,KREKAJ,03.2015,2.00,Distribution Main,N/A,In Service,N/A,No,Minor,3.19
284.779422,,,,50,284.779,0.0,0.1,OPEN,HDPE,KREKAJ,10.03.2022,2.00,Distribution Main,2021,In service,OK,ext,Minor,284.75
381.031720,,,,100,381.032,0.0,0.1,OPEN,GI,KREKAJ,16.03.2022,4.00,Distribution Main,,In service,Ok,,Major,381.00
207.304668,,,,100,207.305,0.0,0.1,OPEN,GI,KREKAJ,16.03.2022,4.00,Distribution Main,,In service,Ok,,Major,207.29
129.021936,,,,100,129.022,0.0,0.1,OPEN,GI,KREKAJ,16.03.2022,4.00,Distribution Main,,In service,Ok,,Major,129.01
96.1087930,,,,100,96.109,0.0,0.1,OPEN,GI,KREKAJ,16.03.2022,4.00,Distribution Main,,In service,Ok,,Major,96.10
70.1769453,,,,100,70.177,0.0,0.1,OPEN,GI,KREKAJ,16.03.2022,4.00,Distribution Main,,In service,Ok,,Major,70.17
67.7412929,,,,100,67.741,0.0,0.1,OPEN,GI,,16.03.2022,4.00,Distribution Main,,In service,Ok,,Major,67.74
162.883803,,,,100,162.884,0.0,0.1,OPEN,HDPE,KREKAJ,08/04/2022,4.00,Distribution Main,2021,In Service,,Ext,Major,162.87
18.2836977,,,,100,18.284,0.0,0.1,OPEN,HDPE,KREKAJ,08/04/2022,4.00,Distribution Main,2021,In Service,OK,,Major,18.28
21.0849652,,,,100,21.085,0.0,0.1,OPEN,HDPE,KREKAJ,08/04/2022,4.00,Distribution Main,2021,In Service,OK,,Major,21.08
17.9625613,,,,100,17.963,0.0,0.1,OPEN,HDPE,KREKAJ,08/04/2022,4.00,Distribution Main,2021,In Service,OK,,Major,17.96
4.38184453,,,,100,4.382,0.0,0.1,OPEN,HDPE,KREKAJ,08/04/2022,4.00,Distribution Main,2021,In Service,OK,,Major,4.38
35.0353101,,,,100,35.035,0.0,0.1,OPEN,HDPE,KREKAJ,08/04/2022,4.00,Distribution Main,2021,In Service,OK,,Major,35.03
674.211403,,,,100,674.211,0.0,0.1,OPEN,HDPE,KREKAJ,08/04/2022,4.00,Distribution Main,2021,In Service,OK,,Major,674.15
113.507722,,,,75,113.508,0.0,0.1,OPEN,HDPE,KREKAJ,08/04/2022,3.00,Distribution Main,2021,In Service,OK,,Major,113.50
15.5202902,,,,75,15.520,0.0,0.1,OPEN,HDPE,KREKAJ,08/04/2022,3.00,Distribution Main,2021,In Service,OK,,Major,15.52
18.3286199,,,,100,18.329,0.0,0.1,OPEN,HDPE,KREKAJ,08/04/2022,4.00,Distribution Main,2021,In Service,OK,,Major,18.33
1077.45935,,,,75,1077.459,0.0,0.1,OPEN,HDPE,KREKAJ,16.03.2022,3.00,Distribution Main,2021,In service,Ok,OVH,Major,1077.36
23.5363336,,,,75,23.536,0.0,0.1,OPEN,HDPE,CBD,06/04/2022,3.00,Distribution Main,,In service,OK,,Major,23.53
1.45599990,,,,75,1.456,0.0,0.1,OPEN,GI,CBD,2018,3.00,Distribution Main,,In service,OK,,Major,1.46
163.319271,,,,100,163.319,0.0,0.1,OPEN,HDPE,KREKAJ,11/05/2022,4.00,Distribution Main,2022,In Service,,Ext,Major,163.30
291.054481,,,,100,291.054,0.0,0.1,OPEN,HDPE,KREKAJ,11/05/2022,3.00,Distribution Main,2022,In Service,,Ext,Major,291.03
583.984418,,,,100,583.984,0.0,0.1,OPEN,HDPE,KREKAJ,11/05/2022,2.00,Distribution Main,2022,In Service,,Ext,Major,583.93
176.027137,,,,100,176.027,0.0,0.1,OPEN,HDPE,KREKAJ,11/05/2022,2.00,Distribution Main,2022,In Service,,Ext,Major,176.01
13.1226666,,,,,13.123,0.0,0.1,,,,,,,,,,,pending,13.12
38.6745245,,,,400,38.675,0.0,0.1,OPEN,Steel,MIL,27.10.2021,16.00,Distribution Main,2013,In service,OK,,Major,38.67
14.2396303,,,,,14.240,,0.1,,,,,,,,,,,pending,14.24
15.0368246,,,,500,15.037,0.0,0.1,OPEN,Steel,MIL,27.10.2021,20.00,Transmission Main,2013,In service,OK,,Major,15.04
81.5504225,,,N,500,81.550,0.0,0.1,OPEN,Steel,MIL,2014,20.00,Transmission Main,2013,In Service,OK,No,Major,81.55
155.478031,,,N,400,155.478,0.0,0.1,OPEN,Steel,MIL,26.05.2022,16.00,Transmission Main,N/A,In Service,,,Major,155.47
869.938605,,,N,400,869.939,0.0,0.1,OPEN,Steel,MIL,2014,16.00,Transmission Main,N/A,In Service,N/A,No,Major,869.88
9.17190041,,,N,250,9.172,0.0,0.1,OPEN,Steel,MIL,26.05.2022,10.00,Transmission Main,N/A,In Service,,,Major,9.17
69.8977971,,,N,250,69.898,0.0,0.1,OPEN,Steel,MIL,26.05.2022,10.00,Transmission Main,N/A,In Service,,,Major,69.89
10.7120940,,,N,250,10.712,0.0,0.1,OPEN,Steel,MIL,26.05.2022,10.00,Transmission Main,N/A,In Service,,,Major,10.71
65.7554338,,,N,250,65.755,0.0,0.1,OPEN,Steel,MIL,26.05.2022,10.00,Transmission Main,N/A,In Service,,,Major,65.75
6.60921515,,,N,250,6.609,0.0,0.1,OPEN,Steel,MIL,26.05.2022,10.00,Transmission Main,N/A,In Service,,,Major,6.61
606.518390,,,N,500,606.518,0.0,0.1,OPEN,Steel,MIL,2014,20.00,Transmission Main,2013,In Service,OK,No,Major,606.48
220.778896,,,,50,220.779,,0.1,OPEN,PVC,MYT,07.06.2022,2.00,Distribution Main,,In service,Ok,,Minor,220.76
314.571747,,,,25,314.572,0.0,0.1,OPEN,PVC,MYT,07.06.2022,1.00,Distribution Main,,In service,OK,,Minor,314.54
195.343854,,,,50,195.344,0.0,0.1,OPEN,PVC,MYT,07.06.2022,2.00,Distribution Main,,In service,OK,,Minor,195.33
156.654043,,,,50,156.654,0.0,0.1,OPEN,PVC,MYT,07.06.2022,2.00,Distribution Main,,In service,Ok,,Minor,156.64
313.102731,,,,50,313.103,0.0,0.1,OPEN,PVC,CBD,22.06.2022,,Distribution Main,,In Service,N/A,,Minor,313.08
87.3647870,,,,,93.137,,0.1,,,,,,,,,,,pending,93.13
212.211849,,,,,212.212,,0.1,,,,,,,,,,,pending,212.20
112.177032,,,Y,75,112.177,0.0,0.1,OPEN,PVC,CBD,01.2015,3.00,Distribution Main,09.2014,In Service,New Extensions,No,Major,112.17
383.685429,,,,40,109.970,0.0,0.1,OPEN,PVC,CBD,25.08.2021,,Distribution Main,,In Service,,,Minor,109.96
425.268982,,,,50,425.269,0.0,0.1,OPEN,PVC,CBD,23.09.2021,,Distribution Main,,In service,OK,,Minor,425.24
108.799273,,,,50,108.799,0.0,0.1,OPEN,HDPE,CBD,21.06.2022,,Distribution Main,,In service,OK,,Minor,108.79
697.280574,,,Y,100,676.941,0.0,0.1,OPEN,PVC,CBD,05.2015,4.00,Distribution Main,2013,In Service,Shallow depth,No,Major,676.90
101.419010,,,,75,101.419,0.0,0.1,OPEN,HDPE,CBD,20.06.2022,3.00,Distribution Main,04.2022,In service,Ok,EXT,Major,101.41
63.8020231,,,,40,63.802,0.0,0.1,OPEN,HDPE,CBD,20.06.2022,1.50,Distribution Main,04.2022,In service,Ok,EXT,Minor,63.80
21.4836736,,,,75,21.484,0.0,0.1,OPEN,HDPE,CBD,20.06.2022,,Distribution Main,04.2022,In service,Ok,,Major,21.48
28.8703613,,,,75,28.870,0.0,0.1,OPEN,HDPE,CBD,20.06.2022,,Distribution Main,04.2022,In service,Ok,,Major,28.87
36.0921782,,,,,36.092,,0.1,,,,,,,,,,,pending,36.09
148.373164,,,,75,135.312,0.0,0.1,OPEN,HDPE,CBD,20.06.2022,,Distribution Main,04.2022,In service,Ok,OVH,Major,135.30
45.8656702,,,,,45.866,,0.1,,,,,,,,,,,pending,45.86
267.369996,,,,32,267.370,0.0,0.1,OPEN,HDPE,CBD,20.06.2022,1.25,Distribution Main,03.2022,in service,Ok,ext,Minor,267.36
291.195154,,,,100,291.195,0.0,0.1,OPEN,HDPE,CBD,22.06.2022,4.00,Distribution Main,2020,In service,Ok,,Major,291.18
164.657902,,,,50,164.658,0.0,0.1,OPEN,PVC,CBD,22.06.2022,2.00,Distribution Main,,In Service,N/A,,Minor,164.65
280.027917,,,,40,280.028,0.0,0.1,OPEN,PVC,CBD,22.06.2022,1.50,Distribution Main,,In service,Ok,,Minor,280.01
44.9020928,,,,,44.902,,0.1,,,,,,,,,,,pending,44.90
105.221127,,,,50,105.221,0.0,0.1,OPEN,PVC,CBD,22.06.2022,2.00,Distribution Main,,In Service,N/A,,Minor,105.21
525.003602,,,,50,525.004,0.0,0.1,OPEN,PVC,CBD,22.06.2022,2.00,Distribution Main,,In Service,N/A,,Minor,524.97
218.870583,,,,40,218.871,0.0,0.1,OPEN,PVC,CBD,22.06.2022,1.50,Distribution Main,,In service,Ok,,Minor,218.86
31.6088766,,,,,31.609,,0.1,,,,,0.75,,,,,,pending,31.61
6.75622566,,,,25,6.756,,0.1,,,,,,,,,,,Minor,6.76
99.0966254,,,,32,99.097,0.0,0.1,OPEN,HDPE,MIL,27.06.2022,1.25,Distribution Main,05.2022,In service,Ok,,Minor,99.09
230.176469,,,,100,230.176,0.0,0.1,OPEN,PVC,MYT,30.06.2022,4.00,Distribution Main,,In service,,,Major,230.16
206.683169,,,,50,206.683,0.0,0.1,OPEN,PVC,MYT,30.06.2022,2.00,Distribution Main,,In service,,,Minor,206.67
120.574058,,,,75,120.574,0.0,0.1,OPEN,HDPE,MYT,07.07.2022,3.00,Distribution Main,,In service,Ok,,Major,120.56
48.5547789,,,,50,48.555,0.0,0.1,OPEN,HDPE,MYT,07.07.2022,2.00,Distribution Main,,In service,Ok,,Minor,48.55
44.8910438,,,,50,44.891,0.0,0.1,OPEN,PVC,MYT,07.07.2022,2.00,Distribution Main,,In service,Ok,,Minor,44.89
99.0721343,,,,50,99.072,0.0,0.1,OPEN,HDPE,MYT,07.07.2022,2.00,Distribution Main,,In service,Ok,,Minor,99.06
54.5432474,,,,50,54.543,0.0,0.1,OPEN,PVC,MYT,07.07.2022,2.00,Distribution Main,,In service,Ok,,Minor,54.54
31.3321458,,,,50,31.332,0.0,0.1,OPEN,HDPE,MYT,07.07.2022,2.00,Distribution Main,,In service,Ok,,Minor,31.33
247.510502,,,,50,247.511,0.0,0.1,OPEN,PVC,MYT,07.07.2022,2.00,Distribution Main,,In service,Ok,,Minor,247.49
203.788674,,,,20,203.789,0.0,0.1,OPEN,PPR,MYT,07.07.2022,0.75,Distribution Main,,In service,Ok,,Minor,203.77
107.974644,,,,40,107.975,0.0,0.1,OPEN,PVC,MYT,07.07.2022,1.50,Distribution Main,,In service,Ok,,Minor,107.96
91.4818123,,,,32,91.482,0.0,0.1,OPEN,PVC,MYT,07.07.2022,1.25,Distribution Main,,In service,Ok,,Minor,91.47
53.4104036,,,,32,53.410,0.0,0.1,OPEN,PVC,MYT,07.07.2022,1.25,Distribution Main,,In service,Ok,,Minor,53.41
61.1846113,,,,32,61.185,0.0,0.1,OPEN,PVC,MYT,07.07.2022,1.50,Distribution Main,,In service,Ok,,Minor,61.18
440.362517,,,,32,440.363,0.0,0.1,OPEN,PVC,MYT,07.07.2022,1.25,Distribution Main,,In service,Ok,,Minor,440.32
120.844756,,,,32,120.845,0.0,0.1,OPEN,PVC,MYT,07.07.2022,1.25,Distribution Main,,In service,Ok,,Minor,120.83
135.058563,,,,32,135.059,0.0,0.1,OPEN,PVC,MYT,07.07.2022,1.25,Distribution Main,,In service,Ok,,Minor,135.05
132.239084,,,,25,132.239,0.0,0.1,OPEN,PVC,MYT,07.07.2022,1.00,Distribution Main,,In service,Ok,,Minor,132.23
472.410782,,,,32,472.411,0.0,0.1,OPEN,PVC,MYT,07.07.2022,1.25,Distribution Main,,In service,Ok,,Minor,472.37
69.1947494,,,,25,69.195,0.0,0.1,OPEN,PPR,MYT,07.07.2022,1.00,Distribution Main,,In service,Ok,,Minor,69.19
531.975176,,,,50,531.975,0.0,0.1,OPEN,PVC,MYT,08.07.2022,2.00,Distribution Main,,In service,Ok,,Minor,531.93
680.946493,,,,50,681.565,0.0,0.1,OPEN,PVC,MYT,08.07.2022,2.00,Distribution Main,,In service,Ok,,Minor,681.50
329.014011,,,,32,329.014,0.0,0.1,OPEN,PVC,MYT,08.07.2022,1.25,Distribution Main,,In service,Ok,,Minor,328.98
382.195835,,,,32,382.196,0.0,0.1,OPEN,PVC,MYT,08.07.2022,1.25,Distribution Main,,In service,Ok,,Minor,382.16
136.022311,,,,32,136.022,0.0,0.1,OPEN,PVC,MYT,08.07.2022,1.25,Distribution Main,,In service,Ok,,Minor,136.01
141.933141,,,,32,141.933,0.0,0.1,OPEN,PVC,MYT,08.07.2022,1.25,Distribution Main,,In service,Ok,,Minor,141.92
52.3139573,,,,32,52.314,0.0,0.1,OPEN,PVC,MYT,08.07.2022,1.25,Distribution Main,,In service,Ok,,Minor,52.31
65.6752357,,,,32,65.675,0.0,0.1,OPEN,PVC,MYT,08.07.2022,1.25,Distribution Main,,In service,Ok,,Minor,65.67
110.618995,,,,32,110.619,0.0,0.1,OPEN,PVC,MYT,08.07.2022,1.25,Distribution Main,,In service,Ok,,Minor,110.61
89.8538297,,,,32,89.854,0.0,0.1,OPEN,PVC,MYT,07.07.2022,1.25,Distribution Main,,In service,Ok,,Minor,89.85
107.775558,,,,32,107.776,0.0,0.1,OPEN,PVC,MYT,07.07.2022,1.25,Distribution Main,,In service,Ok,,Minor,107.77
72.6416823,,,,32,72.642,0.0,0.1,OPEN,PVC,MYT,07.07.2022,1.25,Distribution Main,,In service,Ok,,Minor,72.63
192.624620,,,,32,192.625,0.0,0.1,OPEN,PVC,MYT,07.07.2022,1.25,Distribution Main,,In service,Ok,,Minor,192.61
32.5984091,,,,32,32.598,0.0,0.1,OPEN,PVC,MYT,08.07.2022,1.25,Distribution Main,,In service,Ok,,Minor,32.60
352.147433,,,,32,352.147,0.0,0.1,OPEN,PVC,MYT,08.07.2022,1.25,Distribution Main,,In service,Ok,,Minor,352.11
24.2005384,,,,50,24.201,0.0,0.1,OPEN,PVC,MYT,07.07.2022,2.00,Distribution Main,,In service,Ok,,Minor,24.20
263.912451,,,,32,263.912,0.0,0.1,OPEN,PVC,MYT,07.07.2022,1.25,Distribution Main,,In service,Ok,,Minor,263.89
413.948856,,,,32,413.949,0.0,0.1,OPEN,PVC,MYT,07.07.2022,1.25,Distribution Main,,In service,Ok,,Minor,413.91
112.044232,,,,32,112.044,0.0,0.1,OPEN,PVC,MYT,07.07.2022,1.25,Distribution Main,,In service,Ok,,Minor,112.03
150.740902,,,,32,150.741,0.0,0.1,OPEN,PVC,MYT,07.07.2022,1.25,Distribution Main,,In service,Ok,,Minor,150.73
51.0516491,,,,32,51.052,0.0,0.1,OPEN,PVC,MYT,07.07.2022,1.25,Distribution Main,,In service,Ok,,Minor,51.05
1166.72880,,,,50,1166.729,0.0,0.1,OPEN,PVC,MYT,30.05.2019,2.00,Distribution Main,2019-02-01,In Service,Ok,Ext,Minor,1166.60
199.748278,,,,40,199.748,0.0,0.1,OPEN,HDPE,CBD,21.07.2022,1.50,Distribution Main,05.2022,In Service,New Extensions,,Minor,199.74
152.929416,,,,32,152.929,0.0,0.1,OPEN,HDPE,CBD,21.07.2022,1.25,Distribution Main,05.2022,In Service,New Extensions,,Minor,152.92
500.507609,,,,50,500.508,0.0,0.1,OPEN,PVC,MYT,28.07.2022,2.00,Distribution Main,,In service,Ok,,Minor,500.46
176.020501,,,,40,176.021,0.0,0.1,OPEN,PVC,MYT,28.07.2022,1.50,Distribution Main,,In service,Ok,,Minor,176.00
115.304819,,,,40,115.305,0.0,0.1,OPEN,HDPE,MYT,28.07.2022,1.50,Distribution Main,,In service,Ok,,Minor,115.29
136.486051,,,,32,136.486,0.0,0.1,OPEN,PVC,MYT,28.07.2022,1.25,Distribution Main,,In service,Ok,,Minor,136.47
2.35030984,,,,32,2.350,0.0,0.1,OPEN,PVC,MYT,28.07.2022,1.25,Distribution Main,,In service,Ok,,Minor,2.35
35.5444605,,,,50,35.544,0.0,0.1,OPEN,PVC,MYT,28.07.2022,2.00,Distribution Main,,In service,Ok,,Minor,35.54
538.157769,,,,32,538.158,0.0,0.1,OPEN,PVC,MYT,28.07.2022,1.25,Distribution Main,,In service,Ok,,Minor,538.11
316.065763,,,,32,316.066,0.0,0.1,OPEN,PVC,MYT,28.07.2022,1.25,Distribution Main,,In service,Ok,,Minor,316.04
293.652392,,,,32,293.652,0.0,0.1,OPEN,PVC,MYT,28.07.2022,1.25,Distribution Main,,In service,Ok,,Minor,293.62
445.995783,,,,40,445.996,0.0,0.1,OPEN,PVC,MYT,28.07.2022,1.50,Distribution Main,,In service,Ok,,Minor,445.95
33.8080159,,,,32,33.808,0.0,0.1,OPEN,PVC,MYT,28.07.2022,1.25,Distribution Main,,In service,Ok,,Minor,33.80
200.007213,,,,25,200.007,0.0,0.1,OPEN,PVC,MYT,28.07.2022,1.00,Distribution Main,,In service,Ok,,Minor,199.99
191.885509,,,,50,191.886,0.0,0.1,OPEN,PVC,MYT,28.07.2022,2.00,Distribution Main,,In service,Ok,,Minor,191.87
159.487278,,,,25,159.487,0.0,0.1,OPEN,PVC,MYT,28.07.2022,1.00,Distribution Main,,In service,Ok,,Minor,159.47
145.598999,,,,32,145.599,0.0,0.1,OPEN,PVC,MYT,28.07.2022,1.25,Distribution Main,,In service,Ok,,Minor,145.59
218.537604,,,,32,218.538,0.0,0.1,OPEN,PVC,MYT,28.07.2022,1.25,Distribution Main,,In service,Ok,,Minor,218.52
20.6331595,,,,25,20.633,0.0,0.1,OPEN,PVC,MYT,28.07.2022,1.00,Distribution Main,,In service,Ok,,Minor,20.63
251.748421,,,,32,251.748,0.0,0.1,OPEN,PVC,MYT,28.07.2022,1.25,Distribution Main,,In service,Ok,,Minor,251.73
65.7564780,,,,25,65.756,0.0,0.1,OPEN,PVC,MYT,28.07.2022,1.00,Distribution Main,,In service,Ok,,Minor,65.75
45.6294458,,,,25,45.629,0.0,0.1,OPEN,PVC,MYT,28.07.2022,1.00,Distribution Main,,In service,Ok,,Minor,45.63
134.918857,,,,25,134.919,0.0,0.1,OPEN,PVC,MYT,28.07.2022,1.00,Distribution Main,,In service,Ok,,Minor,134.91
49.6083993,,,,25,49.608,0.0,0.1,OPEN,PVC,MYT,28.07.2022,1.00,Distribution Main,,In service,Ok,,Minor,49.60
634.922005,,,,32,634.922,0.0,0.1,OPEN,PVC,MYT,28.07.2022,1.25,Distribution Main,,In service,Ok,,Minor,634.86
51.9782046,,,,50,51.978,0.0,0.1,OPEN,PVC,MYT,28.07.2022,2.00,Distribution Main,,In service,Ok,,Minor,51.97
101.094941,,,,40,101.095,0.0,0.1,OPEN,PVC,MYT,28.07.2022,1.50,Distribution Main,,In service,Ok,,Minor,101.09
71.6425309,,,,32,71.643,0.0,0.1,HDPE,PVC,MYT,28.07.2022,1.25,Distribution Main,,In service,Ok,,Minor,71.64
33.7713406,,,,25,33.771,0.0,0.1,OPEN,PVC,MYT,28.07.2022,1.00,Distribution Main,,In service,Ok,,Minor,33.77
19.9630539,,,,32,19.963,0.0,0.1,HDPE,PVC,MYT,28.07.2022,1.25,Distribution Main,,In service,Ok,,Minor,19.96
89.3996356,,,,32,89.400,0.0,0.1,OPEN,PVC,MYT,28.07.2022,1.25,Distribution Main,,In service,Ok,,Minor,89.39
246.134097,,,,32,246.134,0.0,0.1,OPEN,PVC,MYT,28.07.2022,1.25,Distribution Main,,In service,Ok,,Minor,246.11
44.4782232,,,,32,44.478,0.0,0.1,OPEN,PVC,MYT,28.07.2022,1.25,Distribution Main,,In service,Ok,,Minor,44.47
79.4853141,,,,25,79.485,0.0,0.1,OPEN,HDPE,MYT,28.07.2022,1.00,Distribution Main,,In service,Ok,,Minor,79.48
234.592118,,,,32,234.592,0.0,0.1,OPEN,HDPE,MYT,09.2020,1.25,Distribution Main,2018,In service,Ok,Ext,Minor,234.57
123.492132,,,,32,123.492,0.0,0.1,OPEN,PVC,MYT,09.2020,1.25,Distribution Main,2018,In service,Ok,Ext,Minor,123.48
59.8056305,,,,100,59.806,0.0,0.1,OPEN,PVC,KREKAJ,28.09.2022,4.00,Distribution Main,,In service,Ok,,Major,59.80
104.941415,,,,40,104.941,0.0,0.1,OPEN,HDPE,CBD,22.09.2022,1.50,Distribution Main,04.2022,In service,Ok,EXT,Minor,104.94
262.888705,,,,32,262.889,0.0,0.1,OPEN,HDPE,CBD,22.09.2022,1.25,Distribution Main,04.2022,In service,Ok,ext,Minor,262.87
40.8724875,,,,75,40.872,0.0,0.1,OPEN,PVC,CBD,14.09.2022,3.00,Service line,,In service,Ok,,Major,40.87
76.5947800,,,,25,76.595,0.0,0.1,OPEN,HDPE,CBD,14.09.2022,1.00,Service line,08.2022,In service,Ok,,Minor,76.59
436.591417,,,,32,436.591,0.0,0.1,OPEN,HDPE,CBD,30.09.2022,1.25,Distribution Main,2021,In service,Ok,,Minor,436.58
139.670493,,,,75,139.670,0.0,0.1,OPEN,PVC,ME,28.10.2022,3.00,Distribution Main,,In service,Ok,Ext,Major,139.66
273.288878,,,,50,273.289,0.0,0.1,OPEN,PVC,ME,28.10.2022,2.00,Distribution Main,,In service,ok,,Minor,273.27
67.6263090,,,,75,67.626,0.0,0.1,OPEN,GI,ME,28.10.2022,3.00,Service line,,In service,Ok,,Major,67.62
62.8534703,,,,25,62.853,0.0,0.1,OPEN,PVC,ME,28.10.2022,1.00,Distribution Main,,In service,Ok,,Minor,62.85
192.386467,,,,50,192.386,0.0,0.1,OPEN,HDPE,CBD,27.10.2022,2.00,Distribution Main,2022,In service,Ok,,Minor,192.37
105.729821,,,,40,105.730,0.0,0.1,OPEN,PPR,CBD,27.10.2022,1.50,Distribution Main,2022,In service,OK,,Minor,105.72
18.6419316,,,,100,18.642,0.0,0.1,OPEN,PVC,ME,23.11.2022,4.00,Distribution Main,23.11.2022,In service,Boostline,Ext,Major,18.64
10.2726348,,,,75,10.273,0.0,0.1,OPEN,PVC,ME,23.11.2022,3.00,Distribution Main,23.11.2022,In service,Boostline,,Major,10.27
31.6772077,,,,75,31.677,0.0,0.1,OPEN,PVC,ME,23.11.2022,3.00,Distribution Main,,In service,Ok,,Major,31.67
111.884924,,,,25,111.885,0.0,0.1,OPEN,PPR,MYT,23.11.2022,1.00,Distribution Main,,In service,Ok,,Minor,111.88
161.260891,,,,40,161.261,0.0,0.1,OPEN,PVC,MYT,23.11.2022,1.50,Distribution Main,,In service,Ok,,Minor,161.25
62.5406035,,,,32,62.541,0.0,0.1,OPEN,PVC,MYT,23.11.2022,1.25,Distribution Main,,In service,Ok,,Minor,62.54
92.8772901,,,,25,92.877,0.0,0.1,OPEN,PVC,MYT,23.11.2022,1.00,Distribution Main,,In service,Ok,,Minor,92.87
13.7933993,,,,50,13.793,0.0,0.1,OPEN,PVC,MYT,23.11.2022,2.00,Distribution Main,,In service,Ok,,Minor,13.79
43.9170556,,,,32,43.917,0.0,0.1,OPEN,PVC,MYT,23.11.2022,1.25,Distribution Main,,In service,Ok,,Minor,43.91
145.322681,,,,25,145.323,0.0,0.1,OPEN,HDPE,MYT,23.11.2022,1.00,Distribution Main,,In service,Ok,Ext,Minor,145.31
52.2774232,,,,50,52.277,0.0,0.1,OPEN,PVC,MYT,23.11.2022,2.00,Distribution Main,,In service,Ok,Ext,Minor,52.27
15.0136042,,,,50,15.014,0.0,0.1,OPEN,PVC,MYT,23.11.2022,2.00,Distribution Main,,In service,OK,,Minor,15.01
45.8563168,,,,25,45.856,0.0,0.1,OPEN,PPR,MYT,23.11.2022,1.00,Distribution Main,,In service,OK,,Minor,45.85
47.6557257,,,Y,50,47.656,0.0,0.1,OPEN,PPR,MYT,2014,2.00,Distribution Main,01.2012,In Service,Managed by DMM,No,Minor,47.65
27.4613111,,,,,27.461,0.0,0.1,OPEN,PVC,MIL,,,Distribution Main,,In service,2 inch offtake from 8 inch,,pending,27.46
26.5577506,,,,75,26.558,0.0,0.1,OPEN,HDPE,MIL,,3.00,Distribution Main,,In service,DMM,,Major,26.56
68.0372065,,,,75,68.037,0.0,0.1,OPEN,HDPE,MIL,,3.00,Distribution Main,,In service,DMM,,Major,68.03
10.5629722,,,,,10.563,0.0,0.1,OPEN,PVC,MIL,,,Distribution Main,,In service,DMM,,pending,10.56
31.3615732,,,,,31.362,0.0,0.1,OPEN,PVC,MIL,,,Service line,,In service,DMM,,pending,31.36
37.0491189,,,,,37.049,0.0,0.1,OPEN,PVC,MIL,,,Service line,,In service,DMM,,pending,37.05
41.2389823,,,,,41.239,0.0,0.1,OPEN,PVC,MIL,,,Service line,,In service,DMM,,pending,41.24
86.5157428,,,,,86.516,0.0,0.1,OPEN,PVC,MIL,,,Service line,,In service,DMM,,pending,86.51
68.2474651,,,,,68.247,0.0,0.1,OPEN,PVC,MIL,,,Service line,,In service,DMM,,pending,68.24
66.2330824,,,,,66.233,0.0,0.1,OPEN,PVC,MIL,,,Service line,,In service,DMM,,pending,66.23
87.4631044,,,,,87.463,0.0,0.1,OPEN,PVC,MIL,,,Distribution Main,,In service,DMM,,pending,87.46
1.40463320,,,,,1.405,0.0,0.1,OPEN,PVC,MIL,,,Distribution Main,,In service,DMM,,pending,1.40
35.1076185,,,,,35.108,0.0,0.1,OPEN,PVC,MIL,,,Service line,,In service,DMM,,pending,35.11
59.7232865,,,,,59.723,0.0,0.1,OPEN,PVC,MIL,,,Service line,,In service,DMM,,pending,59.72
56.7961847,,,,,56.796,0.0,0.1,OPEN,PVC,MIL,,,Service line,,In service,DMM,,pending,56.79
18.5079383,,,,,18.508,0.0,0.1,OPEN,PVC,MIL,,,Service line,,In service,DMM,,pending,18.51
29.1468588,,,,,29.147,0.0,0.1,OPEN,PVC,MIL,,,Service line,,In service,DMM,,pending,29.14
71.2087042,,,,,71.209,0.0,0.1,OPEN,PVC,MIL,,,Service line,,In service,DMM,,pending,71.20
19.9208996,,,,,19.921,0.0,0.1,OPEN,PVC,MIL,,,Service line,,In service,DMM,,pending,19.92
10.9891321,,,,,10.989,0.0,0.1,OPEN,PVC,MIL,,,Service line,,In service,DMM,,pending,10.99
86.1741678,,,,,86.174,0.0,0.1,OPEN,PVC,MIL,,,Service line,,In service,DMM,,pending,86.17
70.8992435,,,,,70.899,0.0,0.1,OPEN,PVC,MIL,,,Service line,,In service,DMM,,pending,70.89
76.6908050,,,,,76.691,0.0,0.1,OPEN,PVC,MIL,,,Service line,,In service,DMM,,pending,76.69
29.9289234,,,,,29.929,0.0,0.1,OPEN,PVC,MIL,,,Service line,,In service,DMM,,pending,29.93
40.3416256,,,,,40.342,0.0,0.1,OPEN,PVC,MIL,,,Service line,,In service,DMM,,pending,40.34
75.4289552,,,,75,75.429,0.0,0.1,OPEN,HDPE,MIL,,3.00,Distribution Main,,In service,DMM,,Major,75.42
20.6279885,,,,,20.628,0.0,0.1,OPEN,PVC,MIL,,,Service line,,In service,DMM,,pending,20.63
57.5376335,,,,,57.538,0.0,0.1,OPEN,PVC,MIL,,,Service line,,In service,DMM,,pending,57.53
19.5631960,,,,,19.563,0.0,0.1,OPEN,PVC,MIL,,,Service line,,In service,DMM,,pending,19.56
64.5610609,,,,,64.561,0.0,0.1,OPEN,PVC,MIL,,,Service line,,In service,DMM,,pending,64.56
75.4315672,,,,,75.432,0.0,0.1,OPEN,PVC,MIL,,,Service line,,In service,DMM,,pending,75.43
32.6984754,,,,,32.698,0.0,0.1,OPEN,PVC,MIL,,,Service line,,In service,DMM,,pending,32.70
56.1692363,,,,,56.169,0.0,0.1,OPEN,PVC,MIL,,,Service line,,In service,DMM,,pending,56.17
32.4291513,,,,,32.429,0.0,0.1,OPEN,PVC,MIL,,,Service line,,In service,DMM,,pending,32.43
58.4372420,,,,,58.437,0.0,0.1,OPEN,PVC,MIL,,,Service line,,In service,DMM,,pending,58.43
41.9707865,,,,,41.971,0.0,0.1,OPEN,PVC,MIL,,,Service line,,In service,DMM,,pending,41.97
56.6064047,,,,,56.606,0.0,0.1,OPEN,PVC,MIL,,,Service line,,In service,DMM,,pending,56.60
31.8583677,,,,,31.858,0.0,0.1,OPEN,PVC,MIL,,,Service line,,In service,DMM,,pending,31.86
22.8949969,,,,,22.895,0.0,0.1,OPEN,PVC,MIL,,,Service line,,In service,DMM,,pending,22.89
83.2577571,,,,,83.258,0.0,0.1,OPEN,PVC,MIL,,,Distribution Main,,In service,DMM,,pending,83.25
68.8817431,,,,75,68.882,0.0,0.1,OPEN,HDPE,MIL,,3.00,Distribution Main,,In service,DMM,,Major,68.88
37.6029129,,,,,37.603,0.0,0.1,OPEN,PVC,MIL,,,Service line,,In service,DMM,,pending,37.60
28.9115443,,,,,28.912,0.0,0.1,OPEN,PVC,MIL,,,Service line,,In service,DMM,,pending,28.91
67.4562406,,,,,67.456,0.0,0.1,OPEN,PVC,MIL,,,Service line,,In service,DMM,,pending,67.45
64.5201588,,,,,64.520,0.0,0.1,OPEN,PVC,MIL,,,Service line,,In service,DMM,,pending,64.52
11.9572039,,,,,11.957,0.0,0.1,OPEN,PVC,MIL,,,Service line,,In service,DMM,,pending,11.96
77.2764560,,,,,77.276,0.0,0.1,OPEN,PVC,MIL,,,Distribution Main,,In service,DMM,,pending,77.27
22.0034367,,,,,22.003,0.0,0.1,OPEN,PVC,MIL,,,Distribution Main,,In service,DMM,,pending,22.00
20.3628571,,,,,20.363,0.0,0.1,OPEN,PVC,MIL,,,Distribution Main,,In service,DMM,,pending,20.36
22.8569903,,,,,22.857,0.0,0.1,OPEN,PVC,MIL,,,Service line,,In service,DMM,,pending,22.86
23.0563141,,,,,23.056,0.0,0.1,OPEN,PVC,MIL,,,Service line,,In service,DMM,,pending,23.05
67.9911504,,,,,67.991,0.0,0.1,OPEN,PVC,MIL,,,Service line,,In service,DMM,,pending,67.99
27.1331146,,,,,27.133,0.0,0.1,OPEN,PVC,MIL,,,Service line,,In service,DMM,,pending,27.13
77.7277663,,,,,77.728,0.0,0.1,OPEN,PVC,MIL,,,Service line,,In service,DMM,,pending,77.72
13.0967805,,,,,13.097,0.0,0.1,OPEN,PVC,MIL,,,Service line,,In service,DMM,,pending,13.10
51.8354470,,,,,51.835,0.0,0.1,OPEN,PVC,MIL,,,Service line,,In service,DMM,,pending,51.83
19.9418249,,,,,19.942,0.0,0.1,OPEN,PVC,MIL,,,Service line,,In service,DMM,,pending,19.94
64.0465705,,,,,64.047,0.0,0.1,OPEN,PVC,MIL,,,Service line,,In service,DMM,,pending,64.04
20.5055399,,,,,20.506,0.0,0.1,OPEN,PVC,MIL,,,Service line,,In service,DMM,,pending,20.50
33.4915815,,,,,33.492,0.0,0.1,OPEN,PVC,MIL,,,Service line,,In service,DMM,,pending,33.49
101.215299,,,,50,101.215,0.0,0.1,OPEN,PVC,MIL,,2.00,Distribution Main,,In service,DMM,,Minor,101.21
38.0022900,,,,50,38.002,0.0,0.1,OPEN,PVC,MIL,,2.00,Distribution Main,,In service,DMM,,Minor,38.00
8.39535586,,,,,8.395,0.0,0.1,OPEN,PVC,MIL,,,Distribution Main,,In service,DMM,,pending,8.39
29.5830986,,,,,29.583,0.0,0.1,OPEN,PVC,MIL,,,Service line,,In service,DMM,,pending,29.58
14.0927268,,,,,14.093,0.0,0.1,OPEN,PVC,MIL,,,Service line,,In service,DMM,,pending,14.09
65.8395384,,,,,65.840,0.0,0.1,OPEN,PVC,MIL,,,Service line,,In service,DMM,,pending,65.83
76.9066082,,,,,76.907,0.0,0.1,OPEN,PVC,MIL,,,Service line,,In service,DMM,,pending,76.90
100.986020,,,,,100.986,0.0,0.1,OPEN,PVC,MIL,,,Distribution Main,,In service,DMM,,pending,100.98
26.3156004,,,,,26.316,0.0,0.1,OPEN,PVC,MIL,,,Service line,,In service,DMM,,pending,26.31
51.8597154,,,,,51.860,0.0,0.1,OPEN,PVC,MIL,,,Service line,,In service,DMM,,pending,51.86
94.1558931,,,,,94.156,0.0,0.1,OPEN,PVC,MIL,,,Distribution Main,,In service,DMM,,pending,94.15
7.76506656,,,,,7.765,0.0,0.1,OPEN,PVC,MIL,,,Distribution Main,,In service,DMM,,pending,7.76
13.1325223,,,,,13.133,0.0,0.1,OPEN,PVC,MIL,,,Distribution Main,,In service,DMM,,pending,13.13
0.64767689,,,,,0.648,0.0,0.1,OPEN,PVC,MIL,,,Distribution Main,,In service,DMM,,pending,0.65
19.5158813,,,,,19.516,0.0,0.1,OPEN,PVC,MIL,,,Service line,,In service,DMM,,pending,19.51
54.6470659,,,,,54.647,0.0,0.1,OPEN,PVC,MIL,,,Service line,,In service,DMM,,pending,54.64
38.9826313,,,,,38.983,0.0,0.1,OPEN,PVC,MIL,,,Service line,,In service,DMM,,pending,38.98
18.8687471,,,,,18.869,0.0,0.1,OPEN,PVC,MIL,,,Distribution Main,,In service,DMM,,pending,18.87
52.8294084,,,,,52.829,0.0,0.1,OPEN,PVC,MIL,,,Service line,,In service,DMM,,pending,52.83
40.1055868,,,,,40.106,0.0,0.1,OPEN,PVC,MIL,,,Service line,,In service,DMM,,pending,40.10
45.5331218,,,,,45.533,0.0,0.1,OPEN,PVC,MIL,,,Distribution Main,,In service,DMM,,pending,45.53
191.039509,,,,,191.040,0.0,0.1,OPEN,PVC,MIL,,,Distribution Main,,In service,DMM,,pending,191.03
38.9699399,,,,,38.970,0.0,0.1,OPEN,PVC,MIL,,,Service line,,In service,DMM,,pending,38.97
79.3359398,,,,,79.336,0.0,0.1,OPEN,PVC,MIL,,,Service line,,In service,DMM,,pending,79.33
80.7789678,,,,,80.779,0.0,0.1,OPEN,PVC,MIL,,,Service line,,In service,DMM,,pending,80.77
10.8497071,,,,,10.850,0.0,0.1,OPEN,PVC,MIL,,,Service line,,In service,DMM,,pending,10.85
30.8345120,,,,,30.835,0.0,0.1,OPEN,PVC,MIL,,,Service line,,In service,DMM,,pending,30.83
31.2473908,,,,,31.247,0.0,0.1,OPEN,PVC,MIL,,,Service line,,In service,DMM,,pending,31.25
45.0155496,,,,,45.016,0.0,0.1,OPEN,PVC,MIL,,,Service line,,In service,DMM,,pending,45.01
24.9122246,,,,,24.912,0.0,0.1,OPEN,PVC,MIL,,,Service line,,In service,DMM,,pending,24.91
36.3831762,,,,,36.383,0.0,0.1,OPEN,PVC,MIL,,,Service line,,In service,DMM,,pending,36.38
11.4250295,,,,,11.425,0.0,0.1,OPEN,PVC,MIL,,,Service line,,In service,DMM,,pending,11.42
8.40056041,,,,,8.401,0.0,0.1,OPEN,PVC,MIL,,,Distribution Main,,In service,DMM,,pending,8.40
31.3086168,,,,,31.309,0.0,0.1,OPEN,PVC,MIL,,,Service line,,In service,DMM,,pending,31.31
17.6932576,,,,,17.693,0.0,0.1,OPEN,PVC,MIL,,,Service line,,In service,DMM,,pending,17.69
140.795096,,,,,140.795,0.0,0.1,OPEN,PVC,MIL,,,Distribution Main,,In service,DMM,,pending,140.79
143.087829,,,,,143.088,0.0,0.1,OPEN,PVC,MIL,,,Distribution Main,,In service,DMM,,pending,143.08
18.5292527,,,,,18.529,0.0,0.1,OPEN,PVC,MIL,,,Service line,,In service,DMM,,pending,18.53
25.5424417,,,,,25.542,0.0,0.1,OPEN,PVC,MIL,,,Service line,,In service,DMM,,pending,25.54
42.0047937,,,,,42.005,0.0,0.1,OPEN,PVC,MIL,,,Service line,,In service,DMM,,pending,42.00
18.3241071,,,,,18.324,0.0,0.1,OPEN,PVC,MIL,,,Service line,,In service,DMM,,pending,18.32
176.254067,,,,75,176.254,0.0,0.1,OPEN,HDPE,MIL,,3.00,Distribution Main,,In service,DMM,,Major,176.24
6.20697063,,,,,6.207,0.0,0.1,OPEN,PVC,MIL,,,Distribution Main,,In service,DMM,,pending,6.21
6.13842858,,,,,6.138,0.0,0.1,OPEN,PVC,MIL,,,Distribution Main,,In service,DMM,,pending,6.14
80.5907963,,,,,80.591,0.0,0.1,OPEN,PVC,MIL,,,Distribution Main,,In service,DMM,,pending,80.59
12.5307419,,,,,12.531,0.0,0.1,OPEN,PVC,MIL,,,Distribution Main,,In service,DMM,,pending,12.53
47.8017543,,,,,47.802,0.0,0.1,OPEN,PVC,MIL,,,Distribution Main,,In service,DMM,,pending,47.80
9.46196533,,,,,9.462,0.0,0.1,OPEN,PVC,MIL,,,Distribution Main,,In service,DMM,,pending,9.46
13.3631730,,,,,13.363,0.0,0.1,OPEN,PVC,MIL,,,Distribution Main,,In service,DMM,,pending,13.36
17.3803253,,,,,17.380,0.0,0.1,OPEN,PVC,MIL,,,Distribution Main,,In service,DMM,,pending,17.38
17.4656965,,,,,17.466,0.0,0.1,OPEN,PVC,MIL,,,Distribution Main,,In service,DMM,,pending,17.46
10.5577467,,,,,10.558,0.0,0.1,OPEN,PVC,MIL,,,Distribution Main,,In service,DMM,,pending,10.56
5.33522247,,,,,5.335,0.0,0.1,OPEN,PVC,MIL,,,Distribution Main,,In service,DMM,,pending,5.33
109.923000,,,,,109.923,0.0,0.1,OPEN,PVC,MIL,,,Distribution Main,,In service,DMM,,pending,109.92
38.2931912,,,,,38.293,0.0,0.1,OPEN,PVC,MIL,,,Distribution Main,,In service,2 inch offtake from 8 inch,,pending,38.29
20.8556684,,,,,20.856,0.0,0.1,OPEN,PVC,MIL,,,Distribution Main,,In service,DMM,,pending,20.85
92.9331475,,,,2,92.933,0.0,0.1,OPEN,HDPE,MIL,,,Distribution Main,,In service,DMM,,Minor,92.93
5.67720854,,,,,5.677,0.0,0.1,OPEN,PVC,MIL,,,Distribution Main,,In service,DMM,,pending,5.68
4.42556403,,,,,4.426,0.0,0.1,OPEN,PVC,MIL,,,Distribution Main,,In service,DMM,,pending,4.43
189.371009,,,,,189.371,0.0,0.1,OPEN,PVC,MIL,06.2019,,Distribution Main,2019,In service,Ok,,pending,189.36
430.410109,,,,,430.410,0.0,0.1,OPEN,PVC,MIL,06.2019,,Distribution Main,2019,In service,Ok,,pending,430.38
130.608185,,,,,130.608,0.0,0.1,OPEN,PVC,MIL,06.2019,,Distribution Main,2019,In service,Ok,,pending,130.60
71.9486949,,,,,71.949,0.0,0.1,OPEN,PVC,MIL,,,Distribution Main,,In service,DMM,,pending,71.94
336.092793,,,,,336.093,0.0,0.1,OPEN,PVC,MIL,06.2019,,Distribution Main,2019,In service,Ok,,pending,336.07
82.3682726,,,,,82.368,0.0,0.1,OPEN,PVC,MIL,,,Service line,,In service,DMM,,pending,82.36
75.9784153,,,,,75.978,0.0,0.1,OPEN,PVC,MIL,,,Service line,,In service,DMM,,pending,75.97
654.327428,,,Y,100,654.327,0.0,0.1,OPEN,PVC,MYT,2014,4.00,Distribution Main,N/A,In Service,N/A,No,Major,654.27
324.543013,,,,40,324.543,,0.1,,PVC,CBD,14.12.2022,1.50,Distribution Main,,,,,Minor,324.52
81.6298518,,,,40,81.630,,0.1,,PVC,CBD,14.12.2022,1.50,Distribution Main,,,,,Minor,81.62
114.747035,,,,25,114.747,,0.1,,HDPE,OBA,14.12.2022,1.00,Distribution Main,,,,,Minor,114.74
135.479783,,,,50,135.480,0.0,0.1,OPEN,PVC,KREKAJ,08.2022,2.00,Distribution Main,,In Service,,,Minor,135.47
287.770276,,,,40,287.770,0.0,0.1,OPEN,PVC,KREKAJ,08.2022,1.50,Distribution Main,,In Service,,,Minor,287.74
285.517994,,,,50,285.518,0.0,0.1,OPEN,PVC,KREKAJ,08.2022,2.00,Distribution Main,,In Service,,,Minor,285.49
170.904312,,,,40,170.904,0.0,0.1,OPEN,HDPE,KREKAJ,08.2022,1.50,Distribution Main,,In Service,,,Minor,170.89
69.3600528,,,,32,69.360,0.0,0.1,OPEN,PVC,KREKAJ,08.2022,1.25,Distribution Main,,In Service,,,Minor,69.35
364.195160,,,,75,364.195,0.0,0.1,OPEN,PVC,KREKAJ,08.2022,3.00,Distribution Main,,In Service,,,Major,364.16
202.380624,,,,32,202.381,0.0,0.1,OPEN,PVC,MYT,08.2022,1.25,Distribution Main,,In Service,,,Minor,202.36
283.251106,,,,50,283.251,0.0,0.1,OPEN,PVC,MYT,08.2022,2.00,Distribution Main,,In Service,,,Minor,283.23
236.743645,,,,32,236.744,0.0,0.1,OPEN,PVC,MYT,08.2022,1.25,Distribution Main,,In Service,,,Minor,236.72
280.184160,,,,32,280.184,0.0,0.1,OPEN,PVC,MYT,08.2022,1.25,Distribution Main,,In Service,,,Minor,280.15
88.8130774,,,,32,88.813,0.0,0.1,OPEN,PPR,MYT,08.2022,1.25,Distribution Main,,In Service,,,Minor,88.80
142.762097,,,,32,142.762,0.0,0.1,OPEN,PVC,KREKAJ,08.2022,1.25,Distribution Main,,In Service,,,Minor,142.75
267.628693,,,,25,267.629,0.0,0.1,OPEN,PVC,KREKAJ,08.2022,1.00,Distribution Main,,In Service,,,Minor,267.60
67.0823577,,,,32,67.082,0.0,0.1,OPEN,PVC,MYT,08.2022,1.25,Distribution Main,,In Service,,,Minor,67.08
373.010212,,,,75,373.010,0.0,0.1,OPEN,HDPE,KRE,28.12.2022,3.00,Distribution Main,12.2022,In service,Ok,Ovh,Major,372.98
185.573712,,,,75,182.495,0.0,0.1,OPEN,HDPE,KRE,28.12.2022,3.00,Distribution Main,11.2022,In service,Ok,Ovh,Major,182.48
241.024667,,,,50,238.458,0.0,0.1,OPEN,PVC,CBD,20.01.2023,2.00,Distribution Main,,Ii service,Ok,,Minor,238.45
235.332335,,,,40,235.332,0.0,0.1,OPEN,PVC,CBD,20.01.2023,1.50,Distribution Main,,In service,Ok,,Minor,235.32
954.877923,,,,40,954.878,0.0,0.1,OPEN,PVC,CBD,20.01.2023,1.50,Distribution Main,,In service,Ok,,Minor,954.84
648.468563,,,,75,648.469,0.0,0.1,OPEN,HDPE,KRE,20.01.2023,3.00,Distribution Main,12.2022,In service,Ok,Ovh,Major,648.41
599.948468,,,,75,599.948,0.0,0.1,OPEN,HDPE,MYT,20.01.2023,3.00,Distribution Main,12.2022,In service,Ok,Ext,Major,599.90
17.8153767,,,,100,17.815,0.0,0.1,OPEN,GI,MYT,24.01.2023,4.00,Distribution Main,10.2023,In serviice,Ok,Ext,Major,17.81
190.827804,,,,100,190.828,0.0,0.1,OPEN,HDPE,MYT,24.01.2023,4.00,Distribution Main,10.2022,In service,Ok,Ext,Major,190.81
7.25100032,,,,,7.251,,0.1,,,,,,,,,,,pending,7.25
20.7636939,,,,100,20.764,0.0,0.1,OPEN,HDPE,MYT,24.01.2023,4.00,Distribution Main,10.2022,In service,Ok,Ext,Major,20.76
6.77339894,,,,50,6.773,0.0,0.1,OPEN,HDPE,MYT,24.01.2023,2.00,Distribution Main,10.2022,In service,Ok,Ext,Minor,6.77
14.4516655,,,,50,14.452,0.0,0.1,OPEN,GI,MYT,24.01.2023,2.00,Distribution Main,10.2022,In service,Ok,Ext,Minor,14.45
21.9086874,,,,50,21.909,0.0,0.1,OPEN,HDPE,MYT,24.01.2023,2.00,Distribution Main,10.2022,In service,Ok,Ext,Minor,21.91
6.71564587,,,,,6.716,,0.1,,,,,,,,,,,pending,6.72
166.277276,,,,50,166.277,0.0,0.1,OPEN,HDPE,MYT,24.01.2023,2.00,Distribution Main,10.2022,In service,Ok,Ext,Minor,166.26
12.2390373,,,,50,12.239,0.0,0.1,OPEN,GI,MYT,24.01.2023,2.00,Distribution Main,10.2022,In service,Ok,Ext,Minor,12.24
137.990098,,,,50,137.990,0.0,0.1,OPEN,HDPE,MYT,24.01.2023,2.00,Distribution Main,10.2022,In service,Ok,Ext,Minor,137.98
37.6765719,,,,50,37.677,0.0,0.1,OPEN,HDPE,MYT,24.01.2023,2.00,Distribution Main,10.2022,In service,Ok,Ext,Minor,37.67
12.5288327,,,,50,12.529,0.0,0.1,OPEN,GI,MYT,24.01.2023,2.00,Distribution Main,10.2022,In service,Ok,Ext,Minor,12.53
882.516321,,,,50,882.516,0.0,0.1,OPEN,HDPE,MYT,24.01.2023,2.00,Distribution Main,10.2022,In service,Ok,Ext,Minor,882.43
11.4887831,,,,50,11.489,0.0,0.1,OPEN,GI,MYT,24.01.2023,2.00,Distribution Main,10.2022,In service,Ok,Ext,Minor,11.49
203.635744,,,Y,150,187.497,0.0,0.1,OPEN,PVC,KREKAJ,01.2015,6.00,Distribution Main,12.2014,In Service,New Extensions,No,Major,187.48
639.645047,,,Y,40,639.645,0.0,0.1,OPEN,PPR,MYT,04.2016,1.50,Distribution Main,,In Service,,No,Minor,639.58
625.479970,,,Y,75,625.480,0.0,0.1,OPEN,PVC,KREKAJ,2014,3.00,Distribution Main,N/A,In Service,N/A,No,Major,625.42
28.7165537,,,Y,100,28.717,0.0,0.1,OPEN,GI,MIL,01.02.2023,4.00,Distribution Main,12.2023,In Service,The network has been rerouted,Ovh,Major,28.71
96.3661694,,,Y,100,96.366,0.0,0.1,OPEN,HDPE,MIL,01.02.2023,4.00,Distribution Main,12.2023,In Service,The network has been rerouted,Ovh,Major,96.36
666.027294,,,Y,100,666.027,0.0,0.1,OPEN,HDPE,MIL,01.02.2023,4.00,Distribution Main,12.2023,In Service,The network has been rerouted,Ovh,Major,665.98
340.353986,,,Y,100,340.354,0.0,0.1,OPEN,PVC,MIL,2014,4.00,Distribution Main,N/A,In Service,,No,Major,340.33
511.164623,,,,50,511.165,0.0,0.1,OPEN,HDPE,MYT,22/02/2023,2.00,Distribution Main,2022,In service,Ok,Ext,Minor,511.12
1333.93764,,,,50,1333.938,0.0,0.1,OPEN,HDPE,MYT,22/02/2023,2.00,Distribution Main,2022,In service,Ok,Ext,Minor,1333.81
290.076495,,,,50,290.076,0.0,0.1,OPEN,HDPE,MYT,22/02/2023,2.00,Distribution Main,2022,In service,Ok,Ext,Minor,290.05
236.923754,,,,50,236.924,0.0,0.1,OPEN,HDPE,MYT,22/02/2023,2.00,Distribution Main,2022,In service,Ok,Ext,Minor,236.90
120.926335,,,,75,120.926,0.0,0.1,OPEN,PVC,ME,15/02/2023,3.00,Distribution Main,,In service,Ok,,Major,120.92
121.032727,,,,50,121.033,0.0,0.1,OPEN,PVC,ME,15/02/2023,2.00,Distribution Main,,In service,Ok,,Minor,121.02
28.4436886,,,,25,28.444,0.0,0.1,OPEN,PPR,ME,15/02/2023,1.00,Service line,,In service,Ok,,Minor,28.44
68.8287562,,,,100,68.829,0.0,0.1,OPEN,GI,ME,15/02/2013,4.00,Distribution Main,,In service,Ok,,Major,68.82
45.6117815,,,,40,45.612,0.0,0.1,OPEN,HDPE,ME,15/02/2023,1.50,Service line,,In service,Ok,,Minor,45.61
180.483656,,,,75,180.484,0.0,0.1,OPEN,GI,ME,15/02/2023,3.00,Distribution Main,,In service,Ok,,Major,180.47
10.1060127,,,,50,10.106,0.0,0.1,OPEN,GI,ME,15/02/2023,2.00,Service line,,In service,Ok,,Minor,10.11
38.3327907,,,,50,38.333,0.0,0.1,OPEN,GI,ME,15/02/2023,2.00,Distribution Main,,In service,Ok,,Minor,38.33
124.245910,,,,25,124.246,0.0,0.1,OPEN,PPR,ME,15/02/2023,1.00,Service line,,In service,,,Minor,124.24
39.2054276,,,,100,39.205,0.0,0.1,OPEN,GI,ME,15/02/2023,4.00,Distribution Main,,In service,Ok,,Major,39.20
4.98543866,,,,100,4.985,,0.1,,,,,4.00,,,,,,Major,4.99
188.885556,,,,25,188.886,0.0,0.1,OPEN,HDPE,MIL,13/02/2023,1.00,Distribution Main,2022,In service,Ok,Ext,Minor,188.87
133.303420,,,,50,133.303,0.0,0.1,OPEN,HDPE,MIL,13/02/2023,2.00,Distribution Main,2022,In service,Ok,Ext,Minor,133.29
200.545587,,,,25,200.546,0.0,0.1,OPEN,PPR,MIL,13/02/2023,1.00,Distribution Main,2022,In service,Ok,Ext,Minor,200.53
504.210664,,,,32,504.211,0.0,0.1,OPEN,HDPE,MIL,13/02/2023,1.25,Distribution Main,2022,In service,Ok,Ext,Minor,504.16
273.802180,,,,32,273.802,0.0,0.1,OPEN,HDPE,MIL,13/02/2023,1.25,Distribution Main,2022,In service,Ok,Ext,Minor,273.78
33.2759488,,,,32,33.276,0.0,0.1,OPEN,HDPE,MIL,13/02/2023,1.25,Distribution Main,2022,In service,Ok,Ext,Minor,33.27
54.7591531,,,,32,54.759,0.0,0.1,OPEN,HDPE,MIL,13/02/2023,1.25,Distribution Main,2022,In service,Ok,Ext,Minor,54.75
120.998428,,,,25,120.998,0.0,0.1,,,,27.03.2023,1.00,,,,,,Minor,120.99
165.412575,,,,,165.413,,0.1,,,,,,,,,,,pending,165.40
30.0705282,,,,100,30.071,,0.1,,,,,,,,,,,Major,30.07
1346.92147,,,,32,1346.921,0.0,0.1,OPEN,HDPE,MIL,10.04.2023,1.25,Distribution Main,2.2023,In service,,,Minor,1346.80
270.402948,,,,25,270.403,0.0,0.1,OPEN,HDPE,MIL,10.04.2023,1.00,Distribution Main,2023,In service,Ok,,Minor,270.38
181.056391,,,,25,181.056,0.0,0.1,OPEN,HDPE,MYT,13.04.2023,1.00,Distribution Main,3.2023,In service,Ok,,Minor,181.04
454.703518,,,N,50,454.704,0.0,0.1,OPEN,PVC,MYT,06.2017,2.00,Distribution Main,06.2017,In Service,Laid by Duncan Ocholla,Yes,Minor,454.66
256.310088,,,,50,256.310,0.0,0.1,OPEN,HDPE,MIL,05.6.2023,2.00,Distribution Main,04.2023,In service,OK,,Minor,256.29
576.582381,,,,,576.582,0.0,0.1,OPEN,HDPE,KRE,05.06.2023,3.00,Distribution Main,03.2023,In service,Ok,,pending,576.53
112.319974,,,,75,112.320,0.0,0.1,OPEN,HDPE,KREKAJ,17.06.2023,3.00,Distribution Main,2019,In service,Ok,,Major,112.31
20.4050858,,,,20,20.405,0.0,0.1,OPEN,PVC,KREKAJ,17.06.2023,0.75,Service line,,In service,Ok,,Minor,20.40
19.0545745,,,,20,19.055,0.0,0.1,OPEN,PVC,KREKAJ,17.06.2023,0.75,Service line,,In service,Ok,,Minor,19.05
138.358409,,,,75,138.358,0.0,0.1,OPEN,PVC,KREKAJ,17.06.2023,3.00,Distribution Main,,In service,Ok,,Major,138.35
119.851743,,,,40,119.852,0.0,0.1,OPEN,PPR,KREKAJ,17.06.2023,1.50,Distribution Main,,In service,Ok,,Minor,119.84
184.259214,,,,32,184.259,0.0,0.1,OPEN,HDPE,KREKAJ,17.06.2023,1.25,Distribution Main,2020,In service,Ok,,Minor,184.24
108.237616,,,,100,108.238,0.0,0.1,OPEN,PVC,KREKAJ,17.06.2023,4.00,Distribution Main,,In service,Ok,,Major,108.23
145.135517,,,,50,145.136,0.0,0.1,OPEN,PVC,KREKAJ,17.06.2023,2.00,Distribution Main,,In service,Ok,,Minor,145.12
26.8657086,,,,40,26.866,0.0,0.1,OPEN,PPR,KREKAJ,17.06.2023,1.50,Service line,,In service,Ok,,Minor,26.86
22.5324061,,,,25,22.532,0.0,0.1,OPEN,PPR,KREKAJ,17.06.2023,1.00,Service line,,In service,Ok,,Minor,22.53
45.0971998,,,,25,45.097,0.0,0.1,OPEN,PPR,KREKAJ,17.06.2023,1.00,Distribution Main,,In service,Ok,,Minor,45.09
28.1718680,,,,25,28.172,0.0,0.1,OPEN,PPR,KREKAJ,17.06.2023,1.00,Service line,,In service,Ok,,Minor,28.17
22.2060311,,,,40,22.206,0.0,0.1,OPEN,PPR,KREKAJ,17.06.2023,1.50,Distribution Main,,In service,Ok,,Minor,22.20
112.866816,,,,40,112.867,0.0,0.1,OPEN,PVC,KREKAJ,17.06.2023,1.50,Distribution Main,,In service,Ok,,Minor,112.86
65.4318322,,,,40,65.432,0.0,0.1,OPEN,PVC,KREKAJ,17.06.2023,1.50,Distribution Main,,In service,Ok,,Minor,65.43
145.274896,,,,32,145.275,0.0,0.1,OPEN,PVC,KREKAJ,17.06.2023,1.25,Distribution Main,,In service,Ok,,Minor,145.26
67.7520493,,,,40,67.752,0.0,0.1,OPEN,PVC,KREKAJ,17.06.2023,1.50,Distribution Main,,In service,Ok,,Minor,67.75
116.936459,,,,32,116.936,0.0,0.1,OPEN,PVC,KREKAJ,17.06.2023,1.25,Distribution Main,,In service,Ok,,Minor,116.93
15.4471781,,,,25,15.447,0.0,0.1,OPEN,PPR,KREKAJ,17.06.2023,1.00,Service line,,In service,Ok,,Minor,15.45
16.6427956,,,,25,16.643,0.0,0.1,OPEN,PPR,KREKAJ,17.06.2023,1.00,Service line,,In service,Ok,,Minor,16.64
44.9708152,,,,32,44.971,0.0,0.1,OPEN,PPR,KREKAJ,17.06.2023,1.25,Distribution Main,,In service,Ok,,Minor,44.97
198.584949,,,,40,198.585,0.0,0.1,OPEN,HDPE,KREKAJ,17.06.2023,1.50,Distribution Main,,In service,Ok,,Minor,198.57
147.037746,,,,40,147.038,0.0,0.1,OPEN,PVC,KREKAJ,17.06.2023,1.50,Distribution Main,,In service,Ok,,Minor,147.02
60.2665208,,,,40,60.267,0.0,0.1,OPEN,PVC,KREKAJ,17.06.2023,1.50,Distribution Main,,In service,Ok,,Minor,60.26
55.7869304,,,,40,55.787,0.0,0.1,OPEN,PVC,KREKAJ,17.06.2023,1.50,Distribution Main,,In service,Ok,,Minor,55.78
64.7082902,,,,25,64.708,0.0,0.1,OPEN,PPR,KREKAJ,17.06.2023,1.00,Distribution Main,,In service,Ok,,Minor,64.70
109.309590,,,,32,109.310,0.0,0.1,OPEN,PVC,KREKAJ,17.06.2023,1.25,Distribution Main,,In service,Ok,,Minor,109.30
17.3583637,,,,15,17.358,0.0,0.1,OPEN,PVC,KREKAJ,17.06.2023,0.50,Service line,,In service,Ok,,Minor,17.36
688.311170,,,,100,688.311,0.0,0.1,OPEN,PVC,KRE,31.07.2023,4.00,Distribution Main,,In service,OK,,Major,688.25
190.578428,,,,100,190.578,0.0,0.1,OPEN,PVC,KRE,31.07.2023,4.00,Distribution Main,,In service,OK,,Major,190.56
240.436406,,,,40,240.436,0.0,0.1,OPEN,PVC,KRE,31.07.2023,1.50,Distribution Main,,In service,OK,,Minor,240.42
62.4870638,,,,40,62.487,0.0,0.1,,PVC,KRE,31.07.2023,1.50,Distribution Main,,In service,OK,,Minor,62.48
27.4536912,,,,40,27.454,0.0,0.1,,PVC,KRE,31.07.2023,1.50,Distribution Main,,In service,OK,,Minor,27.45
66.8632651,,,,,66.863,,0.1,,,,,,,,,,,pending,66.86
174.233532,,,,25,174.234,0.0,0.1,OPEN,PPR,KRE,31.07.2023,1.00,Distribution Main,2022,In service,OK,,Minor,174.22
92.4573105,,,,25,92.457,0.0,0.1,OPEN,HDPE,KRE,31.07.2023,1.00,Distribution Main,2023,In service,OK,,Minor,92.45
36.4333260,,,,32,36.433,0.0,0.1,OPEN,HDPE,KRE,31.07.2023,1.25,Distribution Main,2022,In service,OK,,Minor,36.43
37.9943156,,,,40,37.994,0.0,0.1,,PVC,KRE,31.07.2023,1.50,Distribution Main,,In service,OK,,Minor,37.99
144.441627,,,,32,144.442,0.0,0.1,,PVC,KRE,31.07.2023,1.25,Distribution Main,,In service,OK,,Minor,144.43
41.9622800,,,,50,41.962,0.0,0.1,,PVC,KRE,31.07.2023,,Distribution Main,,In service,OK,,Minor,41.96
37.9459147,,,,50,37.946,0.0,0.1,,PVC,KRE,31.07.2023,,Distribution Main,,In service,OK,,Minor,37.94
224.998352,,,,32,224.998,0.0,0.1,,PVC,KRE,31.07.2023,,Distribution Main,,In service,OK,,Minor,224.98
119.572575,,,,,119.573,,0.1,,,,,1.00,,,,,,pending,119.56
83.0310704,,,,,83.031,,0.1,,,,,2.00,,,,,,pending,83.03
651.996819,,,,50,651.997,0.0,0.1,OPEN,PVC,KREKAJ,10.08.2023,2.00,Distribution Main,2016,In service,Ok,,Minor,651.93
234.924704,,,,25,234.925,0.0,0.1,OPEN,PVC,CBD,,0.75,Service line,,In service,,,Minor,234.92
241.001784,,,,,241.002,,0.1,,,,,0.75,,,,,,pending,240.99
237.726176,,,,150,237.726,0.0,0.1,OPEN,PVC,MYT,24.08.2023,6.00,Distribution Main,,In service,OK,,Major,237.71
26.7365803,,,,150,26.737,0.0,0.1,OPEN,GI,MYT,24.08.2023,6.00,Distribution Main,,In service,OK,,Major,26.73
221.463490,,,,150,221.463,0.0,0.1,OPEN,PVC,MYT,24.08.2023,6.00,Distribution Main,,In service,OK,,Major,221.44
871.177661,,,,100,438.401,0.0,0.1,OPEN,PVC,MYT,24.08.2023,4.00,Distribution Main,,In service,OK,,Major,438.36
116.569521,,,,,116.570,0.0,0.1,OPEN,PVC,MIL,,1.25,,,,,,pending,116.56
298.639673,,,,40,298.640,0.0,0.1,OPEN,HDPE,CBD,26/10/2023,1.50,Distribution Main,07/2023,In service,Ok,Ext,Minor,298.61
392.738641,,,,32,392.739,0.0,0.1,OPEN,HDPE,KREKAJ,31.10.2023,1.25,Distribution Main,07.2023,In service,Ok,Ext,Minor,392.69
133.937498,,,,40,133.937,0.0,0.1,OPEN,HDPE,KREKAJ,31.10.2023,1.50,Distribution Main,08.2023,In service,Ok,Ext,Minor,133.93
98.3057155,,,,50,98.306,0.0,0.1,OPEN,HDPE,KREKAJ,31.10.2023,2.00,Distribution Main,,In service,Line is on Surface,Ext,Minor,98.30
183.720795,,,,75,183.721,0.0,0.1,OPEN,HDPE,KREKAJ,31.10.2023,3.00,Distribution Main,08.2023,In service,Shallowly laid,Ext,Major,183.70
288.867411,,,,40,288.867,0.0,0.1,OPEN,HDPE,CBD,31.10.2023,1.50,Distribution Main,08.2023,In service,Ok,ext,Minor,288.86
121.919049,,,,50,121.919,0.0,0.1,Functional,PVC,KREKAJ,30.11.2023,2.00,Distribution Main,,In service,Ok,,Minor,121.91
110.180853,,,,32,110.181,0.0,0.1,OPEN,HDPE,KREKAJ,30.11.2023,2.00,Distribution Main,11.2023,In service,Ok,,Minor,110.17
334.687522,,,,40,334.688,0.0,0.1,OPEN,HDPE,KRE,30.11.2023,1.50,Distribution Main,11.2023,In service,Ok,,Minor,334.66
607.927417,,,,50,607.927,0.0,0.1,OPEN,HDPE,MYT,30.11.2023,2.00,Distribution Main,11.2023,In service,Ok,,Minor,607.86
134.726140,,,,32,134.726,0.0,0.1,OPEN,HDPE,CBD,10.11.2023,1.25,Service line,09.2023,In service,Ok,Ext,Minor,134.72
542.308436,,,,40,542.308,0.0,0.1,OPEN,PVC,MYT,17.01.2024,1.50,Distribution Main,,In service,,,Minor,542.25
155.538036,,,,100,155.538,0.0,0.1,OPEN,HDPE,CBD,22.01.2024,4.00,Distribution Main,12.2023,In service,Ok,,Major,155.53
80.9559709,,,,32,80.956,,0.1,,,,,1.25,,,,,,Minor,80.95
231.224258,,,,50,111.102,0.0,0.1,OPEN,PVC,CBD,29.01.2024,2.00,Distribution Main,,In service,Ok,,Minor,111.10
89.3045566,,,,25,89.305,0.0,0.1,OPEN,PVC,CBD,29.01.2024,1.00,Distribution Main,,In service,Ok,,Minor,89.30
72.5471740,,,,32,72.547,0.0,0.1,OPEN,HDPE,CBD,30.01.2024,1.25,Service line,12.2023,Pending,Ok,EXT,Minor,72.54
94.3161663,,,,25,94.316,0.0,0.1,OPEN,HDPE,ME,13.02.2024,1.00,Distribution Main,13.02.2024,In service,Ok,,Minor,94.31
1996.12744,,,,50,1996.127,0.0,0.1,OPEN,HDPE,KREKAJ,15.02.2024,2.00,Distribution Main,01.2024,In service,,EXT,Minor,1995.94
515.491617,,,,25,515.492,0.0,0.1,OPEN,HDPE,KREKAJ,15.02.2024,1.00,Distribution Main,01.2024,In service,,EXT,Minor,515.44
258.879640,,,,,258.880,,0.1,,,,,,,,,,,pending,258.86
64.0382875,,,,32,64.038,0.0,0.1,OPEN,PVC,MYT,19.02.2024,1.25,Distribution Main,,In service,Ok,,Minor,64.03
,0,0,,150,1396.346,0.0,0.1,OPEN,GI,CBD,05.03.2024,6.00,Distribution Main,,In service,Ok,,Major,1396.24
,,,,50,116.381,0.0,0.1,OPEN,HDPE,MYT,11.03.2024,2.00,Distribution Main,,In service,Ok,,Minor,116.37
1839.23042,,,Y,200,5525.191,0.0,0.1,OPEN,PVC,CBD,2014,8.00,Distribution Main,2014,In Service,LTAP Lines,No,Major,5524.81
,,,,100,405.659,0.0,0.1,OPEN,HDPE,CBD,07.11.2023,4.00,Distribution Main,2023,In Service,,,Major,405.64
,,,,40,265.327,0.0,0.1,OPEN,HDPE,MYT,20.03.2024,1.50,Distribution Main,,,Ok,,Minor,265.30
,,,,50,93.958,0.0,0.1,,,,,2.00,Distribution Main,,,,,Minor,93.95
,,,,100,1155.613,0.0,0.1,OPEN,PVC,MIL,16.05.2024,4.00,Distribution Main,,In service,Ok,,Major,1155.53
,,,,100,200.122,0.0,0.1,OPEN,PVC,MIL,16.05.2024,4.00,Distribution Main,,In service,Ok,,Major,200.11
,,,,25,43.432,0.0,0.1,OPEN,HDPE,MYT,24.05.2024,1.00,Distribution Main,05.2024,In service,Ok,,Minor,43.43
,,,,40,62.063,0.0,0.1,OPEN,PVC,MYT,07.06.2024,1.50,Distribution Main,,In service,Ok,,Minor,62.06
871.177661,,,,100,417.571,0.0,0.1,OPEN,PVC,MYT,24.08.2023,4.00,Distribution Main,,In service,OK,,Major,417.54
58.7709238,,,Y,100,14.066,0.0,0.1,OPEN,GI,MYT,2014,4.00,Distribution Main,N/A,In Service,Crosses road. Pipe is exposed.,No,Major,14.06
,,,,40,565.949,0.0,0.1,OPEN,PVC,MYT,27.06.2024,1.50,Distribution Main,,In service,Shallowly laid,,Minor,565.90
,,,,40,229.670,0.0,0.1,OPEN,PVC,MYT,27.06.2024,1.50,Distribution Main,,In service,Shallowly laid,,Minor,229.65
,,,,32,381.565,0.0,0.1,OPEN,PVC,MYT,27.06.2024,1.25,Distribution Main,,In service,Ok,,Minor,381.53
,,,,40,419.544,0.0,0.1,OPEN,PVC,MYT,27.06.2024,1.50,Distribution Main,,In service,Ok,,Minor,419.51
,,,,40,205.711,0.0,0.1,OPEN,HDPE,MYT,28/08/2024,1.50,Distribution Main,,In service,Shallowly laid,,Minor,205.69
,,,,50,194.191,0.0,0.1,OPEN,HDPE,KRE,27.06.2024,2.00,Distribution Main,05.2024,In service,Ok,Ext,Minor,194.17
,,,,25,228.639,0.0,0.1,OPEN,PVC,MYT,27.06.2024,1.00,Distribution Main,,In service,Eroded.Exposed,,Minor,228.62
,,,,25,114.294,0.0,0.1,OPEN,PVC,ME,28.06.2024,1.00,Service line,,In srvice,Exposed,,Minor,114.29
,,,,75,431.452,0.0,0.1,OPEN,GI,ME,28.06.2024,3.00,Distribution Main,,In service,Network is dilapidated,,Major,431.42
231.224258,,,,50,114.984,0.0,0.1,OPEN,PVC,CBD,29.01.2024,2.00,Distribution Main,,In service,Ok,,Minor,114.98
,,,,50,150.249,,0.1,,,,,,,,,,,Minor,150.24
,,,,,163.094,,0.1,,,,,0.75,,,,,,pending,163.08
,,,,50,506.525,0.0,0.1,OPEN,HDPE,KRE,15.07.2024,2.00,Distribution Main,2024,In service,Line originates from backwash tank Kajulu,EXT,Minor,506.48
,,,,40,399.632,0.0,0.1,OPEN,HDPE,KRE,15.07.2024,1.50,Distribution Main,2024,In service,Originates from backwash tank kajulu,Ext,Minor,399.60
,,,,32,608.588,0.0,0.1,OPEN,HDPE,KRE,15.07.2024,1.25,Distribution Main,2024,In service,Takes water from the backwash tank,Ext,Minor,608.53
,,,,25,698.104,0.0,0.1,OPEN,HDPE,KRE,15.07.2024,1.00,Distribution Main,2024,In service,Originates from backwash tank kajulu,Ext,Minor,698.04
,,,,20,62.945,0.0,0.1,OPEN,HDPE,KRE,15.07.2024,0.75,Service line,2024,In service,,Ext,Minor,62.94
,,,,32,76.012,0.0,0.1,OPEN,HDPE,KRE,15.07.2024,1.25,Distribution Main,2024,In service,OK,Ext,Minor,76.00
,,,,25,519.581,0.0,0.1,OPEN,HDPE,KRE,15.07.2024,1.00,Distribution Main,2024,In service,OK,Ext,Minor,519.53
1396.12041,,,Y,100,510.503,0.0,0.1,OPEN,PVC,CBD,2014,4.00,Distribution Main,N/A,In Service,N/A,No,Major,510.47
383.685429,,,,40,273.716,0.0,0.1,OPEN,PVC,CBD,25.08.2021,,Distribution Main,,In Service,,,Minor,273.70
,,,,75,301.268,0.0,0.1,OPEN,HDPE,CBD,26/08/2024,3.00,Distribution Main,06.2024,In service,Ok,Ext,Major,301.25
,,,,50,197.834,0.0,0.1,OPEN,PVC,CBD,26/08/2024,2.00,Distribution Main,,In Service,OK,,Minor,197.82
,,,,50,183.856,0.0,0.1,OPEN,PVC,CBD,26/08/2024,2.00,Distribution Main,,In Service,OK,,Minor,183.84
382.338763,,,Y,100,236.275,0.0,0.1,OPEN,PVC,KREKAJ,2014,4.00,Distribution Main,N/A,In Service,N/A,No,Major,236.26
382.338763,,,Y,100,750.983,0.0,0.1,OPEN,HDPE,KREKAJ,2014,4.00,Distribution Main,N/A,In Service,N/A,No,Major,750.92
,,,,50,122.719,0.0,0.1,OPEN,HDPE,MIL,28/08/2024,2.00,Distribution Main,08/2024,In service,Ok,,Minor,122.71
,,,,50,290.894,0.0,0.1,OPEN,HDPE,CBD,26/08/2024,2.00,Distribution Main,06.2024,In service,Ok,Ext,Minor,290.87
,,,,32,124.743,0.0,0.1,OPEN,PVC,MYT,27.06.2024,,Distribution Main,,In service,Shallowly laid,,Minor,124.73
,,,,50,69.411,0.0,0.1,OPEN,PVC,ME,23.09.2024,2.00,Distribution Main,2023,In service,OK,Ext,Minor,69.41
,,,,25,252.179,0.0,0.1,OPEN,PPR,MYT,23.09.2024,1.00,Distribution Main,,In service,Ok,Ext,Minor,252.15
,,,,25,790.305,0.0,0.1,OPEN,PPR,MYT,23.09.2024,1.00,Distribution Main,,In service,Ok,Ext,Minor,790.21
,,,,100,534.980,0.0,0.1,OPEN,AC,ME,23.092024,4.00,Distribution Main,,In service,OK,,Major,534.94
,,,,25,34.399,0.0,0.1,OPEN,PVC,ME,23.09.2024,1.00,Distribution Main,,In service,Ok,,Minor,34.40
,,,,25,112.919,0.0,0.1,OPEN,HDPE,CBD,25.09.2024,1.00,Distribution Main,09.2024,In service,OK,Ext,Minor,112.91
,,,,50,55.147,0.0,0.1,OPEN,HDPE,CBD,25.09.2024,2.00,Distribution Main,2024,In service,Ok,Ext,Minor,55.14
,,,,32,144.907,0.0,0.1,OPEN,HDPE,CBD,25.09.2024,1.25,Distribution Main,,In service,Ok,EXT,Minor,144.90
,,,,32,530.849,0.0,0.1,OPEN,HDPE,MYT,08.07.2022,1.25,Distribution Main,2023,In service,Ok,Ext,Minor,530.79
,,,,50,192.906,0.0,0.1,OPEN,PVC,KREKAJ,26.09.2024,2.00,Distribution Main,,In service,Ok,,Minor,192.89
,,,,50,51.672,0.0,0.1,OPEN,PVC,KREKAJ,26.09.2024,2.00,Distribution Main,,In service,Ok,,Minor,51.67
,,,,25,72.088,0.0,0.1,OPEN,PVC,KREKAJ,26.09.2024,1.00,Distribution Main,,In service,OK,,Minor,72.08
,,,,75,139.877,0.0,0.1,OPEN,PVC,MIL,27.09.2024,3.00,Distribution Main,,In service,Ok,,Major,139.87
1208.97419,,,Y,50,699.320,0.0,0.1,OPEN,PVC,KREKAJ,03.2016,2.00,Distribution Main,,In Service,,No,Minor,699.25
644.304350,,,Y,75,359.596,0.0,0.1,OPEN,PVC,KREKAJ,2014,3.00,Distribution Main,06.2014,In Service,LTAP Extension lines,No,Major,359.56
,,,,32,168.736,0.0,0.1,OPEN,PVC,CBD,27.09.2024,1.25,Distribution Main,,In service,Ok,,Minor,168.73
0.75726696,,,Y,125,1.595,0.0,0.1,OPEN,GI,CBD,2014,5.00,Distribution Main,N/A,In Service,N/A,No,Major,1.59
1.78537819,,,Y,200,5.492,0.0,0.1,OPEN,Steel,CBD,2014,8.00,Distribution Main,N/A,In Service,N/A,No,Major,5.49
2.15595560,,,Y,200,8.046,0.0,0.1,OPEN,Steel,CBD,2014,8.00,Distribution Main,N/A,In Service,N/A,No,Major,8.05
2.48556173,,,Y,200,7.028,0.0,0.1,CLOSED,Steel,CBD,2014,8.00,Distribution Main,N/A,In Service,N/A,No,Major,7.03
2.53298414,,,Y,200,7.014,0.0,0.1,CLOSED,Steel,CBD,2014,8.00,Distribution Main,N/A,In Service,N/A,No,Major,7.01
2.49961015,,,Y,200,7.003,0.0,0.1,CLOSED,Steel,CBD,2014,8.00,Distribution Main,N/A,In Service,N/A,No,Major,7.00
2.42488464,,,Y,200,6.941,0.0,0.1,CLOSED,Steel,CBD,2014,8.00,Distribution Main,N/A,In Service,N/A,No,Major,6.94
8.63223913,,,Y,200,10.903,0.0,0.1,OPEN,Steel,CBD,2014,8.00,Distribution Main,N/A,In Service,N/A,No,Major,10.90
11.6817160,,,Y,300,18.432,0.0,0.1,OPEN,Steel,CBD,2014,12.00,Distribution Main,N/A,In Service,N/A,No,Major,18.43
Oliketi,,,,75,469.856,0.0,0.1,OPEN,PVC,MIL,,3.00,Distribution main,,In service,DMM,,,469.81
Oliketi,,,,32,256.617,0.0,0.1,OPEN,PVC,MIL,June/2015,1.25,Distribution line,,In service,Ok,,,256.59
Oliketi,,,,25,1149.355,0.0,0.1,OPEN,PVC,MIL,04.2019,1.00,Distribution line,,In service,OK,,,1149.25
Oliketi,,,,50,91.021,0.0,0.1,OPEN,PVC,MIL,,2.00,Distribution main,,In service,DMM,,,91.01
Riwo Lwedo,,,,50,4.488,0.0,0.1,OPEN,PVC,MIL,,2.00,Distribution main,,In service,DMM,,,4.49
Riwo Lwedo,,,,,0.719,0.0,0.1,OPEN,PVC,MIL,,,Distribution line,,In service,DMM,,,0.72
Tosha,,,,25,541.764,0.0,0.1,OPEN,PVC,MIL,,1.00,Distribution line,,In service,DMM,,,541.71
Tosha,,,,25,449.983,0.0,0.1,OPEN,PVC,MIL,,1.00,Distribution line,,In service,DMM,,,449.94
Oliketi,,,,40,183.948,0.0,0.1,OPEN,PVC,MIL,,1.50,Distribution line,,In service,DMM,,,183.93
Oliketi,,,,25,127.828,0.0,0.1,OPEN,PVC,MIL,,1.00,Distribution line,,In service,DMM,,,127.82
Oliketi,,,,32,225.279,0.0,0.1,OPEN,PVC,MYT,,1.25,Distribution line,,In service,,,,225.26
Riwo Lwedo,,,,50,216.294,0.0,0.1,OPEN,PVC,MIL,,2.00,Distribution main,,In service,DMM,,,216.27
Riwo Lwedo,,,,50,721.803,0.0,0.1,OPEN,PVC,MIL,,2.00,Distribution main,,In service,DMM,,,721.74
Oliketi,,,,50,347.721,0.0,0.1,OPEN,PVC,MIL,,2.00,Distribution main,,In service,DMM,,,347.69
Riwo Lwedo,,,,50,59.283,0.0,0.1,OPEN,PVC,MIL,,2.00,Distribution main,,In service,DMM,,,59.28
Riwo Lwedo,,,,50,142.144,0.0,0.1,OPEN,PVC,MIL,,2.00,Distribution main,,In service,DMM,,,142.13
Riwo Lwedo,,,,40,82.626,0.0,0.1,OPEN,PVC,MIL,,1.50,Distribution line,,In service,DMM,,,82.62
Riwo Lwedo,,,,50,76.875,0.0,0.1,OPEN,PVC,MIL,,2.00,Distribution main,,In service,DMM,,,76.87
Riwo Lwedo,,,,32,232.309,0.0,0.1,OPEN,PVC,MIL,,1.25,Distribution line,,In service,DMM,,,232.29
Riwo Lwedo,,,,40,167.157,0.0,0.1,OPEN,PVC,MIL,,1.50,Distribution line,,In service,DMM,,,167.14
Oliketi,,,,50,833.999,0.0,0.1,OPEN,PVC,MIL,,2.00,Distribution main,,In service,DMM,,,833.92
207.178308,,,,25,285.991,0.0,0.1,OPEN,HDPE,MIL,10.04.2023,1.00,Distribution Main,2022,In service,,,Minor,285.96
Oliketi,,,,50,624.846,0.0,0.1,OPEN,PVC,MIL,,2.00,Distribution main,,In service,DMM,,,624.79
Riwo Lwedo,,,,32,37.880,0.0,0.1,OPEN,PVC,MIL,,1.25,Distribution line,,In service,DMM,,,37.88
Riwo Lwedo,,,,50,414.036,0.0,0.1,OPEN,PVC,MIL,,2.00,Distribution main,,In service,DMM,,,414.00
Oliketi,,,,25,311.021,0.0,0.1,OPEN,PVC,MIL,,1.00,Distribution line,,In service,DMM,,,310.99
,,,,50,74.404,0.0,0.0,OPEN,PVC,MIL,27.10.2024,2.00,Distribution main,,In service,Ok,,,74.40
,,,,100,111.091,0.0,0.0,OPEN,PVC,MIL,27.10.2024,4.00,Distribution main,,In service,Ok,,,111.08
,,,,25,297.284,0.0,0.0,OPEN,PVC,MIL,27.10.2024,1.00,Distribution main,,In service,Ok,,,297.26
,,,,40,335.401,,,OPEN,PVC,KRE,14/11/2024,1.50,Distribution main,,In service,Ok,,,335.37
,,,,40,317.622,,,OPEN,PVC,CBD,14/11/2024,1.50,Distribution main,,In service,Ok,,,317.60
437.921808,,,Y,50,181.117,0.0,0.1,OPEN,PVC,ME,2014,,Distribution Main,N/A,In Service,N/A,No,Minor,181.10
295.934650,,,,50,267.351,0.0,0.1,OPEN,PVC,ME,06.2019,2.00,Distribution Main,2018,In service,Low pressure,,Minor,267.33
,,,,50,315.883,,,,PVC,MYT,15/11/2024,2.00,Distribution main,,In service,Ok,,,315.85
,,,,25,268.266,,,,PVC,MYT,15/11/2024,1.00,Distribution main,,In service,Ok,,,268.24
,,,,50,208.909,,,OPEN,HDPE,MYT,20/11/2024,2.00,Distribution main,11.2024,In service,Ok,,,208.89
,,,,40,392.839,0.0,0.1,OPEN,HDPE,CBD,13.12.2024,1.50,Distribution main,11/2024,In service,Ok,ext,,392.82
,,,,40,59.682,0.0,0.1,OPEN,PPR,ME,08.01.2025,1.50,Distribution Main,,,Ok,,,59.68
,,,,32,194.490,0.0,0.1,OPEN,HDPE,ME,08.01.2025,1.25,Distribution Main,2024,,Ok,,,194.47
,,,,32,102.241,0.0,0.1,OPEN,HDPE,ME,08.01.2025,1.25,Distribution Main,2024,,Ok,,,102.23
,,,,32,92.259,0.0,0.1,OPEN,HDPE,ME,08.01.2025,1.25,Distribution Main,2024,,Ok,,,92.25
,,,,32,89.017,0.0,0.1,OPEN,HDPE,ME,08.01.2025,1.25,Distribution Main,2024,,Ok,,,89.01
,,,,75,83.468,0.0,0.0,OPEN,HDPE,CBD,20/01/2025,3.00,Distribution main,11.2024,In service,Ok,,,83.46
,,,,50,161.883,0.0,0.0,OPEN,HDPE,CBD,23/01/2025,2.00,Distribution main,11/2024,In service,Ok,Ext,,161.87
42.9097562,,,,40,97.883,0.0,0.1,OPEN,HDPE,MYT,04.2019,1.50,Distribution Main,,In service,,,Minor,97.87
,,,,100,534.668,0.0,0.0,OPEN,HDPE,ME,31/01/2025,4.00,Distribution main,2024,In service,Ok,ext,,534.63
,,,,50,250.968,0.0,0.1,OPEN,HDPE,CBD,10.02.2025,2.00,Distribution main,10.2024,In service,"Replaced 6""AC",OVH,,250.95
370.357189,,,Y,110,28.881,0.0,0.1,OPEN,HDPE,CBD,2014,4.00,Distribution Main,N/A,In Service,N/A,No,Major,28.88
,,,,50,143.638,,,,HDPE,MYT,,1.50,,,,,,,143.63
,,,,40,355.796,,0.1,OPEN,PVC,CBD,13.02.2025,1.50,Distribution Main,,In service,,,,355.77
,,,,,158.046,0.0,0.1,OPEN,PVC,KREKAJ,10.2016,,Distribution main,,In service,Nyawita Residence DMM Network,,,158.03
418.872727,,,Y,100,69.340,0.0,0.1,OPEN,PVC,KREKAJ,2014,4.00,Distribution Main,N/A,In Service,N/A,No,Major,69.33
,,,,150,3245.328,0.0,0.1,OPEN,HDPE,KRE,13.02.2025,6.00,Distribution main,2024,In service,PN10,,,3245.00
,,,,150,805.864,0.0,0.1,OPEN,HDPE,KRE,13.02.2025,6.00,Distribution main,2024,In service,PN10,,,805.78
457.807463,,,Y,100,901.817,0.0,0.1,CLOSED,HDPE,KREKAJ,10.2016,4.00,Distribution Main,2016,Still pending,Pump line,No,Major,901.74
,,,,40,474.159,0.0,0.0,OPEN,PVC,CBD,26.03.2025,1.50,Distribution main,2018,In service,Ok,,,474.13
,,,,50,227.548,0.0,0.0,OPEN,HDPE,MYT,20.03.2025,2.00,Distribution main,2025,In service,Ok,,,227.53
,,,,50,214.258,0.0,0.0,OPEN,HDPE,MYT,20.03.2025,2.00,Distribution main,2025,In service,Ok,,,214.24
,,,,32,388.057,0.0,0.0,OPEN,HDPE,KRE,28.03.2025,1.25,Distribution main,2025,In service,Ok,,,388.02
Riwo Lwedo,,,,,30.511,0.0,0.1,OPEN,PVC,MIL,,,Distribution main,,In service,DMM,,,30.51
Riwo Lwedo,,,,,120.497,0.0,0.1,OPEN,PVC,MIL,,,Service line,,In service,DMM,,,120.49
Riwo Lwedo,,,,,28.821,0.0,0.1,OPEN,PVC,MIL,,,Service line,,In service,DMM,,,28.82
Riwo Lwedo,,,,,42.823,0.0,0.1,OPEN,PVC,MIL,,,Service line,,In service,DMM,,,42.82
Riwo Lwedo,,,,,43.542,0.0,0.1,OPEN,PVC,MIL,,,Service line,,In service,DMM,,,43.54
Riwo Lwedo,,,,,34.143,0.0,0.1,OPEN,PVC,MIL,,,Service line,,In service,DMM,,,34.14
Riwo Lwedo,,,,,42.075,0.0,0.1,OPEN,PVC,MIL,,,Service line,,In service,DMM,,,42.07
Riwo Lwedo,,,,,28.158,0.0,0.1,OPEN,PVC,MIL,,,Service line,,In service,DMM,,,28.16
Riwo Lwedo,,,,,26.304,0.0,0.1,OPEN,PVC,MIL,,,Service line,,In service,DMM,,,26.30
Riwo Lwedo,,,,,36.455,0.0,0.1,OPEN,PVC,MIL,,,Service line,,In service,DMM,,,36.45
Riwo Lwedo,,,,,12.205,0.0,0.1,OPEN,PVC,MIL,,,Service line,,In service,DMM,,,12.20
Riwo Lwedo,,,,,95.132,0.0,0.1,OPEN,PVC,MIL,,,Distribution line,,In service,DMM,,,95.12
Riwo Lwedo,,,,,33.136,0.0,0.1,OPEN,PVC,MIL,,,Service line,,In service,DMM,,,33.13
Riwo Lwedo,,,,,18.337,0.0,0.1,OPEN,PVC,MIL,,,Service line,,In service,DMM,,,18.34
Riwo Lwedo,,,,,7.053,0.0,0.1,OPEN,PVC,MIL,,,Service line,,In service,DMM,,,7.05
Riwo Lwedo,,,,,0.000,0.0,0.1,OPEN,PVC,MYT,,,Distribution line,,In service,DMM,,,0.00
Riwo Lwedo,,,,,62.436,0.0,0.1,OPEN,PVC,MIL,,,Service line,,In service,DMM,,,62.43
Riwo Lwedo,,,,,42.998,0.0,0.1,OPEN,PVC,MIL,,,Distribution line,,In service,DMM,,,42.99
Riwo Lwedo,,,,,28.540,0.0,0.1,OPEN,PVC,MIL,,,Distribution line,,In service,DMM,,,28.54
Riwo Lwedo,,,,,19.833,0.0,0.1,OPEN,PVC,MIL,,,Service line,,In service,DMM,,,19.83
Riwo Lwedo,,,,,24.798,0.0,0.1,OPEN,PVC,MIL,,,Service line,,In service,DMM,,,24.80
Riwo Lwedo,,,,,37.821,0.0,0.1,OPEN,PVC,MIL,,,Service line,,In service,DMM,,,37.82
Riwo Lwedo,,,,,27.412,0.0,0.1,OPEN,PVC,MIL,,,Service line,,In service,DMM,,,27.41
Riwo Lwedo,,,,,22.847,0.0,0.1,OPEN,PVC,MIL,,,Service line,,In service,DMM,,,22.84
Riwo Lwedo,,,,,8.495,0.0,0.1,OPEN,PVC,MIL,,,Distribution line,,In service,DMM,,,8.49
Riwo Lwedo,,,,,28.744,0.0,0.1,OPEN,PVC,MIL,,,Distribution line,,In service,DMM,,,28.74
Riwo Lwedo,,,,,43.041,0.0,0.1,OPEN,PVC,MIL,,,Distribution line,,In service,DMM,,,43.04
Riwo Lwedo,,,,,30.918,0.0,0.1,OPEN,PVC,MIL,,,Service line,,In service,DMM,,,30.92
Riwo Lwedo,,,,,9.538,0.0,0.1,OPEN,PVC,MIL,,,Service line,,In service,DMM,,,9.54
Riwo Lwedo,,,,,18.265,0.0,0.1,OPEN,PVC,MIL,,,Service line,,In service,DMM,,,18.26
Riwo Lwedo,,,,,13.637,0.0,0.1,OPEN,PVC,MIL,,,Service line,,In service,DMM,,,13.64
Riwo Lwedo,,,,,9.585,0.0,0.1,OPEN,PVC,MIL,,,Distribution line,,In service,DMM,,,9.58
Riwo Lwedo,,,,,7.215,0.0,0.1,OPEN,PVC,MIL,,,Service line,,In service,DMM,,,7.21
Riwo Lwedo,,,,,7.611,0.0,0.1,OPEN,PVC,MIL,,,Service line,,In service,DMM,,,7.61
Riwo Lwedo,,,,,12.021,0.0,0.1,OPEN,PVC,MIL,,,Service line,,In service,DMM,,,12.02
Riwo Lwedo,,,,,5.468,0.0,0.1,OPEN,PVC,MIL,,,Distribution line,,In service,DMM,,,5.47
Riwo Lwedo,,,,,24.373,0.0,0.1,OPEN,PVC,MIL,,,Service line,,In service,DMM,,,24.37
Riwo Lwedo,,,,,69.391,0.0,0.1,OPEN,PVC,MIL,,,Service line,,In service,DMM,,,69.38
Riwo Lwedo,,,,,45.110,0.0,0.1,OPEN,PVC,MIL,,,Distribution line,,In service,DMM,,,45.11
Riwo Lwedo,,,,,22.737,0.0,0.1,OPEN,PVC,MIL,,,Service line,,In service,DMM,,,22.73
Riwo Lwedo,,,,,16.551,0.0,0.1,OPEN,PVC,MIL,,,Service line,,In service,DMM,,,16.55
Riwo Lwedo,,,,,18.932,0.0,0.1,OPEN,PVC,MIL,,,Service line,,In service,DMM,,,18.93
Riwo Lwedo,,,,,11.860,0.0,0.1,OPEN,PVC,MIL,,,Service line,,In service,DMM,,,11.86
Riwo Lwedo,,,,,31.103,0.0,0.1,OPEN,PVC,MIL,,,Service line,,In service,DMM,,,31.10
Riwo Lwedo,,,,,14.552,0.0,0.1,OPEN,PVC,MIL,,,Service line,,In service,DMM,,,14.55
Riwo Lwedo,,,,,89.221,0.0,0.1,OPEN,PVC,MIL,,,Distribution line,,In service,DMM,,,89.21
Riwo Lwedo,,,,,33.944,0.0,0.1,OPEN,PVC,MIL,,,Service line,,In service,DMM,,,33.94
Riwo Lwedo,,,,,42.995,0.0,0.1,OPEN,PVC,MIL,,,Service line,,In service,DMM,,,42.99
Riwo Lwedo,,,,,9.316,0.0,0.1,OPEN,PVC,MIL,,,Service line,,In service,DMM,,,9.32
Riwo Lwedo,,,,,42.007,0.0,0.1,OPEN,PVC,MIL,,,Service line,,In service,DMM,,,42.00
Riwo Lwedo,,,,,48.366,0.0,0.1,OPEN,PVC,MIL,,,Service line,,In service,DMM,,,48.36
Riwo Lwedo,,,,,65.115,0.0,0.1,OPEN,PVC,MIL,,,Service line,,In service,DMM,,,65.11
Riwo Lwedo,,,,,63.396,0.0,0.1,OPEN,PVC,MIL,,,Distribution line,,In service,DMM,,,63.39
Riwo Lwedo,,,,,16.400,0.0,0.1,OPEN,PVC,MIL,,,Service line,,In service,DMM,,,16.40
Riwo Lwedo,,,,,56.578,0.0,0.1,OPEN,PVC,MIL,,,Service line,,In service,DMM,,,56.57
Riwo Lwedo,,,,,41.077,0.0,0.1,OPEN,PVC,MIL,,,Distribution line,,In service,DMM,,,41.07
Riwo Lwedo,,,,,25.398,0.0,0.1,OPEN,PVC,MIL,,,Service line,,In service,DMM,,,25.40
Riwo Lwedo,,,,,1.767,0.0,0.1,OPEN,PVC,MIL,,,Service line,,In service,DMM,,,1.77
Riwo Lwedo,,,,,20.949,0.0,0.1,OPEN,PVC,MIL,,,Service line,,In service,DMM,,,20.95
Riwo Lwedo,,,,,24.750,0.0,0.1,OPEN,PVC,MIL,,,Service line,,In service,DMM,,,24.75
Riwo Lwedo,,,,,30.667,0.0,0.1,OPEN,PVC,MIL,,,Service line,,In service,DMM,,,30.66
Riwo Lwedo,,,,,14.057,0.0,0.1,OPEN,PVC,MIL,,,Service line,,In service,DMM,,,14.06
Riwo Lwedo,,,,,28.333,0.0,0.1,OPEN,PVC,MIL,,,Service line,,In service,DMM,,,28.33
Riwo Lwedo,,,,,36.384,0.0,0.1,OPEN,PVC,MIL,,,Service line,,In service,DMM,,,36.38
Riwo Lwedo,,,,,66.574,0.0,0.1,OPEN,PVC,MIL,,,Service line,,In service,DMM,,,66.57
Riwo Lwedo,,,,,27.609,0.0,0.1,OPEN,PVC,MIL,,,Service line,,In service,DMM,,,27.61
Riwo Lwedo,,,,,29.603,0.0,0.1,OPEN,PVC,MIL,,,Distribution line,,In service,DMM,,,29.60
Riwo Lwedo,,,,,42.814,0.0,0.1,OPEN,PVC,MIL,,,Service line,,In service,DMM,,,42.81
Riwo Lwedo,,,,,47.010,0.0,0.1,OPEN,PVC,MIL,,,Service line,,In service,DMM,,,47.01
Riwo Lwedo,,,,,52.374,0.0,0.1,OPEN,PVC,MIL,,,Service line,,In service,DMM,,,52.37
Riwo Lwedo,,,,,24.939,0.0,0.1,OPEN,PVC,MIL,,,Service line,,In service,DMM,,,24.94
Riwo Lwedo,,,,,11.758,0.0,0.1,OPEN,PVC,MIL,,,Service line,,In service,DMM,,,11.76
Riwo Lwedo,,,,,0.000,0.0,0.1,OPEN,PVC,MIL,,,Distribution main,,In service,DMM,,,0.00
Riwo Lwedo,,,,,24.221,0.0,0.1,OPEN,PVC,MIL,,,Service line,,In service,DMM,,,24.22
Riwo Lwedo,,,,,1.229,0.0,0.1,OPEN,PVC,MIL,,,Distribution line,,In service,DMM,,,1.23
Riwo Lwedo,,,,,0.165,0.0,0.1,OPEN,PVC,MIL,,,Distribution line,,In service,DMM,,,0.17
Riwo Lwedo,,,,,29.061,0.0,0.1,OPEN,PVC,MIL,,,Distribution line,,In service,DMM,,,29.06
Riwo Lwedo,,,,,29.922,0.0,0.1,OPEN,PVC,MIL,,,Distribution line,,In service,DMM,,,29.92
Riwo Lwedo,,,,,36.820,0.0,0.1,OPEN,PVC,MIL,,,Distribution line,,In service,DMM,,,36.82
Riwo Lwedo,,,,,16.472,0.0,0.1,OPEN,PVC,MIL,,,Service line,,In service,DMM,,,16.47
Riwo Lwedo,,,,,144.341,0.0,0.1,OPEN,PVC,MIL,,,Distribution line,,In service,DMM,,,144.33
Riwo Lwedo,,,,,75.774,0.0,0.1,OPEN,PVC,MIL,,,Distribution line,,In service,DMM,,,75.77
Riwo Lwedo,,,,,59.324,0.0,0.1,OPEN,PVC,MIL,,,Service line,,In service,DMM,,,59.32
Riwo Lwedo,,,,,4.258,0.0,0.1,OPEN,PVC,MIL,,,Distribution line,,In service,DMM,,,4.26
Riwo Lwedo,,,,,0.486,0.0,0.1,OPEN,PVC,MIL,,,Distribution main,,In service,DMM,,,0.49
Riwo Lwedo,,,,,24.405,0.0,0.1,OPEN,PVC,MIL,,,Service line,,In service,DMM,,,24.40
Riwo Lwedo,,,,,24.313,0.0,0.1,OPEN,PVC,MIL,,,Service line,,In service,DMM,,,24.31
Riwo Lwedo,,,,,22.119,0.0,0.1,OPEN,PVC,MIL,,,Distribution main,,In service,DMM,,,22.12
Riwo Lwedo,,,,,52.904,0.0,0.1,OPEN,PVC,MIL,,,Distribution main,,In service,DMM,,,52.90
Riwo Lwedo,,,,,6.687,0.0,0.1,OPEN,PVC,MIL,,,Distribution line,,In service,DMM,,,6.69
Riwo Lwedo,,,,,4.475,0.0,0.1,OPEN,PVC,MIL,,,Distribution line,,In service,DMM,,,4.47
Riwo Lwedo,,,,,22.762,0.0,0.1,OPEN,PVC,MIL,,,Distribution line,,In service,DMM,,,22.76
Riwo Lwedo,,,,,41.149,0.0,0.1,OPEN,PVC,MIL,,,Distribution line,,In service,DMM,,,41.15
Riwo Lwedo,,,,,38.528,0.0,0.1,OPEN,PVC,MIL,,,Distribution line,,In service,DMM,,,38.52
Riwo Lwedo,,,,,69.249,0.0,0.1,OPEN,PVC,MIL,,,Service line,,In service,DMM,,,69.24
M-Unit,,,,,14.061,0.0,0.1,OPEN,PVC,MYT,,,Service line,,In service,DMM,,,14.06
M-Unit,,,,,9.376,0.0,0.1,OPEN,PVC,MYT,,,Service line,,In service,DMM,,,9.38
M-Unit,,,,,13.759,0.0,0.1,OPEN,PVC,MYT,,,Service line,,In service,DMM,,,13.76
M-Unit,,,,,11.250,0.0,0.1,OPEN,PVC,MYT,,,Service line,,In service,DMM,,,11.25
M-Unit,,,,,12.381,0.0,0.1,OPEN,PVC,MYT,,,Service line,,In service,DMM,,,12.38
M-Unit,,,,,21.282,0.0,0.1,OPEN,PVC,MYT,,,Service line,,In service,DMM,,,21.28
M-Unit,,,,,31.958,0.0,0.1,OPEN,PVC,MYT,,,Service line,,In service,DMM,,,31.95
M-Unit,,,,,16.883,0.0,0.1,OPEN,PVC,MYT,,,Service line,,In service,DMM,,,16.88
Oliketi,,,,,27.639,0.0,0.1,OPEN,PVC,MIL,,,Service line,,In service,DMM,,,27.64
Oliketi,,,,,22.935,0.0,0.1,OPEN,PVC,MIL,,,Distribution line,,In service,DMM,,,22.93
Oliketi,,,,,19.171,0.0,0.1,OPEN,PVC,MIL,,,Service line,,In service,DMM,,,19.17
Oliketi,,,,,26.587,0.0,0.1,OPEN,PVC,MIL,,,Service line,,In service,DMM,,,26.58
Oliketi,,,,,27.025,0.0,0.1,OPEN,PVC,MIL,,,Service line,,In service,DMM,,,27.02
Oliketi,,,,,22.362,0.0,0.1,OPEN,PVC,MIL,,,Service line,,In service,DMM,,,22.36
Oliketi,,,,,18.352,0.0,0.1,OPEN,PVC,MIL,,,Service line,,In service,DMM,,,18.35
Oliketi,,,,,25.695,0.0,0.1,OPEN,PVC,MIL,,,Service line,,In service,DMM,,,25.69
Oliketi,,,,,22.541,0.0,0.1,OPEN,PVC,MIL,,,Service line,,In service,DMM,,,22.54
Oliketi,,,,,13.619,0.0,0.1,OPEN,PVC,MIL,,,Service line,,In service,DMM,,,13.62
Oliketi,,,,,24.291,0.0,0.1,OPEN,PVC,MIL,,,Service line,,In service,DMM,,,24.29
Oliketi,,,,,4.998,0.0,0.1,OPEN,PVC,MIL,,,Service line,,In service,DMM,,,5.00
Oliketi,,,,,18.682,0.0,0.1,OPEN,PVC,MIL,,,Service line,,In service,DMM,,,18.68
Oliketi,,,,,9.300,0.0,0.1,OPEN,PVC,MIL,,,Service line,,In service,DMM,,,9.30
Oliketi,,,,,13.446,0.0,0.1,OPEN,PVC,MIL,,,Service line,,In service,DMM,,,13.44
Oliketi,,,,,47.518,0.0,0.1,OPEN,PVC,MIL,,,Service line,,In service,DMM,,,47.51
Oliketi,,,,,26.104,0.0,0.1,OPEN,PVC,MIL,,,Service line,,In service,DMM,,,26.10
Oliketi,,,,,4.414,0.0,0.1,OPEN,PVC,MIL,,,Service line,,In service,DMM,,,4.41
Oliketi,,,,,41.798,0.0,0.1,OPEN,PVC,MIL,,,Service line,,In service,DMM,,,41.79
Oliketi,,,,,146.585,0.0,0.1,OPEN,PVC,MIL,,,Service line,,In service,DMM,,,146.57
Oliketi,,,,,3.151,0.0,0.1,OPEN,PVC,MIL,,,Service line,,In service,DMM,,,3.15
Oliketi,,,,,30.532,0.0,0.1,OPEN,PVC,MIL,,,Service line,,In service,DMM,,,30.53
Oliketi,,,,,49.368,0.0,0.1,OPEN,PVC,MIL,,,Service line,,In service,DMM,,,49.36
Oliketi,,,,,17.895,0.0,0.1,OPEN,PVC,MIL,,,Service line,,In service,DMM,,,17.89
Oliketi,,,,,25.736,0.0,0.1,OPEN,PVC,MIL,,,Service line,,In service,DMM,,,25.73
Oliketi,,,,,31.641,0.0,0.1,OPEN,PVC,MIL,,,Service line,,In service,DMM,,,31.64
Oliketi,,,,,17.547,0.0,0.1,OPEN,PVC,MIL,,,Service line,,In service,DMM,,,17.55
Oliketi,,,,,80.789,0.0,0.1,OPEN,PVC,MIL,,,Service line,,In service,DMM,,,80.78
Oliketi,,,,,8.181,0.0,0.1,OPEN,PVC,MIL,,,Service line,,In service,DMM,,,8.18
Oliketi,,,,,25.198,0.0,0.1,OPEN,PVC,MIL,,,Service line,,In service,DMM,,,25.20
Oliketi,,,,,16.266,0.0,0.1,OPEN,PVC,MIL,,,Service line,,In service,DMM,,,16.26
Tosha,,,,,215.086,0.0,0.1,OPEN,PVC,MIL,,,Service line,,In service,DMM,,,215.07
Oliketi,,,,,72.502,0.0,0.1,OPEN,PVC,MIL,,,Service line,,In service,DMM,,,72.49
Oliketi,,,,,8.214,0.0,0.1,OPEN,PVC,MIL,,,Service line,,In service,DMM,,,8.21
Oliketi,,,,,25.760,0.0,0.1,OPEN,PVC,MIL,,,Service line,,In service,DMM,,,25.76
Oliketi,,,,,29.186,0.0,0.1,OPEN,PVC,MIL,,,Service line,,In service,DMM,,,29.18
Oliketi,,,,,14.349,0.0,0.1,OPEN,PVC,MIL,,,Service line,,In service,DMM,,,14.35
Tosha,,,,,30.340,0.0,0.1,OPEN,PVC,MIL,,,Service line,,In service,DMM,,,30.34
Tosha,,,,,21.654,0.0,0.1,OPEN,PVC,MIL,,,Service line,,In service,DMM,,,21.65
Tosha,,,,,56.684,0.0,0.1,OPEN,PVC,MIL,,,Service line,,In service,DMM,,,56.68
Tosha,,,,,46.621,0.0,0.1,OPEN,PVC,MIL,,,Service line,,In service,DMM,,,46.62
Tosha,,,,,27.804,0.0,0.1,OPEN,PVC,MIL,,,Service line,,In service,DMM,,,27.80
Tosha,,,,,63.405,0.0,0.1,OPEN,PVC,MIL,,,Service line,,In service,DMM,,,63.40
Tosha,,,,,20.167,0.0,0.1,OPEN,PVC,MIL,,,Service line,,In service,DMM,,,20.17
Tosha,,,,,77.430,0.0,0.1,OPEN,PVC,MIL,,,Service line,,In service,DMM,,,77.42
Tosha,,,,,48.803,0.0,0.1,OPEN,PVC,MIL,,,Service line,,In service,DMM,,,48.80
Tosha,,,,,45.974,0.0,0.1,OPEN,PVC,MIL,,,Service line,,In service,DMM,,,45.97
Tosha,,,,,15.626,0.0,0.1,OPEN,PVC,MIL,,,Service line,,In service,DMM,,,15.62
Tosha,,,,,35.110,0.0,0.1,OPEN,PVC,MIL,,,Service line,,In service,DMM,,,35.11
Tosha,,,,,37.186,0.0,0.1,OPEN,PVC,MIL,,,Service line,,In service,DMM,,,37.18
Tosha,,,,,31.226,0.0,0.1,OPEN,PVC,MIL,,,Service line,,In service,DMM,,,31.22
Tosha,,,,,20.947,0.0,0.1,OPEN,PVC,MIL,,,Service line,,In service,DMM,,,20.94
Tosha,,,,,19.624,0.0,0.1,OPEN,PVC,MIL,,,Service line,,In service,DMM,,,19.62
Tosha,,,,,33.679,0.0,0.1,OPEN,PVC,MIL,,,Service line,,In service,DMM,,,33.68
Tosha,,,,,349.246,0.0,0.1,OPEN,PVC,MIL,,,Service line,,In service,DMM,,,349.21
Tosha,,,,,42.603,0.0,0.1,OPEN,PVC,MIL,,,Service line,,In service,DMM,,,42.60
Tosha,,,,,30.110,0.0,0.1,OPEN,PVC,MIL,,,Service line,,In service,DMM,,,30.11
Tosha,,,,,163.544,0.0,0.1,OPEN,PVC,MIL,,,Service line,,In service,DMM,,,163.53
Tosha,,,,,14.036,0.0,0.1,OPEN,PVC,MIL,,,Service line,,In service,DMM,,,14.03
Tosha,,,,,33.667,0.0,0.1,OPEN,PVC,MIL,,,Service line,,In service,DMM,,,33.66
Tosha,,,,,46.442,0.0,0.1,OPEN,PVC,MIL,,,Service line,,In service,DMM,,,46.44
Oliketi,,,,,0.000,0.0,0.1,OPEN,PVC,MIL,,,Service line,,In service,DMM,,,0.00
Oliketi,,,,,11.373,0.0,0.1,OPEN,PVC,MIL,,,Service line,,In service,DMM,,,11.37
Oliketi,,,,,7.884,0.0,0.1,OPEN,PVC,MIL,,,Service line,,In service,DMM,,,7.88
Oliketi,,,,,51.767,0.0,0.1,OPEN,PVC,MIL,,,Service line,,In service,DMM,,,51.76
Oliketi,,,,,78.301,0.0,0.1,OPEN,PVC,MIL,,,Service line,,In service,DMM,,,78.29
Oliketi,,,,,22.055,0.0,0.1,OPEN,PVC,MIL,,,Distribution line,,In service,DMM,,,22.05
Oliketi,,,,,23.440,0.0,0.1,OPEN,PVC,MIL,,,Service line,,In service,DMM,,,23.44
Oliketi,,,,,51.253,0.0,0.1,OPEN,PVC,MIL,,,Service line,,In service,DMM,,,51.25
Oliketi,,,,,11.751,0.0,0.1,OPEN,PVC,MIL,,,Service line,,In service,DMM,,,11.75
Oliketi,,,,,4.998,0.0,0.1,OPEN,PVC,MIL,,,Service line,,In service,DMM,,,5.00
Oliketi,,,,,36.549,0.0,0.1,OPEN,PVC,MIL,,,Service line,,In service,DMM,,,36.55
Oliketi,,,,,171.203,0.0,0.1,OPEN,PVC,MIL,,,Service line,,In service,DMM,,,171.19
Oliketi,,,,,49.832,0.0,0.1,OPEN,PVC,MIL,,,Service line,,In service,DMM,,,49.83
Oliketi,,,,,41.993,0.0,0.1,OPEN,PVC,MIL,,,Service line,,In service,DMM,,,41.99
Oliketi,,,,,19.026,0.0,0.1,OPEN,PVC,MIL,,,Service line,,In service,DMM,,,19.02
Oliketi,,,,,9.261,0.0,0.1,OPEN,PVC,MIL,,,Service line,,In service,DMM,,,9.26
Oliketi,,,,,13.515,0.0,0.1,OPEN,PVC,MIL,,,Service line,,In service,DMM,,,13.51
Oliketi,,,,,41.323,0.0,0.1,OPEN,PVC,MIL,,,Service line,,In service,DMM,,,41.32
Oliketi,,,,,24.711,0.0,0.1,OPEN,PVC,MIL,,,Service line,,In service,DMM,,,24.71
Oliketi,,,,,192.174,0.0,0.1,OPEN,PVC,MIL,,,Service line,,In service,DMM,,,192.16
Oliketi,,,,,10.572,0.0,0.1,OPEN,PVC,MIL,,,Service line,,In service,DMM,,,10.57
Oliketi,,,,,29.958,0.0,0.1,OPEN,PVC,MIL,,,Service line,,In service,DMM,,,29.96
Tosha,,,,,495.403,0.0,0.1,OPEN,PVC,MIL,,,Service line,,In service,DMM,,,495.36
Tosha,,,,,43.067,0.0,0.1,OPEN,PVC,MIL,,,Service line,,In service,DMM,,,43.06
Tosha,,,,,63.933,0.0,0.1,OPEN,PVC,MIL,,,Service line,,In service,DMM,,,63.93
Tosha,,,,,20.811,0.0,0.1,OPEN,PVC,MIL,,,Service line,,In service,DMM,,,20.81
Tosha,,,,,29.774,0.0,0.1,OPEN,PVC,MIL,,,Service line,,In service,DMM,,,29.77
Tosha,,,,,43.296,0.0,0.1,OPEN,PVC,MIL,,,Service line,,In service,DMM,,,43.29
Tosha,,,,,2.023,0.0,0.1,OPEN,PVC,MIL,,,Service line,,In service,DMM,,,2.02
Tosha,,,,,2.237,0.0,0.1,OPEN,PVC,MIL,,,Service line,,In service,DMM,,,2.24
Oliketi,,,,,235.581,0.0,0.1,OPEN,PVC,MIL,,,Service line,,In service,DMM,,,235.56
Oliketi,,,,,84.673,0.0,0.1,OPEN,PVC,MIL,,,Service line,,In service,DMM,,,84.67
Oliketi,,,,,19.207,0.0,0.1,OPEN,PVC,MIL,,,Service line,,In service,DMM,,,19.20
Oliketi,,,,,16.524,0.0,0.1,OPEN,PVC,MIL,,,Service line,,In service,DMM,,,16.52
Oliketi,,,,,38.570,0.0,0.1,OPEN,PVC,MIL,,,Service line,,In service,DMM,,,38.57
Oliketi,,,,,44.976,0.0,0.1,OPEN,PVC,MIL,,,Distribution line,,In service,DMM,,,44.97
Oliketi,,,,,16.143,0.0,0.1,OPEN,PVC,MIL,,,Service line,,In service,DMM,,,16.14
Oliketi,,,,,19.497,0.0,0.1,OPEN,PVC,MIL,,,Service line,,In service,DMM,,,19.50
Oliketi,,,,,14.848,0.0,0.1,OPEN,PVC,MIL,,,Service line,,In service,DMM,,,14.85
Oliketi,,,,,45.984,0.0,0.1,OPEN,PVC,MIL,,,Service line,,In service,DMM,,,45.98
Oliketi,,,,,9.573,0.0,0.1,OPEN,PVC,MIL,,,Service line,,In service,DMM,,,9.57
Oliketi,,,,,70.415,0.0,0.1,OPEN,PVC,MIL,,,Service line,,In service,DMM,,,70.41
Oliketi,,,,,24.032,0.0,0.1,OPEN,PVC,MIL,,,Service line,,In service,DMM,,,24.03
Oliketi,,,,,15.725,0.0,0.1,OPEN,PVC,MIL,,,Service line,,In service,DMM,,,15.72
Oliketi,,,,,37.804,0.0,0.1,OPEN,PVC,MIL,,,Service line,,In service,DMM,,,37.80
Oliketi,,,,,101.154,0.0,0.1,OPEN,PVC,MIL,,,Service line,,In service,DMM,,,101.14
Oliketi,,,,,27.553,0.0,0.1,OPEN,PVC,MIL,,,Service line,,In service,DMM,,,27.55
Oliketi,,,,,88.508,0.0,0.1,OPEN,PVC,MIL,,,Service line,,In service,DMM,,,88.50
Oliketi,,,,,10.429,0.0,0.1,OPEN,PVC,MIL,,,Service line,,In service,DMM,,,10.43
Oliketi,,,,,31.029,0.0,0.1,OPEN,PVC,MIL,,,Service line,,In service,DMM,,,31.03
Oliketi,,,,,12.210,0.0,0.1,OPEN,PVC,MIL,,,Service line,,In service,DMM,,,12.21
M-Unit,,,,,15.762,0.0,0.1,OPEN,PVC,MYT,,,Service line,,In service,DMM,,,15.76
M-Unit,,,,,49.723,0.0,0.1,OPEN,PVC,MYT,,,Service line,,In service,DMM,,,49.72
M-Unit,,,,,30.651,0.0,0.1,OPEN,PVC,MYT,,,Service line,,In service,DMM,,,30.65
M-Unit,,,,,11.775,0.0,0.1,OPEN,PVC,MYT,,,Service line,,In service,DMM,,,11.77
M-Unit,,,,,20.893,0.0,0.1,OPEN,PVC,MYT,,,Distribution line,,In service,DMM,,,20.89
M-Unit,,,,,93.959,0.0,0.1,OPEN,PVC,MYT,,,Service line,,In service,DMM,,,93.95
M-Unit,,,,,41.972,0.0,0.1,OPEN,PVC,MYT,,,Service line,,In service,DMM,,,41.97
M-Unit,,,,,27.041,0.0,0.1,OPEN,PVC,MYT,,,Service line,,In service,DMM,,,27.04
M-Unit,,,,,22.841,0.0,0.1,OPEN,PVC,MYT,,,Service line,,In service,DMM,,,22.84
M-Unit,,,,,39.534,0.0,0.1,OPEN,PVC,MYT,,,Service line,,In service,DMM,,,39.53
M-Unit,,,,,21.299,0.0,0.1,OPEN,PVC,MYT,,,Service line,,In service,DMM,,,21.30
M-Unit,,,,,8.335,0.0,0.1,OPEN,PVC,MYT,,,Service line,,In service,DMM,,,8.33
M-Unit,,,,,17.902,0.0,0.1,OPEN,PVC,MYT,,,Service line,,In service,DMM,,,17.90
M-Unit,,,,,22.063,0.0,0.1,OPEN,PVC,MYT,,,Service line,,In service,DMM,,,22.06
M-Unit,,,,,18.790,0.0,0.1,OPEN,PVC,MYT,,,Service line,,In service,DMM,,,18.79
M-Unit,,,,,27.741,0.0,0.1,OPEN,PVC,MYT,,,Service line,,In service,DMM,,,27.74
M-Unit,,,,,29.122,0.0,0.1,OPEN,PVC,MYT,,,Service line,,In service,DMM,,,29.12
M-Unit,,,,,8.924,0.0,0.1,OPEN,PVC,MYT,,,Service line,,In service,DMM,,,8.92
M-Unit,,,,,17.686,0.0,0.1,OPEN,PVC,MYT,,,Service line,,In service,DMM,,,17.68
M-Unit,,,,,40.246,0.0,0.1,OPEN,PVC,MYT,,,Service line,,In service,DMM,,,40.24
M-Unit,,,,,32.656,0.0,0.1,OPEN,PVC,MYT,,,Service line,,In service,DMM,,,32.65
M-Unit,,,,,6.165,0.0,0.1,OPEN,PVC,MYT,,,Service line,,In service,DMM,,,6.16
M-Unit,,,,,21.753,0.0,0.1,OPEN,PVC,MYT,,,Service line,,In service,DMM,,,21.75
M-Unit,,,,,19.549,0.0,0.1,OPEN,PVC,MYT,,,Service line,,In service,DMM,,,19.55
M-Unit,,,,,14.680,0.0,0.1,OPEN,PVC,MYT,,,Service line,,In service,DMM,,,14.68
M-Unit,,,,,4.274,0.0,0.1,OPEN,PVC,MYT,,,Service line,,In service,DMM,,,4.27
M-Unit,,,,,36.493,0.0,0.1,OPEN,PVC,MYT,,,Service line,,In service,DMM,,,36.49
M-Unit,,,,,175.968,0.0,0.1,OPEN,PVC,MYT,,,Service line,,In service,DMM,,,175.95
M-Unit,,,,,59.301,0.0,0.1,OPEN,PVC,MYT,,,Service line,,In service,DMM,,,59.30
M-Unit,,,,,67.082,0.0,0.1,OPEN,PVC,MYT,,,Service line,,In service,DMM,,,67.08
M-Unit,,,,,5.745,0.0,0.1,OPEN,PVC,MYT,,,Service line,,In service,DMM,,,5.74
M-Unit,,,,,3.151,0.0,0.1,OPEN,PVC,MYT,,,Service line,,In service,DMM,,,3.15
M-Unit,,,,,9.451,0.0,0.1,OPEN,PVC,MYT,,,Service line,,In service,DMM,,,9.45
M-Unit,,,,,36.187,0.0,0.1,OPEN,PVC,MYT,,,Service line,,In service,DMM,,,36.18
M-Unit,,,,,33.857,0.0,0.1,OPEN,PVC,MYT,,,Service line,,In service,DMM,,,33.85
M-Unit,,,,,39.519,0.0,0.1,OPEN,PVC,MYT,,,Service line,,In service,DMM,,,39.52
M-Unit,,,,,19.351,0.0,0.1,OPEN,PVC,MYT,,,Service line,,In service,DMM,,,19.35
M-Unit,,,,,22.630,0.0,0.1,OPEN,PVC,MYT,,,Service line,,In service,DMM,,,22.63
M-Unit,,,,,27.720,0.0,0.1,OPEN,PVC,MYT,,,Service line,,In service,DMM,,,27.72
M-Unit,,,,,39.668,0.0,0.1,OPEN,PVC,MYT,,,Service line,,In service,DMM,,,39.66
M-Unit,,,,,28.162,0.0,0.1,OPEN,PVC,MYT,,,Service line,,In service,DMM,,,28.16
M-Unit,,,,,104.484,0.0,0.1,OPEN,PVC,MYT,,,Service line,,In service,DMM,,,104.47
M-Unit,,,,,26.961,0.0,0.1,OPEN,PVC,MYT,,,Service line,,In service,DMM,,,26.96
M-Unit,,,,,50.648,0.0,0.1,OPEN,PVC,MYT,,,Service line,,In service,DMM,,,50.64
M-Unit,,,,,28.499,0.0,0.1,OPEN,PVC,MYT,,,Service line,,In service,DMM,,,28.50
M-Unit,,,,,25.648,0.0,0.1,OPEN,PVC,MYT,,,Service line,,In service,DMM,,,25.65
M-Unit,,,,,1.060,0.0,0.1,OPEN,PVC,MYT,,,Service line,,In service,DMM,,,1.06
M-Unit,,,,,71.153,0.0,0.1,OPEN,PVC,MYT,,,Service line,,In service,DMM,,,71.15
M-Unit,,,,,73.411,0.0,0.1,OPEN,PVC,MYT,22/06/2015,,Service line,,In service,DMM,,,73.40
M-Unit,,,,,7.923,0.0,0.1,OPEN,PVC,MYT,22/06/2015,,Service line,,In service,DMM,,,7.92
M-Unit,,,,,28.898,0.0,0.1,OPEN,PVC,MYT,22/06/2015,,Service line,,In service,DMM,,,28.89
M-Unit,,,,,31.484,0.0,0.1,OPEN,PVC,MYT,22/06/2015,,Service line,,In service,DMM,,,31.48
M-Unit,,,,,44.487,0.0,0.1,OPEN,PVC,MYT,22.6.2015,,Distribution line,,In service,DMM,,,44.48
M-Unit,,,,,20.436,0.0,0.1,OPEN,PVC,MYT,22.05.2015,,Service line,,In service,DMM,,,20.43
M-Unit,,,,,12.905,0.0,0.1,OPEN,PVC,MYT,22.06.2015,,Service line,,In service,DMM,,,12.90
M-Unit,,,,,42.991,0.0,0.1,OPEN,PVC,MYT,22.06.2015,,Service line,,In service,DMM,,,42.99
M-Unit,,,,,21.092,0.0,0.1,OPEN,PVC,MYT,22.06.2015,,Service line,,In service,DMM,,,21.09
M-Unit,,,,,28.208,0.0,0.1,OPEN,PVC,MYT,22.06.2015,,Service line,,In service,DMM,,,28.21
M-Unit,,,,,23.112,0.0,0.1,OPEN,PVC,MYT,22.06.2015,,Service line,,In service,DMM,,,23.11
M-Unit,,,,,41.919,0.0,0.1,OPEN,PVC,MYT,22.06.2015,,Service line,,In service,DMM,,,41.91
M-Unit,,,,,22.221,0.0,0.1,OPEN,PVC,MYT,22.06.2015,,Service line,,In service,DMM,,,22.22
M-Unit,,,,,14.450,0.0,0.1,OPEN,PVC,MYT,22.06.2015,,Service line,,In service,DMM,,,14.45
M-Unit,,,,,44.975,0.0,0.1,OPEN,PVC,MYT,22.06.2015,,Service line,,In service,DMM,,,44.97
M-Unit,,,,,19.900,0.0,0.1,OPEN,PVC,MYT,22.06.2015,,Service line,,In service,DMM,,,19.90
M-Unit,,,,,15.888,0.0,0.1,OPEN,PVC,MYT,22.06.2015,,Service line,,In service,DMM,,,15.89
M-Unit,,,,,2.217,0.0,0.1,OPEN,PVC,MYT,22.06.2015,,Service line,,In service,DMM,,,2.22
M-Unit,,,,,36.693,0.0,0.1,OPEN,PVC,MYT,22.06.2015,,Service line,,In service,DMM,,,36.69
M-Unit,,,,,135.626,0.0,0.1,OPEN,PVC,MYT,22.06.2015,,Service line,,In service,DMM,,,135.61
M-Unit,,,,,3.515,0.0,0.1,OPEN,PVC,MYT,22.06.2015,,Service line,,In service,DMM,,,3.51
M-Unit,,,,,2.300,0.0,0.1,OPEN,PVC,MYT,22.06.2015,,Service line,,In service,DMM,,,2.30
M-Unit,,,,,82.627,0.0,0.1,OPEN,PVC,MYT,22.06.2015,,Service line,,In service,DMM,,,82.62
M-Unit,,,,,27.252,0.0,0.1,OPEN,PVC,MYT,22.06.2015,,Service line,,In service,DMM,,,27.25
M-Unit,,,,,58.197,0.0,0.1,OPEN,PVC,MYT,22.06.2015,,Service line,,In service,DMM,,,58.19
M-Unit,,,,,178.048,0.0,0.1,OPEN,PVC,MYT,22.06.2015,,Service line,,In service,DMM,,,178.03
M-Unit,,,,,18.558,0.0,0.1,OPEN,PVC,MYT,22.06.2015,,Service line,,In service,DMM,,,18.56
M-Unit,,,,,20.978,0.0,0.1,OPEN,PVC,MYT,22.06.2015,,Service line,,In service,DMM,,,20.98
M-Unit,,,,,12.730,0.0,0.1,OPEN,PVC,MYT,22.06.2015,,Service line,,In service,DMM,,,12.73
M-Unit,,,,,19.246,0.0,0.1,OPEN,PVC,MYT,22.06.2015,,Service line,,In service,DMM,,,19.24
M-Unit,,,,,27.593,0.0,0.1,OPEN,PVC,MYT,22.06.2015,,Service line,,In service,DMM,,,27.59
M-Unit,,,,,20.900,0.0,0.1,OPEN,PVC,MYT,22.06.2015,,Service line,,In service,DMM,,,20.90
M-Unit,,,,,32.778,0.0,0.1,OPEN,PVC,MYT,22.06.2015,,Service line,,In service,DMM,,,32.77
M-Unit,,,,,20.168,0.0,0.1,OPEN,PVC,MYT,22.06.2015,,Service line,,In service,DMM,,,20.17
M-Unit,,,,,7.374,0.0,0.1,OPEN,PVC,MYT,22.06.2015,,Service line,,In service,DMM,,,7.37
M-Unit,,,,,10.248,0.0,0.1,OPEN,PVC,MYT,22.06.2015,,Service line,,In service,DMM,,,10.25
M-Unit,,,,,72.825,0.0,0.1,OPEN,PVC,MYT,22.06.2015,,Service line,,In service,DMM,,,72.82
M-Unit,,,,,30.635,0.0,0.1,OPEN,PVC,MYT,22.06.2015,,Service line,,In service,DMM,,,30.63
M-Unit,,,,,102.472,0.0,0.1,OPEN,PVC,MYT,22.06.2015,,Service line,,In service,DMM,,,102.46
M-Unit,,,,,14.674,0.0,0.1,OPEN,PVC,MYT,22.06.2015,,Service line,,In service,DMM,,,14.67
M-Unit,,,,,7.076,0.0,0.1,OPEN,PVC,MYT,22.06.2015,,Service line,,In service,DMM,,,7.08
M-Unit,,,,,122.356,0.0,0.1,OPEN,PVC,MYT,22.06.2015,,Service line,,In service,DMM,,,122.34
M-Unit,,,,,12.076,0.0,0.1,OPEN,PVC,MYT,22.06.2015,,Service line,,In service,DMM,,,12.08
M-Unit,,,,,16.643,0.0,0.1,OPEN,PVC,MYT,22.06.2015,,Service line,,In service,DMM,,,16.64
M-Unit,,,,,15.246,0.0,0.1,OPEN,PVC,MYT,22.06.2015,,Service line,,In service,DMM,,,15.24
M-Unit,,,,,86.733,0.0,0.1,OPEN,PVC,MYT,22.06.2015,,Service line,,In service,DMM,,,86.72
M-Unit,,,,,13.596,0.0,0.1,OPEN,PVC,MYT,22.06.2015,,Service line,,In service,DMM,,,13.59
M-Unit,,,,,45.534,0.0,0.1,OPEN,PVC,MYT,22.06.2015,,Service line,,In service,DMM,,,45.53
M-Unit,,,,,91.216,0.0,0.1,OPEN,PVC,MYT,22.06.2015,,Service line,,In service,DMM,,,91.21
Oliketi,,,,,65.834,0.0,0.1,OPEN,PVC,MIL,25.06.2015,,Service line,,In service,DMM,,,65.83
Oliketi,,,,,51.439,0.0,0.1,OPEN,PVC,MIL,24.06.2015,,Service line,,In service,DMM,,,51.43
Oliketi,,,,,55.150,0.0,0.1,OPEN,PVC,MIL,05.06.2015,,Service line,,In service,DMM,,,55.15
M-Akado,,,,,44.534,0.0,0.1,OPEN,PVC,MYT,24.06.2015,,Service line,,In service,DMM,,,44.53
M-Akado,,,,,33.030,0.0,0.1,OPEN,PVC,MYT,24.06.2015,,Service line,,In service,DMM,,,33.03
M-Akado,,,,,26.065,0.0,0.1,OPEN,PVC,MYT,24.06.2015,,Service line,,In service,DMM,,,26.06
M-Akado,,,,,35.183,0.0,0.1,OPEN,PVC,MYT,24.06.2015,,Service line,,In service,DMM,,,35.18
M-Akado,,,,,36.209,0.0,0.1,OPEN,PVC,MYT,24.06.2015,,Service line,,In service,DMM,,,36.21
M-Akado,,,,,14.589,0.0,0.1,OPEN,PVC,MYT,24.06.2015,,Service line,,In service,DMM,,,14.59
M-Akado,,,,,17.320,0.0,0.1,OPEN,PVC,MYT,24.06.2015,,Service line,,In service,DMM,,,17.32
M-Akado,,,,,11.464,0.0,0.1,OPEN,PVC,MYT,24.06.2015,,Service line,,In service,DMM,,,11.46
M-Akado,,,,,26.597,0.0,0.1,OPEN,PVC,MYT,24.06.2015,,Service line,,In service,DMM,,,26.59
M-Akado,,,,,35.087,0.0,0.1,OPEN,PVC,MYT,24.06.2015,,Service line,,In service,DMM,,,35.08
M-Akado,,,,,26.437,0.0,0.1,OPEN,PVC,MYT,24.06.2015,,Service line,,In service,DMM,,,26.43
M-Akado,,,,,8.472,0.0,0.1,OPEN,PVC,MYT,24.06.2015,,Service line,,In service,DMM,,,8.47
M-Akado,,,,,35.228,0.0,0.1,OPEN,PVC,MYT,24.06.2015,,Service line,,In service,DMM,,,35.22
M-Akado,,,,,35.762,0.0,0.1,OPEN,PVC,MYT,24.06.2015,,Service line,,In service,DMM,,,35.76
M-Akado,,,,,7.507,0.0,0.1,OPEN,PVC,MYT,24.06.2015,,Service line,,In service,DMM,,,7.51
M-Akado,,,,,29.678,0.0,0.1,OPEN,PVC,MYT,24.06.2015,,Service line,,In service,DMM,,,29.68
M-Akado,,,,,54.296,0.0,0.1,OPEN,PVC,MYT,24.06.2015,,Service line,,In service,DMM,,,54.29
M-Akado,,,,,32.933,0.0,0.1,OPEN,PVC,MYT,24.06.2015,,Service line,,In service,DMM,,,32.93
M-Akado,,,,,12.010,0.0,0.1,OPEN,PVC,MYT,24.06.2015,,Service line,,In service,DMM,,,12.01
M-Akado,,,,,36.349,0.0,0.1,OPEN,PVC,MYT,24.06.2015,,Service line,,In service,DMM,,,36.35
M-Akado,,,,,75.411,0.0,0.1,OPEN,PVC,MYT,24.06.2015,,Service line,,In service,DMM,,,75.40
M-Akado,,,,,43.209,0.0,0.1,OPEN,PVC,MYT,24.06.2015,,Service line,,In service,DMM,,,43.21
M-Akado,,,,,11.676,0.0,0.1,OPEN,PVC,MYT,24.06.2015,,Service line,,In service,DMM,,,11.68
M-Akado,,,,,20.219,0.0,0.1,OPEN,PVC,MYT,24.06.2015,,Service line,,In service,DMM,,,20.22
M-Akado,,,,,23.541,0.0,0.1,OPEN,PVC,MYT,24.06.2015,,Service line,,In service,DMM,,,23.54
M-Akado,,,,,16.122,0.0,0.1,OPEN,PVC,MYT,24.06.2015,,Service line,,In service,DMM,,,16.12
M-Akado,,,,,43.493,0.0,0.1,OPEN,PVC,MYT,24.06.2015,,Service line,,In service,DMM,,,43.49
M-Akado,,,,,38.623,0.0,0.1,OPEN,PVC,MYT,24.06.2015,,Service line,,In service,DMM,,,38.62
M-Akado,,,,,37.083,0.0,0.1,OPEN,PVC,MYT,24.06.2015,,Service line,,In service,DMM,,,37.08
M-Akado,,,,,11.232,0.0,0.1,OPEN,PVC,MYT,24.06.2015,,Service line,,In service,DMM,,,11.23
M-Akado,,,,,12.749,0.0,0.1,OPEN,PVC,MYT,24.06.2015,,Service line,,In service,DMM,,,12.75
M-Akado,,,,,57.967,0.0,0.1,OPEN,PVC,MYT,24.06.2015,,Service line,,In service,DMM,,,57.96
M-Akado,,,,,16.611,0.0,0.1,OPEN,PVC,MYT,24.06.2015,,Service line,,In service,DMM,,,16.61
M-Akado,,,,,11.050,0.0,0.1,OPEN,PVC,MYT,25.06.2015,,Service line,,In service,DMM,,,11.05
M-Akado,,,,,89.378,0.0,0.1,OPEN,PVC,MYT,25.06.2015,,Service line,,In service,DMM,,,89.37
M-Akado,,,,,12.233,0.0,0.1,OPEN,PVC,MYT,25.06.2015,,Service line,,In service,DMM,,,12.23
M-Akado,,,,,23.599,0.0,0.1,OPEN,PVC,MYT,25.06.2015,,Service line,,In service,DMM,,,23.60
M-Akado,,,,,119.672,0.0,0.1,OPEN,PVC,MYT,25.06.2015,,Service line,,In service,DMM,,,119.66
M-Akado,,,,,35.913,0.0,0.1,OPEN,PVC,MYT,25.06.2015,,Service line,,In service,DMM,,,35.91
M-Akado,,,,,36.163,0.0,0.1,OPEN,PVC,MYT,25.06.2015,,Service line,,In service,DMM,,,36.16
M-Akado,,,,,25.850,0.0,0.1,OPEN,PVC,MYT,25.06.2015,,Service line,,In service,DMM,,,25.85
M-Akado,,,,,23.981,0.0,0.1,OPEN,PVC,MYT,25.06.2015,,Service line,,In service,DMM,,,23.98
M-Akado,,,,,42.661,0.0,0.1,OPEN,PVC,MYT,25.06.2015,,Service line,,In service,DMM,,,42.66
M-Akado,,,,,34.582,0.0,0.1,OPEN,PVC,MYT,25.06.2015,,Service line,,In service,DMM,,,34.58
M-Akado,,,,,13.473,0.0,0.1,OPEN,PVC,MYT,25.06.2015,,Service line,,In service,DMM,,,13.47
M-Akado,,,,,7.333,0.0,0.1,OPEN,PVC,MYT,25.06.2015,,Service line,,In service,DMM,,,7.33
M-Akado,,,,,28.996,0.0,0.1,OPEN,PVC,MYT,25.06.2015,,Service line,,In service,DMM,,,28.99
M-Akado,,,,,15.784,0.0,0.1,OPEN,PVC,MYT,24.06.2015,,Service line,,In service,DMM,,,15.78
M-Akado,,,,,81.435,0.0,0.1,OPEN,PVC,MYT,24.06.2015,,Service line,,In service,DMM,,,81.43
M-Akado,,,,,46.185,0.0,0.1,OPEN,PVC,MYT,24.06.2015,,Service line,,In service,DMM,,,46.18
M-Akado,,,,,59.308,0.0,0.1,OPEN,PVC,MYT,24.06.2015,,Service line,,In service,DMM,,,59.30
M-Akado,,,,,29.974,0.0,0.1,OPEN,PVC,MYT,24.06.2015,,Service line,,In service,DMM,,,29.97
M-Akado,,,,,68.326,0.0,0.1,OPEN,PVC,MYT,24.06.2015,,Service line,,In service,DMM,,,68.32
M-Akado,,,,,33.263,0.0,0.1,OPEN,PVC,MYT,25.06.2015,,Service line,,In service,DMM,,,33.26
M-Akado,,,,,73.813,0.0,0.1,OPEN,PVC,MYT,25.06.2015,,Service line,,In service,DMM,,,73.81
M-Akado,,,,,30.844,0.0,0.1,OPEN,PVC,MYT,25.06.2015,,Service line,,In service,DMM,,,30.84
M-Akado,,,,,43.897,0.0,0.1,OPEN,PVC,MYT,25.06.2015,,Service line,,In service,DMM,,,43.89
M-Akado,,,,,28.089,0.0,0.1,OPEN,PVC,MYT,25.06.2015,,Service line,,In service,DMM,,,28.09
M-Akado,,,,,58.936,0.0,0.1,OPEN,PVC,MYT,25.06.2015,,Service line,,In service,DMM,,,58.93
M-Akado,,,,,41.020,0.0,0.1,OPEN,PVC,MYT,25.06.2015,,Service line,,In service,DMM,,,41.02
M-Akado,,,,,38.460,0.0,0.1,OPEN,PVC,MYT,25.06.2015,,Service line,,In service,DMM,,,38.46
M-Akado,,,,,25.304,0.0,0.1,OPEN,PVC,MYT,25.06.2015,,Service line,,In service,DMM,,,25.30
M-Akado,,,,,26.878,0.0,0.1,OPEN,PVC,MYT,25.06.2015,,Service line,,In service,DMM,,,26.88
M-Akado,,,,,33.961,0.0,0.1,OPEN,PVC,MYT,25.06.2015,,Service line,,In service,DMM,,,33.96
M-Akado,,,,,31.312,0.0,0.1,OPEN,PVC,MYT,25.06.2015,,Service line,,In service,DMM,,,31.31
M-Akado,,,,,66.381,0.0,0.1,OPEN,PVC,MYT,25.06.2015,,Service line,,In service,DMM,,,66.37
M-Akado,,,,,65.243,0.0,0.1,OPEN,PVC,MYT,25.06.2015,,Service line,,In service,DMM,,,65.24
M-Akado,,,,,21.241,0.0,0.1,OPEN,PVC,MYT,25.06.2015,,Service line,,In service,DMM,,,21.24
M-Akado,,,,,25.710,0.0,0.1,OPEN,PVC,MYT,25.06.2015,,Service line,,In service,DMM,,,25.71
M-Akado,,,,,19.426,0.0,0.1,OPEN,PVC,MYT,25.06.2015,,Service line,,In service,DMM,,,19.42
M-Akado,,,,,16.674,0.0,0.1,OPEN,PVC,MYT,25.06.2015,,Service line,,In service,DMM,,,16.67
M-Akado,,,,,35.515,0.0,0.1,OPEN,PVC,MYT,25.06.2015,,Service line,,In service,DMM,,,35.51
M-Akado,,,,,36.158,0.0,0.1,OPEN,PVC,MYT,25.06.2015,,Service line,,In service,DMM,,,36.15
M-Akado,,,,,59.493,0.0,0.1,OPEN,PVC,MYT,25.06.2015,,Service line,,In service,DMM,,,59.49
M-Akado,,,,,43.066,0.0,0.1,OPEN,PVC,MYT,25.06.2015,,Service line,,In service,DMM,,,43.06
M-Akado,,,,,14.420,0.0,0.1,OPEN,PVC,MYT,25.06.2015,,Service line,,In service,DMM,,,14.42
M-Akado,,,,,173.119,0.0,0.1,OPEN,PVC,MYT,25.06.2015,,Service line,,In service,DMM,,,173.10
M-Akado,,,,,38.781,0.0,0.1,OPEN,PVC,MYT,25.06.2015,,Service line,,In service,DMM,,,38.78
M-Akado,,,,,50.845,0.0,0.1,OPEN,PVC,MYT,25.06.2015,,Service line,,In service,DMM,,,50.84
M-Akado,,,,,20.527,0.0,0.1,OPEN,PVC,MYT,25.06.2015,,Service line,,In service,DMM,,,20.53
M-Akado,,,,,23.979,0.0,0.1,OPEN,PVC,MYT,25.06.2015,,Service line,,In service,DMM,,,23.98
M-Akado,,,,,14.162,0.0,0.1,OPEN,PVC,MYT,25.06.2015,,Service line,,In service,DMM,,,14.16
M-Akado,,,,,12.030,0.0,0.1,OPEN,PVC,MYT,25.06.2015,,Service line,,In service,DMM,,,12.03
M-Akado,,,,,24.410,0.0,0.1,OPEN,PVC,MYT,25.06.2015,,Service line,,In service,DMM,,,24.41
M-Akado,,,,,23.326,0.0,0.1,OPEN,PVC,MYT,25.06.2015,,Service line,,In service,DMM,,,23.32
M-Akado,,,,,31.687,0.0,0.1,OPEN,PVC,MYT,25.06.2015,,Service line,,In service,DMM,,,31.68
M-Akado,,,,,72.530,0.0,0.1,OPEN,PVC,MYT,25.06.2015,,Service line,,In service,DMM,,,72.52
M-Akado,,,,,90.658,0.0,0.1,OPEN,PVC,MYT,25.06.2015,,Service line,,In service,DMM,,,90.65
M-Akado,,,,,28.102,0.0,0.1,OPEN,PVC,MYT,25.06.2015,,Service line,,In service,DMM,,,28.10
M-Akado,,,,,18.607,0.0,0.1,OPEN,PVC,MYT,25.06.2015,,Service line,,In service,DMM,,,18.61
M-Akado,,,,,12.778,0.0,0.1,OPEN,PVC,MYT,25.06.2015,,Service line,,In service,DMM,,,12.78
M-Akado,,,,,19.350,0.0,0.1,OPEN,PVC,MYT,25.06.2015,,Service line,,In service,DMM,,,19.35
M-Akado,,,,,13.921,0.0,0.1,OPEN,PVC,MYT,25.06.2015,,Service line,,In service,DMM,,,13.92
M-Akado,,,,,23.755,0.0,0.1,OPEN,PVC,MYT,25.06.2015,,Service line,,In service,DMM,,,23.75
M-Akado,,,,,28.758,0.0,0.1,OPEN,PVC,MYT,25.06.2015,,Service line,,In service,DMM,,,28.76
M-Akado,,,,,5.461,0.0,0.1,OPEN,PVC,MYT,25.06.2015,,Service line,,In service,DMM,,,5.46
M-Akado,,,,,30.877,0.0,0.1,OPEN,PVC,MYT,25.06.2015,,Service line,,In service,DMM,,,30.87
M-Akado,,,,,14.530,0.0,0.1,OPEN,PVC,MYT,25.06.2015,,Service line,,In service,DMM,,,14.53
M-Akado,,,,,16.381,0.0,0.1,OPEN,PVC,MYT,25.06.2015,,Service line,,In service,DMM,,,16.38
M-Akado,,,,,139.707,0.0,0.1,OPEN,PVC,MYT,25.06.2015,,Service line,,In service,DMM,,,139.69
M-Akado,,,,,33.837,0.0,0.1,OPEN,PVC,MYT,25.06.2015,,Service line,,In service,DMM,,,33.83
M-Akado,,,,,19.082,0.0,0.1,OPEN,PVC,MYT,25.06.2015,,Service line,,In service,DMM,,,19.08
M-Akado,,,,,68.177,0.0,0.1,OPEN,PVC,MYT,25.06.2015,,Service line,,In service,DMM,,,68.17
M-Akado,,,,,32.139,0.0,0.1,OPEN,PVC,MYT,25.06.2015,,Service line,,In service,DMM,,,32.14
M-Akado,,,,,61.284,0.0,0.1,OPEN,PVC,MYT,25.06.2015,,Service line,,In service,DMM,,,61.28
M-Akado,,,,,10.343,0.0,0.1,OPEN,PVC,MYT,25.06.2015,,Service line,,In service,DMM,,,10.34
M-Unit,,,,,55.488,0.0,0.1,OPEN,PVC,MYT,,,Service line,,In service,DMM,,,55.48
Riwo Lwedo,,,,,37.364,0.0,0.1,OPEN,PVC,MIL,,,Service line,,In service,DMM,,,37.36
Riwo Lwedo,,,,,29.111,0.0,0.1,OPEN,PVC,MIL,,,Service line,,In service,DMM,,,29.11
M-Akado,,,,,37.294,0.0,0.1,OPEN,PVC,MYT,24.06.2015,,Service line,,In service,DMM,,,37.29
M-Unit,,,,,34.862,0.0,0.1,OPEN,PVC,MYT,,,Service line,,In service,DMM,,,34.86
M-Akado,,,,,31.323,0.0,0.1,OPEN,PVC,MYT,25.06.2015,,Service line,,In service,DMM,,,31.32
M-Akado,,,,,82.153,0.0,0.1,OPEN,PVC,MYT,25.06.2015,,Service line,,In service,DMM,,,82.15
M-Akado,,,,,225.257,0.0,0.1,OPEN,PVC,MYT,25.06.2015,,Service line,,In service,DMM,,,225.24
M-Akado,,,,,10.303,0.0,0.1,OPEN,PVC,MYT,25.06.2015,,Service line,,In service,DMM,,,10.30
M-Akado,,,,,35.856,0.0,0.1,OPEN,PVC,MYT,25.06.2015,,Service line,,In service,DMM,,,35.85
M-Akado,,,,,16.623,0.0,0.1,OPEN,PVC,MYT,25.06.2015,,Service line,,In service,DMM,,,16.62
M-Akado,,,,,36.182,0.0,0.1,OPEN,PVC,MYT,24.06.2015,,Service line,,In service,DMM,,,36.18
M-Unit,,,,,72.940,0.0,0.1,OPEN,PVC,MYT,22.06.2015,,Service line,,In service,DMM,,,72.93
Mashoe,,,,,32.765,0.0,0.1,OPEN,PVC,MIL,,,Distribution main,,In service,2'' offtake from 8'',,,32.76
Mashoe,,,,,30.138,0.0,0.1,OPEN,PVC,MIL,,,Service line,,In service,DMM,,,30.14
Mashoe,,,,,9.039,0.0,0.1,OPEN,PVC,MIL,,,Service line,,In service,DMM,,,9.04
Mashoe,,,,,83.077,0.0,0.1,OPEN,PVC,MIL,,,Service line,,In service,DMM,,,83.07
Mashoe,,,,,78.537,0.0,0.1,OPEN,PVC,MIL,,,Service line,,In service,DMM,,,78.53
Mashoe,,,,,7.785,0.0,0.1,OPEN,PVC,MIL,,,Service line,,In service,DMM,,,7.78
Mashoe,,,,,14.954,0.0,0.1,OPEN,PVC,MIL,,,Service line,,In service,DMM,,,14.95
Mashoe,,,,,87.361,0.0,0.1,OPEN,PVC,MIL,,,Service line,,In service,DMM,,,87.35
Mashoe,,,,,31.596,0.0,0.1,OPEN,PVC,MIL,,,Service line,,In service,DMM,,,31.59
Mashoe,,,,,23.576,0.0,0.1,OPEN,PVC,MIL,,,Service line,,In service,DMM,,,23.57
Mashoe,,,,,20.346,0.0,0.1,OPEN,PVC,MIL,,,Service line,,In service,DMM,,,20.34
Mashoe,,,,,60.421,0.0,0.1,OPEN,PVC,MIL,,,Service line,,In service,DMM,,,60.42
Mashoe,,,,,27.164,0.0,0.1,OPEN,PVC,MIL,,,Service line,,In service,DMM,,,27.16
Mashoe,,,,,20.495,0.0,0.1,OPEN,PVC,MIL,,,Service line,,In service,DMM,,,20.49
Mashoe,,,,,32.919,0.0,0.1,OPEN,PVC,MIL,,,Service line,,In service,DMM,,,32.92
Mashoe,,,,,14.695,0.0,0.1,OPEN,PVC,MIL,,,Distribution main,,In service,DMM,,,14.69
Mashoe,,,,,30.887,0.0,0.1,OPEN,PVC,MIL,,,Service line,,In service,DMM,,,30.89
Mashujaa,,,,,10.538,0.0,0.1,OPEN,PVC,MIL,,,Distribution main,,In service,DMM,,,10.54
Mashoe,,,,,0.784,0.0,0.1,OPEN,PVC,MIL,,,Distribution main,,In service,DMM,,,0.78
Mashoe,,,,,0.000,0.0,0.1,OPEN,PVC,MIL,,,Service line,,In service,DMM,,,0.00
Mashoe,,,,,38.318,0.0,0.1,OPEN,PVC,MIL,,,Service line,,In service,DMM,,,38.32
Mashoe,,,,,47.537,0.0,0.1,OPEN,PVC,MIL,,,Service line,,In service,DMM,,,47.53
Mashoe,,,,,7.998,0.0,0.1,OPEN,PVC,MIL,,,Service line,,In service,DMM,,,8.00
Mashoe,,,,,54.744,0.0,0.1,OPEN,PVC,MIL,,,Service line,,In service,DMM,,,54.74
Mashoe,,,,,68.316,0.0,0.1,OPEN,PVC,MIL,,,Service line,,In service,DMM,,,68.31
Mashoe,,,,,74.260,0.0,0.1,OPEN,PVC,MIL,,,Service line,,In service,DMM,,,74.25
Mashoe,,,,,7.952,0.0,0.1,OPEN,PVC,MIL,,,Distribution main,,In service,DMM,,,7.95
Mashoe,,,,,58.217,0.0,0.1,OPEN,PVC,MIL,,,Service line,,In service,DMM,,,58.21
Mashoe,,,,,70.204,0.0,0.1,OPEN,PVC,MIL,,,Service line,,In service,DMM,,,70.20
Mashoe,,,,,18.797,0.0,0.1,OPEN,PVC,MIL,,,Service line,,In service,DMM,,,18.80
Mashoe,,,,,109.913,0.0,0.1,OPEN,PVC,MIL,,,Service line,,In service,DMM,,,109.90
Mashoe,,,,,22.847,0.0,0.1,OPEN,PVC,MIL,,,Service line,,In service,DMM,,,22.85
Mashoe,,,,,29.137,0.0,0.1,OPEN,PVC,MIL,,,Service line,,In service,DMM,,,29.13
Mashoe,,,,,19.350,0.0,0.1,OPEN,PVC,MIL,,,Service line,,In service,DMM,,,19.35
Mashoe,,,,,35.590,0.0,0.1,OPEN,PVC,MIL,,,Service line,,In service,DMM,,,35.59
Mashoe,,,,,7.734,0.0,0.1,OPEN,PVC,MIL,,,Service line,,In service,DMM,,,7.73
Mashoe,,,,,62.932,0.0,0.1,OPEN,PVC,MIL,,,Service line,,In service,DMM,,,62.93
Mashoe,,,,,60.740,0.0,0.1,OPEN,PVC,MIL,,,Service line,,In service,DMM,,,60.74
Mashoe,,,,,44.834,0.0,0.1,OPEN,PVC,MIL,,,Service line,,In service,DMM,,,44.83
Mashoe,,,,,51.541,0.0,0.1,OPEN,PVC,MIL,,,Service line,,In service,DMM,,,51.54
Mashoe,,,,,33.560,0.0,0.1,OPEN,PVC,MIL,,,Service line,,In service,DMM,,,33.56
Mashoe,,,,,35.356,0.0,0.1,OPEN,PVC,MIL,,,Service line,,In service,DMM,,,35.35
Mashoe,,,,,50.080,0.0,0.1,OPEN,PVC,MIL,,,Service line,,In service,DMM,,,50.08
Mashoe,,,,,55.982,0.0,0.1,OPEN,PVC,MIL,,,Service line,,In service,DMM,,,55.98
Mashujaa,,,,,11.570,0.0,0.1,OPEN,PVC,MIL,,,Distribution main,,In service,DMM,,,11.57
Mashujaa,,,,,59.225,0.0,0.1,OPEN,PVC,MIL,,,Distribution line,,In service,DMM,,,59.22
Mashujaa,,,,,12.530,0.0,0.1,OPEN,PVC,MIL,,,Service line,,In service,DMM,,,12.53
Mashujaa,,,,,17.782,0.0,0.1,OPEN,PVC,MIL,,,Service line,,In service,DMM,,,17.78
Mashujaa,,,,,4.277,0.0,0.1,OPEN,PVC,MIL,,,Service line,,In service,DMM,,,4.28
Mashujaa,,,,,6.853,0.0,0.1,OPEN,PVC,MIL,,,Service line,,In service,DMM,,,6.85
Mashujaa,,,,,91.205,0.0,0.1,OPEN,PVC,MIL,,,Service line,,In service,DMM,,,91.20
Mashujaa,,,,,29.605,0.0,0.1,OPEN,PVC,MIL,,,Service line,,In service,DMM,,,29.60
Mashujaa,,,,,12.469,0.0,0.1,OPEN,PVC,MIL,,,Service line,,In service,DMM,,,12.47
Mashujaa,,,,,31.488,0.0,0.1,OPEN,PVC,MIL,,,Service line,,In service,DMM,,,31.49
Mashujaa,,,,,15.017,0.0,0.1,OPEN,PVC,MIL,,,Service line,,In service,DMM,,,15.02
Mashujaa,,,,,5.681,0.0,0.1,OPEN,PVC,MIL,,,Distribution main,,In service,DMM,,,5.68
Mashujaa,,,,,19.219,0.0,0.1,OPEN,PVC,MIL,,,Service line,,In service,DMM,,,19.22
Mashujaa,,,,,22.317,0.0,0.1,OPEN,PVC,MIL,,,Service line,,In service,DMM,,,22.32
Mashujaa,,,,,18.920,0.0,0.1,OPEN,PVC,MIL,,,Service line,,In service,DMM,,,18.92
Mashujaa,,,,,24.792,0.0,0.1,OPEN,PVC,MIL,,,Service line,,In service,DMM,,,24.79
Mashujaa,,,,,46.307,0.0,0.1,OPEN,PVC,MIL,,,Service line,,In service,DMM,,,46.30
Mashujaa,,,,,70.332,0.0,0.1,OPEN,PVC,MIL,,,Service line,,In service,DMM,,,70.33
Mashujaa,,,,,22.237,0.0,0.1,OPEN,PVC,MIL,,,Service line,,In service,DMM,,,22.23
Mashujaa,,,,,160.033,0.0,0.1,OPEN,PVC,MIL,,,Service line,,In service,DMM,,,160.02
Mashujaa,,,,,25.507,0.0,0.1,OPEN,PVC,MIL,,,Service line,,In service,DMM,,,25.50
Mashujaa,,,,,68.556,0.0,0.1,OPEN,PVC,MIL,,,Service line,,In service,DMM,,,68.55
Mashujaa,,,,,84.565,0.0,0.1,OPEN,PVC,MIL,,,Service line,,In service,DMM,,,84.56
Mashujaa,,,,,35.054,0.0,0.1,OPEN,PVC,MIL,,,Service line,,In service,DMM,,,35.05
Mashujaa,,,,,4.736,0.0,0.1,OPEN,PVC,MIL,,,Distribution main,,In service,DMM,,,4.74
Mashujaa,,,,,26.689,0.0,0.1,OPEN,PVC,MIL,,,Service line,,In service,DMM,,,26.69
Mashujaa,,,,,18.725,0.0,0.1,OPEN,PVC,MIL,,,Service line,,In service,DMM,,,18.72
Mashujaa,,,,,40.946,0.0,0.1,OPEN,PVC,MIL,,,Service line,,In service,DMM,,,40.94
Mashujaa,,,,,59.792,0.0,0.1,OPEN,PVC,MIL,,,Service line,,In service,DMM,,,59.79
Mashujaa,,,,,58.035,0.0,0.1,OPEN,PVC,MIL,,,Service line,,In service,DMM,,,58.03
Mashujaa,,,,,178.638,0.0,0.1,OPEN,PVC,MIL,,,Service line,,In service,DMM,,,178.62
Mashujaa,,,,,65.720,0.0,0.1,OPEN,PVC,MIL,,,Service line,,In service,DMM,,,65.71
Mashujaa,,,,,128.533,0.0,0.1,OPEN,PVC,MIL,,,Service line,,In service,DMM,,,128.52
Mashujaa,,,,,2.554,0.0,0.1,OPEN,PVC,MIL,,,Distribution main,,In service,DMM,,,2.55
Mashujaa,,,,,41.653,0.0,0.1,OPEN,PVC,MIL,,,Service line,,In service,DMM,,,41.65
Mashujaa,,,,,60.822,0.0,0.1,OPEN,PVC,MIL,,,Service line,,In service,DMM,,,60.82
Mashujaa,,,,,98.977,0.0,0.1,OPEN,PVC,MIL,,,Service line,,In service,DMM,,,98.97
Mashujaa,,,,,4.189,0.0,0.1,OPEN,PVC,MIL,,,Distribution main,,In service,DMM,,,4.19
Mashujaa,,,,,12.883,0.0,0.1,OPEN,PVC,MIL,,,Service line,,In service,DMM,,,12.88
Mashujaa,,,,,119.571,0.0,0.1,OPEN,PVC,MIL,,,Service line,,In service,DMM,,,119.56
Mashujaa,,,,,60.220,0.0,0.1,OPEN,PVC,MIL,,,Service line,,In service,DMM,,,60.22
Mashujaa,,,,,128.808,0.0,0.1,OPEN,PVC,MIL,,,Service line,,In service,DMM,,,128.80
Mashujaa,,,,,31.828,0.0,0.1,OPEN,PVC,MIL,,,Service line,,In service,DMM,,,31.83
Mashujaa,,,,,1.158,0.0,0.1,OPEN,PVC,MIL,,,Service line,,In service,DMM,,,1.16
Mashujaa,,,,,11.816,0.0,0.1,OPEN,PVC,MIL,,,Service line,,In service,DMM,,,11.81
Mashujaa,,,,,88.522,0.0,0.1,OPEN,PVC,MIL,,,Service line,,In service,DMM,,,88.51
Mashujaa,,,,,1.460,0.0,0.1,OPEN,PVC,MIL,,,Distribution main,,In service,DMM,,,1.46
Mashujaa,,,,,20.754,0.0,0.1,OPEN,PVC,MIL,,,Service line,,In service,DMM,,,20.75
Mashujaa,,,,,32.628,0.0,0.1,OPEN,PVC,MIL,,,Service line,,In service,DMM,,,32.63
Mashujaa,,,,,131.390,0.0,0.1,OPEN,PVC,MIL,,,Service line,,In service,DMM,,,131.38
Mashujaa,,,,,43.027,0.0,0.1,OPEN,PVC,MIL,,,Service line,,In service,DMM,,,43.02
Mashujaa,,,,,30.969,0.0,0.1,OPEN,PVC,MIL,,,Service line,,In service,DMM,,,30.97
Mashujaa,,,,,11.622,0.0,0.1,OPEN,PVC,MIL,,,Distribution main,,In service,DMM,,,11.62
Mashujaa,,,,,88.076,0.0,0.1,OPEN,PVC,MIL,,,Distribution main,,In service,DMM,,,88.07
Mashujaa,,,,,45.109,0.0,0.1,OPEN,PVC,MIL,,,Distribution main,,In service,DMM,,,45.11
Mashujaa,,,,,75.925,0.0,0.1,OPEN,PVC,MIL,,,Distribution main,,In service,DMM,,,75.92
Mashujaa,,,,,48.031,0.0,0.1,OPEN,PVC,MIL,,,Distribution main,,In service,DMM,,,48.03
Mashujaa,,,,,61.535,0.0,0.1,OPEN,PVC,MIL,,,Distribution main,,In service,DMM,,,61.53
Mashujaa,,,,,163.392,0.0,0.1,OPEN,PVC,MIL,,,Distribution main,,In service,DMM,,,163.38
Mashujaa,,,,,56.372,0.0,0.1,OPEN,PVC,MIL,,,Distribution main,,In service,DMM,,,56.37
Mashujaa,,,,,53.532,0.0,0.1,OPEN,PVC,MIL,,,Distribution main,,In service,DMM,,,53.53
Mashujaa,,,,,41.354,0.0,0.1,OPEN,PVC,MIL,,,Distribution main,,In service,DMM,,,41.35
Mashujaa,,,,,53.206,0.0,0.1,OPEN,PVC,MIL,,,Distribution main,,In service,DMM,,,53.20
Mashujaa,,,,,0.919,0.0,0.1,OPEN,PVC,MIL,,,Distribution main,,In service,DMM,,,0.92
Mashujaa,,,,,34.002,0.0,0.1,OPEN,PVC,MIL,,,Distribution line,,In service,DMM,,,34.00
Mashujaa,,,,,54.011,0.0,0.1,OPEN,PVC,MIL,,,Distribution line,,In service,DMM,,,54.01
Mashujaa,,,,,9.575,0.0,0.1,OPEN,PVC,MIL,,,Service line,,In service,DMM,,,9.57
Mashujaa,,,,,3.307,0.0,0.1,OPEN,PVC,MIL,,,Distribution main,,In service,DMM,,,3.31
Mashujaa,,,,,15.485,0.0,0.1,OPEN,PVC,MIL,,,Service line,,In service,DMM,,,15.48
Mashujaa,,,,,22.964,0.0,0.1,OPEN,PVC,MIL,,,Service line,,In service,DMM,,,22.96
Mashujaa,,,,,7.183,0.0,0.1,OPEN,PVC,MIL,,,Service line,,In service,DMM,,,7.18
Mashujaa,,,,,47.102,0.0,0.1,OPEN,PVC,MIL,,,Service line,,In service,DMM,,,47.10
Mashoe,,,,,48.162,0.0,0.1,OPEN,PVC,MIL,,,Distribution main,,In service,2'' offtake from 8'',,,48.16
Mashoe,,,,,89.278,0.0,0.1,OPEN,PVC,MIL,,,Distribution main,,In service,2'' offtake from 8'',,,89.27
Mashoe,,,,,100.442,0.0,0.1,OPEN,PVC,MIL,,,Distribution main,,In service,2'' offtake from 8'',,,100.43
Mashoe,,,,,77.778,0.0,0.1,OPEN,PVC,MIL,,,Distribution main,,In service,2'' offtake from 8'',,,77.77
Mashoe,,,,,78.990,0.0,0.1,OPEN,PVC,MIL,,,Distribution main,,In service,2'' offtake from 8'',,,78.98
Mashoe,,,,,144.446,0.0,0.1,OPEN,PVC,MIL,,,Distribution main,,In service,2'' offtake from 8'',,,144.43
Mashoe,,,,,1.950,0.0,0.1,OPEN,PVC,MIL,,,Distribution main,,In service,DMM,,,1.95
Mashoe,,,,,79.765,0.0,0.1,OPEN,PVC,MIL,,,Distribution main,,In service,DMM,,,79.76
Mashoe,,,,,25.200,0.0,0.1,OPEN,PVC,MIL,,,Distribution main,,In service,DMM,,,25.20
Mashoe,,,,,141.104,0.0,0.1,OPEN,PVC,MIL,,,Distribution main,,In service,DMM,,,141.09
Mashoe,,,,,25.937,0.0,0.1,OPEN,PVC,MIL,,,Distribution main,,In service,DMM,,,25.93
Mashoe,,,,,13.665,0.0,0.1,OPEN,PVC,MIL,,,Distribution main,,In service,DMM,,,13.66
Mashoe,,,,,3.246,0.0,0.1,OPEN,PVC,MIL,,,Service line,,In service,DMM,,,3.25
Mashoe,,,,,86.051,0.0,0.1,OPEN,PVC,MIL,,,Distribution main,,In service,DMM,,,86.04
Mashoe,,,,,11.407,0.0,0.1,OPEN,PVC,MIL,,,Service line,,In service,DMM,,,11.41
Mashoe,,,,,9.108,0.0,0.1,OPEN,PVC,MIL,,,Service line,,In service,DMM,,,9.11
Mashoe,,,,,130.616,0.0,0.1,OPEN,PVC,MIL,06.2019,,Distribution main,2019,In service,Ok,,,130.61
Mashoe,,,,,69.599,0.0,0.1,OPEN,PVC,MIL,06.2019,,Distribution main,2019,In service,Ok,,,69.59
Mashoe,,,,,136.166,0.0,0.1,OPEN,PVC,MIL,06.2019,,Distribution main,2019,In service,Ok,,,136.15
,,,,,32.119,0.0,0.1,OPEN,PPR,MYT,01.2019,,Service line,,In service,OK,,,32.12
,,,,,100.658,0.0,0.1,OPEN,PPR,MYT,01.2019,,Service line,,In service,Ok,,,100.65
,,,,,51.347,0.0,0.1,OPEN,PPR,MYT,01.2019,,Service line,,In service,Ok,,,51.34
,,,,40,113.934,0.0,0.1,OPEN,HDPE,MYT,07.04.2025,1.50,Distribution Main,2.2025,In service,Ok,,,113.92
Mwangaza,,,,,698.595,0.0,0.1,OPEN,PVC,CBD,02.2016,,Distribution main,,In service,DMM,,,698.57
Mwangaza,,,,,332.687,0.0,0.1,OPEN,PVC,CBD,02.2016,,Distribution line,,In service,DMM,,,332.67
Mwangaza,,,,,221.988,0.0,0.1,OPEN,PVC,CBD,02.2016,,Distribution line,,In service,DMM,,,221.98
Mwangaza,,,,,270.219,0.0,0.1,OPEN,PVC,CBD,02.2016,,Distribution line,,In service,DMM,,,270.21
Mwangaza,,,,,15.210,0.0,0.1,OPEN,PVC,CBD,02.2016,,Service line,,In service,DMM,,,15.21
Mwangaza,,,,,63.820,0.0,0.1,OPEN,PVC,CBD,02.2016,,Service line,,In service,DMM,,,63.82
Mwangaza,,,,,37.752,0.0,0.1,OPEN,PVC,CBD,02.2016,,Service line,,In service,DMM,,,37.75
Mwangaza,,,,,75.707,0.0,0.1,OPEN,PVC,CBD,02.2016,,Service line,,In service,DMM,,,75.70
Mwangaza,,,,,22.376,0.0,0.1,OPEN,PVC,CBD,02.2016,,Service line,,In service,DMM,,,22.38
Mwangaza,,,,,93.630,0.0,0.1,OPEN,PVC,CBD,02.2016,,Service line,,In service,DMM,,,93.63
Mwangaza,,,,,80.943,0.0,0.1,OPEN,PVC,CBD,02.2016,,Service line,,In service,DMM,,,80.94
Mwangaza,,,,,7.592,0.0,0.1,OPEN,PVC,CBD,02.2016,,Service line,,In service,DMM,,,7.59
Mwangaza,,,,,31.561,0.0,0.1,OPEN,PVC,CBD,02.2016,,Service line,,In service,DMM,,,31.56
Mwangaza,,,,,199.531,0.0,0.1,OPEN,PVC,CBD,02.2016,,Service line,,In service,DMM,,,199.52
Mwangaza,,,,,19.749,0.0,0.1,OPEN,PVC,CBD,02.2016,,Service line,,In service,DMM,,,19.75
Mwangaza,,,,,67.723,0.0,0.1,OPEN,PVC,CBD,02.2016,,Service line,,In service,DMM,,,67.72
Mwangaza,,,,,131.552,0.0,0.1,OPEN,PVC,CBD,02.2016,,Service line,,In service,DMM,,,131.55
Mwangaza,,,,,38.542,0.0,0.1,OPEN,PVC,CBD,02.2016,,Service line,,In service,DMM,,,38.54
Mwangaza,,,,,95.566,0.0,0.1,OPEN,PVC,CBD,02.2016,,Service line,,In service,DMM,,,95.56
Mwangaza,,,,,84.967,0.0,0.1,OPEN,PVC,CBD,02.2016,,Service line,,In service,DMM,,,84.96
Mwangaza,,,,,222.113,0.0,0.1,OPEN,PVC,CBD,02.2016,,Distribution line,,In service,DMM,,,222.10
Mwangaza,,,,,24.848,0.0,0.1,OPEN,PVC,CBD,02.2016,,Service line,,In service,DMM,,,24.85
Mwangaza,,,,,37.077,0.0,0.1,OPEN,PVC,CBD,02.2016,,Service line,,In service,DMM,,,37.08
Mwangaza,,,,,13.931,0.0,0.1,OPEN,PVC,CBD,02.2016,,Service line,,In service,DMM,,,13.93
Mwangaza,,,,,32.662,0.0,0.1,OPEN,PVC,CBD,02.2016,,Service line,,In service,DMM,,,32.66
Mwangaza,,,,,51.144,0.0,0.1,OPEN,PVC,CBD,02.2016,,Service line,,In service,DMM,,,51.14
Mwangaza,,,,,34.400,0.0,0.1,OPEN,PVC,CBD,02.2016,,Service line,,In service,DMM,,,34.40
Mwangaza,,,,,56.760,0.0,0.1,OPEN,PVC,CBD,02.2016,,Service line,,In service,DMM,,,56.76
Mwangaza,,,,,73.771,0.0,0.1,OPEN,PVC,CBD,02.2016,,Service line,,In service,DMM,,,73.77
Mwangaza,,,,,12.341,0.0,0.1,OPEN,PVC,CBD,02.2016,,Service line,,In service,DMM,,,12.34
Mwangaza,,,,,18.816,0.0,0.1,OPEN,PVC,CBD,02.2016,,Service line,,In service,DMM,,,18.81
Mwangaza,,,,,15.970,0.0,0.1,OPEN,PVC,CBD,02.2016,,Service line,,In service,DMM,,,15.97
Mwangaza,,,,,11.970,0.0,0.1,OPEN,PVC,CBD,02.2016,,Service line,,In service,DMM,,,11.97
Mwangaza,,,,,210.718,0.0,0.1,OPEN,PVC,CBD,02.2016,,Service line,,In service,DMM,,,210.71
Mwangaza,,,,,36.201,0.0,0.1,OPEN,PVC,CBD,02.2016,,Service line,,In service,DMM,,,36.20
Mwangaza,,,,,124.360,0.0,0.1,OPEN,PVC,CBD,02.2016,,Distribution line,,In service,DMM,,,124.35
Mwangaza,,,,,4.411,0.0,0.1,OPEN,PVC,CBD,02.2016,,Service line,,In service,DMM,,,4.41
Mwangaza,,,,,408.344,0.0,0.1,OPEN,PVC,CBD,02.2016,,Service line,,In service,DMM,,,408.33
Mwangaza,,,,,11.207,0.0,0.1,OPEN,PVC,CBD,02.2016,,Service line,,In service,DMM,,,11.21
Mwangaza,,,,,14.611,0.0,0.1,OPEN,PVC,CBD,02.2016,,Service line,,In service,DMM,,,14.61
Mwangaza,,,,,64.693,0.0,0.1,OPEN,PVC,CBD,02.2016,,Service line,,In service,DMM,,,64.69
Mwangaza,,,,,49.088,0.0,0.1,OPEN,PVC,CBD,02.2016,,Service line,,In service,DMM,,,49.09
Mwangaza,,,,,317.035,0.0,0.1,OPEN,PVC,CBD,02.2016,,Service line,,In service,DMM,,,317.02
Mwangaza,,,,,13.002,0.0,0.1,OPEN,PVC,CBD,02.2016,,Service line,,In service,DMM,,,13.00
Mwangaza,,,,,6.519,0.0,0.1,OPEN,PVC,CBD,02.2016,,Service line,,In service,DMM,,,6.52
Mwangaza,,,,,530.030,0.0,0.1,OPEN,PVC,CBD,02.2016,,Distribution line,,In service,DMM,,,530.01
Mwangaza,,,,,139.147,0.0,0.1,OPEN,PVC,CBD,02.2016,,Service line,,In service,DMM,,,139.14
Mwangaza,,,,,14.702,0.0,0.1,OPEN,PVC,CBD,02.2016,,Service line,,In service,DMM,,,14.70
Mwangaza,,,,,20.515,0.0,0.1,OPEN,PVC,CBD,02.2016,,Service line,,In service,DMM,,,20.51
Mwangaza,,,,,147.775,0.0,0.1,OPEN,PVC,CBD,02.2016,,Service line,,In service,DMM,,,147.77
Mwangaza,,,,,112.537,0.0,0.1,OPEN,PVC,CBD,02.2016,,Service line,,In service,DMM,,,112.53
Mwangaza,,,,,15.370,0.0,0.1,OPEN,PVC,CBD,02.2016,,Service line,,In service,DMM,,,15.37
Mwangaza,,,,,7.527,0.0,0.1,OPEN,PVC,CBD,02.2016,,Service line,,In service,DMM,,,7.53
Mwangaza,,,,,12.150,0.0,0.1,OPEN,PVC,CBD,02.2016,,Service line,,In service,DMM,,,12.15
Mwangaza,,,,,11.163,0.0,0.1,OPEN,PVC,CBD,02.2016,,Service line,,In service,DMM,,,11.16
Mwangaza,,,,,20.474,0.0,0.1,OPEN,PVC,CBD,02.2016,,Service line,,In service,DMM,,,20.47
Mwangaza,,,,,4.597,0.0,0.1,OPEN,PVC,CDD,02.2016,,Service line,,In service,DMM,,,4.60
4241.74749,,,,75,235.320,0.0,0.1,CLOSED,PVC,MYT,08.2018,3.00,Distribution Main,2018,Out of service,Still under construction,,Major,235.30
,,,,,139.314,,,,,,,,,,,,,,139.30
302.461172,,,Y,50,60.080,0.0,0.1,OPEN,PVC,KREKAJ,01.2015,2.00,Distribution Main,12.2014,In Service,New Extensions,No,Minor,60.08
,,,,40,266.653,0.0,0.0,OPEN,HDPE,KREKAJ,10.04.2025,1.50,Distribution main,4.2025,In service,,,,266.63
,,,,50,292.287,0.0,0.1,OPEN,HDPE,CBD,29.04.2025,2.00,Distribution Main,,In service,Ext,,,292.26
,,,,50,19.391,0.0,0.1,OPEN,PVC,CBD,29.04.2025,2.00,Distribution main,,In service,Ok,,,19.39
,,,,,386.671,,,OPEN,PVC,CBD,29.04.2025,1.25,Distribution main,,In service,Ok,,,386.65
,,,,40,320.023,0.0,0.0,OPEN,HDPE,MYT,29/04/2025,1.50,Distribution main,04.2025,In service,Ok,,,319.99
58.1176012,,,Y,50,76.697,0.0,0.1,OPEN,GI,MIL,2014,2.00,Distribution Main,N/A,In Service,N/A,No,Major,76.69
,,,,25,123.156,,,OPEN,PVC,MIL,,1.00,Distribution main,,In service,,,,123.14
,,,,150,17.587,,,,PVC,KREKAJ,,6.00,,,,,,,17.59
,,,,75,254.719,,,OPEN,HDPE,MIL,30/06/2025,3.00,Distribution main,03.2025,In service,Ok,,,254.70
,,,,50,709.938,,,OPEN,HDPE,MIL,30/06/2025,2.00,Distribution main,03.2025,In service,Ok,,,709.87
,,,,50,394.476,,,OPEN,HDPE,MIL,30/06/2025,2.00,Distribution main,,In service,Ok,OVH,,394.44
,,,,40,266.453,,,OPEN,HDPE,MIL,30/06/2025,1.50,Distribution main,3.2025,In service,OK,OVH,,266.43
,,,,40,203.053,,,OPEN,HDPE,MIL,30/06/2025,1.50,Distribution main,3.2025,In service,OK,OVH,,203.03
,,,,50,84.463,,,OPEN,HDPE,MIL,30/06/2025,2.00,Distribution main,,In service,Ok,OVH,,84.45
573.707932,,,,50,334.734,0.0,0.1,OPEN,PVC,KRE,12/2017,2.00,Distribution Main,,In service,Ok,,Minor,334.70
259.509550,,,,40,535.415,0.0,0.1,OPEN,PVC,KRE,12/2017,1.50,Distribution Main,,In service,Ok,,Minor,535.37
,,,,25,94.527,0.0,0.0,OPEN,PVC,KRE,29/07/2025,1.00,Distribution main,,In service,,,,94.52
,,,,40,158.738,0.0,0.1,OPEN,PVC,KRE,29/07/2025,1.50,Distribution main,,In service,Ok,,,158.72
,,,,150,248.170,0.0,0.1,OPEN,HDPE,MYT,30/07/2025,6.00,Distribution main,01/2025,In service,Ok,Ext,,248.15
,,,,150,6.220,0.0,0.1,CLOSED,HDPE,MYT,20/07/2025,6.00,Distribution main,1/2025,Out of service,,Ext,,6.22
NUL,,,,100,2.332,0.0,0.1,OPEN,GI,MYT,30/07/2025,4.00,Distribution main,01/2025,In service,OK,Ext,,2.33
NUL,,,,100,9.245,0.0,0.1,OPEN,GI,MYT,30/07/2025,4.00,Distribution main,01/2025,In service,OK,Ext,,9.24
,,,,100,3.161,0.0,0.1,OPEN,GI,MYT,20/07/2025,4.00,Distribution main,1/2025,In service,OK,,,3.16
,,,,75,1.092,0.0,0.1,OPEN,GI,MYT,20/07/2025,3.00,Distribution main,1/2025,In service,OK,,,1.09
,,,,100,11.833,0.0,0.1,CLOSED,GI,MYT,20/07/2025,4.00,Distribution main,1/2025,Out of service,OK,Ext,,11.83
,,,,150,2224.998,0.0,0.1,CLOSED,HDPE,MYT,20/07/2025,6.00,Distribution main,1/2025,Out of service,,Ext,,2224.79
NUL,,,,150,1514.819,0.0,0.1,OPEN,HDPE,MYT,30/07/2025,6.00,Distribution main,01/2025,In service,Ok,Ext,,1514.67
,,,,,122.434,,,,,,,2.00,,,,,,,122.42
,,,,50,342.753,0.0,0.1,OPEN,HDPE,KRE,30.08.2025,1.50,Distribution main,07.2025,In service,,,,342.72
,,,,,37.404,,,,HDPE,CBD,,0.75,,,,,,,37.40
,,,,,101.209,,,,PPR,KREKAJ,,0.50,,,,,,,101.20
,,,,,48.361,,,,HDPE,KREKAJ,,0.75,,,,,,,48.36
,,,,,33.644,,,,HDPE,KREKAJ,,0.75,,,,,,,33.64
,,,,,36.046,,,,HDPE,KREKAJ,,0.75,,,,,,,36.04
,,,,,15.630,,,,HDPE,KREKAJ,,0.50,,,,,,,15.63
,,,,,25.393,,,,HDPE,KREKAJ,,0.75,,,,,,,25.39
,,,,,53.277,,,,HDPE,CBD,,0.75,,,,,,,53.27
,,,,50,151.660,0.0,0.1,OPEN,PVC,CBD,25.09.2025,2.00,Distribution main,,In service,OK,,,151.65
,,,,50,279.158,0.0,0.0,OPEN,HDPE,MIL,30.09.2025,2.00,Distribution main,09.2025,In Service,Ok,Ext,,279.13
,,,,50,397.688,0.0,0.0,OPEN,HDPE,CBD,30.09.2025,2.00,Distribution main,09.2025,In service,Ok,,,397.66
,,,,50,183.458,0.0,0.0,OPEN,HDPE,CBD,29.09.2025,2.00,Service line,03.2025,In service,Ok,,,183.44
,,,,,257.552,,,,PPR,MYT,,0.75,,,,,,,257.53
,,,,,115.123,,,,,,,0.50,,,,,,,115.11
681.924910,,,Y,100,378.067,0.0,0.1,OPEN,GI,CBD,2014,4.00,Distribution Main,N/A,In Service,N/A,No,Major,378.04
710.503438,,,,100,346.497,0.0,0.1,OPEN,GI,CBD,09.2019,3.00,Distribution Main,,In service,Ok,,Major,346.48
,,,,200,29.133,,,OPEN,GI,CBD,24.10.2025,8.00,Distribution main,2025,In service,Ok,,,29.13
,,,,125,398.310,,0.0,OPEN,HDPE,OBA,24.10.2025,5.00,Rising Main,2022,In service,Ok,,,398.29
,,,,110,417.936,0.0,0.1,OPEN,HDPE,OBA,11.11.2025,4.00,Distribution Main,2025,In service,Ok,,,417.91
,,,,,9.612,,,,,,,,,,,,,,9.61
P62,,,Y,100,350.249,0.0,0.1,OPEN,PVC,CBD,2014,4.00,Distribution Mains,N/A,In Service,N/A,No,,350.23
P957,,,Y,75,117.631,0.0,0.1,OPEN,GI,CBD,07.2015,3.00,Distribution Mains,N/A,In Service,,No,,117.62
P958,,,Y,50,63.616,0.0,0.1,OPEN,GI,CBD,07.2015,2.00,Distribution Mains,N/A,In Service,,No,,63.61
P959,,,Y,50,117.047,0.0,0.1,OPEN,GI,CBD,07.2015,2.00,Distribution Mains,N/A,In Service,,No,,117.04
P960,,,Y,75,126.571,0.0,0.1,OPEN,GI,CBD,08.2015,3.00,Distribution Mains,N/A,In Service,,No,,126.56
P961,,,Y,75,113.548,0.0,0.1,OPEN,GI,CBD,07.2015,3.00,Distribution Mains,N/A,In Service,,No,,113.54
P962,,,Y,75,104.442,0.0,0.1,OPEN,GI,CBD,07.2015,3.00,Distribution Mains,N/A,In Service,,No,,104.43
P963,,,Y,75,105.148,0.0,0.1,OPEN,GI,CBD,07.2015,3.00,Distribution Mains,N/A,In Service,,No,,105.14
P964,,,Y,75,33.847,0.0,0.1,OPEN,GI,CBD,07.2015,3.00,Distribution Mains,N/A,In Service,,No,,33.85
P965,,,Y,75,113.835,0.0,0.1,OPEN,GI,CBD,07.2015,3.00,Distribution Mains,N/A,In Service,,No,,113.83
P966,,,Y,75,114.056,0.0,0.1,OPEN,GI,CBD,07.2015,3.00,Distribution Mains,N/A,In Service,,No,,114.05
P1249,,,Y,75,82.524,0.0,0.1,OPEN,GI,CBD,07.2015,3.00,Distribution Mains,N/A,In Service,,No,,82.52
P1250,,,Y,75,88.920,0.0,0.1,OPEN,GI,CBD,07.2015,3.00,Distribution Mains,N/A,In Service,,No,,88.91
P1251,,,Y,75,114.140,0.0,0.1,OPEN,GI,CBD,07.2015,3.00,Distribution Mains,N/A,In Service,,No,,114.13
P1252,,,Y,75,135.091,0.0,0.1,OPEN,GI,CBD,07.2015,3.00,Distribution Mains,N/A,In Service,,No,,135.08
P1421,,,N,125,251.680,0.0,0.1,OPENL,AC,CBD,05.2017,5.00,Distribution Mains,N/A,In Service,Serves Lower Railway Estate,No,,251.66
P1422,,,N,75,679.171,0.0,0.1,OPENL,GI,CBD,05.2017,3.00,Distribution Mains,N/A,In Service,Serves Lower Railway Estate,No,,679.12
,,,,125,2410.543,,0.0,OPEN,HDPE,OBA,24.10.2025,5.00,Rising Main,2022,In service,Ok,,,2410.40
,,,,,,,,,,,,2.00,,,,,,,
522.236991,,,Y,50,290.759,0.0,0.1,OPEN,HDPE,MYT,11.2015,,Distribution Main,N/A,In Service,N/A,No,Minor,290.73
,,,,50,185.899,0.0,0.1,OPEN,HDPE,MYT,14.11.2025,2.00,Dstribution main,2025,In service,OK,,,185.88
,,,,50,201.194,0.0,0.1,OPEN,HDPE,MYT,22.11.2025,2.00,Distribution Main,2025,In service,Ok,,,201.17
,,,,40,320.468,0.0,0.1,OPEN,HDPE,MYT,10.11.2025,1.50,Distribution Main,2025,In service,Ok,,,320.44
,,,,40,105.771,0.0,0.1,OPEN,HDPE,MYT,22.11.2025,1.50,Distribution Main,2025,In service,Ok,,,105.76
,,,,32,155.128,0.0,0.1,OPEN,HDPE,MYT,22.11.2025,1.25,Distribution Main,2025,In service,Ok,,,155.11
,,,,50,361.285,0.0,0.1,OPEN,HDPE,KREKAJ,30.12.2025,1.50,Distribution main,10/2025,In service,Ok,,,361.25
,,,,32,108.475,0.0,0.1,OPEN,HDPE,KREKAJ,30.12.2025,1.00,Distribution main,10/2025,In service,Ok,,,108.47
,,,,63,444.898,0.0,0.1,OPEN,HDPE,KREKAJ,30.12.2025,2.00,Distribution main,11/2025,In service,Ok,,,444.85
,,,,25,,,,OPEN,HDPE,CBD,15.01.2026,1.00,Distribution main,12/2026,In service,Ok,,,182.93
